[
  {
    "lever_id": "056fd2a5-2872-4b7b-bac2-481fdc263ca2",
    "name": "Ethical Oversight Strategy",
    "consequences": "Ethical lapses can destroy public trust. Immediate: Public outcry \u2192 Systemic: 50% drop in subscription interest due to ethical concerns \u2192 Strategic: Project termination due to reputational damage and regulatory intervention. Trade-off: Controls Innovation vs. Public Trust.",
    "options": [
      "Adhere to existing medical ethics guidelines, prioritizing patient safety and informed consent.",
      "Establish an independent ethics board to oversee all procedures and address emerging ethical dilemmas.",
      "Proactively engage in public discourse and collaborate with ethicists to develop novel ethical frameworks tailored to face transplantation."
    ],
    "review": "Controls Ethical Rigor vs. Operational Speed. Weakness: The options fail to consider the evolving societal perceptions of identity and body autonomy."
  },
  {
    "lever_id": "628a8f55-73fd-417e-817b-59dc0ae240b2",
    "name": "Technological Development Approach",
    "consequences": "Rushing development risks patient safety. Immediate: Surgical complications \u2192 Systemic: 30% increase in recovery times and associated costs \u2192 Strategic: Reduced market adoption due to perceived risk and limited efficacy. Trade-off: Controls Speed vs. Safety.",
    "options": [
      "Focus on refining existing surgical techniques and immunosuppressant therapies.",
      "Invest in research and development of advanced tissue engineering and regenerative medicine techniques.",
      "Pioneer CRISPR-based gene editing to minimize rejection risks and enhance facial compatibility."
    ],
    "review": "Controls Technological Risk vs. Long-Term Potential. Weakness: The options fail to address the long-term psychological impact on face recipients and donors."
  },
  {
    "lever_id": "26d64c3c-fcd8-4636-8b41-66b902b5d684",
    "name": "Market Positioning Strategy",
    "consequences": "Misaligned marketing can alienate potential customers. Immediate: Negative press \u2192 Systemic: 40% decrease in initial subscription sign-ups \u2192 Strategic: Failure to achieve critical mass for financial sustainability. Trade-off: Controls Market Reach vs. Brand Integrity.",
    "options": [
      "Position the service as a reconstructive option for individuals with severe facial disfigurements.",
      "Market the service as a transformative experience for individuals seeking radical self-expression.",
      "Target the metaverse generation, offering face transplantation as a form of digital identity augmentation and social experimentation."
    ],
    "review": "Controls Market Appeal vs. Ethical Boundaries. Weakness: The options fail to consider the potential for exploitation of vulnerable individuals seeking identity transformation."
  },
  {
    "lever_id": "5ff1b79c-528d-4f32-99a4-bf7b8ef2bb13",
    "name": "Risk Mitigation Protocol",
    "consequences": "Unforeseen complications can lead to legal liabilities. Immediate: Lawsuits \u2192 Systemic: 60% increase in insurance premiums and legal fees \u2192 Strategic: Financial instability and potential bankruptcy. Trade-off: Controls Innovation vs. Financial Security.",
    "options": [
      "Implement strict patient screening and informed consent procedures to minimize legal risks.",
      "Establish a comprehensive insurance policy to cover potential liabilities and medical complications.",
      "Develop a decentralized autonomous organization (DAO) to distribute risk and ensure transparency in decision-making."
    ],
    "review": "Controls Financial Exposure vs. Operational Flexibility. Weakness: The options fail to address the potential for unforeseen technological failures or long-term health consequences."
  },
  {
    "lever_id": "3371bb47-f11f-4c8e-bde9-5210da3f13ce",
    "name": "Operational Scalability Model",
    "consequences": "Inability to scale can limit market penetration. Immediate: Bottlenecks in surgical capacity \u2192 Systemic: 20% decrease in customer satisfaction due to long wait times \u2192 Strategic: Loss of competitive advantage and market share. Trade-off: Controls Growth vs. Quality.",
    "options": [
      "Establish a single, state-of-the-art facility with limited capacity for specialized procedures.",
      "Develop a network of regional centers with standardized protocols and training programs.",
      "Utilize robotic surgery and AI-powered diagnostics to automate procedures and increase throughput."
    ],
    "review": "Controls Expansion Speed vs. Resource Allocation. Weakness: The options fail to consider the logistical challenges of sourcing and transporting donor faces."
  },
  {
    "lever_id": "7d9f2946-dcd3-448c-8d72-ee2974f9b9dd",
    "name": "Regulatory Navigation Strategy",
    "consequences": "Navigating regulations impacts project timelines and costs. Immediate: Delayed launch \u2192 Systemic: Increased operational expenses and investor hesitancy \u2192 Strategic: Reduced competitive advantage due to first-mover disadvantage.",
    "options": [
      "Prioritize compliance with existing medical regulations, adapting the procedure to fit within current legal frameworks.",
      "Actively engage with regulatory bodies to advocate for new guidelines specific to face transplantation, influencing the regulatory landscape.",
      "Establish a self-regulatory body with international experts to set ethical and safety standards, preempting government regulation and fostering public trust."
    ],
    "review": "Controls Compliance vs. Innovation. Weakness: The options don't address the potential for international regulatory conflicts."
  },
  {
    "lever_id": "737d286a-735b-4640-8bf3-8e4c54a8fd06",
    "name": "Technological Advancement Strategy",
    "consequences": "Technological choices impact procedure safety and efficacy. Immediate: Surgical complications \u2192 Systemic: Reduced patient satisfaction and increased liability \u2192 Strategic: Damage to reputation and loss of market share.",
    "options": [
      "Focus on refining existing surgical techniques and immunosuppressant therapies for incremental improvements in face transplantation outcomes.",
      "Invest in research and development of advanced imaging and surgical robotics to enhance precision and minimize invasiveness, aiming for 15% better graft survival.",
      "Pioneer the use of 3D-printed bio-compatible faces and CRISPR gene editing to eliminate rejection risks and create personalized facial prosthetics."
    ],
    "review": "Controls Efficacy vs. Risk. Weakness: The options fail to consider the psychological impact of advanced technologies on patients."
  },
  {
    "lever_id": "a8939008-389a-4311-8aed-7940c52ea7d4",
    "name": "Market Positioning Strategy",
    "consequences": "Market positioning affects customer acquisition and revenue streams. Immediate: Low initial adoption \u2192 Systemic: Strained cash flow and limited growth \u2192 Strategic: Failure to achieve profitability and market dominance.",
    "options": [
      "Target a niche market of patients with severe facial disfigurements seeking reconstructive surgery, emphasizing functional restoration.",
      "Position the facility as a luxury wellness destination offering elective face 'swaps' for cosmetic enhancement and identity experimentation, targeting affluent clientele.",
      "Democratize access through a tiered subscription model, offering basic face 'skins' for short-term use and premium options for long-term identity changes, leveraging blockchain for identity management."
    ],
    "review": "Controls Exclusivity vs. Accessibility. Weakness: The options don't fully address the potential for social backlash against elective procedures."
  },
  {
    "lever_id": "a35fdaf5-1700-4423-ac1f-8f2156a210e2",
    "name": "Ethical Oversight Strategy",
    "consequences": "Ethical considerations impact public trust and long-term sustainability. Immediate: Public outcry \u2192 Systemic: Reduced social license to operate and regulatory scrutiny \u2192 Strategic: Project shutdown and reputational damage.",
    "options": [
      "Establish an internal ethics review board to assess the moral implications of each procedure and ensure patient autonomy and informed consent.",
      "Partner with independent bioethicists and community representatives to create a transparent ethical framework and address public concerns proactively.",
      "Implement a decentralized autonomous organization (DAO) to govern ethical decisions, allowing stakeholders to vote on controversial cases and ensure community ownership."
    ],
    "review": "Controls Autonomy vs. Accountability. Weakness: The options don't adequately address the potential for coercion or exploitation of vulnerable individuals."
  },
  {
    "lever_id": "3fcac146-e30f-4a10-ac77-7f5478f3caba",
    "name": "Operational Efficiency Strategy",
    "consequences": "Operational efficiency impacts profitability and scalability. Immediate: High operating costs \u2192 Systemic: Reduced profit margins and limited expansion \u2192 Strategic: Inability to compete and long-term financial instability.",
    "options": [
      "Streamline administrative processes and optimize resource allocation to minimize overhead costs and improve operational efficiency.",
      "Implement lean manufacturing principles and robotic process automation to reduce surgical time and improve throughput by 20%.",
      "Utilize AI-powered predictive analytics to optimize scheduling, resource allocation, and supply chain management, creating a fully autonomous and self-optimizing facility."
    ],
    "review": "Controls Cost vs. Innovation. Weakness: The options fail to consider the impact of automation on employee morale and job security."
  },
  {
    "lever_id": "7d070cd2-1e8c-4267-b43e-cb8b21654501",
    "name": "Regulatory Approval Strategy",
    "consequences": "Navigating regulatory hurdles impacts project timelines and operational scope. Immediate: Approval delays \u2192 Systemic: Increased operational costs and delayed revenue \u2192 Strategic: Reduced competitive advantage and investor confidence.",
    "options": [
      "Proactive Compliance: Strictly adhere to existing regulations, focusing on safety and ethical considerations.",
      "Adaptive Engagement: Engage with regulatory bodies to shape future guidelines, advocating for responsible innovation.",
      "Jurisdictional Arbitrage: Establish operations in regions with more permissive regulations, accepting potential reputational risks."
    ],
    "review": "Controls Ethical Risk vs. Speed to Market. Weakness: The options don't address the potential for international regulatory conflicts."
  },
  {
    "lever_id": "189a2808-ba10-417f-a368-273bf84f2150",
    "name": "Technological Development Approach",
    "consequences": "The pace of technological advancement directly affects the feasibility and safety of face transplantation. Immediate: Research breakthroughs or setbacks \u2192 Systemic: 15% improvement in graft survival rates through advanced immunosuppression \u2192 Strategic: Enhanced service reliability and patient outcomes.",
    "options": [
      "Incremental Improvement: Focus on refining existing surgical techniques and immunosuppression protocols.",
      "Targeted Innovation: Invest in specific areas like tissue engineering and personalized medicine to improve transplant outcomes.",
      "Radical Disruption: Explore emerging technologies like CRISPR and xenotransplantation to overcome current limitations."
    ],
    "review": "Controls Technical Risk vs. Long-Term Viability. Weakness: The options fail to consider the cost implications of each technological path."
  },
  {
    "lever_id": "2c83d2d9-62df-4c87-999f-b2c35273e278",
    "name": "Market Validation Strategy",
    "consequences": "Demonstrating market demand is crucial for attracting investment and ensuring long-term sustainability. Immediate: Initial customer interest \u2192 Systemic: 25% faster scaling through positive word-of-mouth and social media buzz \u2192 Strategic: Increased market share and brand recognition.",
    "options": [
      "Limited Pilot Program: Offer face transplants to a small group of carefully selected candidates.",
      "Phased Rollout: Expand services gradually based on initial results and market feedback.",
      "Open Access Model: Offer face transplants to a wider audience, accepting higher risks and potential ethical concerns."
    ],
    "review": "Controls Financial Risk vs. Market Penetration. Weakness: The options don't adequately address the psychological impact on early adopters."
  },
  {
    "lever_id": "eec1754d-8e30-453c-8981-1dc851b82bb0",
    "name": "Brand Positioning Strategy",
    "consequences": "Brand perception will significantly influence customer trust and adoption rates. Immediate: Public perception of the facility \u2192 Systemic: 30% increase in customer acquisition through positive brand image \u2192 Strategic: Enhanced brand loyalty and premium pricing power.",
    "options": [
      "Ethical Pioneer: Position the facility as a leader in responsible and ethical face transplantation.",
      "Technological Innovator: Emphasize the cutting-edge technology and expertise offered by the facility.",
      "Lifestyle Transformer: Market face transplantation as a means of personal transformation and self-expression."
    ],
    "review": "Controls Ethical Perception vs. Market Appeal. Weakness: The options don't consider the potential for negative media coverage."
  },
  {
    "lever_id": "58739fa3-097f-4875-8364-5b0b83806870",
    "name": "Subscription Model Design",
    "consequences": "The design of the subscription model impacts revenue streams and customer retention. Immediate: Initial subscription uptake \u2192 Systemic: 10% improvement in customer lifetime value through flexible payment plans \u2192 Strategic: Stable revenue stream and long-term financial sustainability.",
    "options": [
      "Basic Access: Offer a standard subscription with limited face options and swap frequency.",
      "Premium Tiering: Provide tiered subscriptions with varying levels of access and customization.",
      "Dynamic Pricing: Implement a dynamic pricing model based on face popularity and availability, leveraging blockchain-based smart contracts for transparent royalty distribution to face donors."
    ],
    "review": "Controls Revenue Stability vs. Customer Flexibility. Weakness: The options fail to address the logistical challenges of face storage and maintenance."
  }
]