{
  "plan_characteristics": {
    "ambition_and_scale": "The plan is highly ambitious, aiming to create a commercial facility for face transplantation with a subscription model. This suggests a potentially large-scale operation targeting a niche market.",
    "risk_and_novelty": "The plan is extremely high-risk and novel. Face transplantation is a complex and experimental procedure, and the subscription-based model adds another layer of untested innovation.",
    "complexity_and_constraints": "The plan is highly complex, involving significant ethical, regulatory, and technological hurdles. Constraints include the need for specialized medical expertise, ethical considerations, regulatory compliance, and the logistical challenges of sourcing and transporting donor faces.",
    "domain_and_tone": "The plan falls within the medical/commercial domain, with a slightly fantastical and ethically questionable tone due to the 'Face Off' inspiration.",
    "holistic_profile_of_the_plan": "The plan is a high-risk, high-reward venture involving a novel and ethically complex medical procedure with a commercial subscription model. It requires navigating significant regulatory and technological challenges."
  },
  "scenario_assessments": [
    {
      "scenario_name": "The Pioneer's Gambit",
      "fit_score": 9,
      "fit_assessment": "This scenario aligns well with the plan's high-risk, high-reward nature and its focus on radical innovation and jurisdictional arbitrage. The DAO governance and radical tech development approach fit the plan's ambition."
    },
    {
      "scenario_name": "The Builder's Foundation",
      "fit_score": 6,
      "fit_assessment": "This scenario offers a more balanced approach, which is less aligned with the plan's inherent risk and novelty. While ethical considerations are important, the plan's ambition suggests a bolder strategy."
    },
    {
      "scenario_name": "The Consolidator's Approach",
      "fit_score": 3,
      "fit_assessment": "This scenario is a poor fit, as its risk-averse and compliance-focused strategy clashes with the plan's ambitious and experimental nature. The plan's novelty requires a more innovative approach than this scenario allows."
    }
  ],
  "final_choice": {
    "chosen_scenario_name": "The Pioneer's Gambit",
    "justification": "The Pioneer's Gambit is the most suitable scenario because its high-risk, high-reward approach aligns with the plan's ambitious and novel nature. The plan's 'Face Off' inspiration and subscription model indicate a willingness to push boundaries. \n\n*   The plan's ambition necessitates a focus on cutting-edge technologies and a willingness to navigate complex regulatory landscapes, which this scenario provides through its radical tech development and jurisdictional arbitrage strategies.\n*   The Builder's Foundation is less suitable because it prioritizes a balanced approach, which is not aggressive enough for the plan's inherent risk. The Consolidator's Approach is the least suitable due to its risk-averse nature, which stifles the innovation required for this project."
  }
}