[
  {
    "question": "What is the projected budget for the facility setup and initial operational costs, including medical equipment, staffing, and regulatory compliance?",
    "assumptions": "Assumption: The initial budget is estimated at $50 million USD, based on similar specialized medical facilities and the complexity of face transplantation procedures. This includes $20 million for facility construction and equipment, $15 million for initial staffing and training, and $15 million for regulatory compliance and legal fees.",
    "assessments": "Title: Financial Feasibility Assessment\nDescription: Evaluation of the project's financial viability based on the estimated budget and potential revenue streams.\nDetails: A $50 million budget requires significant investor confidence. Risk: Cost overruns are common in novel medical ventures. Impact: Could lead to funding shortages and project delays. Mitigation: Secure multiple funding sources and implement strict cost-control measures. Opportunity: Successful execution could attract further investment and expansion."
  },
  {
    "question": "What is the estimated timeline for regulatory approval, facility construction, staff training, and the first face transplantation procedure?",
    "assumptions": "Assumption: The project timeline is estimated at 36 months, with 12 months for regulatory approval, 18 months for facility construction, and 6 months for staff training and preparation for the first procedure. This is based on the complexity of medical regulations and construction timelines in New Zealand.",
    "assessments": "Title: Timeline Adherence Assessment\nDescription: Analysis of the project's timeline and potential delays.\nDetails: A 36-month timeline is ambitious. Risk: Regulatory delays or construction setbacks could extend the timeline. Impact: Could delay revenue generation and increase costs. Mitigation: Proactive engagement with regulators and detailed project management. Opportunity: Early completion could provide a competitive advantage."
  },
  {
    "question": "What specific medical personnel (surgeons, nurses, technicians, ethicists) are required, and what are the recruitment and training plans?",
    "assumptions": "Assumption: The facility will require a core team of 5 specialized surgeons, 10 nurses, 5 technicians, and 2 ethicists. Recruitment will focus on international experts and local talent, with a 6-month training program on face transplantation techniques and ethical considerations, costing approximately $15 million USD.",
    "assessments": "Title: Resource Availability Assessment\nDescription: Evaluation of the availability of skilled medical personnel and the effectiveness of recruitment and training plans.\nDetails: Securing qualified personnel is critical. Risk: Shortage of specialized surgeons or ethical experts could delay operations. Impact: Could compromise patient safety and ethical standards. Mitigation: Competitive compensation packages and partnerships with medical institutions. Opportunity: Attracting top talent could enhance the facility's reputation."
  },
  {
    "question": "What specific regulatory bodies in New Zealand need to be engaged, and what are the key compliance requirements for face transplantation and the subscription model?",
    "assumptions": "Assumption: Key regulatory bodies include the Ministry of Health and Medsafe. Compliance will require adherence to medical device regulations, ethical guidelines for transplantation, and data privacy laws. The subscription model will need to comply with consumer protection laws and financial regulations.",
    "assessments": "Title: Regulatory Compliance Assessment\nDescription: Analysis of the regulatory landscape and the project's compliance strategy.\nDetails: Navigating regulations is crucial. Risk: Failure to comply could result in fines, legal challenges, and project shutdown. Impact: Could significantly delay operations and increase costs. Mitigation: Proactive engagement with regulators and a robust compliance program. Opportunity: Early compliance could build trust and facilitate regulatory approval."
  },
  {
    "question": "What are the specific safety protocols and risk management strategies to address potential surgical complications, rejection episodes, and ethical breaches?",
    "assumptions": "Assumption: Safety protocols will include rigorous patient screening, advanced surgical techniques, and immunosuppression protocols. Risk management strategies will involve comprehensive insurance coverage, ethical review boards, and contingency plans for managing complications and ethical breaches. The cost for insurance is estimated at $5 million USD annually.",
    "assessments": "Title: Safety and Risk Management Assessment\nDescription: Evaluation of the project's safety protocols and risk management strategies.\nDetails: Patient safety is paramount. Risk: Surgical complications or ethical breaches could lead to legal liabilities and reputational damage. Impact: Could compromise patient well-being and erode public trust. Mitigation: Strict adherence to safety protocols and a proactive risk management approach. Opportunity: Demonstrating a commitment to safety could enhance the facility's reputation."
  },
  {
    "question": "What measures will be taken to minimize the environmental impact of the facility's construction and operation, including waste disposal, energy consumption, and carbon emissions?",
    "assumptions": "Assumption: The facility will implement sustainable construction practices, utilize renewable energy sources, and minimize waste generation. A comprehensive waste management plan will be developed to ensure proper disposal of medical waste and reduce environmental impact. The cost for implementing these measures is estimated at $2 million USD.",
    "assessments": "Title: Environmental Impact Assessment\nDescription: Analysis of the project's environmental footprint and mitigation strategies.\nDetails: Environmental responsibility is important. Risk: Negative environmental impact could lead to public criticism and regulatory scrutiny. Impact: Could damage the facility's reputation and increase operating costs. Mitigation: Adoption of sustainable practices and a comprehensive environmental management plan. Opportunity: Demonstrating environmental responsibility could enhance the facility's image."
  },
  {
    "question": "How will stakeholders (patients, donors, families, the public) be involved in the decision-making process, and what mechanisms will be used to address their concerns and feedback?",
    "assumptions": "Assumption: Stakeholder involvement will include patient advisory boards, community forums, and online feedback mechanisms. A transparent communication strategy will be implemented to address concerns and provide regular updates on the project's progress. The cost for stakeholder engagement is estimated at $500,000 USD annually.",
    "assessments": "Title: Stakeholder Engagement Assessment\nDescription: Evaluation of the project's stakeholder engagement strategy.\nDetails: Stakeholder support is crucial. Risk: Lack of engagement could lead to public opposition and project delays. Impact: Could erode public trust and hinder regulatory approval. Mitigation: Proactive stakeholder engagement and a transparent communication strategy. Opportunity: Building strong relationships with stakeholders could enhance the facility's reputation and ensure long-term sustainability."
  },
  {
    "question": "What operational systems (patient management, billing, supply chain, security) will be implemented, and how will they be integrated to ensure efficient and secure operations?",
    "assumptions": "Assumption: The facility will implement integrated patient management, billing, supply chain, and security systems. These systems will be designed to ensure efficient operations, data security, and regulatory compliance. The cost for implementing these systems is estimated at $3 million USD.",
    "assessments": "Title: Operational Systems Assessment\nDescription: Analysis of the project's operational systems and integration strategy.\nDetails: Efficient systems are essential. Risk: Inefficient or insecure systems could lead to operational disruptions and data breaches. Impact: Could compromise patient care and damage the facility's reputation. Mitigation: Implementation of integrated and secure operational systems. Opportunity: Streamlined operations could improve efficiency and reduce costs."
  }
]