[
  {
    "id": 1,
    "category": "Regulatory Liaison & Compliance Officer",
    "explanation": "Ensures the project adheres to all New Zealand regulations related to medical facilities, surgical procedures, data privacy, and ethical guidelines.  Crucial for obtaining necessary permits and licenses.",
    "consequences": "Project delays, legal challenges, fines, and potential shutdown due to non-compliance.  Inability to legally operate the facility.",
    "count": "min 1, max 2, depending on the complexity of regulatory landscape and the need for specialized expertise in different areas (e.g., data privacy vs. medical licensing).",
    "contract_type": "full_time_employee",
    "contract_type_justification": "Critical role requiring in-depth knowledge of regulations and continuous compliance efforts.",
    "typical_job_activities": "Interpreting and applying relevant regulations, preparing compliance documentation, liaising with regulatory bodies, conducting internal audits, and developing compliance training programs.",
    "background_story": "Aisha Khan grew up in Wellington, New Zealand, developing a keen interest in law and ethics. She earned a law degree from Victoria University of Wellington, specializing in regulatory compliance and bioethics. Before joining the face transplantation project, Aisha worked for the New Zealand Ministry of Health, where she gained extensive experience in navigating complex regulatory landscapes and ensuring compliance with medical regulations. Her familiarity with New Zealand's legal system and her expertise in regulatory compliance make her an invaluable asset to the team.",
    "equipment_needs": "Computer with internet access, legal databases, regulatory documentation, secure communication channels.",
    "facility_needs": "Office space, access to meeting rooms, secure document storage."
  },
  {
    "id": 2,
    "category": "Lead Transplant Surgeon",
    "explanation": "Oversees all surgical aspects of face transplantation, ensuring the highest standards of medical care and patient safety.  Provides expertise in surgical techniques and manages the surgical team.",
    "consequences": "Inability to perform face transplant surgeries, compromising the core service offering. Increased risk of surgical complications and patient mortality.",
    "count": "1",
    "contract_type": "full_time_employee",
    "contract_type_justification": "Core function requiring dedicated expertise and consistent availability.",
    "typical_job_activities": "Performing face transplant surgeries, developing surgical protocols, managing the surgical team, providing pre- and post-operative care, and conducting research on surgical techniques.",
    "background_story": "Dr. Kenji Tanaka, born and raised in Kyoto, Japan, is a world-renowned transplant surgeon. He completed his medical degree at Kyoto University and pursued specialized training in plastic and reconstructive surgery at the University of Tokyo Hospital. Dr. Tanaka has over 20 years of experience in performing complex transplant surgeries, including hand and limb transplants. He is known for his meticulous surgical techniques and his commitment to patient safety. His expertise in microsurgery and his innovative approach to transplant procedures make him the ideal lead surgeon for the face transplantation project.",
    "equipment_needs": "Surgical equipment (microscopes, surgical robots), surgical instruments, sterile environment, advanced imaging equipment, computer for surgical planning.",
    "facility_needs": "Operating room, pre- and post-operative care unit, surgical planning room, research lab."
  },
  {
    "id": 3,
    "category": "Ethics Review Board Coordinator",
    "explanation": "Manages the ethics review board, ensuring ethical guidelines are followed in patient selection, consent processes, and data handling. Addresses public concerns and maintains ethical integrity.",
    "consequences": "Ethical breaches, public outcry, loss of social license to operate, and potential legal challenges. Damage to the facility's reputation and long-term sustainability.",
    "count": "1",
    "contract_type": "full_time_employee",
    "contract_type_justification": "Critical role requiring consistent oversight and ethical guidance.",
    "typical_job_activities": "Managing the ethics review board, developing ethical guidelines, reviewing patient selection processes, addressing public concerns, and ensuring ethical compliance.",
    "background_story": "Dr. Eleanor Vance, originally from Dunedin, New Zealand, is a highly respected bioethicist. She holds a Ph.D. in bioethics from the University of Otago and has spent her career working on ethical issues related to medical research and healthcare. Dr. Vance has served on numerous ethics review boards and has published extensively on topics such as informed consent, patient autonomy, and the ethical implications of emerging medical technologies. Her expertise in ethical decision-making and her commitment to patient well-being make her the perfect coordinator for the ethics review board.",
    "equipment_needs": "Computer with internet access, ethical guidelines databases, secure communication channels, meeting facilitation tools.",
    "facility_needs": "Office space, access to meeting rooms, secure document storage."
  },
  {
    "id": 4,
    "category": "Donor Relations & Acquisition Specialist",
    "explanation": "Develops and manages relationships with organ donation organizations, hospitals, and mortuaries to secure a steady supply of donor faces. Implements ethical consent protocols and manages the logistics of face transportation and preservation.",
    "consequences": "Shortage of donor faces, limiting the number of transplant procedures and impacting revenue. Inability to meet subscription demand and potential operational delays.",
    "count": "min 1, max 3, depending on the scale of operations and the geographic area covered for donor acquisition. More people are needed to manage relationships with multiple organizations and handle logistical challenges.",
    "contract_type": "full_time_employee",
    "contract_type_justification": "Essential for securing donor faces, requiring dedicated effort and relationship management.",
    "typical_job_activities": "Developing relationships with organ donation organizations, implementing ethical consent protocols, managing the logistics of face transportation, and ensuring a steady supply of donor faces.",
    "background_story": "Ethan Bell, hailing from Christchurch, New Zealand, has a background in healthcare administration and organ donation coordination. He earned a degree in public health from the University of Canterbury and has worked for several years at the New Zealand Organ Donation Service. Ethan has extensive experience in building relationships with hospitals, organ donation organizations, and mortuaries. He is skilled at implementing ethical consent protocols and managing the logistics of organ transportation. His expertise in donor relations and acquisition makes him an essential member of the team.",
    "equipment_needs": "Transportation for donor faces, communication devices, database for tracking donors, preservation equipment.",
    "facility_needs": "Office space, access to transportation, secure storage for donor faces."
  },
  {
    "id": 5,
    "category": "Patient Liaison & Psychological Support Coordinator",
    "explanation": "Provides pre- and post-transplant counseling and support to patients and donor families. Manages the psychological support program and ensures patients receive adequate mental health care.",
    "consequences": "Patient dissatisfaction, ethical breaches, and reputational damage due to inadequate psychological support. Increased risk of patient attrition and negative psychological outcomes.",
    "count": "min 2, max 4, depending on the number of patients and the complexity of their psychological needs. Requires multiple people to provide individual counseling, group therapy, and family support.",
    "contract_type": "full_time_employee",
    "contract_type_justification": "Critical for patient well-being, requiring consistent support and availability.",
    "typical_job_activities": "Providing pre- and post-transplant counseling, managing the psychological support program, ensuring patients receive adequate mental health care, and providing support to donor families.",
    "background_story": "Olivia Green, a native of Auckland, New Zealand, is a compassionate and experienced clinical psychologist. She holds a doctorate in clinical psychology from the University of Auckland and has worked in various healthcare settings, providing counseling and support to patients and their families. Olivia has a particular interest in the psychological impact of medical procedures and has published research on the topic. Her expertise in patient support and her commitment to mental health make her the ideal patient liaison and psychological support coordinator.",
    "equipment_needs": "Private counseling rooms, psychological assessment tools, computer with secure patient data access, support group meeting space.",
    "facility_needs": "Office space, counseling rooms, group therapy room."
  },
  {
    "id": 6,
    "category": "Data Security & Privacy Officer",
    "explanation": "Develops and implements data privacy and security protocols to protect patient data and comply with regulations. Manages data encryption, access controls, and data breach response plans.",
    "consequences": "Data breaches, legal liabilities, fines, and reputational damage due to non-compliance with data privacy regulations. Loss of patient trust and potential operational disruptions.",
    "count": "1",
    "contract_type": "full_time_employee",
    "contract_type_justification": "Essential for protecting sensitive data and ensuring regulatory compliance.",
    "typical_job_activities": "Developing and implementing data privacy and security protocols, managing data encryption, implementing access controls, and developing data breach response plans.",
    "background_story": "Raj Patel, born in Mumbai, India, and now a resident of Auckland, New Zealand, is a highly skilled data security and privacy officer. He holds a master's degree in computer science from the University of Auckland and has over 10 years of experience in data security and privacy. Raj has worked for several large organizations, implementing data privacy and security protocols and ensuring compliance with regulations. His expertise in data encryption, access controls, and data breach response plans makes him an invaluable asset to the team.",
    "equipment_needs": "Computer with advanced security software, data encryption tools, access control systems, data breach detection and prevention systems.",
    "facility_needs": "Secure office space, access to server rooms, data storage facilities."
  },
  {
    "id": 7,
    "category": "Facility Operations Manager",
    "explanation": "Oversees the day-to-day operations of the facility, ensuring efficient resource allocation, supply chain management, and maintenance of equipment. Manages administrative procedures and optimizes operational efficiency.",
    "consequences": "Operational inefficiencies, increased costs, delays, and compromised care due to poor management of resources and processes. Inability to scale operations effectively.",
    "count": "min 1, max 2, depending on the size and complexity of the facility. A larger facility may require an assistant operations manager to handle specific tasks.",
    "contract_type": "full_time_employee",
    "contract_type_justification": "Critical for efficient operations, requiring dedicated management and oversight.",
    "typical_job_activities": "Overseeing the day-to-day operations of the facility, ensuring efficient resource allocation, managing supply chain management, and maintaining equipment.",
    "background_story": "Sarah Johnson, originally from Queenstown, New Zealand, has a background in business administration and healthcare management. She earned an MBA from the University of Otago and has worked in various healthcare organizations, managing operations and improving efficiency. Sarah is skilled at resource allocation, supply chain management, and process optimization. Her expertise in facility operations makes her the perfect operations manager for the face transplantation facility.",
    "equipment_needs": "Computer with facility management software, communication devices, inventory management system, supply chain management tools.",
    "facility_needs": "Office space, access to all areas of the facility, storage for supplies."
  },
  {
    "id": 8,
    "category": "Community Engagement & Public Relations Specialist",
    "explanation": "Manages public relations, engages with the community, and addresses public concerns about face transplantation and the subscription model. Promotes transparency and builds trust with stakeholders.",
    "consequences": "Negative media coverage, public opposition, and reduced enrollment due to lack of community engagement and transparency. Difficulty in building trust with stakeholders and maintaining a positive reputation.",
    "count": "1",
    "contract_type": "full_time_employee",
    "contract_type_justification": "Important for building trust and managing public perception, requiring consistent engagement.",
    "typical_job_activities": "Managing public relations, engaging with the community, addressing public concerns, promoting transparency, and building trust with stakeholders.",
    "background_story": "Daniel Williams, a Wellington native, has a passion for communication and community engagement. He holds a degree in public relations from Massey University and has worked for several non-profit organizations, managing public relations and engaging with the community. Daniel is skilled at building relationships, promoting transparency, and addressing public concerns. His expertise in community engagement and public relations makes him the ideal specialist for the face transplantation project.",
    "equipment_needs": "Computer with internet access, public relations software, communication devices, media monitoring tools.",
    "facility_needs": "Office space, access to meeting rooms, presentation equipment."
  }
]