[
  {
    "id": "27d85bbf-7f94-4fed-8260-50c1b2dbd29d",
    "document_name": "New Zealand Ministry of Health Regulations",
    "description": "Regulations and guidelines issued by the New Zealand Ministry of Health pertaining to medical facilities, surgical procedures, and patient care. These regulations are crucial for ensuring compliance and obtaining necessary approvals for the face transplantation facility. Intended audience: Regulatory Affairs Manager, Legal Counsel.",
    "recency_requirement": "Current regulations essential",
    "responsible_role_type": "Regulatory Affairs Manager",
    "steps_to_find": [
      "Search the New Zealand Ministry of Health website.",
      "Contact the Ministry of Health directly.",
      "Consult with legal experts specializing in healthcare regulations."
    ],
    "access_difficulty": "Medium: Requires navigating government websites and potentially contacting the Ministry of Health directly."
  },
  {
    "id": "e6b9856b-c756-4eca-8537-9a88d4894812",
    "document_name": "New Zealand Medsafe Guidelines",
    "description": "Guidelines issued by Medsafe, the New Zealand Medicines and Medical Devices Safety Authority, pertaining to medical devices and surgical procedures. These guidelines are crucial for ensuring compliance and obtaining necessary approvals for the face transplantation facility. Intended audience: Regulatory Affairs Manager, Legal Counsel.",
    "recency_requirement": "Current guidelines essential",
    "responsible_role_type": "Regulatory Affairs Manager",
    "steps_to_find": [
      "Search the Medsafe website.",
      "Contact Medsafe directly.",
      "Consult with legal experts specializing in healthcare regulations."
    ],
    "access_difficulty": "Medium: Requires navigating government websites and potentially contacting Medsafe directly."
  },
  {
    "id": "bf18d8d3-cc21-4aca-b1af-9103aed4faab",
    "document_name": "New Zealand Organ Donation and Transplantation Policies",
    "description": "Policies and guidelines related to organ donation and transplantation in New Zealand, including consent protocols, ethical considerations, and logistical requirements. These policies are crucial for developing a robust and ethical donor face acquisition plan. Intended audience: Donor Relations & Acquisition Specialist, Ethics Review Board Coordinator.",
    "recency_requirement": "Current policies essential",
    "responsible_role_type": "Donor Relations & Acquisition Specialist",
    "steps_to_find": [
      "Search the New Zealand Organ Donation Service website.",
      "Contact the New Zealand Organ Donation Service directly.",
      "Consult with ethicists specializing in organ donation."
    ],
    "access_difficulty": "Medium: Requires navigating government websites and potentially contacting the Organ Donation Service directly."
  },
  {
    "id": "503245df-a067-41ca-9952-c439c53016fe",
    "document_name": "New Zealand Data Privacy Laws and Regulations",
    "description": "Laws and regulations related to data privacy in New Zealand, including the Health Information Privacy Code and the Privacy Act. These laws are crucial for ensuring compliance and protecting patient data. Intended audience: Data Security & Privacy Officer, Legal Counsel.",
    "recency_requirement": "Current laws and regulations essential",
    "responsible_role_type": "Data Security & Privacy Officer",
    "steps_to_find": [
      "Search the New Zealand Privacy Commissioner website.",
      "Consult with legal experts specializing in data privacy law.",
      "Review relevant legislation and case law."
    ],
    "access_difficulty": "Medium: Requires navigating government websites and consulting legal resources."
  },
  {
    "id": "9d4a70e0-43d5-4d1b-aa3a-c9366bc6ae2b",
    "document_name": "New Zealand Ethical Guidelines for Medical Research",
    "description": "Ethical guidelines for medical research in New Zealand, including guidelines for informed consent, patient autonomy, and data handling. These guidelines are crucial for ensuring ethical conduct and protecting patient rights. Intended audience: Ethics Review Board Coordinator, Chief Medical Officer.",
    "recency_requirement": "Current guidelines essential",
    "responsible_role_type": "Ethics Review Board Coordinator",
    "steps_to_find": [
      "Search the New Zealand Ministry of Health website.",
      "Consult with ethicists specializing in medical research.",
      "Review relevant ethical codes and guidelines."
    ],
    "access_difficulty": "Medium: Requires navigating government websites and consulting ethical resources."
  },
  {
    "id": "58f83615-ab16-4d3a-9e14-4b1ca8dde420",
    "document_name": "New Zealand Mental Health Act",
    "description": "Legislation governing mental health services and patient rights in New Zealand. This act is relevant to the psychological support program and ensuring appropriate care for patients and donor families. Intended audience: Patient Liaison & Psychological Support Coordinator, Legal Counsel.",
    "recency_requirement": "Current legislation essential",
    "responsible_role_type": "Patient Liaison & Psychological Support Coordinator",
    "steps_to_find": [
      "Search the New Zealand Legislation website.",
      "Consult with legal experts specializing in mental health law.",
      "Review relevant case law."
    ],
    "access_difficulty": "Medium: Requires navigating government websites and consulting legal resources."
  },
  {
    "id": "637a3e70-7c44-4750-8773-daea2505e75f",
    "document_name": "Participating Nations Organ Donation Rates Statistical Data",
    "description": "Statistical data on organ donation rates in New Zealand and other relevant countries. This data is crucial for assessing the feasibility of acquiring donor faces and developing a robust donor acquisition plan. Intended audience: Donor Relations & Acquisition Specialist, Research Analyst.",
    "recency_requirement": "Most recent available year",
    "responsible_role_type": "Research Analyst",
    "steps_to_find": [
      "Search the Australia and New Zealand Organ Donation Registry (ANZOD) website.",
      "Search the Global Observatory on Donation and Transplantation (GODT) website.",
      "Contact organ donation organizations directly."
    ],
    "access_difficulty": "Medium: Requires navigating websites and potentially contacting organizations directly."
  },
  {
    "id": "17b9563d-b406-442a-8234-92845d57bca4",
    "document_name": "Existing New Zealand Healthcare Insurance Policies",
    "description": "Information on existing healthcare insurance policies in New Zealand, including coverage for transplant procedures and related services. This information is crucial for developing a financial model and assessing the affordability of the subscription service. Intended audience: Financial Analyst, Insurance Specialist.",
    "recency_requirement": "Most recent available",
    "responsible_role_type": "Financial Analyst",
    "steps_to_find": [
      "Search insurance company websites.",
      "Contact insurance brokers directly.",
      "Review government healthcare policies."
    ],
    "access_difficulty": "Easy: Publicly available information on insurance company websites."
  },
  {
    "id": "0a6f0349-c615-4bb9-972b-7e908197c175",
    "document_name": "New Zealand Medical Facility Licensing Requirements",
    "description": "Specific requirements for licensing a medical facility in New Zealand, including building codes, safety standards, and staffing requirements. This information is crucial for planning the construction and operation of the face transplantation facility. Intended audience: Facility Operations Manager, Regulatory Affairs Manager.",
    "recency_requirement": "Current requirements essential",
    "responsible_role_type": "Facility Operations Manager",
    "steps_to_find": [
      "Search the New Zealand Ministry of Health website.",
      "Contact local building authorities.",
      "Consult with architects and engineers specializing in medical facilities."
    ],
    "access_difficulty": "Medium: Requires navigating government websites and potentially contacting local authorities."
  },
  {
    "id": "06d60972-6d8e-4f32-bb3c-55bece90f430",
    "document_name": "Official New Zealand Population Health Survey Data",
    "description": "Results from official population health surveys in New Zealand, including data on mental health, body image, and attitudes towards medical procedures. This data is crucial for understanding the potential psychological impact of face transplantation and developing a comprehensive support program. Intended audience: Patient Liaison & Psychological Support Coordinator, Research Analyst.",
    "recency_requirement": "Published within last 5 years",
    "responsible_role_type": "Research Analyst",
    "steps_to_find": [
      "Search the New Zealand Ministry of Health website.",
      "Search Statistics New Zealand website.",
      "Contact public health researchers."
    ],
    "access_difficulty": "Medium: Requires navigating government websites and potentially contacting researchers."
  },
  {
    "id": "cda2c99b-9d96-4a26-995f-9dffbad7bede",
    "document_name": "Existing New Zealand Organ Donation Public Awareness Campaign Materials",
    "description": "Materials from existing public awareness campaigns related to organ donation in New Zealand. These materials can provide insights into effective communication strategies and help to address public concerns about face transplantation. Intended audience: Community Engagement & Public Relations Specialist.",
    "recency_requirement": "Most recent available",
    "responsible_role_type": "Community Engagement & Public Relations Specialist",
    "steps_to_find": [
      "Search the New Zealand Organ Donation Service website.",
      "Contact organ donation organizations directly.",
      "Review media coverage of organ donation."
    ],
    "access_difficulty": "Easy: Publicly available information on organization websites."
  },
  {
    "id": "ba9a32ba-ef03-4165-bdec-0c25aebb9560",
    "document_name": "Existing New Zealand Consumer Protection Laws",
    "description": "Laws related to consumer protection in New Zealand, relevant to the subscription model and ensuring fair business practices. Intended audience: Legal Counsel, Product Manager.",
    "recency_requirement": "Current laws essential",
    "responsible_role_type": "Legal Counsel",
    "steps_to_find": [
      "Search the New Zealand Legislation website.",
      "Consult with legal experts specializing in consumer law.",
      "Review relevant case law."
    ],
    "access_difficulty": "Medium: Requires navigating government websites and consulting legal resources."
  }
]