[
  {
    "id": "27d85bbf-7f94-4fed-8260-50c1b2dbd29d",
    "document_name": "New Zealand Ministry of Health Regulations",
    "description": "Regulations and guidelines issued by the New Zealand Ministry of Health pertaining to medical facilities, surgical procedures, and patient care. These regulations are crucial for ensuring compliance and obtaining necessary approvals for the face transplantation facility. Intended audience: Regulatory Affairs Manager, Legal Counsel.",
    "recency_requirement": "Current regulations essential",
    "responsible_role_type": "Regulatory Affairs Manager",
    "steps_to_find": [
      "Search the New Zealand Ministry of Health website.",
      "Contact the Ministry of Health directly.",
      "Consult with legal experts specializing in healthcare regulations."
    ],
    "access_difficulty": "Medium: Requires navigating government websites and potentially contacting the Ministry of Health directly."
  },
  {
    "id": "e6b9856b-c756-4eca-8537-9a88d4894812",
    "document_name": "New Zealand Medsafe Guidelines",
    "description": "Guidelines issued by Medsafe, the New Zealand Medicines and Medical Devices Safety Authority, pertaining to medical devices and surgical procedures. These guidelines are crucial for ensuring compliance and obtaining necessary approvals for the face transplantation facility. Intended audience: Regulatory Affairs Manager, Legal Counsel.",
    "recency_requirement": "Current guidelines essential",
    "responsible_role_type": "Regulatory Affairs Manager",
    "steps_to_find": [
      "Search the Medsafe website.",
      "Contact Medsafe directly.",
      "Consult with legal experts specializing in healthcare regulations."
    ],
    "access_difficulty": "Medium: Requires navigating government websites and potentially contacting Medsafe directly."
  },
  {
    "id": "bf18d8d3-cc21-4aca-b1af-9103aed4faab",
    "document_name": "New Zealand Organ Donation and Transplantation Policies",
    "description": "Policies and guidelines related to organ donation and transplantation in New Zealand, including consent protocols, ethical considerations, and logistical requirements. These policies are crucial for developing a robust and ethical donor face acquisition plan. Intended audience: Donor Relations & Acquisition Specialist, Ethics Review Board Coordinator.",
    "recency_requirement": "Current policies essential",
    "responsible_role_type": "Donor Relations & Acquisition Specialist",
    "steps_to_find": [
      "Search the New Zealand Organ Donation Service website.",
      "Contact the New Zealand Organ Donation Service directly.",
      "Consult with ethicists specializing in organ donation."
    ],
    "access_difficulty": "Medium: Requires navigating government websites and potentially contacting the Organ Donation Service directly."
  },
  {
    "id": "503245df-a067-41ca-9952-c439c53016fe",
    "document_name": "New Zealand Data Privacy Laws and Regulations",
    "description": "Laws and regulations related to data privacy in New Zealand, including the Health Information Privacy Code and the Privacy Act. These laws are crucial for ensuring compliance and protecting patient data. Intended audience: Data Security & Privacy Officer, Legal Counsel.",
    "recency_requirement": "Current laws and regulations essential",
    "responsible_role_type": "Data Security & Privacy Officer",
    "steps_to_find": [
      "Search the New Zealand Privacy Commissioner website.",
      "Consult with legal experts specializing in data privacy law.",
      "Review relevant legislation and case law."
    ],
    "access_difficulty": "Medium: Requires navigating government websites and consulting legal resources."
  },
  {
    "id": "9d4a70e0-43d5-4d1b-aa3a-c9366bc6ae2b",
    "document_name": "New Zealand Ethical Guidelines for Medical Research",
    "description": "Ethical guidelines for medical research in New Zealand, including guidelines for informed consent, patient autonomy, and data handling. These guidelines are crucial for ensuring ethical conduct and protecting patient rights. Intended audience: Ethics Review Board Coordinator, Chief Medical Officer.",
    "recency_requirement": "Current guidelines essential",
    "responsible_role_type": "Ethics Review Board Coordinator",
    "steps_to_find": [
      "Search the New Zealand Ministry of Health website.",
      "Consult with ethicists specializing in medical research.",
      "Review relevant ethical codes and guidelines."
    ],
    "access_difficulty": "Medium: Requires navigating government websites and consulting ethical resources."
  }
]