[
  {
    "id": "b2aa5a4a-f722-4573-a020-57478ea88c86",
    "document_name": "Project Charter",
    "description": "A formal document that authorizes the project, defines its objectives, and outlines the roles and responsibilities of key stakeholders. This Project Charter will focus on the establishment of a commercial face transplantation facility in New Zealand with a subscription-based face swapping service. It will define the project's scope, objectives, and governance structure, including ethical considerations and regulatory compliance.",
    "responsible_role_type": "Project Manager",
    "document_template_primary": "PMI Project Charter Template",
    "document_template_secondary": null,
    "steps_to_create": [
      "Define project objectives and scope.",
      "Identify key stakeholders and their roles.",
      "Establish project governance structure.",
      "Outline high-level budget and timeline.",
      "Obtain approval from key stakeholders."
    ],
    "approval_authorities": "CEO, Board of Directors",
    "essential_information": [
      "Clearly define the project's objectives, including the specific services offered (face transplantation and subscription-based face swapping) and the target market.",
      "Define the project's scope, including what is included and excluded from the project (e.g., research and development, specific geographic areas, types of procedures).",
      "Identify all key stakeholders (surgeons, nurses, technicians, ethicists, facility management, Ministry of Health, Medsafe, organ donation organizations, patients, donor families, investors) and define their roles and responsibilities within the project.",
      "Establish the project governance structure, including decision-making processes, reporting lines, and escalation procedures.",
      "Outline the high-level budget, including estimated costs for facility construction, staffing, regulatory compliance, and ongoing operations. Requires initial budget assumption of $50 million USD to be validated.",
      "Define the project timeline, including key milestones and deadlines for regulatory approval, construction, staff training, and service launch. Requires estimated timeline assumption of 36 months to be validated.",
      "Detail the ethical considerations associated with face transplantation and the subscription model, including patient consent, donor compensation, and psychological support. Requires review of ethical guidelines and protocols.",
      "Outline the regulatory compliance requirements, including permits, licenses, and standards related to medical facilities, surgical procedures, data privacy, and ethical practices. Requires review of regulatory compliance assumptions.",
      "Define the risk assessment and mitigation strategies, including key risks (regulatory approval, ethical concerns, technical complications, financial viability, donor face acquisition) and mitigation plans. Requires review of identified risks.",
      "Specify the criteria for project success, including measurable outcomes related to subscriber numbers, patient satisfaction, financial performance, and ethical compliance.",
      "What are the key performance indicators (KPIs) that will be used to track project progress and success?",
      "What are the specific legal and ethical frameworks that will govern the project's operations?",
      "What are the communication protocols for keeping stakeholders informed of project progress and any potential issues?",
      "What are the decision-making processes for resolving conflicts or making critical changes to the project plan?",
      "What are the resource allocation procedures for ensuring that the project has the necessary funding, personnel, and equipment?"
    ],
    "risks_of_poor_quality": [
      "An unclear scope definition leads to significant rework, budget overruns, and delays.",
      "Failure to identify key stakeholders results in miscommunication, conflicts, and lack of support.",
      "An inadequate governance structure leads to poor decision-making, lack of accountability, and project failure.",
      "An unrealistic budget or timeline results in financial instability and project delays.",
      "Failure to address ethical considerations leads to public outcry, regulatory scrutiny, and project shutdown.",
      "Non-compliance with regulatory requirements results in fines, legal challenges, and loss of license.",
      "Inadequate risk assessment and mitigation strategies result in unforeseen complications and project failure.",
      "Lack of clear success criteria makes it difficult to track progress and determine project success."
    ],
    "worst_case_scenario": "The project fails to secure necessary funding or regulatory approvals due to ethical concerns or technical challenges, resulting in complete project shutdown and significant financial losses.",
    "best_case_scenario": "The project charter enables a clear understanding of the project's objectives, scope, and governance, leading to efficient execution, successful regulatory approval, strong stakeholder support, and the establishment of a profitable and ethically responsible face transplantation facility.",
    "fallback_alternative_approaches": [
      "Utilize a pre-approved company template and adapt it to the specific requirements of the face transplantation project.",
      "Schedule a focused workshop with key stakeholders to collaboratively define project objectives, scope, and governance.",
      "Engage a project management consultant or subject matter expert to assist in developing the project charter.",
      "Develop a simplified 'minimum viable project charter' covering only critical elements initially, and expand it as the project progresses.",
      "Focus on creating a charter for a smaller, more focused pilot project to test the feasibility of the face transplantation concept before committing to a full-scale facility."
    ]
  },
  {
    "id": "7cbd1f51-7401-4d55-895e-c9652ef7beba",
    "document_name": "Risk Register",
    "description": "A comprehensive log of identified risks associated with the project, including their potential impact, likelihood, and mitigation strategies. This Risk Register will specifically address risks related to regulatory approval, ethical concerns, technical complications, financial viability, donor face acquisition, psychological impact, and data privacy. It will also include mitigation strategies for each identified risk.",
    "responsible_role_type": "Risk Manager",
    "document_template_primary": "ISO 31000 Risk Management Template",
    "document_template_secondary": null,
    "steps_to_create": [
      "Identify potential risks through brainstorming and expert consultation.",
      "Assess the likelihood and impact of each risk.",
      "Develop mitigation strategies for each risk.",
      "Assign responsibility for monitoring and managing each risk.",
      "Regularly review and update the Risk Register."
    ],
    "approval_authorities": "Project Manager, Risk Committee",
    "essential_information": [
      "Identify all potential risks associated with the face transplantation project, including regulatory, ethical, technical, financial, donor face acquisition, psychological impact, and data privacy risks.",
      "Assess the likelihood and potential impact of each identified risk on project timelines and outcomes.",
      "Develop detailed mitigation strategies for each risk, specifying actions to minimize their impact.",
      "Assign responsibility for monitoring and managing each risk to specific team members or roles.",
      "Establish a regular review process to update the Risk Register based on new information or changes in project scope."
    ],
    "risks_of_poor_quality": [
      "An incomplete risk assessment may lead to unanticipated regulatory delays, resulting in project timeline overruns and increased costs.",
      "Failure to address ethical concerns could result in public backlash, damaging the project's reputation and leading to potential shutdown.",
      "Inadequate technical risk management may result in surgical complications, increasing patient morbidity and legal liabilities.",
      "Neglecting financial risks could jeopardize funding and lead to project bankruptcy.",
      "Ignoring psychological impacts may lead to patient dissatisfaction and attrition, reducing subscription revenue."
    ],
    "worst_case_scenario": "The project faces significant legal challenges and public outcry due to unaddressed ethical and technical risks, leading to a complete shutdown of operations and loss of investor confidence, resulting in financial ruin.",
    "best_case_scenario": "The Risk Register is effectively utilized to manage and mitigate risks, leading to successful regulatory approval, high patient satisfaction, and a sustainable subscription model, ultimately establishing the facility as a leader in innovative medical practices.",
    "fallback_alternative_approaches": [
      "Utilize existing risk management frameworks and templates to expedite the creation of the Risk Register.",
      "Conduct focused workshops with key stakeholders to collaboratively identify and assess risks.",
      "Engage external risk management consultants to provide expertise and accelerate the risk assessment process.",
      "Develop a simplified version of the Risk Register that prioritizes the most critical risks for initial focus, with plans to expand later."
    ]
  },
  {
    "id": "834ed053-8aa8-48af-aee7-3c20c751a320",
    "document_name": "High-Level Budget/Funding Framework",
    "description": "A high-level overview of the project's budget, including estimated costs for facility construction, staffing, regulatory compliance, and ongoing operations. This framework will also outline potential funding sources, such as investors, grants, and revenue from the subscription model. It will provide a basis for developing a detailed financial model.",
    "responsible_role_type": "Financial Analyst",
    "document_template_primary": "Project Budget Template",
    "document_template_secondary": null,
    "steps_to_create": [
      "Estimate costs for each project activity.",
      "Identify potential funding sources.",
      "Develop a high-level budget overview.",
      "Obtain approval from key stakeholders.",
      "Regularly review and update the budget framework."
    ],
    "approval_authorities": "CFO, Board of Directors",
    "essential_information": [
      "What is the total estimated budget for the project, broken down by major categories (facility construction, staffing, regulatory compliance, ongoing operations)?",
      "What are the specific cost estimates for each major budget category, including detailed line items where possible?",
      "What are the potential funding sources for the project (investors, grants, subscription revenue, etc.)?",
      "What are the projected revenue streams from the subscription model, including estimated subscriber numbers and pricing tiers?",
      "What are the key financial assumptions underlying the budget projections (e.g., inflation rate, currency exchange rates, interest rates)?",
      "What are the contingency plans for cost overruns or funding shortfalls?",
      "What are the key performance indicators (KPIs) that will be used to track budget performance?",
      "What is the process for requesting and approving budget changes?",
      "What are the reporting requirements for budget performance?",
      "What are the roles and responsibilities of key stakeholders in managing the budget?",
      "Requires access to the project plan, risk assessment, and market analysis documents.",
      "Requires input from the CFO and other financial experts.",
      "Requires a detailed breakdown of costs associated with each strategic decision (Risk Mitigation Protocol, Operational Scalability Model, etc.)"
    ],
    "risks_of_poor_quality": [
      "Inaccurate cost estimates lead to budget overruns and financial instability.",
      "Failure to secure sufficient funding delays project timelines or prevents project completion.",
      "Unrealistic revenue projections result in financial losses and investor dissatisfaction.",
      "Lack of transparency in the budget process erodes stakeholder trust.",
      "Inadequate contingency planning leaves the project vulnerable to unforeseen financial challenges."
    ],
    "worst_case_scenario": "The project runs out of funding due to inaccurate budgeting and an inability to secure additional investment, leading to project abandonment and significant financial losses for investors.",
    "best_case_scenario": "The high-level budget framework provides a clear and accurate financial roadmap for the project, enabling effective resource allocation, attracting sufficient funding, and ensuring long-term financial sustainability. Enables go/no-go decision on Phase 2 funding and provides a basis for detailed financial modeling.",
    "fallback_alternative_approaches": [
      "Utilize a pre-approved company budget template and adapt it to the project's specific needs.",
      "Engage a financial consultant to develop a preliminary budget framework based on industry benchmarks.",
      "Develop a simplified 'minimum viable budget' covering only critical expenses initially, to be refined later.",
      "Schedule a focused workshop with stakeholders to collaboratively estimate costs and identify funding sources."
    ]
  },
  {
    "id": "9654bd16-74ac-4cbf-83e7-fd8654818964",
    "document_name": "Initial High-Level Schedule/Timeline",
    "description": "A high-level timeline outlining the key milestones and activities for the project, including regulatory approval, facility construction, staff training, and the launch of the subscription service. This timeline will provide a roadmap for the project and help to track progress.",
    "responsible_role_type": "Project Scheduler",
    "document_template_primary": "Gantt Chart Template",
    "document_template_secondary": null,
    "steps_to_create": [
      "Identify key project milestones and activities.",
      "Estimate the duration of each activity.",
      "Sequence activities and create a project timeline.",
      "Obtain approval from key stakeholders.",
      "Regularly review and update the project timeline."
    ],
    "approval_authorities": "Project Manager, CEO",
    "essential_information": [
      "What are the key milestones for regulatory approval, facility construction, staff training, and subscription service launch?",
      "What is the estimated duration for each key activity (regulatory approval, construction, training, etc.)?",
      "What are the dependencies between these activities (e.g., can construction start before regulatory approval)?",
      "What are the critical path activities that will directly impact the project completion date?",
      "What are the key decision points that could impact the timeline (e.g., go/no-go decisions based on regulatory feedback)?",
      "What are the resource allocation assumptions that underpin the timeline (e.g., staffing levels, equipment availability)?",
      "What are the potential sources of delay and how can they be mitigated (e.g., weather delays, supply chain disruptions)?",
      "Include a visual representation of the timeline (e.g., Gantt chart) showing key milestones and dependencies.",
      "What are the key performance indicators (KPIs) for tracking progress against the timeline?",
      "What are the planned review and update cycles for the timeline?"
    ],
    "risks_of_poor_quality": [
      "Unrealistic timelines lead to missed deadlines and project delays.",
      "Inaccurate activity duration estimates result in resource misallocation and budget overruns.",
      "Failure to identify critical path activities leads to inefficient project management and delays.",
      "Lack of stakeholder buy-in results in resistance to the timeline and difficulty tracking progress.",
      "An outdated timeline leads to poor decision-making and reactive problem-solving."
    ],
    "worst_case_scenario": "Significant delays in regulatory approval push the project launch back by 12+ months, leading to loss of investor confidence, depletion of initial funding, and potential project cancellation.",
    "best_case_scenario": "The timeline provides a clear roadmap for the project, enabling efficient resource allocation, proactive risk management, and on-time completion. This leads to early revenue generation, increased investor confidence, and a competitive advantage in the market. Enables go/no-go decisions at key milestones.",
    "fallback_alternative_approaches": [
      "Utilize a simplified milestone chart focusing only on major deliverables and regulatory gates.",
      "Conduct a rapid estimation workshop with key stakeholders to quickly generate activity duration estimates.",
      "Engage a project management consultant to develop a more detailed timeline if internal resources are limited.",
      "Develop a 'rolling wave' timeline, detailing the first 6-12 months in detail and outlining subsequent phases at a higher level."
    ]
  },
  {
    "id": "44a67dca-df83-4279-a16a-c0f6c1c26e2a",
    "document_name": "Risk Mitigation Protocol",
    "description": "A framework for minimizing potential legal, financial, and reputational risks associated with face transplantation. It controls the implementation of safety measures, informed consent processes, and insurance coverage. Success is measured by the reduction in legal claims, insurance payouts, and negative publicity. The objective is to create a safe and responsible environment for both patients and the organization, ensuring long-term sustainability and public trust.",
    "responsible_role_type": "Risk Manager",
    "document_template_primary": "Risk Management Plan Template",
    "document_template_secondary": null,
    "steps_to_create": [
      "Identify potential risks associated with face transplantation.",
      "Assess the likelihood and impact of each risk.",
      "Develop mitigation strategies for each risk.",
      "Assign responsibility for monitoring and managing each risk.",
      "Establish a process for reviewing and updating the Risk Mitigation Protocol."
    ],
    "approval_authorities": "Risk Committee, Legal Counsel",
    "essential_information": [
      "What are the specific legal risks associated with face transplantation procedures, including potential liabilities related to surgical complications, informed consent, and data privacy?",
      "What are the potential financial risks, including cost overruns, insurance liabilities, and revenue shortfalls, and how can they be quantified?",
      "What are the reputational risks associated with negative publicity, ethical concerns, and patient dissatisfaction, and how can they be measured and mitigated?",
      "Detail the patient screening process to minimize legal and medical risks, including specific criteria for inclusion and exclusion.",
      "Define the informed consent process, including the information provided to patients, the documentation required, and the process for obtaining consent.",
      "Specify the insurance coverage required to cover potential liabilities and medical complications, including policy limits, exclusions, and claims procedures.",
      "Outline the roles and responsibilities of the Risk Committee and Legal Counsel in overseeing the Risk Mitigation Protocol.",
      "Detail the process for reviewing and updating the Risk Mitigation Protocol, including the frequency of reviews and the criteria for triggering updates.",
      "What are the key performance indicators (KPIs) for measuring the effectiveness of the Risk Mitigation Protocol, such as the number of legal claims, insurance payouts, and negative media mentions?",
      "Based on the 'Pioneer's Gambit' scenario, how does the DAO structure distribute risk and ensure transparency in decision-making related to risk mitigation?"
    ],
    "risks_of_poor_quality": [
      "Failure to identify and mitigate key risks leads to legal liabilities, financial losses, and reputational damage.",
      "Inadequate patient screening results in increased surgical complications and legal claims.",
      "Unclear informed consent processes lead to ethical breaches and legal challenges.",
      "Insufficient insurance coverage results in financial losses in the event of complications or liabilities.",
      "Lack of a robust review process results in an outdated and ineffective Risk Mitigation Protocol."
    ],
    "worst_case_scenario": "A major surgical complication leads to a lawsuit, significant financial losses, and negative publicity, resulting in the shutdown of the face transplantation facility and reputational damage to the organization.",
    "best_case_scenario": "The Risk Mitigation Protocol effectively minimizes legal, financial, and reputational risks, creating a safe and responsible environment for patients and the organization, ensuring long-term sustainability and public trust. This enables securing necessary funding and regulatory approvals.",
    "fallback_alternative_approaches": [
      "Utilize a pre-approved risk management template from a similar medical facility and adapt it to the specific risks of face transplantation.",
      "Schedule a focused workshop with the Risk Committee, Legal Counsel, and medical personnel to collaboratively identify and assess risks.",
      "Engage a risk management consultant with experience in the medical field to assist in developing the Risk Mitigation Protocol.",
      "Develop a simplified 'minimum viable protocol' covering only the most critical risks initially, with plans to expand it over time."
    ]
  },
  {
    "id": "9c41f3ae-6aac-49a4-b1be-3862a1447ffc",
    "document_name": "Ethical Oversight Strategy",
    "description": "A framework for addressing the complex moral implications of face transplantation. It controls the ethical review process, patient autonomy, and public perception. The objective is to ensure responsible innovation and maintain public trust. Key success metrics include patient satisfaction, ethical compliance, and positive media coverage. This lever guides the organization's ethical decision-making and promotes transparency.",
    "responsible_role_type": "Ethics Review Board Coordinator",
    "document_template_primary": "Ethical Framework Template",
    "document_template_secondary": null,
    "steps_to_create": [
      "Establish an ethics review board.",
      "Develop ethical guidelines for patient selection, consent, and data handling.",
      "Establish a process for reviewing and addressing ethical concerns.",
      "Identify key performance indicators (KPIs) for measuring ethical compliance.",
      "Establish a process for reviewing and updating the Ethical Oversight Strategy."
    ],
    "approval_authorities": "Ethics Review Board, Legal Counsel",
    "essential_information": [
      "Define the specific ethical principles that will guide the face transplantation facility's operations.",
      "Detail the process for obtaining informed consent from both face donors and recipients, including addressing potential coercion or exploitation.",
      "Describe the composition and responsibilities of the internal ethics review board.",
      "Outline the criteria for patient selection, ensuring equitable access and minimizing potential biases.",
      "Define the procedures for addressing ethical dilemmas that may arise during the transplantation process.",
      "Establish guidelines for managing conflicts of interest among medical personnel, ethicists, and stakeholders.",
      "Detail the plan for ongoing monitoring and evaluation of the ethical oversight strategy's effectiveness.",
      "Specify how patient autonomy will be protected throughout the entire process.",
      "Describe the communication strategy for addressing public concerns and promoting transparency.",
      "Outline the process for handling sensitive data related to patients and donors, ensuring compliance with privacy regulations.",
      "What are the key performance indicators (KPIs) for measuring the effectiveness of the Ethical Oversight Strategy?",
      "What are the potential sources of ethical conflict, and how will they be resolved?",
      "What training will be provided to staff on ethical considerations and best practices?",
      "Based on the 'Pioneer's Gambit' scenario, how will the DAO govern ethical decisions, and what are the voting mechanisms?",
      "How will the strategy address the potential for commodification of faces within the subscription model?"
    ],
    "risks_of_poor_quality": [
      "Loss of public trust due to ethical breaches or perceived lack of transparency.",
      "Regulatory scrutiny and potential legal challenges.",
      "Damage to the organization's reputation, leading to reduced patient enrollment and investor confidence.",
      "Increased risk of patient dissatisfaction and ethical complaints.",
      "Failure to adequately address the psychological impact on recipients and donor families.",
      "Compromised patient safety and well-being."
    ],
    "worst_case_scenario": "Complete loss of public trust, leading to regulatory intervention, legal action, and the shutdown of the face transplantation facility due to ethical violations and safety concerns.",
    "best_case_scenario": "Establishes a robust and transparent ethical framework that fosters public trust, attracts patients and investors, and ensures the long-term sustainability of the face transplantation facility, while also setting a new standard for ethical practices in the field of medical innovation. Enables proactive management of ethical risks and facilitates smooth regulatory approvals.",
    "fallback_alternative_approaches": [
      "Utilize a pre-existing ethical framework from a similar medical facility and adapt it to the specific context of face transplantation.",
      "Engage a panel of external bioethicists to provide guidance and oversight on ethical issues.",
      "Conduct a series of workshops with stakeholders to collaboratively develop ethical guidelines.",
      "Develop a simplified 'minimum viable ethics framework' focusing on the most critical ethical considerations initially, with plans to expand it over time.",
      "Focus on compliance with existing regulations and ethical guidelines, rather than developing a completely novel strategy."
    ]
  },
  {
    "id": "321dec0a-4aab-4bde-b9bf-5acef5ba33b0",
    "document_name": "Regulatory Approval Strategy",
    "description": "A strategy defining the approach to obtaining necessary approvals from regulatory bodies. It controls compliance efforts, engagement with regulators, and jurisdictional selection. The objective is to secure the legal right to operate the face transplantation facility. Key success metrics include the speed and success rate of regulatory applications. This lever determines the organization's ability to legally offer its services.",
    "responsible_role_type": "Regulatory Affairs Manager",
    "document_template_primary": "Regulatory Compliance Plan Template",
    "document_template_secondary": null,
    "steps_to_create": [
      "Identify all necessary regulatory approvals.",
      "Develop a plan for engaging with regulatory bodies.",
      "Prepare documentation for regulatory applications.",
      "Monitor the progress of regulatory applications.",
      "Establish a process for reviewing and updating the Regulatory Approval Strategy."
    ],
    "approval_authorities": "Legal Counsel, CEO",
    "essential_information": [
      "What specific regulatory bodies (e.g., Ministry of Health, Medsafe) are relevant in New Zealand for face transplantation and subscription-based medical services?",
      "Detail the specific permits and licenses required to operate a face transplantation facility in New Zealand, including surgical procedure permits, data privacy compliance, and ethical approval.",
      "What are the key compliance standards and guidelines from the New Zealand Ministry of Health, Medsafe, and relevant ethics committees?",
      "Outline a step-by-step process for applying for the necessary permits and licenses, including timelines and required documentation.",
      "Define the criteria for selecting a jurisdiction (Auckland, Christchurch, Wellington, or other) based on regulatory permissiveness and ethical considerations.",
      "What are the potential legal and ethical risks associated with each strategic choice (Proactive Compliance, Adaptive Engagement, Jurisdictional Arbitrage)?",
      "Detail the process for engaging with regulatory bodies, including communication protocols, meeting schedules, and reporting requirements.",
      "What are the key performance indicators (KPIs) for measuring the success of the Regulatory Approval Strategy (e.g., speed of approval, success rate of applications)?",
      "Identify potential conflicts between the Regulatory Approval Strategy and other strategic decisions, such as the Ethical Oversight Strategy and Risk Mitigation Protocol.",
      "What are the specific requirements for data privacy compliance, including data encryption, access controls, and data breach response plans?"
    ],
    "risks_of_poor_quality": [
      "Failure to obtain necessary regulatory approvals leads to project delays, increased costs, and potential legal challenges.",
      "An inadequate Regulatory Approval Strategy results in fines, legal liabilities, and reputational damage.",
      "Lack of compliance with data privacy regulations leads to significant financial penalties and loss of public trust.",
      "Poor engagement with regulatory bodies results in misunderstandings, delays, and potential denial of permits.",
      "Choosing a jurisdiction with lower ethical standards compromises the organization's ethical standing and public perception."
    ],
    "worst_case_scenario": "The organization fails to obtain the necessary regulatory approvals, resulting in a complete shutdown of the face transplantation facility and significant financial losses.",
    "best_case_scenario": "The organization secures all necessary regulatory approvals quickly and efficiently, enabling the facility to operate legally and ethically, attracting investors and building public trust. This enables a faster time to market and a competitive advantage.",
    "fallback_alternative_approaches": [
      "Engage a regulatory consultant or legal expert specializing in medical device regulations in New Zealand.",
      "Develop a phased approach to regulatory approval, starting with less complex procedures and gradually expanding to more advanced techniques.",
      "Focus on proactive compliance with existing regulations, rather than pursuing jurisdictional arbitrage.",
      "Conduct a thorough risk assessment to identify potential regulatory hurdles and develop mitigation strategies.",
      "Utilize a pre-existing regulatory compliance plan template and adapt it to the specific requirements of the face transplantation facility."
    ]
  },
  {
    "id": "bd5041f8-c700-46f6-bc69-e90d3ebb80de",
    "document_name": "Technological Development Approach",
    "description": "A strategy dictating the approach for advancing the face transplantation technology. It controls the level of investment and focus on different technological areas, ranging from incremental improvements to radical disruptions. The objective is to improve transplant outcomes, reduce risks, and potentially overcome limitations like donor scarcity. Success is measured by improvements in surgical techniques, reduced rejection rates, and the successful integration of new technologies.",
    "responsible_role_type": "Chief Technology Officer",
    "document_template_primary": "Technology Roadmap Template",
    "document_template_secondary": null,
    "steps_to_create": [
      "Assess current technological capabilities.",
      "Identify areas for technological improvement.",
      "Develop a plan for investing in technological development.",
      "Establish key performance indicators (KPIs) for measuring technological progress.",
      "Establish a process for reviewing and updating the Technological Development Approach."
    ],
    "approval_authorities": "Technology Committee, CEO",
    "essential_information": [
      "What specific technologies (e.g., tissue engineering, immunosuppression protocols, robotics, AI, CRISPR, xenotransplantation) will be prioritized for development and why?",
      "What are the projected costs, timelines, and resource requirements for each prioritized technology?",
      "What are the key performance indicators (KPIs) for measuring the success of technological development efforts (e.g., graft survival rates, rejection rates, surgical time, cost per procedure)?",
      "What are the potential ethical and regulatory implications of each technology, and how will these be addressed?",
      "What are the alternative technological approaches if the primary approach fails or encounters significant obstacles?",
      "What are the specific risk mitigation strategies for each technology, addressing potential complications and safety concerns?",
      "How will the Technological Development Approach integrate with the Risk Mitigation Protocol, Ethical Oversight Strategy, Regulatory Approval Strategy, and Operational Efficiency Strategy?",
      "What are the criteria for determining when to shift from incremental improvements to more radical or disruptive technologies?",
      "What are the specific data points needed to assess the current state of the technology and track progress (e.g., surgical outcomes, rejection rates, patient satisfaction scores)?",
      "What are the potential sources of funding for technological development (e.g., grants, investors, internal budget)?",
      "Detail the process for evaluating and selecting new technologies for potential integration into the face transplantation process.",
      "What are the specific training requirements for medical personnel to implement new technologies?",
      "What are the potential impacts of each technology on the patient experience and quality of life?"
    ],
    "risks_of_poor_quality": [
      "Failure to identify and develop critical technologies, leading to suboptimal transplant outcomes and increased risks.",
      "Inefficient allocation of resources, resulting in wasted investment and missed opportunities.",
      "Ethical or regulatory violations due to the development of ethically questionable or non-compliant technologies.",
      "Inability to compete with other medical facilities offering more advanced face transplantation services.",
      "Delays in regulatory approval due to insufficient technological advancement or safety concerns.",
      "Increased surgical complications and patient mortality due to inadequate technological development."
    ],
    "worst_case_scenario": "The facility fails to achieve acceptable transplant outcomes due to a lack of technological advancement, leading to patient deaths, legal liabilities, and the closure of the facility.",
    "best_case_scenario": "The Technological Development Approach leads to significant breakthroughs in face transplantation technology, resulting in improved graft survival rates, reduced rejection rates, and enhanced patient quality of life, enabling the facility to become a world leader in face transplantation and attract significant investment and recognition. Enables go/no-go decision on further investment in specific technologies.",
    "fallback_alternative_approaches": [
      "Focus solely on incremental improvements to existing surgical techniques and immunosuppression protocols.",
      "Partner with external research institutions or technology companies to leverage their expertise and resources.",
      "Conduct a thorough review of existing literature and best practices in face transplantation to identify areas for improvement.",
      "Develop a simplified 'minimum viable technology roadmap' focusing on the most critical technological needs initially.",
      "Engage a technical consultant or subject matter expert to provide guidance on technological development strategies."
    ]
  },
  {
    "id": "ab583cb9-2d19-4e4a-a02a-e5a74c05531f",
    "document_name": "Operational Efficiency Strategy",
    "description": "A strategy focusing on optimizing resource allocation and streamlining processes to minimize costs and maximize throughput. It controls administrative procedures, surgical techniques, and supply chain management. The objective is to achieve a cost-effective and efficient operation. Key success metrics include cost per procedure, surgical time, and patient turnover rate. This lever drives the organization's profitability and competitiveness.",
    "responsible_role_type": "Operations Manager",
    "document_template_primary": "Operational Efficiency Plan Template",
    "document_template_secondary": null,
    "steps_to_create": [
      "Assess current operational efficiency.",
      "Identify areas for improvement.",
      "Develop a plan for optimizing resource allocation and streamlining processes.",
      "Establish key performance indicators (KPIs) for measuring operational efficiency.",
      "Establish a process for reviewing and updating the Operational Efficiency Strategy."
    ],
    "approval_authorities": "Operations Committee, CFO",
    "essential_information": [
      "What are the specific, measurable targets for cost per procedure, surgical time, and patient turnover rate?",
      "Detail the administrative processes to be streamlined, including current bottlenecks and proposed solutions.",
      "Quantify the potential cost savings and efficiency gains from each proposed process improvement.",
      "List the specific surgical techniques to be optimized, including current methods and proposed modifications.",
      "Describe the supply chain management strategies to be implemented, including vendor selection, inventory control, and logistics optimization.",
      "What are the resource allocation strategies to be implemented, including staffing levels, equipment utilization, and facility layout?",
      "Identify potential risks associated with each proposed efficiency improvement, including impacts on patient safety and ethical considerations.",
      "Detail the metrics and reporting mechanisms to track the effectiveness of the Operational Efficiency Strategy.",
      "Requires access to current operational cost data, surgical procedure times, patient turnover rates, and supply chain costs.",
      "Requires input from surgeons, nurses, administrative staff, and supply chain managers."
    ],
    "risks_of_poor_quality": [
      "Failure to achieve cost-effective operations, leading to reduced profitability and limited scalability.",
      "Compromised patient safety due to rushed procedures or inadequate resource allocation.",
      "Ethical concerns arising from prioritizing efficiency over patient well-being.",
      "Inability to compete with other medical facilities due to higher costs or lower throughput.",
      "Reduced employee morale and job satisfaction due to increased workload or pressure to cut corners."
    ],
    "worst_case_scenario": "The facility becomes financially unsustainable due to high operating costs and low throughput, leading to closure and loss of investment. Patient safety is compromised, resulting in legal liabilities and reputational damage.",
    "best_case_scenario": "The facility achieves significant cost savings and efficiency gains, enabling it to scale operations, attract more patients, and generate substantial revenue. Patient safety and ethical considerations are maintained, enhancing the facility's reputation and attracting top talent. Enables decisions on resource allocation and investment in new technologies.",
    "fallback_alternative_approaches": [
      "Utilize a pre-approved operational efficiency plan template and adapt it to the specific context of the face transplantation facility.",
      "Schedule a focused workshop with operations staff, surgeons, and administrators to collaboratively identify and prioritize efficiency improvements.",
      "Engage a consultant specializing in healthcare operations to conduct an efficiency audit and recommend improvements.",
      "Develop a simplified 'minimum viable strategy' focusing on the most critical areas for improvement, such as supply chain management and administrative processes."
    ]
  },
  {
    "id": "3af44de7-707e-41c6-96a5-0625a573b76a",
    "document_name": "Donor Face Acquisition and Preservation Plan",
    "description": "A detailed plan for acquiring and preserving donor faces, including partnerships with organ donation organizations, ethical consent protocols, detailed transportation logistics, advanced preservation techniques, and a robust inventory management system. This plan is crucial for ensuring a steady supply of faces, impacting operational capacity and financial viability.",
    "responsible_role_type": "Donor Relations & Acquisition Specialist",
    "document_template_primary": "Organ Procurement Protocol Template",
    "document_template_secondary": null,
    "steps_to_create": [
      "Establish partnerships with organ donation organizations, hospitals, and mortuaries.",
      "Develop ethical consent protocols for face donation.",
      "Develop a detailed transportation plan for rapid and secure transfer of donor faces.",
      "Invest in advanced preservation techniques.",
      "Implement a robust inventory management system."
    ],
    "approval_authorities": "Head of Operations, Ethics Review Board",
    "essential_information": [
      "Identify and list potential partner organizations (organ donation organizations, hospitals, mortuaries) in New Zealand and internationally.",
      "Define the legal and ethical requirements for obtaining consent for face donation in New Zealand, including specific documentation and processes.",
      "Detail the logistical steps for transporting donor faces from the point of donation to the facility, including transportation methods, timing, and required permits.",
      "Research and compare different face preservation techniques (e.g., cryopreservation, perfusion) and recommend the most suitable method based on cost, effectiveness, and feasibility.",
      "Design an inventory management system for tracking donor faces, including data points such as donor characteristics, preservation status, and expiration dates.",
      "Outline the criteria for accepting or rejecting donor faces based on factors such as age, health, and tissue compatibility.",
      "Develop a budget for the acquisition and preservation plan, including costs for partnerships, transportation, preservation equipment, and personnel.",
      "Define key performance indicators (KPIs) for measuring the success of the donor face acquisition and preservation plan (e.g., number of faces acquired per month, wastage rate).",
      "Detail the process for ensuring compliance with all relevant regulations and ethical guidelines throughout the acquisition and preservation process.",
      "Address the integration of the plan with the Ethical Oversight Strategy and Risk Mitigation Protocol."
    ],
    "risks_of_poor_quality": [
      "Inadequate donor face supply leads to underutilization of the facility and reduced revenue.",
      "Ethical breaches in the acquisition process result in public outcry and legal challenges.",
      "Poor preservation techniques lead to unusable donor faces and wasted resources.",
      "Inefficient transportation logistics cause delays and damage to donor faces.",
      "Lack of a robust inventory management system results in lost or misplaced donor faces.",
      "Failure to meet demand for face transplants impacts the subscription model's viability."
    ],
    "worst_case_scenario": "The facility is unable to acquire a sufficient number of donor faces, leading to operational shutdown, financial losses, and reputational damage. Legal challenges arise due to unethical acquisition practices.",
    "best_case_scenario": "The facility establishes a reliable and ethical supply of high-quality donor faces, enabling it to meet demand, maintain high patient satisfaction, and achieve financial sustainability. The plan becomes a model for other transplant facilities.",
    "fallback_alternative_approaches": [
      "Conduct a pilot program with a limited number of patients to assess the feasibility of the current acquisition methods.",
      "Focus on acquiring donor faces from specific demographic groups with higher donation rates.",
      "Explore the possibility of using 3D-printed faces as a temporary solution or for training purposes.",
      "Partner with international organizations to import donor faces from regions with higher availability, ensuring compliance with all relevant regulations.",
      "Develop a public awareness campaign to encourage face donation and increase the donor pool."
    ]
  },
  {
    "id": "9bffb2cd-c33a-4f87-aecb-567718107a31",
    "document_name": "Psychological Support Program",
    "description": "A comprehensive program addressing the mental health needs of face transplant recipients and donor families, including pre-transplant counseling, post-transplant therapy, donor family support, psychiatric assessments, ethical guidelines for managing psychological issues, and a supportive community for recipients and donor families.",
    "responsible_role_type": "Patient Liaison & Psychological Support Coordinator",
    "document_template_primary": "Mental Health Support Program Template",
    "document_template_secondary": null,
    "steps_to_create": [
      "Engage with experienced psychologists and psychiatrists specializing in transplantation and identity issues.",
      "Conduct a comprehensive literature review on the psychological impact of face transplantation.",
      "Develop a detailed psychological support program.",
      "Establish partnerships with mental health organizations and community support groups.",
      "Collect and provide data on the proposed psychological support program."
    ],
    "approval_authorities": "Chief Medical Officer, Ethics Review Board",
    "essential_information": [
      "Define the specific psychological assessments to be used for pre- and post-transplant evaluations.",
      "Detail the content and structure of pre-transplant counseling sessions for recipients, focusing on identity, expectations, and potential challenges.",
      "Outline the therapeutic approaches to be used in post-transplant therapy, addressing body image, social integration, and emotional well-being.",
      "Describe the bereavement counseling services offered to donor families, including individual and group therapy options.",
      "Specify the criteria for psychiatric referrals and the process for managing mental health crises.",
      "Define the ethical guidelines for addressing psychological issues, including informed consent, confidentiality, and managing unrealistic expectations.",
      "Describe the structure and activities of the supportive community for recipients and donor families, including peer support groups and social events.",
      "Quantify the resources required for the program, including staffing levels, therapist qualifications, and budget allocation.",
      "Identify the key performance indicators (KPIs) for evaluating the program's effectiveness, such as patient satisfaction, mental health outcomes, and program participation rates.",
      "Detail the process for obtaining informed consent from both recipients and donor families regarding participation in the psychological support program.",
      "List the potential risks associated with the psychological support program, such as triggering emotional distress or violating confidentiality, and outline mitigation strategies."
    ],
    "risks_of_poor_quality": [
      "Increased patient attrition due to unmet psychological needs.",
      "Ethical breaches related to patient confidentiality or coercion.",
      "Negative media coverage due to patient dissatisfaction or psychological distress.",
      "Increased legal liabilities due to inadequate informed consent or duty of care.",
      "Reduced subscription revenue due to patient attrition and negative reputation."
    ],
    "worst_case_scenario": "Multiple face transplant recipients experience severe psychological distress, leading to suicide attempts, public outcry, legal action, and the shutdown of the face transplantation facility.",
    "best_case_scenario": "The Psychological Support Program effectively mitigates psychological distress, enhances patient well-being, fosters a supportive community, and contributes to the long-term success and ethical reputation of the face transplantation facility, enabling informed consent and ethical decision making.",
    "fallback_alternative_approaches": [
      "Implement a basic psychological screening and referral process as a minimum viable program.",
      "Contract with external mental health providers to offer limited counseling services.",
      "Utilize existing mental health resources within the community to supplement the program.",
      "Focus on providing informational resources and support groups rather than individual therapy.",
      "Adapt a pre-existing psychological support program from a similar medical context (e.g., organ transplantation) and tailor it to face transplantation."
    ]
  },
  {
    "id": "f59b3798-5003-496e-94df-f54fc553ea21",
    "document_name": "Data Privacy and Security Plan",
    "description": "A comprehensive plan for protecting patient data and complying with regulations, including a compliance assessment of applicable data privacy regulations, data encryption techniques, strict access controls, a data breach response plan, regular security audits, and comprehensive employee training.",
    "responsible_role_type": "Data Security & Privacy Officer",
    "document_template_primary": "Data Security Plan Template",
    "document_template_secondary": null,
    "steps_to_create": [
      "Conduct a thorough assessment of all applicable data privacy regulations.",
      "Implement robust data encryption techniques.",
      "Implement strict access controls.",
      "Develop a detailed data breach response plan.",
      "Conduct regular security audits."
    ],
    "approval_authorities": "Chief Technology Officer, Legal Counsel",
    "essential_information": [
      "What specific data privacy regulations (e.g., GDPR, HIPAA, New Zealand Privacy Act) apply to the face transplantation facility and its subscription model?",
      "Detail the data encryption methods to be used for storing and transmitting patient data, including donor information and subscription details.",
      "Define the access control policies and procedures for limiting access to sensitive data based on roles and responsibilities.",
      "Outline the step-by-step procedures for responding to a data breach, including notification protocols, containment strategies, and recovery plans.",
      "Describe the frequency and scope of security audits to be conducted, including internal and external audits.",
      "What specific training modules will be provided to employees on data privacy and security best practices, and how often will this training be updated?",
      "How will patient consent be obtained and managed regarding the collection, use, and sharing of their data?",
      "What are the procedures for securely disposing of patient data when it is no longer needed?",
      "How will the facility ensure compliance with international data transfer regulations if data is transferred outside of New Zealand?",
      "Detail the process for handling patient requests to access, correct, or delete their personal data."
    ],
    "risks_of_poor_quality": [
      "Failure to comply with data privacy regulations results in significant fines and legal liabilities.",
      "Compromised patient data leads to reputational damage and loss of public trust.",
      "Inadequate data security measures result in data breaches and unauthorized access to sensitive information.",
      "Lack of a data breach response plan causes delays in addressing security incidents, exacerbating the damage.",
      "Insufficient employee training leads to unintentional data breaches and security vulnerabilities."
    ],
    "worst_case_scenario": "A major data breach exposes sensitive patient information, including donor details and medical records, leading to significant financial losses, legal action, loss of operating licenses, and complete collapse of the project due to reputational damage and lack of public trust.",
    "best_case_scenario": "The Data Privacy and Security Plan ensures full compliance with all applicable regulations, protects patient data, and builds trust with stakeholders, leading to smooth regulatory approvals, positive public perception, and a sustainable business model. It enables secure data sharing for research and development, improving transplant outcomes and attracting further investment.",
    "fallback_alternative_approaches": [
      "Engage a specialized data privacy consulting firm to conduct a comprehensive assessment and develop the plan.",
      "Utilize a pre-approved data privacy and security framework (e.g., ISO 27001, NIST Cybersecurity Framework) as a template.",
      "Conduct a series of workshops with key stakeholders (IT, legal, medical staff) to collaboratively define the plan's requirements.",
      "Develop a 'minimum viable plan' focusing on the most critical data privacy and security elements initially, with plans to expand it later."
    ]
  }
]