[
  {
    "id": "b2aa5a4a-f722-4573-a020-57478ea88c86",
    "document_name": "Project Charter",
    "description": "A formal document that authorizes the project, defines its objectives, and outlines the roles and responsibilities of key stakeholders. This Project Charter will focus on the establishment of a commercial face transplantation facility in New Zealand with a subscription-based face swapping service. It will define the project's scope, objectives, and governance structure, including ethical considerations and regulatory compliance.",
    "responsible_role_type": "Project Manager",
    "document_template_primary": "PMI Project Charter Template",
    "document_template_secondary": null,
    "steps_to_create": [
      "Define project objectives and scope.",
      "Identify key stakeholders and their roles.",
      "Establish project governance structure.",
      "Outline high-level budget and timeline.",
      "Obtain approval from key stakeholders."
    ],
    "approval_authorities": "CEO, Board of Directors"
  },
  {
    "id": "7cbd1f51-7401-4d55-895e-c9652ef7beba",
    "document_name": "Risk Register",
    "description": "A comprehensive log of identified risks associated with the project, including their potential impact, likelihood, and mitigation strategies. This Risk Register will specifically address risks related to regulatory approval, ethical concerns, technical complications, financial viability, donor face acquisition, psychological impact, and data privacy. It will also include mitigation strategies for each identified risk.",
    "responsible_role_type": "Risk Manager",
    "document_template_primary": "ISO 31000 Risk Management Template",
    "document_template_secondary": null,
    "steps_to_create": [
      "Identify potential risks through brainstorming and expert consultation.",
      "Assess the likelihood and impact of each risk.",
      "Develop mitigation strategies for each risk.",
      "Assign responsibility for monitoring and managing each risk.",
      "Regularly review and update the Risk Register."
    ],
    "approval_authorities": "Project Manager, Risk Committee"
  },
  {
    "id": "1c2564d2-e650-4dc0-bf4a-2ca3c04ebcd9",
    "document_name": "Communication Plan",
    "description": "A detailed plan outlining how project information will be communicated to stakeholders, including the frequency, method, and responsible party for each communication. This Communication Plan will address communication with regulatory bodies, patients, donor families, investors, and the general public. It will also outline strategies for managing public relations and addressing ethical concerns.",
    "responsible_role_type": "Communication Specialist",
    "document_template_primary": "Project Management Communication Plan Template",
    "document_template_secondary": null,
    "steps_to_create": [
      "Identify key stakeholders and their communication needs.",
      "Define communication channels and frequency.",
      "Assign responsibility for each communication activity.",
      "Establish a process for managing communication feedback.",
      "Regularly review and update the Communication Plan."
    ],
    "approval_authorities": "Project Manager, Head of Public Relations"
  },
  {
    "id": "f3b599e4-c3d9-4570-9585-26064e172037",
    "document_name": "Stakeholder Engagement Plan",
    "description": "A plan outlining how stakeholders will be engaged throughout the project lifecycle, including strategies for managing their expectations and addressing their concerns. This Stakeholder Engagement Plan will focus on engaging with regulatory bodies, patients, donor families, investors, and the general public. It will also outline strategies for managing ethical concerns and building trust with stakeholders.",
    "responsible_role_type": "Stakeholder Manager",
    "document_template_primary": "Project Management Stakeholder Engagement Plan Template",
    "document_template_secondary": null,
    "steps_to_create": [
      "Identify key stakeholders and their interests.",
      "Assess stakeholder influence and impact.",
      "Develop engagement strategies for each stakeholder group.",
      "Establish a process for managing stakeholder feedback.",
      "Regularly review and update the Stakeholder Engagement Plan."
    ],
    "approval_authorities": "Project Manager, Head of Public Relations"
  },
  {
    "id": "734df1be-c549-4b01-9f66-9623ae2c6afc",
    "document_name": "Change Management Plan",
    "description": "A plan outlining how changes to the project will be managed, including the process for requesting, evaluating, and implementing changes. This Change Management Plan will address changes to the project scope, budget, timeline, and resources. It will also outline strategies for managing the impact of changes on stakeholders.",
    "responsible_role_type": "Change Manager",
    "document_template_primary": "Project Management Change Management Plan Template",
    "document_template_secondary": null,
    "steps_to_create": [
      "Establish a change control board.",
      "Define the process for requesting and evaluating changes.",
      "Assess the impact of each change on the project.",
      "Implement approved changes.",
      "Communicate changes to stakeholders."
    ],
    "approval_authorities": "Change Control Board, Project Manager"
  },
  {
    "id": "834ed053-8aa8-48af-aee7-3c20c751a320",
    "document_name": "High-Level Budget/Funding Framework",
    "description": "A high-level overview of the project's budget, including estimated costs for facility construction, staffing, regulatory compliance, and ongoing operations. This framework will also outline potential funding sources, such as investors, grants, and revenue from the subscription model. It will provide a basis for developing a detailed financial model.",
    "responsible_role_type": "Financial Analyst",
    "document_template_primary": "Project Budget Template",
    "document_template_secondary": null,
    "steps_to_create": [
      "Estimate costs for each project activity.",
      "Identify potential funding sources.",
      "Develop a high-level budget overview.",
      "Obtain approval from key stakeholders.",
      "Regularly review and update the budget framework."
    ],
    "approval_authorities": "CFO, Board of Directors"
  },
  {
    "id": "a7b85999-cce8-4b27-ae37-768b1527bace",
    "document_name": "Funding Agreement Structure/Template",
    "description": "A template for structuring funding agreements with investors, outlining the terms and conditions of the investment, including equity stakes, repayment schedules, and reporting requirements. This template will be used to secure funding for the project and ensure that the terms of the investment are clearly defined.",
    "responsible_role_type": "Legal Counsel",
    "document_template_primary": "Standard Investment Agreement Template",
    "document_template_secondary": null,
    "steps_to_create": [
      "Consult with legal counsel to develop a standard funding agreement template.",
      "Define the terms and conditions of the investment.",
      "Outline reporting requirements for investors.",
      "Obtain approval from key stakeholders.",
      "Regularly review and update the funding agreement template."
    ],
    "approval_authorities": "Legal Counsel, CFO"
  },
  {
    "id": "9654bd16-74ac-4cbf-83e7-fd8654818964",
    "document_name": "Initial High-Level Schedule/Timeline",
    "description": "A high-level timeline outlining the key milestones and activities for the project, including regulatory approval, facility construction, staff training, and the launch of the subscription service. This timeline will provide a roadmap for the project and help to track progress.",
    "responsible_role_type": "Project Scheduler",
    "document_template_primary": "Gantt Chart Template",
    "document_template_secondary": null,
    "steps_to_create": [
      "Identify key project milestones and activities.",
      "Estimate the duration of each activity.",
      "Sequence activities and create a project timeline.",
      "Obtain approval from key stakeholders.",
      "Regularly review and update the project timeline."
    ],
    "approval_authorities": "Project Manager, CEO"
  },
  {
    "id": "931ed1a4-78ae-40f5-b90c-42e7d621469a",
    "document_name": "M&E Framework",
    "description": "A framework for monitoring and evaluating the project's progress and impact, including key performance indicators (KPIs) and data collection methods. This M&E Framework will focus on tracking regulatory compliance, patient satisfaction, donor face acquisition, financial performance, and ethical considerations. It will provide a basis for making data-driven decisions and ensuring that the project is achieving its objectives.",
    "responsible_role_type": "M&E Specialist",
    "document_template_primary": "Logical Framework Template",
    "document_template_secondary": null,
    "steps_to_create": [
      "Define project objectives and outcomes.",
      "Identify key performance indicators (KPIs).",
      "Develop data collection methods.",
      "Establish a process for analyzing and reporting data.",
      "Regularly review and update the M&E Framework."
    ],
    "approval_authorities": "Project Manager, Head of Research"
  },
  {
    "id": "44a67dca-df83-4279-a16a-c0f6c1c26e2a",
    "document_name": "Risk Mitigation Protocol",
    "description": "A framework for minimizing potential legal, financial, and reputational risks associated with face transplantation. It controls the implementation of safety measures, informed consent processes, and insurance coverage. Success is measured by the reduction in legal claims, insurance payouts, and negative publicity. The objective is to create a safe and responsible environment for both patients and the organization, ensuring long-term sustainability and public trust.",
    "responsible_role_type": "Risk Manager",
    "document_template_primary": "Risk Management Plan Template",
    "document_template_secondary": null,
    "steps_to_create": [
      "Identify potential risks associated with face transplantation.",
      "Assess the likelihood and impact of each risk.",
      "Develop mitigation strategies for each risk.",
      "Assign responsibility for monitoring and managing each risk.",
      "Establish a process for reviewing and updating the Risk Mitigation Protocol."
    ],
    "approval_authorities": "Risk Committee, Legal Counsel"
  },
  {
    "id": "e1f97527-ba5a-4677-b8af-9f7e8e1a317b",
    "document_name": "Operational Scalability Model",
    "description": "A model defining how the face transplantation facility will expand its operations to meet growing demand. It controls the infrastructure, staffing, and standardization of procedures. The objective is to achieve efficient growth while maintaining quality and safety. Key success metrics include the number of procedures performed, patient satisfaction, and cost per procedure. This lever determines the organization's capacity to serve a larger market.",
    "responsible_role_type": "Operations Manager",
    "document_template_primary": "Business Scalability Model Template",
    "document_template_secondary": null,
    "steps_to_create": [
      "Assess current operational capacity.",
      "Forecast future demand for face transplantation services.",
      "Develop a plan for scaling infrastructure, staffing, and procedures.",
      "Identify key performance indicators (KPIs) for measuring scalability.",
      "Establish a process for reviewing and updating the Operational Scalability Model."
    ],
    "approval_authorities": "Operations Committee, CEO"
  },
  {
    "id": "9c41f3ae-6aac-49a4-b1be-3862a1447ffc",
    "document_name": "Ethical Oversight Strategy",
    "description": "A framework for addressing the complex moral implications of face transplantation. It controls the ethical review process, patient autonomy, and public perception. The objective is to ensure responsible innovation and maintain public trust. Key success metrics include patient satisfaction, ethical compliance, and positive media coverage. This lever guides the organization's ethical decision-making and promotes transparency.",
    "responsible_role_type": "Ethics Review Board Coordinator",
    "document_template_primary": "Ethical Framework Template",
    "document_template_secondary": null,
    "steps_to_create": [
      "Establish an ethics review board.",
      "Develop ethical guidelines for patient selection, consent, and data handling.",
      "Establish a process for reviewing and addressing ethical concerns.",
      "Identify key performance indicators (KPIs) for measuring ethical compliance.",
      "Establish a process for reviewing and updating the Ethical Oversight Strategy."
    ],
    "approval_authorities": "Ethics Review Board, Legal Counsel"
  },
  {
    "id": "321dec0a-4aab-4bde-b9bf-5acef5ba33b0",
    "document_name": "Regulatory Approval Strategy",
    "description": "A strategy defining the approach to obtaining necessary approvals from regulatory bodies. It controls compliance efforts, engagement with regulators, and jurisdictional selection. The objective is to secure the legal right to operate the face transplantation facility. Key success metrics include the speed and success rate of regulatory applications. This lever determines the organization's ability to legally offer its services.",
    "responsible_role_type": "Regulatory Affairs Manager",
    "document_template_primary": "Regulatory Compliance Plan Template",
    "document_template_secondary": null,
    "steps_to_create": [
      "Identify all necessary regulatory approvals.",
      "Develop a plan for engaging with regulatory bodies.",
      "Prepare documentation for regulatory applications.",
      "Monitor the progress of regulatory applications.",
      "Establish a process for reviewing and updating the Regulatory Approval Strategy."
    ],
    "approval_authorities": "Legal Counsel, CEO"
  },
  {
    "id": "bd5041f8-c700-46f6-bc69-e90d3ebb80de",
    "document_name": "Technological Development Approach",
    "description": "A strategy dictating the approach for advancing the face transplantation technology. It controls the level of investment and focus on different technological areas, ranging from incremental improvements to radical disruptions. The objective is to improve transplant outcomes, reduce risks, and potentially overcome limitations like donor scarcity. Success is measured by improvements in surgical techniques, reduced rejection rates, and the successful integration of new technologies.",
    "responsible_role_type": "Chief Technology Officer",
    "document_template_primary": "Technology Roadmap Template",
    "document_template_secondary": null,
    "steps_to_create": [
      "Assess current technological capabilities.",
      "Identify areas for technological improvement.",
      "Develop a plan for investing in technological development.",
      "Establish key performance indicators (KPIs) for measuring technological progress.",
      "Establish a process for reviewing and updating the Technological Development Approach."
    ],
    "approval_authorities": "Technology Committee, CEO"
  },
  {
    "id": "ab583cb9-2d19-4e4a-a02a-e5a74c05531f",
    "document_name": "Operational Efficiency Strategy",
    "description": "A strategy focusing on optimizing resource allocation and streamlining processes to minimize costs and maximize throughput. It controls administrative procedures, surgical techniques, and supply chain management. The objective is to achieve a cost-effective and efficient operation. Key success metrics include cost per procedure, surgical time, and patient turnover rate. This lever drives the organization's profitability and competitiveness.",
    "responsible_role_type": "Operations Manager",
    "document_template_primary": "Operational Efficiency Plan Template",
    "document_template_secondary": null,
    "steps_to_create": [
      "Assess current operational efficiency.",
      "Identify areas for improvement.",
      "Develop a plan for optimizing resource allocation and streamlining processes.",
      "Establish key performance indicators (KPIs) for measuring operational efficiency.",
      "Establish a process for reviewing and updating the Operational Efficiency Strategy."
    ],
    "approval_authorities": "Operations Committee, CFO"
  },
  {
    "id": "6de9f0ef-d043-43c1-aade-d823747ce438",
    "document_name": "Market Validation Strategy",
    "description": "A strategy defining how the face transplantation service is introduced to the market. It controls the scope and pace of service rollout, ranging from a limited pilot program to an open access model. The objective is to assess market demand, gather feedback, and refine the service offering while managing risks and ethical considerations. Success is measured by customer satisfaction, adoption rates, and the ability to address potential ethical concerns.",
    "responsible_role_type": "Chief Marketing Officer",
    "document_template_primary": "Market Validation Plan Template",
    "document_template_secondary": null,
    "steps_to_create": [
      "Assess market demand for face transplantation services.",
      "Develop a plan for introducing the service to the market.",
      "Establish key performance indicators (KPIs) for measuring market validation.",
      "Establish a process for gathering feedback from customers.",
      "Establish a process for reviewing and updating the Market Validation Strategy."
    ],
    "approval_authorities": "Marketing Committee, CEO"
  },
  {
    "id": "7df8263f-630e-4c96-925a-7acb66d5168d",
    "document_name": "Subscription Model Design",
    "description": "A design determining the structure and pricing of the face-wearing subscription service. It controls the level of access, customization, and pricing options available to subscribers. The objective is to maximize revenue, attract a diverse customer base, and ensure fair compensation for face donors. Success is measured by subscription rates, customer retention, and revenue generated, as well as donor satisfaction.",
    "responsible_role_type": "Product Manager",
    "document_template_primary": "Subscription Model Canvas",
    "document_template_secondary": null,
    "steps_to_create": [
      "Define the target customer base.",
      "Develop different subscription tiers with varying levels of access and customization.",
      "Establish pricing for each subscription tier.",
      "Establish a process for compensating face donors.",
      "Establish a process for reviewing and updating the Subscription Model Design."
    ],
    "approval_authorities": "Product Committee, CFO"
  },
  {
    "id": "7beeaf4e-f1ee-4f55-a725-29473e67acf1",
    "document_name": "Current State Assessment of Face Transplantation",
    "description": "A report summarizing the current state of face transplantation, including surgical techniques, immunosuppression protocols, ethical considerations, and regulatory landscape. This assessment will provide a baseline for the project and help to identify areas for improvement.",
    "responsible_role_type": "Research Analyst",
    "document_template_primary": "SWOT Analysis Template",
    "document_template_secondary": null,
    "steps_to_create": [
      "Conduct a literature review on face transplantation.",
      "Consult with experts in the field.",
      "Summarize the current state of face transplantation.",
      "Identify areas for improvement.",
      "Obtain approval from key stakeholders."
    ],
    "approval_authorities": "Chief Medical Officer, Head of Research"
  },
  {
    "id": "3af44de7-707e-41c6-96a5-0625a573b76a",
    "document_name": "Donor Face Acquisition and Preservation Plan",
    "description": "A detailed plan for acquiring and preserving donor faces, including partnerships with organ donation organizations, ethical consent protocols, detailed transportation logistics, advanced preservation techniques, and a robust inventory management system. This plan is crucial for ensuring a steady supply of faces, impacting operational capacity and financial viability.",
    "responsible_role_type": "Donor Relations & Acquisition Specialist",
    "document_template_primary": "Organ Procurement Protocol Template",
    "document_template_secondary": null,
    "steps_to_create": [
      "Establish partnerships with organ donation organizations, hospitals, and mortuaries.",
      "Develop ethical consent protocols for face donation.",
      "Develop a detailed transportation plan for rapid and secure transfer of donor faces.",
      "Invest in advanced preservation techniques.",
      "Implement a robust inventory management system."
    ],
    "approval_authorities": "Head of Operations, Ethics Review Board"
  },
  {
    "id": "9bffb2cd-c33a-4f87-aecb-567718107a31",
    "document_name": "Psychological Support Program",
    "description": "A comprehensive program addressing the mental health needs of face transplant recipients and donor families, including pre-transplant counseling, post-transplant therapy, donor family support, psychiatric assessments, ethical guidelines for managing psychological issues, and a supportive community for recipients and donor families.",
    "responsible_role_type": "Patient Liaison & Psychological Support Coordinator",
    "document_template_primary": "Mental Health Support Program Template",
    "document_template_secondary": null,
    "steps_to_create": [
      "Engage with experienced psychologists and psychiatrists specializing in transplantation and identity issues.",
      "Conduct a comprehensive literature review on the psychological impact of face transplantation.",
      "Develop a detailed psychological support program.",
      "Establish partnerships with mental health organizations and community support groups.",
      "Collect and provide data on the proposed psychological support program."
    ],
    "approval_authorities": "Chief Medical Officer, Ethics Review Board"
  },
  {
    "id": "f59b3798-5003-496e-94df-f54fc553ea21",
    "document_name": "Data Privacy and Security Plan",
    "description": "A comprehensive plan for protecting patient data and complying with regulations, including a compliance assessment of applicable data privacy regulations, data encryption techniques, strict access controls, a data breach response plan, regular security audits, and comprehensive employee training.",
    "responsible_role_type": "Data Security & Privacy Officer",
    "document_template_primary": "Data Security Plan Template",
    "document_template_secondary": null,
    "steps_to_create": [
      "Conduct a thorough assessment of all applicable data privacy regulations.",
      "Implement robust data encryption techniques.",
      "Implement strict access controls.",
      "Develop a detailed data breach response plan.",
      "Conduct regular security audits."
    ],
    "approval_authorities": "Chief Technology Officer, Legal Counsel"
  }
]