{
  "wbs_project": {
    "id": "60c6b7a8-2145-4e79-a407-31d257bd7417",
    "description": "Face Facility",
    "extra_fields": {
      "final_deliverable": "Transplant Service"
    },
    "task_children": [
      {
        "id": "44c372a4-1064-45ef-b1d2-9bbfe3b9ffe3",
        "description": "Project Initiation & Planning",
        "task_children": [
          {
            "id": "5c4161cf-b3a4-42b6-914a-8b051aac2a55",
            "description": "Define Project Scope and Objectives"
          },
          {
            "id": "e4020cc5-dc9d-4100-a124-c51bcd7091e8",
            "description": "Identify Key Stakeholders"
          },
          {
            "id": "482de1c5-eb8f-41bc-a073-6b3c2a12b7d2",
            "description": "Develop Project Management Plan"
          },
          {
            "id": "f87a83eb-17cf-48d1-92d5-2c669cb3525d",
            "description": "Secure Initial Funding"
          },
          {
            "id": "0dbbdc0b-a0b3-4769-9627-5be7653573cf",
            "description": "Establish Project Governance Structure"
          }
        ]
      },
      {
        "id": "bead144a-37b0-4c63-ac6d-a0a19d9c2a33",
        "description": "Regulatory & Ethical Approval",
        "task_children": [
          {
            "id": "88873351-fe17-4656-97d3-6d6ff1defee4",
            "description": "Conduct Regulatory Landscape Assessment"
          },
          {
            "id": "0f4de4aa-ecf2-4c36-baa6-7d4e3f7dc952",
            "description": "Prepare Regulatory Approval Documentation"
          },
          {
            "id": "8346561b-9e0c-466d-83eb-0d6aadda330b",
            "description": "Engage with Regulatory Bodies (Medsafe, Ministry of Health)"
          },
          {
            "id": "8b7c3d53-570e-4aab-9aa0-0b52f10dc6f2",
            "description": "Establish Ethics Review Board"
          },
          {
            "id": "57831a79-0296-4839-9152-097c08f2596f",
            "description": "Develop Ethical Guidelines and Protocols"
          },
          {
            "id": "8a12f9b1-21eb-466a-bb85-60afa33725c8",
            "description": "Obtain Necessary Permits and Licenses"
          }
        ]
      },
      {
        "id": "c3905530-1d89-4610-bc35-a66b4597170d",
        "description": "Facility Development & Infrastructure",
        "task_children": [
          {
            "id": "c2656566-0c94-40b2-a22e-0955e9216f46",
            "description": "Select Facility Location"
          },
          {
            "id": "d1da9237-e263-4c03-a503-590d6eeea3f3",
            "description": "Design Facility Layout"
          },
          {
            "id": "664a3180-076a-435e-b8bd-5c2d7be3a5e1",
            "description": "Procure Surgical Equipment and Medical Supplies"
          },
          {
            "id": "b3eeffe0-96c3-4758-896e-c87fe1de4a7b",
            "description": "Construct/Renovate Facility"
          },
          {
            "id": "bf1f1646-5331-4128-843a-94182f9e72a2",
            "description": "Install Data Privacy and Security Systems"
          }
        ]
      },
      {
        "id": "edea1841-d86e-4d1b-9704-04d6abb593c2",
        "description": "Donor Face Acquisition & Preservation",
        "task_children": [
          {
            "id": "22ffa70e-b917-4918-9074-e917a9890156",
            "description": "Establish Partnerships with Organ Donation Organizations"
          },
          {
            "id": "406b6dd6-7b44-4d60-a2e1-f31668252d62",
            "description": "Develop Donor Face Acquisition Protocols"
          },
          {
            "id": "6184d74a-ca1e-44d1-b5b8-445aadb63208",
            "description": "Establish Face Transportation and Preservation Logistics"
          },
          {
            "id": "f2158970-6c48-4dfa-97e5-6620da550d37",
            "description": "Implement Inventory Management System"
          }
        ]
      },
      {
        "id": "07f8df70-3b93-46d1-9571-5f7823a7865e",
        "description": "Medical Team Recruitment & Training",
        "task_children": [
          {
            "id": "a6dfbdbf-d854-44fa-aaea-71b6dfc22891",
            "description": "Recruit Transplant Surgeons, Nurses, and Technicians"
          },
          {
            "id": "7018d1da-7992-42c1-bec3-176474ec2378",
            "description": "Develop Training Programs for Medical Personnel"
          },
          {
            "id": "a3434b32-c11f-4b3e-b010-1e564ed21e55",
            "description": "Conduct Simulation Training Exercises"
          }
        ]
      },
      {
        "id": "96817a78-23cf-4f51-b115-c0a63c20a419",
        "description": "Subscription Model Development & Marketing",
        "task_children": [
          {
            "id": "ec842223-c669-493e-b08c-ecd6501b2647",
            "description": "Design Subscription Model Tiers and Pricing"
          },
          {
            "id": "7f9f308e-365f-46e0-ad45-31a9dc51fa8b",
            "description": "Develop Marketing and Advertising Strategy"
          },
          {
            "id": "bcbecda8-592b-4c76-911b-8fdbf3848488",
            "description": "Establish Customer Service and Support Protocols"
          }
        ]
      },
      {
        "id": "881ece3f-9348-4d69-93f2-2803c75dd85c",
        "description": "Surgical Procedures & Patient Care",
        "task_children": [
          {
            "id": "ce5e2e90-d960-4aa6-9268-cf34537813aa",
            "description": "Develop Pre-Transplant Assessment Protocols"
          },
          {
            "id": "b239ca08-0717-4219-b325-beaacb14e951",
            "description": "Conduct Face Transplantation Procedures"
          },
          {
            "id": "c404f9dc-7a1c-4039-9c84-d6f44a6aa0a6",
            "description": "Implement Post-Transplant Care and Monitoring Protocols"
          },
          {
            "id": "742e9056-0c0f-4c78-bec1-00825bc6dfa1",
            "description": "Establish Psychological Support Program"
          }
        ]
      },
      {
        "id": "991ae3aa-a394-4134-a5a8-540b61b454b5",
        "description": "Ongoing Operations & Maintenance",
        "task_children": [
          {
            "id": "036d3f1f-d298-4895-bd33-6009f5bf182f",
            "description": "Manage Facility Operations and Maintenance"
          },
          {
            "id": "9ad0a546-40bb-4563-adc1-099850a36f92",
            "description": "Monitor and Evaluate Subscription Service Performance"
          },
          {
            "id": "fefe05de-7920-4c46-aad2-22acfc31ad4e",
            "description": "Conduct Ongoing Regulatory Compliance Audits"
          },
          {
            "id": "ae90a39b-29b6-460d-a270-7d8989677943",
            "description": "Continuously Improve Processes and Technologies"
          }
        ]
      }
    ]
  }
}