Level 1;Level 2;Level 3;Level 4;Task ID
Face Facility;;;;60c6b7a8-2145-4e79-a407-31d257bd7417
;Project Initiation & Planning;;;44c372a4-1064-45ef-b1d2-9bbfe3b9ffe3
;;Define Project Scope and Objectives;;5c4161cf-b3a4-42b6-914a-8b051aac2a55
;;;Gather Stakeholder Requirements;11fd4b20-8174-4ab9-b5c6-a231920b89f5
;;;Analyze Requirements and Define Scope;0a8f360c-e8eb-4c92-8665-721ddb344b6c
;;;Establish Measurable Project Objectives;c90639eb-9941-418a-8607-a206001be1a3
;;;Document Assumptions and Constraints;19ff72cd-a65d-4dbd-88c0-2600863b590e
;;Identify Key Stakeholders;;e4020cc5-dc9d-4100-a124-c51bcd7091e8
;;;Identify internal project stakeholders;d974662c-4ac6-4877-9f9f-3451721ceb51
;;;Identify external project stakeholders;0a6adf98-e625-44ce-b125-e37ba651afcc
;;;Analyze stakeholder influence and interests;c7803bcd-3bfa-4478-9579-15a8dbebe8d5
;;;Develop stakeholder communication plan;5cb56967-fd56-43ed-a8e7-36b37da2c20b
;;Develop Project Management Plan;;482de1c5-eb8f-41bc-a073-6b3c2a12b7d2
;;;Define Project Scope Statement;262adc91-09cc-4dc8-bff1-c413f12b0cfc
;;;Develop Project Schedule;05562c59-0a6e-436b-ac7a-0ab3f4f34939
;;;Create Project Budget;fd9e4821-d042-4b82-b752-629ea9870972
;;;Establish Risk Management Plan;15167f12-0777-4a68-a0ca-8a739a5a524f
;;;Define Communication Management Plan;0ae012b1-c327-4792-955b-aa83c3b98959
;;Secure Initial Funding;;f87a83eb-17cf-48d1-92d5-2c669cb3525d
;;;Develop detailed financial projections;a7c6c689-4b9a-44d6-b200-538f71c485ce
;;;Prepare investor pitch deck and materials;f96dd3ac-7e5f-469a-b952-d570299a57b8
;;;Identify and engage potential investors;1ca5a048-7c4e-41bd-b562-a6332d3bbf9d
;;;Negotiate investment terms and agreements;5a4ed5e1-b547-49a2-97ad-275d8769e10c
;;;Secure funding commitments and finalize agreements;e240650c-02bc-4d98-bb59-2cf31e05bc42
;;Establish Project Governance Structure;;0dbbdc0b-a0b3-4769-9627-5be7653573cf
;;;Define Governance Roles and Responsibilities;9d49a664-2412-4f08-9573-2c92aeb8087b
;;;Establish Decision-Making Processes;fba35e93-7777-4863-b64b-9c315894b0c0
;;;Create Communication Plan for Governance;825fd9a0-71f0-4142-9b65-43c461cbd52b
;;;Document Governance Structure and Processes;95a2ae41-3554-4bfc-8e87-67212c9828cf
;Regulatory & Ethical Approval;;;bead144a-37b0-4c63-ac6d-a0a19d9c2a33
;;Conduct Regulatory Landscape Assessment;;88873351-fe17-4656-97d3-6d6ff1defee4
;;;Identify relevant regulatory bodies;84b8d532-072a-41dc-912b-9f423974b5e9
;;;Gather face transplantation regulations;e7a1fee8-b1aa-494c-98fd-76b0cf7f8a21
;;;Analyze regulatory requirements;b70ffbed-ee29-4848-9f34-7d44b728b70a
;;;Document regulatory gaps and uncertainties;54488382-a7f1-4558-91a7-1c28f78f09af
;;Prepare Regulatory Approval Documentation;;0f4de4aa-ecf2-4c36-baa6-7d4e3f7dc952
;;;Gather required documentation templates;0998bc6f-a029-476a-aa33-0ae1695e93c1
;;;Draft initial documentation sections;22204e0f-1551-4d04-a00d-d703e900cb69
;;;Review and revise draft documentation;a9ccce30-3f9a-4112-a799-855768a9a248
;;;Finalize and format documentation;1d7b7cdd-0af1-4555-bc0c-8840f916f04c
;;;Translate documents if required;1074b6ff-fdc7-4ccf-9046-2d1ef4c74aa9
;;Engage with Regulatory Bodies (Medsafe, Ministry of Health);;8346561b-9e0c-466d-83eb-0d6aadda330b
;;;Identify Key Contacts at Regulatory Bodies;cddc6d56-47a7-4d86-99fb-17cf0e680502
;;;Schedule Initial Consultation Meetings;6a054300-b4d5-4385-b8e1-24beb133c3da
;;;Present Project Overview and Objectives;0f10888f-372f-4700-8c2d-df237d9bb2ac
;;;Clarify Regulatory Requirements and Timelines;1c1ff2db-99f0-4606-8007-fc00b60adee2
;;;Document Meeting Outcomes and Action Items;bca53136-fd8c-4b8c-94a3-4ae4bb837fc4
;;Establish Ethics Review Board;;8b7c3d53-570e-4aab-9aa0-0b52f10dc6f2
;;;Define ERB scope and responsibilities;7b2a90af-ea4e-408f-8ff7-3a47a9109e9c
;;;Identify and recruit ERB members;767b4bcb-30ea-49cc-8e12-d8299ac2f0c8
;;;Develop ERB operational procedures;3ba21f5a-40f8-4f25-8516-2b8763075112
;;;Secure institutional support for ERB;f2010f0e-b89d-41ee-a8d9-44eddfbbbc8e
;;Develop Ethical Guidelines and Protocols;;57831a79-0296-4839-9152-097c08f2596f
;;;Research existing ethical guidelines for transplants;0dc3543e-c84f-4914-9ca7-fd90435ed6ad
;;;Identify key ethical considerations for face transplants;2db1a1af-3883-43b5-8968-9061eee85941
;;;Draft preliminary ethical guidelines for the facility;cca1b359-29a6-495b-b6f4-b861f9679ff5
;;;Obtain feedback from stakeholders on draft guidelines;dc0d3df3-d0c9-4699-9310-5e0ef605a756
;;;Finalize ethical guidelines and protocols;19bec1c3-8e14-46bf-ba18-3878fbff3565
;;Obtain Necessary Permits and Licenses;;8a12f9b1-21eb-466a-bb85-60afa33725c8
;;;Identify required permits and licenses;40d47d6d-7c40-4678-a775-0f7da8fbc4eb
;;;Prepare permit and license applications;e0c241ec-776e-4488-b204-4efe721c3c73
;;;Submit applications and track progress;7b8f61a3-8cb3-456b-868b-ff3d8d424e7a
;;;Address regulatory body inquiries;00256dc9-49c9-49ee-ac1b-8b3ce6b252b1
;;;Secure final permits and licenses;69c8900b-dab7-46e1-ba71-dcd7d276be9f
;Facility Development & Infrastructure;;;c3905530-1d89-4610-bc35-a66b4597170d
;;Select Facility Location;;c2656566-0c94-40b2-a22e-0955e9216f46
;;;Define Facility Requirements and Criteria;237024a5-b5b4-4851-aca8-df98563e2edd
;;;Conduct Market Research and Site Analysis;0c68c563-330b-4258-a61d-5cd55597a7d5
;;;Evaluate Potential Locations and Shortlist;f2fab493-d73f-42dd-bb07-c9306a9618fb
;;;Negotiate Lease or Purchase Agreement;5b6d72f6-7f4d-442c-93b1-918c7380da49
;;;Conduct Due Diligence and Finalize Selection;b26eeadc-c132-4b6c-8bfd-8fbb67120d3d
;;Design Facility Layout;;d1da9237-e263-4c03-a503-590d6eeea3f3
;;;Define Facility Requirements and Specifications;5440543e-8c9b-4f92-b57e-1d092448873d
;;;Develop Preliminary Facility Layout Designs;b2af5698-ffd5-4944-91ce-381c09a294a4
;;;Review and Refine Layout Designs;8c1e864a-bafa-4fff-be04-33d6daad4b50
;;;Create Detailed Architectural Drawings;a10513ec-dbe5-41fd-8218-4e5349fa869a
;;;Obtain Design Approvals;304396a5-e27e-425f-b381-7c60115860eb
;;Procure Surgical Equipment and Medical Supplies;;664a3180-076a-435e-b8bd-5c2d7be3a5e1
;;;Define Equipment Specifications and Requirements;73a1139e-8e53-47f7-b2e2-a709fc200b1b
;;;Identify Potential Vendors and Suppliers;81e6bdef-caf9-42c4-b685-3860865a1a54
;;;Evaluate Vendor Proposals and Negotiate Contracts;fb659d35-bf51-44d0-a402-2ad890eee55b
;;;Manage Purchase Orders and Track Deliveries;fa0db33f-7f9f-4e2e-9757-2efe6e1081d1
;;;Conduct Equipment Testing and Acceptance;68921308-13ba-4fac-bb46-70b802f93b68
;;Construct/Renovate Facility;;b3eeffe0-96c3-4758-896e-c87fe1de4a7b
;;;Prepare site for construction/renovation;e02895ff-d980-4bbc-b950-8f681cac6a23
;;;Execute structural construction/renovation;011f9618-dcf2-4bd1-b8ee-2c6505951766
;;;Install electrical and plumbing systems;ff893814-759b-44cc-8ffa-0be1aa266165
;;;Install specialized medical infrastructure;0c48a713-4bd4-4cd0-8ddc-17c4b06b16f8
;;;Complete interior finishing and fixtures;c5e28806-e26d-4473-9097-e23ddfb6e539
;;Install Data Privacy and Security Systems;;bf1f1646-5331-4128-843a-94182f9e72a2
;;;Assess data privacy regulatory requirements;43b25536-52e8-4246-bedd-84ee796f803e
;;;Select and procure security hardware/software;b1293df1-628c-41a4-8aab-bfef544fb03b
;;;Configure and integrate security systems;cbc59d5f-755c-4d82-b8d9-660a92518932
;;;Test and validate security system effectiveness;abfb3dbe-3b60-4462-b2b3-978d3e49db9c
;;;Develop data breach response plan;b9314417-b01e-492f-a16b-ea1d4ed12b44
;Donor Face Acquisition & Preservation;;;edea1841-d86e-4d1b-9704-04d6abb593c2
;;Establish Partnerships with Organ Donation Organizations;;22ffa70e-b917-4918-9074-e917a9890156
;;;Identify potential organ donation partners;907727c7-1fb8-46b6-9da0-4396387846fb
;;;Initial contact and introductory meetings;8ebe4ef9-feb1-4d3f-99f6-33245a10cae3
;;;Negotiate partnership agreements;cb406d06-ae90-4da8-81d1-c352984cacac
;;;Formalize partnership agreements;1da9645e-89a2-4e93-8b0e-a0f23aca4102
;;Develop Donor Face Acquisition Protocols;;406b6dd6-7b44-4d60-a2e1-f31668252d62
;;;Research current face acquisition protocols;85546c83-65bb-4baf-b100-9ce5e8fcde72
;;;Draft initial face acquisition protocol;2f990dbd-b61f-40a0-afaa-d3c2a2f4d0b4
;;;Review protocol with organ donation organizations;2ecb2eed-47f8-4efc-9936-7ea541193511
;;;Finalize and approve acquisition protocol;179b4feb-8bb6-4d4c-9601-cb9b543e99d5
;;Establish Face Transportation and Preservation Logistics;;6184d74a-ca1e-44d1-b5b8-445aadb63208
;;;Map transportation routes and identify providers;0c5b34e2-b12c-410e-992a-f4bba6326ebf
;;;Establish preservation solution procurement process;d46b6612-cd0a-4ae8-bf54-a74fd1ed9003
;;;Develop packaging and handling procedures;d73df452-bb1b-46f6-aaa8-c2a91243ecba
;;;Create temperature monitoring and tracking system;36f291b9-ce07-4078-a331-08b7c984d520
;;Implement Inventory Management System;;f2158970-6c48-4dfa-97e5-6620da550d37
;;;Define Inventory System Requirements;1e85e3e9-276d-4f0a-a9c1-3887d39771c1
;;;Select Inventory Management Software;d0af366a-186a-4e6b-ae0f-4a0f2fefa5b1
;;;Configure and Customize Software;09075e8b-5ccd-462a-96e9-b22d33b7e037
;;;Train Staff on System Usage;c7be9ecc-472a-4a49-8280-d31b1a1d1c00
;;;Test and Validate System Functionality;a99f4878-fb70-4658-820d-e104fcca0688
;Medical Team Recruitment & Training;;;07f8df70-3b93-46d1-9571-5f7823a7865e
;;Recruit Transplant Surgeons, Nurses, and Technicians;;a6dfbdbf-d854-44fa-aaea-71b6dfc22891
;;;Define Surgeon, Nurse, Technician Job Descriptions;603662c9-344a-4f04-9c30-891acb6d9c8e
;;;Advertise Open Positions on Relevant Platforms;42ec1737-196e-4c88-bfdd-8e1a359cc439
;;;Screen Applications and Conduct Initial Interviews;135fc0e9-438a-4721-b996-f43881f0fc16
;;;Conduct Technical and Practical Skills Assessments;fc6093c8-b948-46c1-9d82-fd919b41657b
;;;Perform Background Checks and Credential Verification;fb0389ed-03b4-4bd5-b726-119c8f3b7ba3
;;Develop Training Programs for Medical Personnel;;7018d1da-7992-42c1-bec3-176474ec2378
;;;Curriculum Design for Face Transplant Training;80e6de91-5f68-4d73-9a76-851da609fa65
;;;Develop Surgical Simulation Modules;08d7cf07-78da-4107-8db6-279c1946f7fe
;;;Establish Mentorship Program with Experts;38a84ba4-234b-4161-883f-f301d060cc1f
;;;Create Standardized Post-Operative Care Protocols;f95038eb-bebf-48da-8c5e-f6e7071c4757
;;;Develop Training Evaluation and Certification;83bd2c85-436e-45c2-b215-fe9917d4962c
;;Conduct Simulation Training Exercises;;a3434b32-c11f-4b3e-b010-1e564ed21e55
;;;Develop Simulation Scenarios and Protocols;1a3a2127-0354-4eca-9056-427371200c79
;;;Acquire and Configure Simulation Equipment;d21b27d7-b51a-41f9-a22a-2c7e89a6ed58
;;;Train Simulation Facilitators and Observers;37f79344-021f-4563-b48d-d570bf04dbf9
;;;Conduct Simulation Exercises and Gather Data;f4577276-a266-4bc8-a82d-2141e7fbd99c
;;;Analyze Simulation Data and Provide Feedback;1036ce4c-4986-4b0c-9ca2-aaa3e71d7dc3
;Subscription Model Development & Marketing;;;96817a78-23cf-4f51-b115-c0a63c20a419
;;Design Subscription Model Tiers and Pricing;;ec842223-c669-493e-b08c-ecd6501b2647
;;;Research competitor subscription models;b723be5f-9208-453e-af6b-e20e7c2b0935
;;;Define core service offerings;5734b2c4-e02d-4dc0-8845-56c3f4fb3d0c
;;;Develop pricing models and financial projections;2a86897a-4999-4dde-a5f1-d0dc8ed738f1
;;;Assess legal and ethical considerations;fd0ea2d9-788d-4e1c-b312-1fadfb8de5f2
;;Develop Marketing and Advertising Strategy;;7f9f308e-365f-46e0-ad45-31a9dc51fa8b
;;;Define Target Audience and Market Segments;3e63ebd3-2fe0-4e58-b1f0-4e8b4d98e90d
;;;Develop Key Messaging and Value Proposition;ba2348a4-afa6-475e-9a0e-8bca32eb17b4
;;;Select Marketing Channels and Platforms;edb1c4da-05e4-4c54-a328-dbe7c6828042
;;;Create Marketing Materials and Content;702c7a45-d903-47be-b61d-960415c32bdf
;;;Establish Public Relations and Media Outreach;fccdd8e1-1a49-4b15-9724-d488b31c7026
;;Establish Customer Service and Support Protocols;;bcbecda8-592b-4c76-911b-8fdbf3848488
;;;Develop Customer Service Training Materials;307fc299-ac88-4477-9b8c-b59b39705cb5
;;;Establish Customer Service Channels;fb381bef-9642-442b-a7bd-f9813836b69f
;;;Define Service Level Agreements (SLAs);d5bc63d8-55c9-4f01-bc6f-a2a34337745d
;;;Implement CRM System for Customer Data;80f6dc05-65c9-43a1-81c5-d1a95d8ac6ce
;Surgical Procedures & Patient Care;;;881ece3f-9348-4d69-93f2-2803c75dd85c
;;Develop Pre-Transplant Assessment Protocols;;ce5e2e90-d960-4aa6-9268-cf34537813aa
;;;Gather Patient Medical History and Records;59642d8b-cfa6-4f76-8a05-a624ca6c29a1
;;;Conduct Physical and Neurological Examination;0740ebfc-401c-4ae2-9111-2e108ed92750
;;;Psychological Evaluation and Counseling;fa4f0b8a-fe8c-44f4-a0d3-114016cc67e4
;;;Immunological Compatibility Testing;5c2a916d-27d6-4cc2-8c2b-525402e8431d
;;;Financial and Insurance Assessment;c954c1d8-3b97-4648-9c90-a48d923e6577
;;Conduct Face Transplantation Procedures;;b239ca08-0717-4219-b325-beaacb14e951
;;;Pre-operative planning and simulations;4b5491cf-aa89-40b1-87c3-04da0c26bf55
;;;Ensure backup equipment and supplies;c8ec5412-99e1-45dc-b7e7-7f5a6aee9579
;;;Experienced surgical team presence;5ea620b1-5c65-43f9-9a73-1c1881b561b1
;;;Implement strict infection control protocols;a9703b20-d188-4b03-9664-7ff66bde33e2
;;;Develop contingency plans for complications;20502188-d36c-45dd-9bf2-a8bc6ed0048e
;;Implement Post-Transplant Care and Monitoring Protocols;;c404f9dc-7a1c-4039-9c84-d6f44a6aa0a6
;;;Monitor for rejection signs and symptoms;f610d7ac-9e6d-459c-8f77-d4c384a4cc73
;;;Manage immunosuppression medication regimen;3f756606-3068-4ede-87bb-f4ef7811519f
;;;Provide wound care and infection control;27d8c508-3cb0-449e-8744-26bde56fb0cc
;;;Offer physical and occupational therapy;d1789094-0d0f-4e26-b283-84c4ae73fe45
;;;Address psychological and emotional needs;53128582-e4e8-49c1-821c-89b833908400
;;Establish Psychological Support Program;;742e9056-0c0f-4c78-bec1-00825bc6dfa1
;;;Recruit qualified therapists and counselors;9bfd6658-f8e9-43bd-baa4-6a626dcf1ab0
;;;Develop counseling protocols and materials;71b12a59-061d-4e45-89a0-51509d3a9ad5
;;;Establish support group infrastructure;70e0a488-b358-4e8e-9056-592d8de91ff3
;;;Implement patient referral system;4f4f3167-98ea-47ee-9e04-c332daa74fec
;;;Monitor and evaluate program effectiveness;e54814fc-de88-4e29-bfc0-aa7ee072f345
;Ongoing Operations & Maintenance;;;991ae3aa-a394-4134-a5a8-540b61b454b5
;;Manage Facility Operations and Maintenance;;036d3f1f-d298-4895-bd33-6009f5bf182f
;;;Schedule routine equipment maintenance;99b05c9b-3da6-4549-ba9e-6f683164e368
;;;Manage medical supply inventory;24a1355a-be32-4f64-b6d7-d13216f50e26
;;;Address facility maintenance requests;4ff300b0-b124-407b-b161-051804def801
;;;Ensure compliance with safety regulations;cf21067b-023f-478e-9348-fceb3b17fd69
;;Monitor and Evaluate Subscription Service Performance;;9ad0a546-40bb-4563-adc1-099850a36f92
;;;Implement Data Collection Methods;4a247e67-a282-43d8-80c1-e1b23ec05ca9
;;;Analyze Subscription Metrics;c7f4ebe1-e39a-480b-a27c-2e54e214df2f
;;;Conduct User Feedback Surveys;d1ac5d53-91d3-4dee-848f-2cf200244eca
;;;Adjust Marketing Strategies;73068e2d-0133-48b5-9059-f8cf9838a9cc
;;;Report Performance Findings;e5dd9714-c2a0-42ce-90b3-3a5e6b7521ab
;;Conduct Ongoing Regulatory Compliance Audits;;fefe05de-7920-4c46-aad2-22acfc31ad4e
;;;Identify applicable regulatory compliance standards;e066ece9-f4fc-44da-ac21-c7b4e1227405
;;;Schedule internal compliance audits;bf6ab506-27ef-49cc-8f69-9cab73f21113
;;;Prepare audit documentation and checklists;0030f8d5-5257-4b6e-9246-9bce57ff7458
;;;Conduct external regulatory compliance audits;53859978-b189-4292-bdd2-ee08e3816a82
;;;Address audit findings and implement corrective actions;23e9b77b-b49f-4b95-862e-bbc0950caa82
;;Continuously Improve Processes and Technologies;;ae90a39b-29b6-460d-a270-7d8989677943
;;;Identify areas for process improvement;15d712d2-0f26-4294-97cd-66a0d12f7b66
;;;Evaluate emerging medical technologies;c93808d4-549d-424b-be34-27ebc96f2ab4
;;;Pilot test new processes and technologies;d6127fca-e8dc-4737-8977-db75c7f8a284
;;;Implement approved improvements facility-wide;a74fb24b-025c-44f1-abf3-f20f9c8c5540