project_key,project_name,project_description,project_start_date,project_end_date,project_progress,project_parent,originating_department
60c6b7a8-2145-4e79-a407-31d257bd7417,Face Facility,"Face Facility

Final deliverable:
Transplant Service",2/18/2026,7/23/2030,0,,PlanExe
44c372a4-1064-45ef-b1d2-9bbfe3b9ffe3,Project Initiation & Planning,,2/18/2026,5/28/2026,0,60c6b7a8-2145-4e79-a407-31d257bd7417,PlanExe
5c4161cf-b3a4-42b6-914a-8b051aac2a55,Define Project Scope and Objectives,,2/18/2026,2/26/2026,0,44c372a4-1064-45ef-b1d2-9bbfe3b9ffe3,PlanExe
11fd4b20-8174-4ab9-b5c6-a231920b89f5,Gather Stakeholder Requirements,"Gather Stakeholder Requirements

Description:
Conduct interviews, surveys, and workshops to collect detailed requirements from all key stakeholders, including medical professionals, regulatory bodies, potential patients, and investors. Document all requirements in a comprehensive requirements traceability matrix.

Resources needed:
• Project Manager
• Business Analyst
• Stakeholder Representatives",2/18/2026,2/20/2026,0,5c4161cf-b3a4-42b6-914a-8b051aac2a55,PlanExe
0a8f360c-e8eb-4c92-8665-721ddb344b6c,Analyze Requirements and Define Scope,"Analyze Requirements and Define Scope

Description:
Analyze the gathered requirements to identify overlaps, conflicts, and gaps. Prioritize requirements based on stakeholder needs and project objectives. Define the project scope, including what is in and out of scope, and document it in a scope statement.

Resources needed:
• Project Manager
• Business Analyst
• Subject Matter Experts",2/20/2026,2/22/2026,0,11fd4b20-8174-4ab9-b5c6-a231920b89f5,PlanExe
c90639eb-9941-418a-8607-a206001be1a3,Establish Measurable Project Objectives,"Establish Measurable Project Objectives

Description:
Define specific, measurable, achievable, relevant, and time-bound (SMART) project objectives based on the defined scope and stakeholder requirements. Ensure that the objectives are aligned with the overall project goal and can be tracked throughout the project lifecycle.

Resources needed:
• Project Manager
• Stakeholder Representatives
• Subject Matter Experts",2/22/2026,2/24/2026,0,0a8f360c-e8eb-4c92-8665-721ddb344b6c,PlanExe
19ff72cd-a65d-4dbd-88c0-2600863b590e,Document Assumptions and Constraints,"Document Assumptions and Constraints

Description:
Identify and document all assumptions and constraints that may impact the project scope and objectives. This includes assumptions about technology, resources, funding, regulatory approvals, and market conditions. Constraints may include budget limitations, time constraints, and regulatory restrictions.

Resources needed:
• Project Manager
• Project Team
• Stakeholder Representatives",2/24/2026,2/26/2026,0,5c4161cf-b3a4-42b6-914a-8b051aac2a55,PlanExe
e4020cc5-dc9d-4100-a124-c51bcd7091e8,Identify Key Stakeholders,,2/26/2026,3/2/2026,0,5c4161cf-b3a4-42b6-914a-8b051aac2a55,PlanExe
d974662c-4ac6-4877-9f9f-3451721ceb51,Identify internal project stakeholders,"Identify internal project stakeholders

Description:
Identify all internal individuals or groups who have an interest in the project's success or who will be affected by its outcome. This includes surgeons, nurses, technicians, ethicists, and facility management.

Resources needed:
• Project Manager
• Department Heads",2/26/2026,2/27/2026,0,e4020cc5-dc9d-4100-a124-c51bcd7091e8,PlanExe
0a6adf98-e625-44ce-b125-e37ba651afcc,Identify external project stakeholders,"Identify external project stakeholders

Description:
Identify all external individuals or groups who have an interest in the project's success or who will be affected by its outcome. This includes the Ministry of Health, Medsafe, organ donation organizations, patients, donor families, and investors.

Resources needed:
• Project Manager
• Legal Counsel",2/27/2026,2/28/2026,0,d974662c-4ac6-4877-9f9f-3451721ceb51,PlanExe
c7803bcd-3bfa-4478-9579-15a8dbebe8d5,Analyze stakeholder influence and interests,"Analyze stakeholder influence and interests

Description:
Assess the level of influence and the specific interests of each stakeholder to prioritize engagement efforts. Determine their potential impact on the project.

Resources needed:
• Project Manager
• Stakeholder Analysis Template",2/28/2026,3/1/2026,0,0a6adf98-e625-44ce-b125-e37ba651afcc,PlanExe
5cb56967-fd56-43ed-a8e7-36b37da2c20b,Develop stakeholder communication plan,"Develop stakeholder communication plan

Description:
Create a detailed plan outlining how each stakeholder group will be engaged, including the frequency, method, and content of communication. Tailor the communication to each group's needs and interests.

Resources needed:
• Project Manager
• Communication Specialist",3/1/2026,3/2/2026,0,e4020cc5-dc9d-4100-a124-c51bcd7091e8,PlanExe
482de1c5-eb8f-41bc-a073-6b3c2a12b7d2,Develop Project Management Plan,,3/2/2026,3/17/2026,0,e4020cc5-dc9d-4100-a124-c51bcd7091e8,PlanExe
262adc91-09cc-4dc8-bff1-c413f12b0cfc,Define Project Scope Statement,"Define Project Scope Statement

Description:
Clearly articulate the project's boundaries, deliverables, and objectives. This involves detailing what is included and excluded from the project, ensuring all stakeholders have a shared understanding of the project's goals.

Resources needed:
• Project Manager
• Stakeholders
• Business Analyst",3/2/2026,3/5/2026,0,482de1c5-eb8f-41bc-a073-6b3c2a12b7d2,PlanExe
05562c59-0a6e-436b-ac7a-0ab3f4f34939,Develop Project Schedule,"Develop Project Schedule

Description:
Create a detailed timeline outlining all project activities, their dependencies, and estimated durations. This includes identifying critical path activities and establishing milestones to track progress.

Resources needed:
• Project Manager
• Project Scheduling Software
• Team Leads",3/5/2026,3/8/2026,0,262adc91-09cc-4dc8-bff1-c413f12b0cfc,PlanExe
fd9e4821-d042-4b82-b752-629ea9870972,Create Project Budget,"Create Project Budget

Description:
Establish a comprehensive budget that includes all project costs, such as labor, materials, equipment, and overhead. This involves estimating costs for each activity and allocating resources accordingly.

Resources needed:
• Project Manager
• Finance Department
• Cost Estimator",3/8/2026,3/11/2026,0,05562c59-0a6e-436b-ac7a-0ab3f4f34939,PlanExe
15167f12-0777-4a68-a0ca-8a739a5a524f,Establish Risk Management Plan,"Establish Risk Management Plan

Description:
Identify potential risks that could impact the project's success and develop mitigation strategies to minimize their impact. This includes assessing the likelihood and impact of each risk and creating contingency plans.

Resources needed:
• Project Manager
• Risk Management Expert
• Team Members",3/11/2026,3/14/2026,0,fd9e4821-d042-4b82-b752-629ea9870972,PlanExe
0ae012b1-c327-4792-955b-aa83c3b98959,Define Communication Management Plan,"Define Communication Management Plan

Description:
Outline how project information will be communicated to stakeholders, including the frequency, format, and channels of communication. This ensures that all stakeholders are kept informed of project progress and any issues that arise.

Resources needed:
• Project Manager
• Stakeholders
• Communication Specialist",3/14/2026,3/17/2026,0,482de1c5-eb8f-41bc-a073-6b3c2a12b7d2,PlanExe
f87a83eb-17cf-48d1-92d5-2c669cb3525d,Secure Initial Funding,,3/17/2026,5/16/2026,0,482de1c5-eb8f-41bc-a073-6b3c2a12b7d2,PlanExe
a7c6c689-4b9a-44d6-b200-538f71c485ce,Develop detailed financial projections,"Develop detailed financial projections

Description:
Create comprehensive financial models including revenue forecasts, cost estimates, and profitability analysis to demonstrate the financial viability of the project.

Resources needed:
• Financial analyst
• Market research data
• Project manager",3/17/2026,3/29/2026,0,f87a83eb-17cf-48d1-92d5-2c669cb3525d,PlanExe
f96dd3ac-7e5f-469a-b952-d570299a57b8,Prepare investor pitch deck and materials,"Prepare investor pitch deck and materials

Description:
Craft a compelling presentation and supporting documents highlighting the project's vision, market opportunity, competitive advantages, and financial projections to attract potential investors.

Resources needed:
• Marketing specialist
• Financial analyst
• Project manager
• Graphic designer",3/29/2026,4/10/2026,0,a7c6c689-4b9a-44d6-b200-538f71c485ce,PlanExe
1ca5a048-7c4e-41bd-b562-a6332d3bbf9d,Identify and engage potential investors,"Identify and engage potential investors

Description:
Research and identify suitable investors (venture capitalists, angel investors, private equity firms) who align with the project's goals and values. Initiate contact and schedule meetings to present the investment opportunity.

Resources needed:
• Business development manager
• Networking contacts
• Investor database",4/10/2026,4/22/2026,0,f96dd3ac-7e5f-469a-b952-d570299a57b8,PlanExe
5a4ed5e1-b547-49a2-97ad-275d8769e10c,Negotiate investment terms and agreements,"Negotiate investment terms and agreements

Description:
Conduct negotiations with interested investors to finalize the terms of the investment, including equity stake, valuation, and governance rights. Draft and review legal agreements to ensure compliance and protect the project's interests.

Resources needed:
• Legal counsel
• Financial advisor
• Project manager",4/22/2026,5/4/2026,0,1ca5a048-7c4e-41bd-b562-a6332d3bbf9d,PlanExe
e240650c-02bc-4d98-bb59-2cf31e05bc42,Secure funding commitments and finalize agreements,"Secure funding commitments and finalize agreements

Description:
Obtain formal funding commitments from investors and execute legally binding agreements to secure the necessary capital for the project. Establish a clear disbursement schedule and reporting requirements.

Resources needed:
• Legal counsel
• Financial advisor
• Project manager",5/4/2026,5/16/2026,0,f87a83eb-17cf-48d1-92d5-2c669cb3525d,PlanExe
0dbbdc0b-a0b3-4769-9627-5be7653573cf,Establish Project Governance Structure,,5/16/2026,5/28/2026,0,44c372a4-1064-45ef-b1d2-9bbfe3b9ffe3,PlanExe
9d49a664-2412-4f08-9573-2c92aeb8087b,Define Governance Roles and Responsibilities,"Define Governance Roles and Responsibilities

Description:
Clearly define the roles, responsibilities, and authority levels for each member of the project governance structure. This includes the project sponsor, steering committee, project manager, and any other relevant stakeholders.

Resources needed:
• Project Manager
• Project Sponsor
• Legal Counsel",5/16/2026,5/19/2026,0,0dbbdc0b-a0b3-4769-9627-5be7653573cf,PlanExe
fba35e93-7777-4863-b64b-9c315894b0c0,Establish Decision-Making Processes,"Establish Decision-Making Processes

Description:
Develop a documented process for making key decisions related to the project. This includes identifying decision-making criteria, establishing escalation paths, and defining approval workflows.

Resources needed:
• Project Manager
• Steering Committee
• Subject Matter Experts",5/19/2026,5/22/2026,0,9d49a664-2412-4f08-9573-2c92aeb8087b,PlanExe
825fd9a0-71f0-4142-9b65-43c461cbd52b,Create Communication Plan for Governance,"Create Communication Plan for Governance

Description:
Develop a communication plan that outlines how information will be shared among members of the governance structure. This includes the frequency, format, and channels of communication.

Resources needed:
• Project Manager
• Communication Specialist",5/22/2026,5/25/2026,0,fba35e93-7777-4863-b64b-9c315894b0c0,PlanExe
95a2ae41-3554-4bfc-8e87-67212c9828cf,Document Governance Structure and Processes,"Document Governance Structure and Processes

Description:
Create a formal document that outlines the project governance structure, roles, responsibilities, decision-making processes, and communication plan. This document should be readily accessible to all stakeholders.

Resources needed:
• Project Manager
• Document Control Specialist",5/25/2026,5/28/2026,0,0dbbdc0b-a0b3-4769-9627-5be7653573cf,PlanExe
bead144a-37b0-4c63-ac6d-a0a19d9c2a33,Regulatory & Ethical Approval,,5/28/2026,6/9/2027,0,44c372a4-1064-45ef-b1d2-9bbfe3b9ffe3,PlanExe
88873351-fe17-4656-97d3-6d6ff1defee4,Conduct Regulatory Landscape Assessment,,5/28/2026,6/29/2026,0,bead144a-37b0-4c63-ac6d-a0a19d9c2a33,PlanExe
84b8d532-072a-41dc-912b-9f423974b5e9,Identify relevant regulatory bodies,"Identify relevant regulatory bodies

Description:
Determine all regulatory bodies in New Zealand that have jurisdiction over face transplantation, including Medsafe, the Ministry of Health, and relevant ethics committees.  Objective: Create a comprehensive list of regulatory entities. Scope: New Zealand regulations only. Steps: Research, online searches, expert consultation. Deliverables: List of regulatory bodies.

Resources needed:
• Regulatory affairs consultant
• Legal counsel
• Research assistant",5/28/2026,6/5/2026,0,88873351-fe17-4656-97d3-6d6ff1defee4,PlanExe
e7a1fee8-b1aa-494c-98fd-76b0cf7f8a21,Gather face transplantation regulations,"Gather face transplantation regulations

Description:
Collect all relevant regulations, guidelines, and standards pertaining to face transplantation in New Zealand. Objective: Compile a complete set of regulatory documents. Scope: All applicable regulations. Steps: Online searches, contacting regulatory bodies, legal database searches. Deliverables: Regulatory document repository.

Resources needed:
• Regulatory affairs consultant
• Legal counsel
• Research assistant",6/5/2026,6/13/2026,0,84b8d532-072a-41dc-912b-9f423974b5e9,PlanExe
b70ffbed-ee29-4848-9f34-7d44b728b70a,Analyze regulatory requirements,"Analyze regulatory requirements

Description:
Thoroughly analyze the collected regulations to identify specific requirements for establishing a face transplantation facility and performing the procedure. Objective: Understand the regulatory landscape. Scope: Detailed analysis of regulations. Steps: Document review, expert consultation. Deliverables: Regulatory requirements summary.

Resources needed:
• Regulatory affairs consultant
• Legal counsel
• Medical ethicist",6/13/2026,6/21/2026,0,e7a1fee8-b1aa-494c-98fd-76b0cf7f8a21,PlanExe
54488382-a7f1-4558-91a7-1c28f78f09af,Document regulatory gaps and uncertainties,"Document regulatory gaps and uncertainties

Description:
Identify any gaps or ambiguities in the existing regulatory framework that may pose challenges to the project. Objective: Highlight potential regulatory hurdles. Scope: Identification of gaps. Steps: Expert consultation, legal analysis. Deliverables: Gap analysis report.

Resources needed:
• Regulatory affairs consultant
• Legal counsel
• Medical ethicist",6/21/2026,6/29/2026,0,88873351-fe17-4656-97d3-6d6ff1defee4,PlanExe
0f4de4aa-ecf2-4c36-baa6-7d4e3f7dc952,Prepare Regulatory Approval Documentation,,6/29/2026,8/28/2026,0,88873351-fe17-4656-97d3-6d6ff1defee4,PlanExe
0998bc6f-a029-476a-aa33-0ae1695e93c1,Gather required documentation templates,"Gather required documentation templates

Description:
Identify and collect all necessary templates and forms required by Medsafe and the Ministry of Health for face transplantation approval. This includes application forms, consent forms, surgical protocols, and data privacy policies.

Resources needed:
• Regulatory Liaison
• Legal Counsel
• Administrative Assistant",6/29/2026,7/11/2026,0,0f4de4aa-ecf2-4c36-baa6-7d4e3f7dc952,PlanExe
22204e0f-1551-4d04-a00d-d703e900cb69,Draft initial documentation sections,"Draft initial documentation sections

Description:
Complete the initial drafts of all required documentation sections, including detailed descriptions of the surgical procedure, patient selection criteria, ethical considerations, and risk management plans. Ensure compliance with relevant regulations and guidelines.

Resources needed:
• Lead Transplant Surgeon
• Regulatory Liaison
• Ethics Review Board Coordinator",7/11/2026,7/23/2026,0,0998bc6f-a029-476a-aa33-0ae1695e93c1,PlanExe
a9ccce30-3f9a-4112-a799-855768a9a248,Review and revise draft documentation,"Review and revise draft documentation

Description:
Conduct thorough reviews of the draft documentation by relevant stakeholders, including medical experts, legal counsel, and ethics review board members. Incorporate feedback and revise the documentation to ensure accuracy, completeness, and compliance.

Resources needed:
• Lead Transplant Surgeon
• Regulatory Liaison
• Legal Counsel
• Ethics Review Board
• Chief Medical Officer",7/23/2026,8/4/2026,0,22204e0f-1551-4d04-a00d-d703e900cb69,PlanExe
1d7b7cdd-0af1-4555-bc0c-8840f916f04c,Finalize and format documentation,"Finalize and format documentation

Description:
Finalize all documentation sections based on the review feedback. Ensure consistent formatting and adherence to regulatory requirements. Prepare the documentation for submission to Medsafe and the Ministry of Health.

Resources needed:
• Regulatory Liaison
• Administrative Assistant
• Legal Counsel",8/4/2026,8/16/2026,0,a9ccce30-3f9a-4112-a799-855768a9a248,PlanExe
1074b6ff-fdc7-4ccf-9046-2d1ef4c74aa9,Translate documents if required,"Translate documents if required

Description:
If any documents need to be translated into Maori or other languages, engage certified translators to ensure accurate and culturally appropriate translations. Review translations for accuracy and consistency.

Resources needed:
• Certified Translator
• Regulatory Liaison
• Cultural Advisor",8/16/2026,8/28/2026,0,0f4de4aa-ecf2-4c36-baa6-7d4e3f7dc952,PlanExe
8346561b-9e0c-466d-83eb-0d6aadda330b,"Engage with Regulatory Bodies (Medsafe, Ministry of Health)",,8/28/2026,9/27/2026,0,0f4de4aa-ecf2-4c36-baa6-7d4e3f7dc952,PlanExe
cddc6d56-47a7-4d86-99fb-17cf0e680502,Identify Key Contacts at Regulatory Bodies,"Identify Key Contacts at Regulatory Bodies

Description:
Identify and establish contact with key personnel at Medsafe and the Ministry of Health who are responsible for reviewing and approving medical facility and surgical procedure applications.

Resources needed:
• Regulatory Liaison & Compliance Officer
• Legal Counsel",8/28/2026,9/3/2026,0,8346561b-9e0c-466d-83eb-0d6aadda330b,PlanExe
6a054300-b4d5-4385-b8e1-24beb133c3da,Schedule Initial Consultation Meetings,"Schedule Initial Consultation Meetings

Description:
Schedule introductory meetings with identified key contacts at Medsafe and the Ministry of Health to introduce the project and discuss the regulatory approval process.

Resources needed:
• Regulatory Liaison & Compliance Officer
• Chief Medical Officer",9/3/2026,9/9/2026,0,cddc6d56-47a7-4d86-99fb-17cf0e680502,PlanExe
0f10888f-372f-4700-8c2d-df237d9bb2ac,Present Project Overview and Objectives,"Present Project Overview and Objectives

Description:
Prepare and deliver a comprehensive presentation outlining the project's goals, scope, and potential benefits to the New Zealand healthcare system during the consultation meetings.

Resources needed:
• Regulatory Liaison & Compliance Officer
• Chief Medical Officer
• Presentation Materials",9/9/2026,9/15/2026,0,6a054300-b4d5-4385-b8e1-24beb133c3da,PlanExe
1c1ff2db-99f0-4606-8007-fc00b60adee2,Clarify Regulatory Requirements and Timelines,"Clarify Regulatory Requirements and Timelines

Description:
Actively solicit feedback and clarification from regulatory bodies regarding specific requirements, documentation needs, and expected timelines for the approval process.

Resources needed:
• Regulatory Liaison & Compliance Officer
• Chief Medical Officer
• Legal Counsel",9/15/2026,9/21/2026,0,0f10888f-372f-4700-8c2d-df237d9bb2ac,PlanExe
bca53136-fd8c-4b8c-94a3-4ae4bb837fc4,Document Meeting Outcomes and Action Items,"Document Meeting Outcomes and Action Items

Description:
Thoroughly document the outcomes of each consultation meeting, including key discussion points, agreed-upon action items, and any outstanding questions or concerns raised by regulatory bodies.

Resources needed:
• Regulatory Liaison & Compliance Officer
• Meeting Minutes",9/21/2026,9/27/2026,0,8346561b-9e0c-466d-83eb-0d6aadda330b,PlanExe
8b7c3d53-570e-4aab-9aa0-0b52f10dc6f2,Establish Ethics Review Board,,9/27/2026,11/26/2026,0,8346561b-9e0c-466d-83eb-0d6aadda330b,PlanExe
7b2a90af-ea4e-408f-8ff7-3a47a9109e9c,Define ERB scope and responsibilities,"Define ERB scope and responsibilities

Description:
Clearly outline the ERB's authority, decision-making processes, and areas of focus within the face transplantation project.

Resources needed:
• Legal counsel
• Project manager
• Senior management",9/27/2026,10/12/2026,0,8b7c3d53-570e-4aab-9aa0-0b52f10dc6f2,PlanExe
767b4bcb-30ea-49cc-8e12-d8299ac2f0c8,Identify and recruit ERB members,"Identify and recruit ERB members

Description:
Seek individuals with expertise in ethics, medicine, law, and community representation to form a balanced and qualified ERB.

Resources needed:
• Recruitment specialist
• Ethics consultant
• Project administrator",10/12/2026,10/27/2026,0,7b2a90af-ea4e-408f-8ff7-3a47a9109e9c,PlanExe
3ba21f5a-40f8-4f25-8516-2b8763075112,Develop ERB operational procedures,"Develop ERB operational procedures

Description:
Establish guidelines for meeting frequency, agenda setting, document review, conflict of interest management, and decision recording.

Resources needed:
• Ethics consultant
• Project manager
• Legal counsel",10/27/2026,11/11/2026,0,767b4bcb-30ea-49cc-8e12-d8299ac2f0c8,PlanExe
f2010f0e-b89d-41ee-a8d9-44eddfbbbc8e,Secure institutional support for ERB,"Secure institutional support for ERB

Description:
Ensure the ERB has adequate resources, administrative support, and independence to effectively fulfill its ethical oversight role.

Resources needed:
• Senior management
• Finance department
• Legal counsel",11/11/2026,11/26/2026,0,8b7c3d53-570e-4aab-9aa0-0b52f10dc6f2,PlanExe
57831a79-0296-4839-9152-097c08f2596f,Develop Ethical Guidelines and Protocols,,11/26/2026,2/9/2027,0,8b7c3d53-570e-4aab-9aa0-0b52f10dc6f2,PlanExe
0dc3543e-c84f-4914-9ca7-fd90435ed6ad,Research existing ethical guidelines for transplants,"Research existing ethical guidelines for transplants

Description:
Objective: Gather comprehensive data on existing ethical guidelines related to organ and face transplantation from various international and national organizations.
Scope: Review guidelines from organizations like the World Health Organization (WHO), national transplant societies, and relevant medical ethics journals.
Steps:
1. Identify key organizations and publications.
2. Conduct a literature review.
3. Summarize key ethical principles and recommendations.
Deliverables: A detailed report summarizing existing ethical guidelines.

Resources needed:
• Medical ethicist
• Research assistant
• Access to medical databases",11/26/2026,12/11/2026,0,57831a79-0296-4839-9152-097c08f2596f,PlanExe
2db1a1af-3883-43b5-8968-9061eee85941,Identify key ethical considerations for face transplants,"Identify key ethical considerations for face transplants

Description:
Objective: Identify and analyze the unique ethical considerations specific to face transplantation, including identity, consent, and psychological impact.
Scope: Focus on ethical issues related to recipient and donor families, as well as the broader societal implications.
Steps:
1. Conduct expert interviews with ethicists and transplant surgeons.
2. Analyze case studies of face transplantation.
3. Identify potential ethical dilemmas.
Deliverables: A comprehensive list of key ethical considerations.

Resources needed:
• Medical ethicist
• Transplant surgeon
• Psychologist",12/11/2026,12/26/2026,0,0dc3543e-c84f-4914-9ca7-fd90435ed6ad,PlanExe
cca1b359-29a6-495b-b6f4-b861f9679ff5,Draft preliminary ethical guidelines for the facility,"Draft preliminary ethical guidelines for the facility

Description:
Objective: Develop a preliminary set of ethical guidelines tailored to the specific context of the face transplantation facility in New Zealand.
Scope: Cover all aspects of the transplantation process, from donor selection to post-transplant care.
Steps:
1. Synthesize research findings and expert opinions.
2. Draft preliminary guidelines.
3. Circulate draft for internal review.
Deliverables: A draft document outlining the facility's ethical guidelines.

Resources needed:
• Medical ethicist
• Legal counsel
• Transplant surgeon",12/26/2026,1/10/2027,0,2db1a1af-3883-43b5-8968-9061eee85941,PlanExe
dc0d3df3-d0c9-4699-9310-5e0ef605a756,Obtain feedback from stakeholders on draft guidelines,"Obtain feedback from stakeholders on draft guidelines

Description:
Objective: Gather feedback from key stakeholders, including patients, donor families, medical professionals, and the public, on the draft ethical guidelines.
Scope: Conduct focus groups, surveys, and individual interviews to collect diverse perspectives.
Steps:
1. Identify key stakeholder groups.
2. Develop feedback collection methods.
3. Analyze feedback and identify areas for improvement.
Deliverables: A report summarizing stakeholder feedback and recommendations.

Resources needed:
• Medical ethicist
• Patient liaison
• Public relations specialist",1/10/2027,1/25/2027,0,cca1b359-29a6-495b-b6f4-b861f9679ff5,PlanExe
19bec1c3-8e14-46bf-ba18-3878fbff3565,Finalize ethical guidelines and protocols,"Finalize ethical guidelines and protocols

Description:
Objective: Revise and finalize the ethical guidelines based on stakeholder feedback and expert review.
Scope: Ensure the guidelines are comprehensive, practical, and aligned with relevant regulations and ethical principles.
Steps:
1. Incorporate stakeholder feedback.
2. Obtain final approval from the Ethics Review Board.
3. Disseminate the finalized guidelines to all relevant personnel.
Deliverables: A finalized document outlining the facility's ethical guidelines and protocols.

Resources needed:
• Medical ethicist
• Legal counsel
• Ethics Review Board",1/25/2027,2/9/2027,0,57831a79-0296-4839-9152-097c08f2596f,PlanExe
8a12f9b1-21eb-466a-bb85-60afa33725c8,Obtain Necessary Permits and Licenses,,2/9/2027,6/9/2027,0,bead144a-37b0-4c63-ac6d-a0a19d9c2a33,PlanExe
40d47d6d-7c40-4678-a775-0f7da8fbc4eb,Identify required permits and licenses,"Identify required permits and licenses

Description:
Objective: Determine all necessary permits and licenses for the face transplantation facility and subscription service in New Zealand.
Scope: Research and document all relevant permits and licenses at the national, regional, and local levels.
Steps: Consult with regulatory experts, review relevant legislation, and create a comprehensive list of required permits and licenses.
Deliverables: A detailed list of all required permits and licenses.

Resources needed:
• Regulatory affairs consultant
• Legal counsel
• Project manager",2/9/2027,3/5/2027,0,8a12f9b1-21eb-466a-bb85-60afa33725c8,PlanExe
e0c241ec-776e-4488-b204-4efe721c3c73,Prepare permit and license applications,"Prepare permit and license applications

Description:
Objective: Prepare all necessary documentation for permit and license applications.
Scope: Gather and compile all required information, complete application forms, and ensure accuracy and completeness.
Steps: Collect data, fill out application forms, review and verify information, and submit applications.
Deliverables: Completed permit and license applications.

Resources needed:
• Administrative staff
• Regulatory affairs consultant
• Legal counsel",3/5/2027,3/29/2027,0,40d47d6d-7c40-4678-a775-0f7da8fbc4eb,PlanExe
7b8f61a3-8cb3-456b-868b-ff3d8d424e7a,Submit applications and track progress,"Submit applications and track progress

Description:
Objective: Submit permit and license applications to the relevant regulatory bodies and track their progress.
Scope: Submit applications, monitor their status, respond to inquiries, and address any issues that arise.
Steps: Submit applications, track progress online or through direct contact, respond to requests for information, and resolve any problems.
Deliverables: Confirmation of application submission and regular progress updates.

Resources needed:
• Administrative staff
• Regulatory affairs consultant
• Project manager",3/29/2027,4/22/2027,0,e0c241ec-776e-4488-b204-4efe721c3c73,PlanExe
00256dc9-49c9-49ee-ac1b-8b3ce6b252b1,Address regulatory body inquiries,"Address regulatory body inquiries

Description:
Objective: Respond to inquiries and requests for additional information from regulatory bodies.
Scope: Gather and provide requested information, address concerns, and ensure compliance with regulatory requirements.
Steps: Review inquiries, gather information, prepare responses, and submit responses to regulatory bodies.
Deliverables: Timely and accurate responses to regulatory inquiries.

Resources needed:
• Regulatory affairs consultant
• Legal counsel
• Medical personnel",4/22/2027,5/16/2027,0,7b8f61a3-8cb3-456b-868b-ff3d8d424e7a,PlanExe
69c8900b-dab7-46e1-ba71-dcd7d276be9f,Secure final permits and licenses,"Secure final permits and licenses

Description:
Objective: Obtain all necessary permits and licenses for the face transplantation facility and subscription service.
Scope: Monitor application status, address any outstanding issues, and secure final approval.
Steps: Track application progress, resolve any remaining issues, and obtain final permits and licenses.
Deliverables: All required permits and licenses.

Resources needed:
• Administrative staff
• Regulatory affairs consultant
• Legal counsel
• Project manager",5/16/2027,6/9/2027,0,8a12f9b1-21eb-466a-bb85-60afa33725c8,PlanExe
c3905530-1d89-4610-bc35-a66b4597170d,Facility Development & Infrastructure,,6/9/2027,10/31/2028,0,bead144a-37b0-4c63-ac6d-a0a19d9c2a33,PlanExe
c2656566-0c94-40b2-a22e-0955e9216f46,Select Facility Location,,6/9/2027,8/8/2027,0,c3905530-1d89-4610-bc35-a66b4597170d,PlanExe
237024a5-b5b4-4851-aca8-df98563e2edd,Define Facility Requirements and Criteria,"Define Facility Requirements and Criteria

Description:
Establish detailed requirements for the facility, including size, location, accessibility, zoning regulations, and proximity to hospitals and transportation hubs. Define selection criteria based on these requirements.

Resources needed:
• Project Manager
• Medical Consultants
• Facility Planner",6/9/2027,6/21/2027,0,c2656566-0c94-40b2-a22e-0955e9216f46,PlanExe
0c68c563-330b-4258-a61d-5cd55597a7d5,Conduct Market Research and Site Analysis,"Conduct Market Research and Site Analysis

Description:
Research potential locations in New Zealand, considering factors such as demographics, competition, regulatory environment, and cost of real estate. Analyze potential sites based on the defined requirements and selection criteria.

Resources needed:
• Market Research Analyst
• Real Estate Agent
• Data Analyst",6/21/2027,7/3/2027,0,237024a5-b5b4-4851-aca8-df98563e2edd,PlanExe
f2fab493-d73f-42dd-bb07-c9306a9618fb,Evaluate Potential Locations and Shortlist,"Evaluate Potential Locations and Shortlist

Description:
Evaluate potential locations based on market research, site analysis, and defined criteria. Create a shortlist of the most promising locations for further investigation.

Resources needed:
• Project Manager
• Medical Consultants
• Real Estate Agent",7/3/2027,7/15/2027,0,0c68c563-330b-4258-a61d-5cd55597a7d5,PlanExe
5b6d72f6-7f4d-442c-93b1-918c7380da49,Negotiate Lease or Purchase Agreement,"Negotiate Lease or Purchase Agreement

Description:
Negotiate lease or purchase agreements with property owners for the shortlisted locations. Secure favorable terms and conditions that align with the project's budget and timeline.

Resources needed:
• Legal Counsel
• Real Estate Agent
• Project Manager",7/15/2027,7/27/2027,0,f2fab493-d73f-42dd-bb07-c9306a9618fb,PlanExe
b26eeadc-c132-4b6c-8bfd-8fbb67120d3d,Conduct Due Diligence and Finalize Selection,"Conduct Due Diligence and Finalize Selection

Description:
Conduct thorough due diligence on the selected location, including environmental assessments, zoning verification, and structural inspections. Finalize the location selection based on the due diligence findings.

Resources needed:
• Environmental Consultant
• Legal Counsel
• Structural Engineer
• Project Manager",7/27/2027,8/8/2027,0,c2656566-0c94-40b2-a22e-0955e9216f46,PlanExe
d1da9237-e263-4c03-a503-590d6eeea3f3,Design Facility Layout,,8/8/2027,10/7/2027,0,c2656566-0c94-40b2-a22e-0955e9216f46,PlanExe
5440543e-8c9b-4f92-b57e-1d092448873d,Define Facility Requirements and Specifications,"Define Facility Requirements and Specifications

Description:
Determine specific requirements for the facility layout, including surgical suites, patient rooms, recovery areas, laboratory space, and administrative offices. Define technical specifications for HVAC, electrical, plumbing, and medical gas systems.

Resources needed:
• Architect
• Medical consultants
• Facility manager",8/8/2027,8/20/2027,0,d1da9237-e263-4c03-a503-590d6eeea3f3,PlanExe
b2af5698-ffd5-4944-91ce-381c09a294a4,Develop Preliminary Facility Layout Designs,"Develop Preliminary Facility Layout Designs

Description:
Create initial layout designs based on the defined requirements and specifications. Explore different layout options to optimize workflow, patient safety, and operational efficiency. Consider factors such as infection control, accessibility, and privacy.

Resources needed:
• Architect
• CAD software
• Medical consultants",8/20/2027,9/1/2027,0,5440543e-8c9b-4f92-b57e-1d092448873d,PlanExe
8c1e864a-bafa-4fff-be04-33d6daad4b50,Review and Refine Layout Designs,"Review and Refine Layout Designs

Description:
Present the preliminary layout designs to stakeholders, including surgeons, nurses, administrators, and facility managers. Gather feedback and incorporate revisions to improve the design. Conduct simulations to evaluate workflow and identify potential bottlenecks.

Resources needed:
• Architect
• Stakeholders
• Simulation software",9/1/2027,9/13/2027,0,b2af5698-ffd5-4944-91ce-381c09a294a4,PlanExe
a10513ec-dbe5-41fd-8218-4e5349fa869a,Create Detailed Architectural Drawings,"Create Detailed Architectural Drawings

Description:
Develop detailed architectural drawings based on the refined layout designs. Include all necessary details for construction, including dimensions, materials, finishes, and equipment locations. Ensure compliance with building codes and regulations.

Resources needed:
• Architect
• Engineers
• CAD software",9/13/2027,9/25/2027,0,8c1e864a-bafa-4fff-be04-33d6daad4b50,PlanExe
304396a5-e27e-425f-b381-7c60115860eb,Obtain Design Approvals,"Obtain Design Approvals

Description:
Submit the detailed architectural drawings to relevant authorities for review and approval. Address any comments or concerns raised by the authorities and make necessary revisions to the drawings. Obtain all required permits and approvals before proceeding with construction.

Resources needed:
• Architect
• Permitting specialists
• Legal counsel",9/25/2027,10/7/2027,0,d1da9237-e263-4c03-a503-590d6eeea3f3,PlanExe
664a3180-076a-435e-b8bd-5c2d7be3a5e1,Procure Surgical Equipment and Medical Supplies,,10/7/2027,2/4/2028,0,d1da9237-e263-4c03-a503-590d6eeea3f3,PlanExe
73a1139e-8e53-47f7-b2e2-a709fc200b1b,Define Equipment Specifications and Requirements,"Define Equipment Specifications and Requirements

Description:
Establish detailed specifications for all surgical equipment and medical supplies needed, including technical requirements, performance criteria, and regulatory compliance standards. This involves consulting with surgeons, nurses, and technicians to identify their specific needs and preferences.

Resources needed:
• Surgeons
• Nurses
• Technicians
• Biomedical Engineer",10/7/2027,10/31/2027,0,664a3180-076a-435e-b8bd-5c2d7be3a5e1,PlanExe
81e6bdef-caf9-42c4-b685-3860865a1a54,Identify Potential Vendors and Suppliers,"Identify Potential Vendors and Suppliers

Description:
Research and identify potential vendors and suppliers for surgical equipment and medical supplies, considering factors such as product quality, pricing, delivery timelines, and reputation. This includes conducting market research, attending industry trade shows, and soliciting recommendations from other medical facilities.

Resources needed:
• Procurement Specialist
• Market Research Analyst",10/31/2027,11/24/2027,0,73a1139e-8e53-47f7-b2e2-a709fc200b1b,PlanExe
fb659d35-bf51-44d0-a402-2ad890eee55b,Evaluate Vendor Proposals and Negotiate Contracts,"Evaluate Vendor Proposals and Negotiate Contracts

Description:
Evaluate vendor proposals based on predefined criteria, including product specifications, pricing, warranty terms, and service agreements. Negotiate contracts with selected vendors to secure favorable terms and conditions, ensuring compliance with legal and ethical standards.

Resources needed:
• Procurement Specialist
• Legal Counsel
• Financial Analyst",11/24/2027,12/18/2027,0,81e6bdef-caf9-42c4-b685-3860865a1a54,PlanExe
fa0db33f-7f9f-4e2e-9757-2efe6e1081d1,Manage Purchase Orders and Track Deliveries,"Manage Purchase Orders and Track Deliveries

Description:
Generate purchase orders for approved equipment and supplies, track deliveries to ensure timely arrival, and verify that all items meet specified requirements. This includes coordinating with vendors, logistics providers, and internal stakeholders to resolve any issues or discrepancies.

Resources needed:
• Procurement Specialist
• Logistics Coordinator
• Inventory Manager",12/18/2027,1/11/2028,0,fb659d35-bf51-44d0-a402-2ad890eee55b,PlanExe
68921308-13ba-4fac-bb46-70b802f93b68,Conduct Equipment Testing and Acceptance,"Conduct Equipment Testing and Acceptance

Description:
Conduct thorough testing and acceptance procedures for all delivered equipment and supplies to ensure they meet performance standards and regulatory requirements. This includes verifying functionality, calibrating instruments, and providing training to medical personnel on proper usage and maintenance.

Resources needed:
• Biomedical Engineer
• Surgeons
• Nurses
• Technicians",1/11/2028,2/4/2028,0,664a3180-076a-435e-b8bd-5c2d7be3a5e1,PlanExe
b3eeffe0-96c3-4758-896e-c87fe1de4a7b,Construct/Renovate Facility,,2/4/2028,10/1/2028,0,664a3180-076a-435e-b8bd-5c2d7be3a5e1,PlanExe
e02895ff-d980-4bbc-b950-8f681cac6a23,Prepare site for construction/renovation,"Prepare site for construction/renovation

Description:
Clear the site, prepare the foundation, and ensure compliance with safety regulations.

Resources needed:
• Construction crew
• Heavy machinery
• Site supervisor",2/4/2028,3/23/2028,0,b3eeffe0-96c3-4758-896e-c87fe1de4a7b,PlanExe
011f9618-dcf2-4bd1-b8ee-2c6505951766,Execute structural construction/renovation,"Execute structural construction/renovation

Description:
Build or renovate the facility's structural components, including walls, floors, and roof.

Resources needed:
• Construction crew
• Architect
• Structural engineer
• Building materials",3/23/2028,5/10/2028,0,e02895ff-d980-4bbc-b950-8f681cac6a23,PlanExe
ff893814-759b-44cc-8ffa-0be1aa266165,Install electrical and plumbing systems,"Install electrical and plumbing systems

Description:
Install electrical wiring, plumbing pipes, and HVAC systems according to building codes and specifications.

Resources needed:
• Electricians
• Plumbers
• HVAC technicians
• Inspectors",5/10/2028,6/27/2028,0,011f9618-dcf2-4bd1-b8ee-2c6505951766,PlanExe
0c48a713-4bd4-4cd0-8ddc-17c4b06b16f8,Install specialized medical infrastructure,"Install specialized medical infrastructure

Description:
Install specialized medical infrastructure, such as operating rooms, recovery rooms, and laboratory facilities.

Resources needed:
• Specialized contractors
• Medical equipment suppliers
• Medical consultants",6/27/2028,8/14/2028,0,ff893814-759b-44cc-8ffa-0be1aa266165,PlanExe
c5e28806-e26d-4473-9097-e23ddfb6e539,Complete interior finishing and fixtures,"Complete interior finishing and fixtures

Description:
Install interior finishes, such as flooring, walls, ceilings, and fixtures, to create a functional and aesthetically pleasing environment.

Resources needed:
• Interior designers
• Carpenters
• Painters
• Electricians",8/14/2028,10/1/2028,0,b3eeffe0-96c3-4758-896e-c87fe1de4a7b,PlanExe
bf1f1646-5331-4128-843a-94182f9e72a2,Install Data Privacy and Security Systems,,10/1/2028,10/31/2028,0,c3905530-1d89-4610-bc35-a66b4597170d,PlanExe
43b25536-52e8-4246-bedd-84ee796f803e,Assess data privacy regulatory requirements,"Assess data privacy regulatory requirements

Description:
Identify and document all applicable data privacy regulations in New Zealand, including the Health Information Privacy Code 2020 and any relevant international standards like GDPR if applicable to data transfer or storage.

Resources needed:
• Data privacy lawyer
• Regulatory compliance officer",10/1/2028,10/7/2028,0,bf1f1646-5331-4128-843a-94182f9e72a2,PlanExe
b1293df1-628c-41a4-8aab-bfef544fb03b,Select and procure security hardware/software,"Select and procure security hardware/software

Description:
Choose appropriate data encryption software, firewalls, intrusion detection systems, and access control mechanisms based on the assessed regulatory requirements and the sensitivity of patient data. Procure the selected solutions.

Resources needed:
• Cybersecurity expert
• IT procurement specialist
• Budget",10/7/2028,10/13/2028,0,43b25536-52e8-4246-bedd-84ee796f803e,PlanExe
cbc59d5f-755c-4d82-b8d9-660a92518932,Configure and integrate security systems,"Configure and integrate security systems

Description:
Install and configure the selected security hardware and software, ensuring seamless integration with existing hospital IT infrastructure and electronic health record (EHR) systems. Implement access control protocols and data encryption.

Resources needed:
• IT technicians
• Cybersecurity engineer
• Systems administrator",10/13/2028,10/19/2028,0,b1293df1-628c-41a4-8aab-bfef544fb03b,PlanExe
abfb3dbe-3b60-4462-b2b3-978d3e49db9c,Test and validate security system effectiveness,"Test and validate security system effectiveness

Description:
Conduct penetration testing and vulnerability assessments to identify and address any weaknesses in the implemented security systems. Validate that the systems effectively protect patient data and comply with regulatory requirements.

Resources needed:
• Penetration testers
• Security auditors
• IT security team",10/19/2028,10/25/2028,0,cbc59d5f-755c-4d82-b8d9-660a92518932,PlanExe
b9314417-b01e-492f-a16b-ea1d4ed12b44,Develop data breach response plan,"Develop data breach response plan

Description:
Create a comprehensive plan outlining the steps to be taken in the event of a data breach, including incident reporting, containment, investigation, notification, and remediation. Ensure the plan complies with regulatory requirements.

Resources needed:
• Data privacy lawyer
• Cybersecurity expert
• Legal counsel
• Public relations team",10/25/2028,10/31/2028,0,bf1f1646-5331-4128-843a-94182f9e72a2,PlanExe
edea1841-d86e-4d1b-9704-04d6abb593c2,Donor Face Acquisition & Preservation,,10/31/2028,4/16/2029,0,c3905530-1d89-4610-bc35-a66b4597170d,PlanExe
22ffa70e-b917-4918-9074-e917a9890156,Establish Partnerships with Organ Donation Organizations,,10/31/2028,12/30/2028,0,edea1841-d86e-4d1b-9704-04d6abb593c2,PlanExe
907727c7-1fb8-46b6-9da0-4396387846fb,Identify potential organ donation partners,"Identify potential organ donation partners

Description:
Research and identify organ donation organizations in New Zealand that align with the project's goals and ethical standards. This includes reviewing their mission statements, donation policies, and geographical coverage.

Resources needed:
• Project Manager
• Research Assistant
• Legal Counsel",10/31/2028,11/15/2028,0,22ffa70e-b917-4918-9074-e917a9890156,PlanExe
8ebe4ef9-feb1-4d3f-99f6-33245a10cae3,Initial contact and introductory meetings,"Initial contact and introductory meetings

Description:
Reach out to identified organ donation organizations to schedule introductory meetings. The objective is to present the project, explain the need for donor faces, and gauge their interest in potential collaboration.

Resources needed:
• Project Manager
• Donor Relations Specialist",11/15/2028,11/30/2028,0,907727c7-1fb8-46b6-9da0-4396387846fb,PlanExe
cb406d06-ae90-4da8-81d1-c352984cacac,Negotiate partnership agreements,"Negotiate partnership agreements

Description:
Work with interested organ donation organizations to negotiate the terms of partnership agreements. This includes defining roles and responsibilities, establishing protocols for donor face acquisition, and addressing ethical considerations.

Resources needed:
• Project Manager
• Legal Counsel
• Ethics Review Board Coordinator",11/30/2028,12/15/2028,0,8ebe4ef9-feb1-4d3f-99f6-33245a10cae3,PlanExe
1da9645e-89a2-4e93-8b0e-a0f23aca4102,Formalize partnership agreements,"Formalize partnership agreements

Description:
Finalize and execute partnership agreements with selected organ donation organizations. This involves obtaining necessary approvals from both parties and ensuring that all agreements comply with relevant regulations and ethical guidelines.

Resources needed:
• Project Manager
• Legal Counsel
• Executive Leadership",12/15/2028,12/30/2028,0,22ffa70e-b917-4918-9074-e917a9890156,PlanExe
406b6dd6-7b44-4d60-a2e1-f31668252d62,Develop Donor Face Acquisition Protocols,,12/30/2028,2/28/2029,0,22ffa70e-b917-4918-9074-e917a9890156,PlanExe
85546c83-65bb-4baf-b100-9ce5e8fcde72,Research current face acquisition protocols,"Research current face acquisition protocols

Description:
Objective: Understand existing protocols for face acquisition from organ donation organizations.
Scope: Review literature, guidelines, and best practices.
Steps: Search databases, contact experts, analyze findings.
Deliverables: Summary report of current protocols.

Resources needed:
• Research assistant
• Medical librarian
• Transplant surgeon",12/30/2028,1/14/2029,0,406b6dd6-7b44-4d60-a2e1-f31668252d62,PlanExe
2f990dbd-b61f-40a0-afaa-d3c2a2f4d0b4,Draft initial face acquisition protocol,"Draft initial face acquisition protocol

Description:
Objective: Create a draft protocol tailored to the facility's needs.
Scope: Define eligibility criteria, consent process, and documentation.
Steps: Consult with legal and ethical experts, draft protocol, review internally.
Deliverables: Draft face acquisition protocol document.

Resources needed:
• Transplant surgeon
• Legal counsel
• Ethicist
• Protocol writer",1/14/2029,1/29/2029,0,85546c83-65bb-4baf-b100-9ce5e8fcde72,PlanExe
2ecb2eed-47f8-4efc-9936-7ea541193511,Review protocol with organ donation organizations,"Review protocol with organ donation organizations

Description:
Objective: Obtain feedback and ensure compatibility with organ donation organizations.
Scope: Share draft protocol, solicit feedback, revise based on input.
Steps: Schedule meetings, present protocol, document feedback, revise.
Deliverables: Revised face acquisition protocol document.

Resources needed:
• Transplant surgeon
• Donor relations specialist
• Organ donation organization representatives",1/29/2029,2/13/2029,0,2f990dbd-b61f-40a0-afaa-d3c2a2f4d0b4,PlanExe
179b4feb-8bb6-4d4c-9601-cb9b543e99d5,Finalize and approve acquisition protocol,"Finalize and approve acquisition protocol

Description:
Objective: Obtain final approval from the ethics review board and facility leadership.
Scope: Address any remaining concerns, finalize protocol, obtain signatures.
Steps: Present to ethics review board, address concerns, obtain approval, finalize document.
Deliverables: Approved face acquisition protocol document.

Resources needed:
• Ethics review board
• Facility leadership
• Legal counsel",2/13/2029,2/28/2029,0,406b6dd6-7b44-4d60-a2e1-f31668252d62,PlanExe
6184d74a-ca1e-44d1-b5b8-445aadb63208,Establish Face Transportation and Preservation Logistics,,2/28/2029,4/1/2029,0,406b6dd6-7b44-4d60-a2e1-f31668252d62,PlanExe
0c5b34e2-b12c-410e-992a-f4bba6326ebf,Map transportation routes and identify providers,"Map transportation routes and identify providers

Description:
Objective: Determine optimal transportation routes for donor faces across New Zealand. Scope: Identify potential transportation providers (air, land) and map out routes considering distance, time, and cost. Steps: Use mapping software, contact transportation companies, and analyze route options. Deliverables: Route maps and provider list.

Resources needed:
• Logistics coordinator
• Mapping software
• Transportation company contacts",2/28/2029,3/8/2029,0,6184d74a-ca1e-44d1-b5b8-445aadb63208,PlanExe
d46b6612-cd0a-4ae8-bf54-a74fd1ed9003,Establish preservation solution procurement process,"Establish preservation solution procurement process

Description:
Objective: Ensure a reliable supply of preservation solutions. Scope: Identify suppliers, negotiate contracts, and establish a procurement process. Steps: Research suppliers, obtain quotes, and create a purchase order system. Deliverables: Supplier contracts and procurement process documentation.

Resources needed:
• Procurement specialist
• Legal counsel
• Medical supply vendors",3/8/2029,3/16/2029,0,0c5b34e2-b12c-410e-992a-f4bba6326ebf,PlanExe
d73df452-bb1b-46f6-aaa8-c2a91243ecba,Develop packaging and handling procedures,"Develop packaging and handling procedures

Description:
Objective: Minimize damage to donor faces during transportation. Scope: Create detailed packaging and handling procedures. Steps: Research best practices, design packaging, and document procedures. Deliverables: Packaging and handling procedure manual.

Resources needed:
• Medical technician
• Packaging engineer
• Transportation specialist",3/16/2029,3/24/2029,0,d46b6612-cd0a-4ae8-bf54-a74fd1ed9003,PlanExe
36f291b9-ce07-4078-a331-08b7c984d520,Create temperature monitoring and tracking system,"Create temperature monitoring and tracking system

Description:
Objective: Maintain optimal temperature during transportation. Scope: Implement a temperature monitoring and tracking system. Steps: Select monitoring devices, integrate with transportation system, and establish alert protocols. Deliverables: Temperature monitoring system and alert protocols.

Resources needed:
• IT specialist
• Logistics coordinator
• Temperature monitoring equipment",3/24/2029,4/1/2029,0,6184d74a-ca1e-44d1-b5b8-445aadb63208,PlanExe
f2158970-6c48-4dfa-97e5-6620da550d37,Implement Inventory Management System,,4/1/2029,4/16/2029,0,edea1841-d86e-4d1b-9704-04d6abb593c2,PlanExe
1e85e3e9-276d-4f0a-a9c1-3887d39771c1,Define Inventory System Requirements,"Define Inventory System Requirements

Description:
Clearly define the requirements for the inventory management system, including tracking parameters, user roles, and reporting needs.

Resources needed:
• Inventory Manager
• IT Specialist
• Surgeons
• Nurses",4/1/2029,4/4/2029,0,f2158970-6c48-4dfa-97e5-6620da550d37,PlanExe
d0af366a-186a-4e6b-ae0f-4a0f2fefa5b1,Select Inventory Management Software,"Select Inventory Management Software

Description:
Evaluate and select appropriate inventory management software that meets the defined requirements and integrates with existing hospital systems.

Resources needed:
• IT Specialist
• Inventory Manager
• Procurement Officer",4/4/2029,4/7/2029,0,1e85e3e9-276d-4f0a-a9c1-3887d39771c1,PlanExe
09075e8b-5ccd-462a-96e9-b22d33b7e037,Configure and Customize Software,"Configure and Customize Software

Description:
Configure and customize the selected inventory management software to track donor faces, preservation solutions, and related data.

Resources needed:
• IT Specialist
• Software Vendor Support",4/7/2029,4/10/2029,0,d0af366a-186a-4e6b-ae0f-4a0f2fefa5b1,PlanExe
c7be9ecc-472a-4a49-8280-d31b1a1d1c00,Train Staff on System Usage,"Train Staff on System Usage

Description:
Provide comprehensive training to all relevant staff members on how to use the inventory management system effectively.

Resources needed:
• Training Coordinator
• IT Specialist
• Inventory Manager",4/10/2029,4/13/2029,0,09075e8b-5ccd-462a-96e9-b22d33b7e037,PlanExe
a99f4878-fb70-4658-820d-e104fcca0688,Test and Validate System Functionality,"Test and Validate System Functionality

Description:
Thoroughly test and validate the functionality of the inventory management system to ensure accuracy and reliability.

Resources needed:
• IT Specialist
• Inventory Manager
• Quality Assurance Team",4/13/2029,4/16/2029,0,f2158970-6c48-4dfa-97e5-6620da550d37,PlanExe
07f8df70-3b93-46d1-9571-5f7823a7865e,Medical Team Recruitment & Training,,4/16/2029,8/29/2029,0,edea1841-d86e-4d1b-9704-04d6abb593c2,PlanExe
a6dfbdbf-d854-44fa-aaea-71b6dfc22891,"Recruit Transplant Surgeons, Nurses, and Technicians",,4/16/2029,5/31/2029,0,07f8df70-3b93-46d1-9571-5f7823a7865e,PlanExe
603662c9-344a-4f04-9c30-891acb6d9c8e,"Define Surgeon, Nurse, Technician Job Descriptions","Define Surgeon, Nurse, Technician Job Descriptions

Description:
Create detailed job descriptions outlining responsibilities, qualifications, and experience required for each role (Transplant Surgeons, Nurses, and Technicians).

Resources needed:
• HR Specialist
• Medical Director
• Senior Surgeons
• Nursing Manager
• Technical Lead",4/16/2029,4/25/2029,0,a6dfbdbf-d854-44fa-aaea-71b6dfc22891,PlanExe
42ec1737-196e-4c88-bfdd-8e1a359cc439,Advertise Open Positions on Relevant Platforms,"Advertise Open Positions on Relevant Platforms

Description:
Post job openings on medical job boards, professional networks, and university career pages to attract qualified candidates.

Resources needed:
• HR Specialist
• Marketing Team
• Online Job Boards
• Professional Networks",4/25/2029,5/4/2029,0,603662c9-344a-4f04-9c30-891acb6d9c8e,PlanExe
135fc0e9-438a-4721-b996-f43881f0fc16,Screen Applications and Conduct Initial Interviews,"Screen Applications and Conduct Initial Interviews

Description:
Review applications, conduct phone screenings, and schedule initial interviews with promising candidates to assess their qualifications and fit for the roles.

Resources needed:
• HR Specialist
• Recruiting Team
• Interview Panel",5/4/2029,5/13/2029,0,42ec1737-196e-4c88-bfdd-8e1a359cc439,PlanExe
fc6093c8-b948-46c1-9d82-fd919b41657b,Conduct Technical and Practical Skills Assessments,"Conduct Technical and Practical Skills Assessments

Description:
Evaluate candidates' technical skills and practical abilities through simulations, case studies, and hands-on assessments to ensure they possess the necessary expertise.

Resources needed:
• Senior Surgeons
• Nursing Manager
• Technical Lead
• Simulation Equipment",5/13/2029,5/22/2029,0,135fc0e9-438a-4721-b996-f43881f0fc16,PlanExe
fb0389ed-03b4-4bd5-b726-119c8f3b7ba3,Perform Background Checks and Credential Verification,"Perform Background Checks and Credential Verification

Description:
Conduct thorough background checks and verify credentials, licenses, and certifications to ensure candidates meet all legal and regulatory requirements.

Resources needed:
• HR Specialist
• Legal Counsel
• Credentialing Agency",5/22/2029,5/31/2029,0,a6dfbdbf-d854-44fa-aaea-71b6dfc22891,PlanExe
7018d1da-7992-42c1-bec3-176474ec2378,Develop Training Programs for Medical Personnel,,5/31/2029,7/30/2029,0,a6dfbdbf-d854-44fa-aaea-71b6dfc22891,PlanExe
80e6de91-5f68-4d73-9a76-851da609fa65,Curriculum Design for Face Transplant Training,"Curriculum Design for Face Transplant Training

Description:
Develop a comprehensive curriculum covering surgical techniques, immunosuppression protocols, ethical considerations, and psychological support for face transplantation.

Resources needed:
• Experienced transplant surgeons
• Medical educators
• Ethicists
• Psychologists
• Curriculum development specialists",5/31/2029,6/12/2029,0,7018d1da-7992-42c1-bec3-176474ec2378,PlanExe
08d7cf07-78da-4107-8db6-279c1946f7fe,Develop Surgical Simulation Modules,"Develop Surgical Simulation Modules

Description:
Create realistic surgical simulation modules using cadaveric models or virtual reality to provide hands-on training for surgeons and surgical teams.

Resources needed:
• Surgical simulation experts
• Anatomists
• Medical engineers
• Cadaveric models or VR equipment
• Funding for simulation equipment",6/12/2029,6/24/2029,0,80e6de91-5f68-4d73-9a76-851da609fa65,PlanExe
38a84ba4-234b-4161-883f-f301d060cc1f,Establish Mentorship Program with Experts,"Establish Mentorship Program with Experts

Description:
Partner with experienced face transplant centers globally to establish a mentorship program for surgeons, nurses, and technicians to gain practical experience and knowledge.

Resources needed:
• Experienced face transplant surgeons
• International transplant centers
• Travel funding
• Communication platform
• Mentorship program coordinator",6/24/2029,7/6/2029,0,08d7cf07-78da-4107-8db6-279c1946f7fe,PlanExe
f95038eb-bebf-48da-8c5e-f6e7071c4757,Create Standardized Post-Operative Care Protocols,"Create Standardized Post-Operative Care Protocols

Description:
Develop standardized post-operative care protocols for managing immunosuppression, monitoring for rejection, and providing psychological support to face transplant recipients.

Resources needed:
• Transplant nurses
• Immunologists
• Psychologists
• Pharmacists
• Post-operative care specialists",7/6/2029,7/18/2029,0,38a84ba4-234b-4161-883f-f301d060cc1f,PlanExe
83bd2c85-436e-45c2-b215-fe9917d4962c,Develop Training Evaluation and Certification,"Develop Training Evaluation and Certification

Description:
Establish a system for evaluating the effectiveness of the training program and certifying medical personnel who have successfully completed the training.

Resources needed:
• Medical educators
• Assessment specialists
• Certification board
• Evaluation tools
• Administrative support",7/18/2029,7/30/2029,0,7018d1da-7992-42c1-bec3-176474ec2378,PlanExe
a3434b32-c11f-4b3e-b010-1e564ed21e55,Conduct Simulation Training Exercises,,7/30/2029,8/29/2029,0,07f8df70-3b93-46d1-9571-5f7823a7865e,PlanExe
1a3a2127-0354-4eca-9056-427371200c79,Develop Simulation Scenarios and Protocols,"Develop Simulation Scenarios and Protocols

Description:
Create realistic scenarios that mimic face transplantation procedures, including pre-operative planning, surgical techniques, and post-operative care. Develop detailed protocols for each scenario, outlining the roles and responsibilities of each team member.

Resources needed:
• Experienced transplant surgeons
• Simulation specialists
• Medical educators
• Nurses
• Technicians",7/30/2029,8/5/2029,0,a3434b32-c11f-4b3e-b010-1e564ed21e55,PlanExe
d21b27d7-b51a-41f9-a22a-2c7e89a6ed58,Acquire and Configure Simulation Equipment,"Acquire and Configure Simulation Equipment

Description:
Procure necessary simulation equipment, such as mannequins, surgical instruments, and software. Configure the equipment to accurately replicate the conditions of a real face transplantation procedure.

Resources needed:
• Procurement specialists
• Biomedical engineers
• IT technicians
• Simulation technicians",8/5/2029,8/11/2029,0,1a3a2127-0354-4eca-9056-427371200c79,PlanExe
37f79344-021f-4563-b48d-d570bf04dbf9,Train Simulation Facilitators and Observers,"Train Simulation Facilitators and Observers

Description:
Train facilitators to guide the simulation exercises and observers to evaluate the performance of the medical personnel. Provide them with the necessary knowledge and skills to effectively conduct and assess the simulations.

Resources needed:
• Experienced simulation specialists
• Medical educators
• Assessment experts",8/11/2029,8/17/2029,0,d21b27d7-b51a-41f9-a22a-2c7e89a6ed58,PlanExe
f4577276-a266-4bc8-a82d-2141e7fbd99c,Conduct Simulation Exercises and Gather Data,"Conduct Simulation Exercises and Gather Data

Description:
Conduct the simulation exercises with the medical personnel, following the established protocols. Gather data on their performance, including surgical techniques, decision-making, communication, and teamwork.

Resources needed:
• Transplant surgeons
• Nurses
• Technicians
• Simulation facilitators
• Observers",8/17/2029,8/23/2029,0,37f79344-021f-4563-b48d-d570bf04dbf9,PlanExe
1036ce4c-4986-4b0c-9ca2-aaa3e71d7dc3,Analyze Simulation Data and Provide Feedback,"Analyze Simulation Data and Provide Feedback

Description:
Analyze the data gathered from the simulation exercises to identify areas for improvement. Provide constructive feedback to the medical personnel, highlighting their strengths and weaknesses.

Resources needed:
• Data analysts
• Experienced transplant surgeons
• Medical educators",8/23/2029,8/29/2029,0,a3434b32-c11f-4b3e-b010-1e564ed21e55,PlanExe
96817a78-23cf-4f51-b115-c0a63c20a419,Subscription Model Development & Marketing,,8/29/2029,12/15/2029,0,07f8df70-3b93-46d1-9571-5f7823a7865e,PlanExe
ec842223-c669-493e-b08c-ecd6501b2647,Design Subscription Model Tiers and Pricing,,8/29/2029,9/14/2029,0,96817a78-23cf-4f51-b115-c0a63c20a419,PlanExe
b723be5f-9208-453e-af6b-e20e7c2b0935,Research competitor subscription models,"Research competitor subscription models

Description:
Analyze existing subscription models in related industries (e.g., cosmetic surgery, high-end fashion) to identify best practices and potential pitfalls.  Objective: Understand market trends and pricing strategies. Scope: Review competitor offerings, pricing structures, and customer feedback. Steps: Identify relevant competitors, gather data on their subscription models, analyze pricing and features, and document findings. Deliverables: Competitor analysis report.

Resources needed:
• Market research analyst
• Financial analyst
• Industry reports",8/29/2029,9/2/2029,0,ec842223-c669-493e-b08c-ecd6501b2647,PlanExe
5734b2c4-e02d-4dc0-8845-56c3f4fb3d0c,Define core service offerings,"Define core service offerings

Description:
Determine the specific services to be included in each subscription tier (e.g., number of face swaps per month, access to premium features). Objective: Define the value proposition for each tier. Scope: Identify potential service offerings, evaluate their cost and feasibility, and allocate them to different tiers. Steps: Brainstorm potential service offerings, assess their cost and feasibility, prioritize offerings based on customer demand, and allocate them to different tiers. Deliverables: Service offering matrix.

Resources needed:
• Product manager
• Medical director
• Marketing team",9/2/2029,9/6/2029,0,b723be5f-9208-453e-af6b-e20e7c2b0935,PlanExe
2a86897a-4999-4dde-a5f1-d0dc8ed738f1,Develop pricing models and financial projections,"Develop pricing models and financial projections

Description:
Create detailed financial projections for each subscription tier, taking into account costs, revenue, and profitability. Objective: Ensure financial sustainability. Scope: Develop pricing models, forecast revenue, and project profitability. Steps: Estimate costs for each service offering, determine optimal pricing for each tier, forecast subscription uptake, and project revenue and profitability. Deliverables: Financial projections report.

Resources needed:
• Financial analyst
• Accountant
• Business development manager",9/6/2029,9/10/2029,0,5734b2c4-e02d-4dc0-8845-56c3f4fb3d0c,PlanExe
fd0ea2d9-788d-4e1c-b312-1fadfb8de5f2,Assess legal and ethical considerations,"Assess legal and ethical considerations

Description:
Consult with legal and ethical experts to ensure that the subscription model complies with all applicable laws and regulations and addresses potential ethical concerns. Objective: Mitigate legal and ethical risks. Scope: Review legal and ethical implications of the subscription model. Steps: Consult with legal counsel, consult with ethicists, identify potential legal and ethical risks, and develop mitigation strategies. Deliverables: Legal and ethical risk assessment report.

Resources needed:
• Legal counsel
• Ethicist
• Compliance officer",9/10/2029,9/14/2029,0,ec842223-c669-493e-b08c-ecd6501b2647,PlanExe
7f9f308e-365f-46e0-ad45-31a9dc51fa8b,Develop Marketing and Advertising Strategy,,9/14/2029,11/13/2029,0,ec842223-c669-493e-b08c-ecd6501b2647,PlanExe
3e63ebd3-2fe0-4e58-b1f0-4e8b4d98e90d,Define Target Audience and Market Segments,"Define Target Audience and Market Segments

Description:
Identify specific demographics, psychographics, and needs of potential subscribers. Segment the market based on factors such as age, income, lifestyle, and interest in face transplantation.

Resources needed:
• Market research analyst
• Marketing manager",9/14/2029,9/26/2029,0,7f9f308e-365f-46e0-ad45-31a9dc51fa8b,PlanExe
ba2348a4-afa6-475e-9a0e-8bca32eb17b4,Develop Key Messaging and Value Proposition,"Develop Key Messaging and Value Proposition

Description:
Craft compelling messaging that highlights the benefits of the subscription service and addresses potential ethical concerns. Define the unique value proposition for each target market segment.

Resources needed:
• Copywriter
• Marketing strategist
• Ethicist",9/26/2029,10/8/2029,0,3e63ebd3-2fe0-4e58-b1f0-4e8b4d98e90d,PlanExe
edb1c4da-05e4-4c54-a328-dbe7c6828042,Select Marketing Channels and Platforms,"Select Marketing Channels and Platforms

Description:
Determine the most effective channels for reaching the target audience, such as online advertising, social media, public relations, and partnerships with relevant organizations. Evaluate the suitability of different platforms for delivering the marketing message.

Resources needed:
• Marketing manager
• Digital marketing specialist",10/8/2029,10/20/2029,0,ba2348a4-afa6-475e-9a0e-8bca32eb17b4,PlanExe
702c7a45-d903-47be-b61d-960415c32bdf,Create Marketing Materials and Content,"Create Marketing Materials and Content

Description:
Develop engaging marketing materials, including website content, brochures, videos, and social media posts. Ensure that all materials are consistent with the key messaging and value proposition.

Resources needed:
• Graphic designer
• Video editor
• Content writer",10/20/2029,11/1/2029,0,edb1c4da-05e4-4c54-a328-dbe7c6828042,PlanExe
fccdd8e1-1a49-4b15-9724-d488b31c7026,Establish Public Relations and Media Outreach,"Establish Public Relations and Media Outreach

Description:
Develop a public relations strategy to generate positive media coverage and build awareness of the subscription service. Engage with journalists, bloggers, and influencers to promote the service and address potential ethical concerns.

Resources needed:
• Public relations specialist
• Media relations manager",11/1/2029,11/13/2029,0,7f9f308e-365f-46e0-ad45-31a9dc51fa8b,PlanExe
bcbecda8-592b-4c76-911b-8fdbf3848488,Establish Customer Service and Support Protocols,,11/13/2029,12/15/2029,0,96817a78-23cf-4f51-b115-c0a63c20a419,PlanExe
307fc299-ac88-4477-9b8c-b59b39705cb5,Develop Customer Service Training Materials,"Develop Customer Service Training Materials

Description:
Create comprehensive training materials covering product knowledge, customer interaction skills, and problem-solving techniques.

Resources needed:
• Training Specialist
• Subject Matter Experts
• Instructional Designer",11/13/2029,11/21/2029,0,bcbecda8-592b-4c76-911b-8fdbf3848488,PlanExe
fb381bef-9642-442b-a7bd-f9813836b69f,Establish Customer Service Channels,"Establish Customer Service Channels

Description:
Set up communication channels such as phone, email, and online chat to handle customer inquiries and support requests.

Resources needed:
• IT Support
• Telecommunications Specialist
• Customer Service Manager",11/21/2029,11/29/2029,0,307fc299-ac88-4477-9b8c-b59b39705cb5,PlanExe
d5bc63d8-55c9-4f01-bc6f-a2a34337745d,Define Service Level Agreements (SLAs),"Define Service Level Agreements (SLAs)

Description:
Establish clear SLAs for response times, resolution times, and customer satisfaction targets.

Resources needed:
• Customer Service Manager
• Operations Manager
• Legal Counsel",11/29/2029,12/7/2029,0,fb381bef-9642-442b-a7bd-f9813836b69f,PlanExe
80f6dc05-65c9-43a1-81c5-d1a95d8ac6ce,Implement CRM System for Customer Data,"Implement CRM System for Customer Data

Description:
Configure a CRM system to manage customer data, track interactions, and personalize support.

Resources needed:
• CRM Specialist
• IT Support
• Data Analyst",12/7/2029,12/15/2029,0,bcbecda8-592b-4c76-911b-8fdbf3848488,PlanExe
881ece3f-9348-4d69-93f2-2803c75dd85c,Surgical Procedures & Patient Care,,12/15/2029,6/13/2030,0,96817a78-23cf-4f51-b115-c0a63c20a419,PlanExe
ce5e2e90-d960-4aa6-9268-cf34537813aa,Develop Pre-Transplant Assessment Protocols,,12/15/2029,12/25/2029,0,881ece3f-9348-4d69-93f2-2803c75dd85c,PlanExe
59642d8b-cfa6-4f76-8a05-a624ca6c29a1,Gather Patient Medical History and Records,"Gather Patient Medical History and Records

Description:
Collect comprehensive medical history, including past illnesses, surgeries, medications, allergies, and family history. Obtain relevant medical records from previous healthcare providers.

Resources needed:
• Medical Records Specialist
• Patient Liaison
• Electronic Health Record System",12/15/2029,12/17/2029,0,ce5e2e90-d960-4aa6-9268-cf34537813aa,PlanExe
0740ebfc-401c-4ae2-9111-2e108ed92750,Conduct Physical and Neurological Examination,"Conduct Physical and Neurological Examination

Description:
Perform a thorough physical examination to assess the patient's overall health status. Conduct a detailed neurological examination to evaluate nerve function and sensory perception.

Resources needed:
• Transplant Surgeon
• Neurologist
• Examination Room
• Diagnostic Equipment",12/17/2029,12/19/2029,0,59642d8b-cfa6-4f76-8a05-a624ca6c29a1,PlanExe
fa4f0b8a-fe8c-44f4-a0d3-114016cc67e4,Psychological Evaluation and Counseling,"Psychological Evaluation and Counseling

Description:
Assess the patient's psychological readiness for face transplantation. Provide counseling to address potential emotional and psychological challenges associated with the procedure.

Resources needed:
• Psychologist
• Psychiatrist
• Counseling Room
• Psychological Assessment Tools",12/19/2029,12/21/2029,0,0740ebfc-401c-4ae2-9111-2e108ed92750,PlanExe
5c2a916d-27d6-4cc2-8c2b-525402e8431d,Immunological Compatibility Testing,"Immunological Compatibility Testing

Description:
Perform comprehensive immunological testing to determine the patient's compatibility with potential donor faces. Assess the risk of rejection and identify appropriate immunosuppression strategies.

Resources needed:
• Immunologist
• Laboratory Technician
• Laboratory Equipment
• Reagents",12/21/2029,12/23/2029,0,fa4f0b8a-fe8c-44f4-a0d3-114016cc67e4,PlanExe
c954c1d8-3b97-4648-9c90-a48d923e6577,Financial and Insurance Assessment,"Financial and Insurance Assessment

Description:
Evaluate the patient's financial resources and insurance coverage to determine their ability to afford the procedure and associated costs. Provide assistance with navigating insurance claims and financial aid options.

Resources needed:
• Financial Counselor
• Insurance Specialist
• Billing Department
• Financial Aid Resources",12/23/2029,12/25/2029,0,ce5e2e90-d960-4aa6-9268-cf34537813aa,PlanExe
b239ca08-0717-4219-b325-beaacb14e951,Conduct Face Transplantation Procedures,,12/25/2029,1/14/2030,0,ce5e2e90-d960-4aa6-9268-cf34537813aa,PlanExe
4b5491cf-aa89-40b1-87c3-04da0c26bf55,Pre-operative planning and simulations,"Pre-operative planning and simulations

Description:
Thorough planning and simulations to anticipate potential challenges and optimize surgical approach.

Resources needed:
• Surgeons
• Anesthesiologists
• Simulation equipment
• Imaging data",12/25/2029,12/29/2029,0,b239ca08-0717-4219-b325-beaacb14e951,PlanExe
c8ec5412-99e1-45dc-b7e7-7f5a6aee9579,Ensure backup equipment and supplies,"Ensure backup equipment and supplies

Description:
Verify availability of backup surgical instruments, medical supplies, and emergency equipment.

Resources needed:
• Operating room staff
• Supply chain manager
• Biomedical engineers",12/29/2029,1/2/2030,0,4b5491cf-aa89-40b1-87c3-04da0c26bf55,PlanExe
5ea620b1-5c65-43f9-9a73-1c1881b561b1,Experienced surgical team presence,"Experienced surgical team presence

Description:
Confirm the presence of experienced surgeons, nurses, and technicians during the procedure.

Resources needed:
• Surgeons
• Nurses
• Technicians
• Anesthesiologists",1/2/2030,1/6/2030,0,c8ec5412-99e1-45dc-b7e7-7f5a6aee9579,PlanExe
a9703b20-d188-4b03-9664-7ff66bde33e2,Implement strict infection control protocols,"Implement strict infection control protocols

Description:
Adhere to rigorous infection control measures to minimize the risk of post-operative infections.

Resources needed:
• Infection control specialists
• Operating room staff
• Sterilization equipment",1/6/2030,1/10/2030,0,5ea620b1-5c65-43f9-9a73-1c1881b561b1,PlanExe
20502188-d36c-45dd-9bf2-a8bc6ed0048e,Develop contingency plans for complications,"Develop contingency plans for complications

Description:
Establish protocols for managing potential surgical complications, such as bleeding or nerve damage.

Resources needed:
• Surgeons
• Anesthesiologists
• Critical care specialists",1/10/2030,1/14/2030,0,b239ca08-0717-4219-b325-beaacb14e951,PlanExe
c404f9dc-7a1c-4039-9c84-d6f44a6aa0a6,Implement Post-Transplant Care and Monitoring Protocols,,1/14/2030,3/15/2030,0,b239ca08-0717-4219-b325-beaacb14e951,PlanExe
f610d7ac-9e6d-459c-8f77-d4c384a4cc73,Monitor for rejection signs and symptoms,"Monitor for rejection signs and symptoms

Description:
Closely observe the patient for any signs of acute or chronic rejection, such as skin changes, swelling, or decreased blood flow to the transplanted face. Regularly assess immune function through blood tests and biopsies.

Resources needed:
• Transplant surgeon
• Nurses
• Pathologist
• Immunologist",1/14/2030,1/26/2030,0,c404f9dc-7a1c-4039-9c84-d6f44a6aa0a6,PlanExe
3f756606-3068-4ede-87bb-f4ef7811519f,Manage immunosuppression medication regimen,"Manage immunosuppression medication regimen

Description:
Administer immunosuppressant medications as prescribed to prevent rejection. Monitor drug levels and adjust dosages as needed to maintain therapeutic levels while minimizing side effects. Educate the patient on the importance of medication adherence and potential side effects.

Resources needed:
• Pharmacist
• Nurses
• Transplant physician",1/26/2030,2/7/2030,0,f610d7ac-9e6d-459c-8f77-d4c384a4cc73,PlanExe
27d8c508-3cb0-449e-8744-26bde56fb0cc,Provide wound care and infection control,"Provide wound care and infection control

Description:
Ensure proper wound healing by providing meticulous wound care, including regular cleaning and dressing changes. Monitor for signs of infection and administer antibiotics as needed. Implement strict infection control protocols to prevent hospital-acquired infections.

Resources needed:
• Nurses
• Infection control specialist
• Surgeons",2/7/2030,2/19/2030,0,3f756606-3068-4ede-87bb-f4ef7811519f,PlanExe
d1789094-0d0f-4e26-b283-84c4ae73fe45,Offer physical and occupational therapy,"Offer physical and occupational therapy

Description:
Provide physical and occupational therapy to help the patient regain motor function and sensation in the transplanted face. Develop a customized rehabilitation plan to address specific needs and goals. Monitor progress and adjust therapy as needed.

Resources needed:
• Physical therapist
• Occupational therapist",2/19/2030,3/3/2030,0,27d8c508-3cb0-449e-8744-26bde56fb0cc,PlanExe
53128582-e4e8-49c1-821c-89b833908400,Address psychological and emotional needs,"Address psychological and emotional needs

Description:
Provide ongoing psychological support and counseling to help the patient cope with the emotional challenges of face transplantation. Address issues such as body image, identity, and social adjustment. Offer support groups and peer mentoring opportunities.

Resources needed:
• Psychologist
• Psychiatrist
• Social worker
• Support group facilitator",3/3/2030,3/15/2030,0,c404f9dc-7a1c-4039-9c84-d6f44a6aa0a6,PlanExe
742e9056-0c0f-4c78-bec1-00825bc6dfa1,Establish Psychological Support Program,,3/15/2030,6/13/2030,0,881ece3f-9348-4d69-93f2-2803c75dd85c,PlanExe
9bfd6658-f8e9-43bd-baa4-6a626dcf1ab0,Recruit qualified therapists and counselors,"Recruit qualified therapists and counselors

Description:
Identify and recruit experienced therapists and counselors specializing in transplantation and identity issues.

Resources needed:
• HR department
• Psychiatrists
• Psychologists",3/15/2030,4/2/2030,0,742e9056-0c0f-4c78-bec1-00825bc6dfa1,PlanExe
71b12a59-061d-4e45-89a0-51509d3a9ad5,Develop counseling protocols and materials,"Develop counseling protocols and materials

Description:
Create standardized counseling protocols and educational materials for recipients and donor families.

Resources needed:
• Psychologists
• Medical ethicists
• Patient support groups",4/2/2030,4/20/2030,0,9bfd6658-f8e9-43bd-baa4-6a626dcf1ab0,PlanExe
70e0a488-b358-4e8e-9056-592d8de91ff3,Establish support group infrastructure,"Establish support group infrastructure

Description:
Create a physical or virtual space for support groups to meet and share experiences.

Resources needed:
• Facility manager
• IT support
• Support group facilitators",4/20/2030,5/8/2030,0,71b12a59-061d-4e45-89a0-51509d3a9ad5,PlanExe
4f4f3167-98ea-47ee-9e04-c332daa74fec,Implement patient referral system,"Implement patient referral system

Description:
Develop a system for referring patients to the psychological support program.

Resources needed:
• Medical staff
• Patient liaison
• Psychologists",5/8/2030,5/26/2030,0,70e0a488-b358-4e8e-9056-592d8de91ff3,PlanExe
e54814fc-de88-4e29-bfc0-aa7ee072f345,Monitor and evaluate program effectiveness,"Monitor and evaluate program effectiveness

Description:
Track patient outcomes and satisfaction to assess the effectiveness of the psychological support program.

Resources needed:
• Data analysts
• Psychologists
• Patient feedback surveys",5/26/2030,6/13/2030,0,742e9056-0c0f-4c78-bec1-00825bc6dfa1,PlanExe
991ae3aa-a394-4134-a5a8-540b61b454b5,Ongoing Operations & Maintenance,,6/13/2030,7/23/2030,0,60c6b7a8-2145-4e79-a407-31d257bd7417,PlanExe
036d3f1f-d298-4895-bd33-6009f5bf182f,Manage Facility Operations and Maintenance,,6/13/2030,6/17/2030,0,991ae3aa-a394-4134-a5a8-540b61b454b5,PlanExe
99b05c9b-3da6-4549-ba9e-6f683164e368,Schedule routine equipment maintenance,"Schedule routine equipment maintenance

Description:
Establish a schedule for routine maintenance of all medical and facility equipment to prevent unexpected failures and ensure optimal performance. This includes scheduling inspections, repairs, and replacements as needed.

Resources needed:
• Maintenance technicians
• Equipment manuals
• Maintenance schedule software",6/13/2030,6/14/2030,0,036d3f1f-d298-4895-bd33-6009f5bf182f,PlanExe
24a1355a-be32-4f64-b6d7-d13216f50e26,Manage medical supply inventory,"Manage medical supply inventory

Description:
Maintain an adequate inventory of medical supplies, including surgical instruments, medications, and consumables, to ensure uninterrupted operations. This involves tracking inventory levels, placing orders, and managing storage.

Resources needed:
• Inventory management software
• Supply chain manager
• Storage space",6/14/2030,6/15/2030,0,99b05c9b-3da6-4549-ba9e-6f683164e368,PlanExe
4ff300b0-b124-407b-b161-051804def801,Address facility maintenance requests,"Address facility maintenance requests

Description:
Respond to and resolve facility maintenance requests promptly and efficiently to maintain a safe and comfortable environment for patients and staff. This includes addressing issues such as plumbing problems, electrical repairs, and HVAC malfunctions.

Resources needed:
• Maintenance staff
• Repair tools
• Facility management system",6/15/2030,6/16/2030,0,24a1355a-be32-4f64-b6d7-d13216f50e26,PlanExe
cf21067b-023f-478e-9348-fceb3b17fd69,Ensure compliance with safety regulations,"Ensure compliance with safety regulations

Description:
Ensure that the facility complies with all relevant safety regulations and standards to protect patients, staff, and visitors. This includes conducting regular safety inspections, implementing safety protocols, and providing safety training.

Resources needed:
• Safety officer
• Safety checklists
• Regulatory guidelines",6/16/2030,6/17/2030,0,036d3f1f-d298-4895-bd33-6009f5bf182f,PlanExe
9ad0a546-40bb-4563-adc1-099850a36f92,Monitor and Evaluate Subscription Service Performance,,6/17/2030,6/27/2030,0,036d3f1f-d298-4895-bd33-6009f5bf182f,PlanExe
4a247e67-a282-43d8-80c1-e1b23ec05ca9,Implement Data Collection Methods,"Implement Data Collection Methods

Description:
Develop and establish robust methods for collecting data on subscription service performance, ensuring accuracy and reliability of metrics.

Resources needed:
• Data analyst
• CRM system
• Survey tools",6/17/2030,6/19/2030,0,9ad0a546-40bb-4563-adc1-099850a36f92,PlanExe
c7f4ebe1-e39a-480b-a27c-2e54e214df2f,Analyze Subscription Metrics,"Analyze Subscription Metrics

Description:
Regularly analyze collected data to evaluate key performance indicators (KPIs) related to subscription uptake, user engagement, and retention rates.

Resources needed:
• Data analyst
• Reporting software
• Market research tools",6/19/2030,6/21/2030,0,4a247e67-a282-43d8-80c1-e1b23ec05ca9,PlanExe
d1ac5d53-91d3-4dee-848f-2cf200244eca,Conduct User Feedback Surveys,"Conduct User Feedback Surveys

Description:
Design and distribute surveys to current subscribers to gather feedback on their experiences and suggestions for improvement.

Resources needed:
• Survey platform
• Marketing team
• Data analyst",6/21/2030,6/23/2030,0,c7f4ebe1-e39a-480b-a27c-2e54e214df2f,PlanExe
73068e2d-0133-48b5-9059-f8cf9838a9cc,Adjust Marketing Strategies,"Adjust Marketing Strategies

Description:
Based on performance analysis and user feedback, refine marketing strategies to enhance subscription service appeal and reach.

Resources needed:
• Marketing team
• Advertising budget
• Market research data",6/23/2030,6/25/2030,0,d1ac5d53-91d3-4dee-848f-2cf200244eca,PlanExe
e5dd9714-c2a0-42ce-90b3-3a5e6b7521ab,Report Performance Findings,"Report Performance Findings

Description:
Compile and present findings on subscription service performance to stakeholders, highlighting successes and areas for improvement.

Resources needed:
• Data analyst
• Presentation software
• Stakeholder engagement team",6/25/2030,6/27/2030,0,9ad0a546-40bb-4563-adc1-099850a36f92,PlanExe
fefe05de-7920-4c46-aad2-22acfc31ad4e,Conduct Ongoing Regulatory Compliance Audits,,6/27/2030,7/7/2030,0,9ad0a546-40bb-4563-adc1-099850a36f92,PlanExe
e066ece9-f4fc-44da-ac21-c7b4e1227405,Identify applicable regulatory compliance standards,"Identify applicable regulatory compliance standards

Description:
Determine the specific regulatory compliance standards relevant to the face transplantation facility and subscription service, including data privacy, patient safety, and ethical guidelines.

Resources needed:
• Regulatory Liaison & Compliance Officer
• Legal Counsel",6/27/2030,6/29/2030,0,fefe05de-7920-4c46-aad2-22acfc31ad4e,PlanExe
bf6ab506-27ef-49cc-8f69-9cab73f21113,Schedule internal compliance audits,"Schedule internal compliance audits

Description:
Establish a schedule for conducting internal compliance audits to assess adherence to regulatory standards and identify areas for improvement.

Resources needed:
• Regulatory Liaison & Compliance Officer
• Compliance Auditor",6/29/2030,7/1/2030,0,e066ece9-f4fc-44da-ac21-c7b4e1227405,PlanExe
0030f8d5-5257-4b6e-9246-9bce57ff7458,Prepare audit documentation and checklists,"Prepare audit documentation and checklists

Description:
Develop comprehensive audit documentation and checklists to ensure thorough and consistent evaluation of compliance with regulatory requirements.

Resources needed:
• Regulatory Liaison & Compliance Officer
• Compliance Auditor",7/1/2030,7/3/2030,0,bf6ab506-27ef-49cc-8f69-9cab73f21113,PlanExe
53859978-b189-4292-bdd2-ee08e3816a82,Conduct external regulatory compliance audits,"Conduct external regulatory compliance audits

Description:
Engage external auditors to conduct independent assessments of compliance with regulatory standards and identify potential gaps or areas of non-compliance.

Resources needed:
• Regulatory Liaison & Compliance Officer
• External Auditors",7/3/2030,7/5/2030,0,0030f8d5-5257-4b6e-9246-9bce57ff7458,PlanExe
23e9b77b-b49f-4b95-862e-bbc0950caa82,Address audit findings and implement corrective actions,"Address audit findings and implement corrective actions

Description:
Develop and implement corrective action plans to address any findings from internal or external audits and ensure ongoing compliance with regulatory requirements.

Resources needed:
• Regulatory Liaison & Compliance Officer
• Department Heads",7/5/2030,7/7/2030,0,fefe05de-7920-4c46-aad2-22acfc31ad4e,PlanExe
ae90a39b-29b6-460d-a270-7d8989677943,Continuously Improve Processes and Technologies,,7/7/2030,7/23/2030,0,991ae3aa-a394-4134-a5a8-540b61b454b5,PlanExe
15d712d2-0f26-4294-97cd-66a0d12f7b66,Identify areas for process improvement,"Identify areas for process improvement

Description:
Objective: Pinpoint specific processes within the facility that can be optimized for efficiency, cost-effectiveness, or patient outcomes.
Scope: Review existing workflows, gather feedback from staff, and analyze performance data to identify areas for improvement.
Steps: Conduct staff surveys, analyze operational data, hold brainstorming sessions, and document findings.
Deliverables: A report outlining identified areas for process improvement with specific recommendations.

Resources needed:
• Process Improvement Specialist
• Data Analyst
• Medical Staff
• Project Manager",7/7/2030,7/11/2030,0,ae90a39b-29b6-460d-a270-7d8989677943,PlanExe
c93808d4-549d-424b-be34-27ebc96f2ab4,Evaluate emerging medical technologies,"Evaluate emerging medical technologies

Description:
Objective: Assess the potential of new medical technologies to enhance face transplantation procedures and patient care.
Scope: Research and evaluate emerging technologies such as advanced imaging techniques, robotic surgery, and regenerative medicine.
Steps: Conduct literature reviews, attend industry conferences, consult with technology vendors, and evaluate potential benefits and risks.
Deliverables: A report summarizing the evaluation of emerging medical technologies with recommendations for potential adoption.

Resources needed:
• Medical Technology Researcher
• Transplant Surgeon
• Biomedical Engineer
• Research Budget",7/11/2030,7/15/2030,0,15d712d2-0f26-4294-97cd-66a0d12f7b66,PlanExe
d6127fca-e8dc-4737-8977-db75c7f8a284,Pilot test new processes and technologies,"Pilot test new processes and technologies

Description:
Objective: Implement pilot programs to test the feasibility and effectiveness of new processes and technologies in a controlled environment.
Scope: Select specific areas for pilot testing, develop testing protocols, and monitor results.
Steps: Develop pilot program plans, train staff, implement new processes or technologies, collect data, and analyze results.
Deliverables: Pilot program reports with recommendations for full-scale implementation or modifications.

Resources needed:
• Medical Staff
• IT Support
• Project Manager
• Training Materials
• Pilot Test Budget",7/15/2030,7/19/2030,0,c93808d4-549d-424b-be34-27ebc96f2ab4,PlanExe
a74fb24b-025c-44f1-abf3-f20f9c8c5540,Implement approved improvements facility-wide,"Implement approved improvements facility-wide

Description:
Objective: Roll out approved process improvements and new technologies across the entire facility.
Scope: Develop implementation plans, train staff, and monitor performance to ensure successful adoption.
Steps: Develop implementation plans, train staff, communicate changes, monitor performance, and provide ongoing support.
Deliverables: Updated operational procedures, trained staff, and improved facility performance metrics.

Resources needed:
• Training Staff
• Project Manager
• Communication Team
• Medical Staff
• IT Support",7/19/2030,7/23/2030,0,ae90a39b-29b6-460d-a270-7d8989677943,PlanExe
