{
  "plan_characteristics": {
    "ambition_and_scale": "The plan is highly ambitious, aiming to digitize millions of items and recover petabytes of data across numerous archives globally over a decade. It seeks to revolutionize archival practices.",
    "risk_and_novelty": "The plan involves moderate risk. While the containerized approach is inspired by existing models, the integration of vintage equipment, AI, and robotic systems for large-scale digitization is novel. The reliance on aging equipment introduces hardware risks.",
    "complexity_and_constraints": "The plan is complex, involving logistical challenges (mobile units), technical hurdles (vintage equipment maintenance, AI implementation), legal considerations (copyright, privacy), and financial constraints ($250M budget).",
    "domain_and_tone": "The plan is a blend of archival science, engineering, and project management. The tone is practical, emphasizing risk mitigation and measurable success metrics.",
    "holistic_profile_of_the_plan": "The plan is a large-scale, moderately risky, and complex undertaking to digitize at-risk media using a novel containerized approach, requiring careful management of vintage equipment, AI, and logistical challenges within a defined budget and legal framework."
  },
  "scenario_assessments": [
    {
      "scenario_name": "The Pioneer's Gambit",
      "fit_score": 6,
      "fit_assessment": "This scenario's aggressive innovation and rapid scaling align somewhat with the plan's ambition, but its high-risk approach and reliance on unproven technologies are less suitable given the plan's emphasis on risk mitigation and vintage equipment."
    },
    {
      "scenario_name": "The Builder's Foundation",
      "fit_score": 9,
      "fit_assessment": "This scenario's balanced approach, prioritizing solid progress, manageable risk, and proven technologies, closely aligns with the plan's emphasis on reliability, quality, and long-term sustainability."
    },
    {
      "scenario_name": "The Consolidator's Approach",
      "fit_score": 5,
      "fit_assessment": "While this scenario's risk-aversion aligns with some aspects of the plan, its conservative nature and focus on core archives may limit the plan's ambitious goals for large-scale digitization and global reach."
    }
  ],
  "final_choice": {
    "chosen_scenario_name": "The Builder's Foundation",
    "justification": "The Builder's Foundation is the most fitting scenario because its strategic logic directly addresses the core characteristics of the plan. \n\n*   It balances ambition with manageable risk, aligning with the plan's need to innovate while mitigating hardware and operational challenges.\n*   The emphasis on proven technologies and established partnerships addresses the complexity of maintaining vintage equipment and navigating legal constraints.\n*   The phased scaling approach and focus on quality over speed reflect the plan's commitment to long-term sustainability and measurable success metrics.\n\nThe Pioneer's Gambit is too risky given the reliance on vintage equipment, and The Consolidator's Approach is too conservative to achieve the plan's ambitious digitization goals."
  }
}