[
  {
    "id": "abe1d3bf-cbae-4793-81b0-732c08f4b5c5",
    "title": "Logistics Coordinator",
    "knowledge": "Supply chain management, transportation logistics, container shipping, international shipping regulations",
    "why": "Needed to optimize MIU deployment, routing, and maintenance schedules, addressing operational risks and site access challenges.",
    "what": "Map optimal MIU routes, accounting for site access, regulatory constraints, and equipment maintenance schedules.",
    "skills": "Route optimization, regulatory compliance, risk management, vendor negotiation, scheduling",
    "search_query": "logistics coordinator, container shipping, international logistics, supply chain"
  },
  {
    "id": "ae4010f1-4c18-4b2a-83f6-835e82c89c35",
    "title": "Data Governance Officer",
    "knowledge": "Data privacy regulations, GDPR, CCPA, data security, compliance frameworks, data ethics",
    "why": "Needed to ensure compliance with cross-border data transfer regulations and data privacy laws, mitigating regulatory risks.",
    "what": "Develop a comprehensive data governance framework that addresses data sovereignty, privacy, and security requirements.",
    "skills": "Compliance auditing, risk assessment, policy development, data encryption, international law",
    "search_query": "data governance, GDPR, CCPA, data privacy, compliance"
  },
  {
    "id": "6184ff55-bfb2-45a4-bace-9d4e2ef1e04a",
    "title": "Environmental Compliance Manager",
    "knowledge": "Hazardous waste disposal, environmental regulations, waste management, sustainability, environmental impact assessment",
    "why": "Needed to address the environmental impact of vintage equipment disposal and ensure compliance with environmental regulations.",
    "what": "Develop a hazardous waste disposal plan that complies with all applicable environmental regulations.",
    "skills": "Environmental auditing, regulatory compliance, waste management, sustainability reporting, risk assessment",
    "search_query": "environmental compliance, hazardous waste, waste disposal, sustainability"
  },
  {
    "id": "84101cbf-a52d-4e38-9cbb-915db0d06a41",
    "title": "Archival Insurance Specialist",
    "knowledge": "Cultural heritage insurance, fine arts insurance, archival risk management, on-site processing insurance, media preservation",
    "why": "Needed to assess insurance implications of on-site processing and ensure adequate coverage for media and equipment.",
    "what": "Review insurance policies to ensure they cover on-site digitization and potential equipment malfunctions.",
    "skills": "Risk assessment, policy analysis, claims management, archival practices, insurance law",
    "search_query": "archival insurance, cultural heritage, fine arts, risk management"
  },
  {
    "id": "eaa2dcab-80c3-4f9c-b3ce-2372f0e6b317",
    "title": "AI Ethics Consultant",
    "knowledge": "Algorithmic bias, fairness, accountability, transparency, AI ethics, machine learning",
    "why": "Needed to evaluate and mitigate potential biases in AI pre-screening algorithms, addressing ethical concerns.",
    "what": "Assess AI algorithms for bias and develop mitigation strategies to ensure fair and accurate content review.",
    "skills": "Bias detection, ethical frameworks, algorithm auditing, data analysis, machine learning",
    "search_query": "AI ethics, algorithmic bias, fairness, accountability"
  },
  {
    "id": "61f863e8-f2dd-4a5e-b143-7a4109580336",
    "title": "Cybersecurity Architect",
    "knowledge": "Network security, data encryption, threat modeling, incident response, cybersecurity frameworks, data breach prevention",
    "why": "Needed to design and implement a robust cybersecurity architecture to protect digitized data from breaches and unauthorized access.",
    "what": "Develop a cybersecurity plan, including multi-factor authentication and incident response protocols.",
    "skills": "Penetration testing, vulnerability assessment, security auditing, data encryption, network design",
    "search_query": "cybersecurity, data encryption, threat modeling, incident response"
  },
  {
    "id": "cd6c5296-1378-4f54-bde3-6c7260f6fba1",
    "title": "Grant Writer",
    "knowledge": "Grant proposals, fundraising, non-profit funding, government funding, cultural preservation, archival projects",
    "why": "Needed to secure additional funding from government archives, cultural preservation organizations, and technology companies.",
    "what": "Develop grant proposals targeting funding sources aligned with the project's goals.",
    "skills": "Proposal writing, fundraising strategy, grant management, communication, research",
    "search_query": "grant writer, archival projects, cultural preservation, fundraising"
  },
  {
    "id": "0035cf7c-80d2-4963-a132-25cb20d73da5",
    "title": "Vintage Equipment Broker",
    "knowledge": "Vintage electronics, broadcast equipment, tape decks, film scanners, auctions, equipment appraisal",
    "why": "Needed to source and appraise vintage equipment, ensuring cost-effective acquisition and parts inventory management.",
    "what": "Identify and negotiate purchase agreements with decommissioned facilities for vintage equipment.",
    "skills": "Negotiation, equipment appraisal, market analysis, supply chain management, vintage technology",
    "search_query": "vintage equipment, broadcast equipment, tape decks, film scanners"
  }
]