[
  {
    "id": "57278d61-401f-45d5-a7cc-d80626516e1e",
    "document_name": "Project Charter",
    "description": "A formal document that authorizes the project, defines its objectives, identifies key stakeholders, and outlines the project manager's authority. It serves as a high-level overview and agreement among stakeholders. Includes scope, objectives, high-level risks, and governance.",
    "responsible_role_type": "Project Manager",
    "document_template_primary": "PMI Project Charter Template",
    "document_template_secondary": null,
    "steps_to_create": [
      "Define project goals and objectives based on the strategic decisions.",
      "Identify key stakeholders and their roles.",
      "Outline project scope, deliverables, and high-level timeline.",
      "Define project governance structure and decision-making processes.",
      "Obtain approval from key stakeholders."
    ],
    "approval_authorities": "Steering Committee, Funding Organizations",
    "essential_information": [
      "What are the specific, measurable, achievable, relevant, and time-bound (SMART) objectives for the CDDIN project?",
      "What is the high-level scope of the project, including key deliverables and exclusions?",
      "Who are the primary and secondary stakeholders, and what are their roles and responsibilities?",
      "What is the project's governance structure, including decision-making processes and escalation paths?",
      "What are the high-level risks associated with the project, and what are the initial mitigation strategies?",
      "What is the allocated budget for the project, and what are the key funding sources?",
      "What is the project's timeline, including key milestones and deadlines?",
      "What are the dependencies (internal and external) critical to project success?",
      "What are the success criteria for the project, beyond the measurable objectives?",
      "What level of authority does the Project Manager have to make decisions and allocate resources?"
    ],
    "risks_of_poor_quality": [
      "Unclear project objectives lead to scope creep and misaligned efforts.",
      "Lack of stakeholder buy-in results in resistance and delays.",
      "Undefined governance structure causes confusion and inefficient decision-making.",
      "Inadequate risk assessment leads to unforeseen problems and project failure.",
      "Ambiguous scope definition results in significant rework and budget overruns.",
      "Missing or incomplete stakeholder identification leads to unmanaged expectations and potential conflicts."
    ],
    "worst_case_scenario": "The project fails to secure necessary funding due to a poorly defined scope and objectives, leading to complete abandonment of the CDDIN initiative and loss of invested resources.",
    "best_case_scenario": "The Project Charter clearly defines the project's objectives, scope, and governance, enabling efficient execution, stakeholder alignment, and successful achievement of the CDDIN project's goals, leading to the preservation of at-risk media and the recovery of valuable data. Enables go/no-go decision on Phase 2 funding.",
    "fallback_alternative_approaches": [
      "Utilize a pre-approved company template and adapt it to the CDDIN project.",
      "Schedule a focused workshop with key stakeholders to collaboratively define project objectives and scope.",
      "Engage a project management consultant to assist in developing the Project Charter.",
      "Develop a simplified 'minimum viable charter' covering only critical elements initially, then iterate based on feedback."
    ]
  },
  {
    "id": "c494a608-2df9-4f22-8f7d-89f46ce7f2c0",
    "document_name": "Risk Register",
    "description": "A document that identifies potential risks to the project, assesses their likelihood and impact, and outlines mitigation strategies. It's a living document that is updated throughout the project lifecycle. Includes technical, operational, financial, regulatory, and social risks.",
    "responsible_role_type": "Risk Manager",
    "document_template_primary": "PMI Risk Register Template",
    "document_template_secondary": null,
    "steps_to_create": [
      "Identify potential risks based on project assumptions, constraints, and dependencies.",
      "Assess the likelihood and impact of each risk.",
      "Develop mitigation strategies for high-priority risks.",
      "Assign risk owners and track mitigation progress.",
      "Regularly review and update the risk register."
    ],
    "approval_authorities": "Project Manager, Steering Committee",
    "essential_information": [
      "Identify all potential risks across technical, operational, financial, regulatory, social, supply chain, environmental, and security domains.",
      "For each identified risk, assess its likelihood (probability of occurrence) using a defined scale (e.g., Low, Medium, High) and its potential impact (severity of consequences) using a defined scale (e.g., Low, Medium, High).",
      "Quantify the potential financial impact of each risk, estimating the potential cost overruns, revenue losses, or fines.",
      "Develop specific, actionable mitigation strategies for each high-priority risk (risks with high likelihood and high impact).",
      "Assign a risk owner to each identified risk, responsible for monitoring the risk and implementing the mitigation strategy.",
      "Define triggers or warning signs that indicate a risk is becoming more likely to occur.",
      "Establish a process for regularly reviewing and updating the risk register (e.g., monthly, quarterly).",
      "Document the assumptions used in the risk assessment process.",
      "Detail contingency plans to be implemented if mitigation strategies are not successful.",
      "Requires access to the project plan, assumptions document, and stakeholder analysis."
    ],
    "risks_of_poor_quality": [
      "Failure to identify critical risks leads to unexpected problems and project delays.",
      "Inaccurate risk assessment results in misallocation of resources and ineffective mitigation strategies.",
      "Lack of clear mitigation strategies leaves the project vulnerable to significant negative impacts.",
      "Outdated risk register fails to reflect changing project conditions and emerging threats.",
      "Missing regulatory risks can lead to legal challenges, fines, and project shutdowns.",
      "Poorly defined risk ownership results in lack of accountability and inaction."
    ],
    "worst_case_scenario": "A major, unmitigated risk (e.g., equipment failure, regulatory violation, security breach) causes catastrophic project failure, resulting in significant financial losses, reputational damage, and legal liabilities.",
    "best_case_scenario": "Proactive identification and mitigation of potential risks ensures smooth project execution, minimizes disruptions, and enables the project to achieve its goals on time and within budget. Enables informed decision-making regarding resource allocation and risk tolerance.",
    "fallback_alternative_approaches": [
      "Conduct a brainstorming session with the project team to identify potential risks.",
      "Utilize a pre-existing risk checklist or template specific to archival digitization projects.",
      "Engage a risk management consultant to conduct a comprehensive risk assessment.",
      "Focus initially on identifying and mitigating the top 3-5 most critical risks, and expand the register iteratively."
    ]
  },
  {
    "id": "54fb4c1c-9ea2-47ae-9d70-66560b968bb8",
    "document_name": "High-Level Budget/Funding Framework",
    "description": "A document outlining the overall project budget, funding sources, and financial management processes. It provides a high-level overview of project finances and ensures that sufficient funding is available to support project activities. Includes budget allocation, funding sources, and financial reporting requirements.",
    "responsible_role_type": "Financial Analyst",
    "document_template_primary": null,
    "document_template_secondary": null,
    "steps_to_create": [
      "Develop a detailed cost breakdown for all project activities.",
      "Identify potential funding sources and secure commitments.",
      "Establish a budget allocation plan.",
      "Define financial reporting requirements.",
      "Establish a process for tracking and managing project expenses."
    ],
    "approval_authorities": "Steering Committee, Funding Organizations",
    "essential_information": [
      "What is the total estimated project cost, broken down by phase (Phase 1, Phase 2, Phase 3)?",
      "Identify and quantify all potential funding sources (government grants, private investment, data-as-a-service revenue, etc.) with specific amounts and timelines for each.",
      "What are the key assumptions underlying the budget projections (e.g., MIU deployment rate, AI efficiency gains, equipment maintenance costs)?",
      "Detail the budget allocation across major cost categories (equipment, personnel, logistics, AI development, data storage, regulatory compliance).",
      "Define the financial reporting requirements for each funding source, including frequency, level of detail, and key performance indicators (KPIs).",
      "What are the specific criteria for releasing funds at each phase of the project?",
      "What are the contingency plans for budget shortfalls or unexpected expenses?",
      "How will the project track and manage expenses to ensure adherence to the budget?",
      "What are the key financial risks and mitigation strategies?",
      "What is the projected ROI for each funding source and the overall project?"
    ],
    "risks_of_poor_quality": [
      "Inaccurate budget projections lead to funding shortfalls and project delays.",
      "Unclear funding sources result in insufficient financial resources to support project activities.",
      "Poor financial management leads to cost overruns and inefficient use of funds.",
      "Lack of transparency in financial reporting erodes stakeholder trust and jeopardizes future funding.",
      "Inadequate contingency planning leaves the project vulnerable to unexpected financial challenges."
    ],
    "worst_case_scenario": "The project runs out of funding mid-way through Phase 2, resulting in the abandonment of partially digitized archives and significant financial losses for all stakeholders.",
    "best_case_scenario": "The document secures diverse and sufficient funding, enabling the project to meet all digitization targets, generate sustainable revenue streams, and establish a model for future archival preservation initiatives. Enables go/no-go decision on Phase 2 funding and provides clear financial targets for the project team.",
    "fallback_alternative_approaches": [
      "Utilize a pre-approved budget template from a similar archival digitization project and adapt it to the CDDIN project's specific needs.",
      "Schedule a focused workshop with the Steering Committee and key financial stakeholders to collaboratively define budget priorities and funding strategies.",
      "Engage a financial consultant with experience in large-scale digitization projects to develop a simplified budget framework covering only critical elements initially.",
      "Develop a 'minimum viable budget' focusing on securing funding for Phase 1 only, with detailed plans for subsequent phases to be developed later."
    ]
  },
  {
    "id": "33c97fca-cb5b-4dd1-b173-56f83a025e06",
    "document_name": "Initial High-Level Schedule/Timeline",
    "description": "A high-level timeline outlining the major project phases, milestones, and deliverables. It provides a roadmap for project execution and ensures that the project stays on track. Includes key milestones, dependencies, and resource allocation.",
    "responsible_role_type": "Project Scheduler",
    "document_template_primary": "Gantt Chart Template",
    "document_template_secondary": null,
    "steps_to_create": [
      "Define major project phases and milestones.",
      "Identify key dependencies and critical path activities.",
      "Allocate resources to project activities.",
      "Develop a realistic timeline based on resource availability and dependencies.",
      "Obtain approval from key stakeholders."
    ],
    "approval_authorities": "Project Manager, Steering Committee",
    "essential_information": [
      "What are the major project phases (e.g., Planning, Acquisition, Deployment, Operation, Decommissioning)?",
      "What are the key milestones for each phase, with specific, measurable, achievable, relevant, and time-bound (SMART) criteria?",
      "What are the critical path activities that directly impact the project completion date?",
      "Identify all dependencies between tasks and phases.",
      "What are the estimated start and end dates for each phase and milestone?",
      "What are the resource allocation requirements (personnel, equipment, budget) for each phase?",
      "What are the key deliverables for each phase and milestone?",
      "What are the approval gates or decision points at the end of each phase?",
      "What are the assumptions underlying the timeline (e.g., resource availability, technology performance, regulatory approvals)?",
      "What are the potential risks that could impact the timeline, and what are the mitigation strategies?",
      "Requires input from the 'strategic_decisions.md' file to align the timeline with the chosen strategic path.",
      "Requires input from the 'assumptions.md' file to ensure the timeline reflects key assumptions and contingencies.",
      "Requires input from the 'project-plan.md' file to align with the SMART criteria and risk assessment."
    ],
    "risks_of_poor_quality": [
      "Unrealistic timelines lead to missed deadlines and project delays.",
      "Inaccurate resource allocation results in budget overruns and resource shortages.",
      "Unclear dependencies cause bottlenecks and workflow disruptions.",
      "Lack of stakeholder approval leads to rework and conflicts.",
      "Poorly defined milestones make it difficult to track progress and identify issues.",
      "An inaccurate schedule prevents effective coordination of MIU deployments and resource allocation."
    ],
    "worst_case_scenario": "The project experiences significant delays due to an unrealistic timeline, leading to loss of funding, reputational damage, and failure to achieve the project's preservation goals. The project fails to digitize at-risk media before it degrades beyond recovery.",
    "best_case_scenario": "The project is completed on time and within budget, achieving all key milestones and deliverables. The timeline enables efficient resource allocation, proactive risk management, and effective stakeholder communication, resulting in successful preservation of at-risk media and widespread access to digitized content. Enables effective tracking of MIU deployment and digitization progress.",
    "fallback_alternative_approaches": [
      "Develop a simplified high-level timeline focusing only on major phases and milestones.",
      "Utilize a pre-existing project timeline template and adapt it to the specific project requirements.",
      "Conduct a focused workshop with key stakeholders to collaboratively define the timeline and milestones.",
      "Engage a project scheduling expert to assist in developing a realistic and achievable timeline."
    ]
  },
  {
    "id": "d82d52b8-93c5-4da6-a993-3b1fe02ba0f6",
    "document_name": "Vintage Equipment Maintenance and Repair Strategy",
    "description": "A high-level plan outlining the approach to maintaining and repairing vintage equipment, including parts sourcing, training, and repair procedures. It ensures equipment uptime and minimizes downtime. Includes parts inventory management, training program, and repair protocols.",
    "responsible_role_type": "Engineering Manager",
    "document_template_primary": null,
    "document_template_secondary": null,
    "steps_to_create": [
      "Assess the condition of existing vintage equipment.",
      "Identify critical parts and components.",
      "Develop a parts sourcing strategy.",
      "Establish a training program for maintenance personnel.",
      "Define repair procedures and protocols."
    ],
    "approval_authorities": "Project Manager, Engineering Lead",
    "essential_information": [
      "What is the current inventory of vintage equipment, including model numbers, condition, and known issues?",
      "Identify the most critical vintage equipment components that are prone to failure and essential for MIU operation.",
      "What are the potential sources for replacement parts (e.g., suppliers, cannibalization, 3D printing)?",
      "Detail the specific skills and knowledge required to maintain and repair each type of vintage equipment.",
      "Outline the structure and content of the training program for maintenance personnel, including hands-on exercises and certification requirements.",
      "Define step-by-step repair procedures for common equipment failures, including troubleshooting guides and diagnostic tools.",
      "Establish protocols for documenting repairs, tracking parts usage, and updating maintenance schedules.",
      "What are the estimated costs associated with parts sourcing, training, and repair activities?",
      "What are the key performance indicators (KPIs) for measuring the effectiveness of the maintenance and repair strategy (e.g., equipment uptime, repair time, cost per repair)?",
      "Detail the risk mitigation plan for potential disruptions in parts supply or loss of expertise."
    ],
    "risks_of_poor_quality": [
      "Equipment downtime due to lack of spare parts or trained personnel, leading to digitization delays.",
      "Increased costs associated with emergency repairs or expedited parts sourcing.",
      "Inconsistent repair practices across MIUs, resulting in variable data quality and reliability.",
      "Loss of institutional knowledge about vintage equipment maintenance, making it difficult to troubleshoot and repair issues.",
      "Failure to comply with environmental regulations regarding the disposal of hazardous materials from vintage equipment."
    ],
    "worst_case_scenario": "Widespread equipment failures across the MIU fleet due to inadequate maintenance and repair capabilities, resulting in significant project delays, budget overruns, and potential abandonment of digitization efforts.",
    "best_case_scenario": "Ensures high equipment uptime and minimizes downtime through proactive maintenance and efficient repairs, enabling the project to meet its digitization targets within budget and timeline. Enables informed decisions on equipment replacement vs. repair strategies.",
    "fallback_alternative_approaches": [
      "Engage a specialized vintage equipment repair company to provide on-demand maintenance services.",
      "Develop a simplified training program focusing on the most common equipment failures.",
      "Prioritize the acquisition of a core set of essential spare parts to address immediate needs.",
      "Utilize a pre-existing maintenance checklist and adapt it to the specific vintage equipment used in the project.",
      "Conduct a focused workshop with engineering team to define repair procedures collaboratively."
    ]
  },
  {
    "id": "af7a3ab2-b4f1-491a-a75d-baa3c6131215",
    "document_name": "Data Governance and Compliance Framework",
    "description": "A framework outlining the policies and procedures for managing and protecting data throughout the project lifecycle. It addresses data privacy, security, and compliance with relevant regulations. Includes data security protocols, compliance procedures, and data breach response plan.",
    "responsible_role_type": "Data Governance Officer",
    "document_template_primary": null,
    "document_template_secondary": null,
    "steps_to_create": [
      "Identify relevant data privacy regulations (GDPR, CCPA, etc.).",
      "Develop data security protocols.",
      "Establish data transfer agreements.",
      "Define a data breach response plan.",
      "Obtain legal review and approval."
    ],
    "approval_authorities": "Legal Counsel, Data Protection Officer",
    "essential_information": [
      "Identify all applicable data privacy regulations (GDPR, CCPA, HIPAA, etc.) across all relevant jurisdictions.",
      "Define data security protocols, including encryption standards, access controls, and data loss prevention measures.",
      "Detail the process for obtaining and managing user consent for data collection and processing.",
      "Establish data transfer agreements (DTAs) for cross-border data transfers, ensuring compliance with relevant regulations.",
      "Define a comprehensive data breach response plan, including notification procedures, containment strategies, and remediation steps.",
      "Specify data retention policies and procedures for secure data disposal.",
      "Outline the roles and responsibilities of key personnel involved in data governance and compliance.",
      "Describe the process for conducting regular data audits and risk assessments.",
      "Detail the mechanisms for monitoring and enforcing compliance with the framework.",
      "Define the process for handling data subject requests (e.g., access, rectification, erasure).",
      "Requires input from legal counsel specializing in data privacy and security.",
      "Requires input from the IT security team regarding technical security measures.",
      "Requires a list of all data types collected, processed, and stored by the project.",
      "Requires a data flow diagram illustrating how data moves through the project's systems."
    ],
    "risks_of_poor_quality": [
      "Failure to comply with data privacy regulations, resulting in significant fines and legal penalties.",
      "Increased risk of data breaches and security incidents, leading to reputational damage and financial losses.",
      "Loss of stakeholder trust and confidence in the project's ability to protect sensitive data.",
      "Inability to secure necessary funding or partnerships due to concerns about data governance.",
      "Project delays and disruptions due to compliance-related issues.",
      "Inconsistent data handling practices across different project areas."
    ],
    "worst_case_scenario": "A major data breach occurs, resulting in the exposure of sensitive personal information, significant financial losses due to fines and legal settlements, and irreparable damage to the project's reputation, potentially leading to its termination.",
    "best_case_scenario": "The project operates in full compliance with all applicable data privacy regulations, maintaining a strong reputation for data security and privacy, fostering stakeholder trust, and enabling the seamless and ethical use of data to achieve project goals. Enables efficient scaling of the project across different jurisdictions.",
    "fallback_alternative_approaches": [
      "Adopt a pre-existing, industry-standard data governance framework (e.g., ISO 27001, NIST Cybersecurity Framework) and adapt it to the project's specific needs.",
      "Engage a data privacy consultant or law firm to develop a customized data governance framework.",
      "Focus initially on addressing the most critical data privacy risks and regulations, and then gradually expand the framework to cover other areas.",
      "Develop a simplified 'minimum viable framework' covering only essential elements initially, with plans for future expansion.",
      "Utilize a checklist-based approach to ensure compliance with key data privacy requirements."
    ]
  }
]