[
  {
    "id": "57278d61-401f-45d5-a7cc-d80626516e1e",
    "document_name": "Project Charter",
    "description": "A formal document that authorizes the project, defines its objectives, identifies key stakeholders, and outlines the project manager's authority. It serves as a high-level overview and agreement among stakeholders. Includes scope, objectives, high-level risks, and governance.",
    "responsible_role_type": "Project Manager",
    "document_template_primary": "PMI Project Charter Template",
    "document_template_secondary": null,
    "steps_to_create": [
      "Define project goals and objectives based on the strategic decisions.",
      "Identify key stakeholders and their roles.",
      "Outline project scope, deliverables, and high-level timeline.",
      "Define project governance structure and decision-making processes.",
      "Obtain approval from key stakeholders."
    ],
    "approval_authorities": "Steering Committee, Funding Organizations"
  },
  {
    "id": "c494a608-2df9-4f22-8f7d-89f46ce7f2c0",
    "document_name": "Risk Register",
    "description": "A document that identifies potential risks to the project, assesses their likelihood and impact, and outlines mitigation strategies. It's a living document that is updated throughout the project lifecycle. Includes technical, operational, financial, regulatory, and social risks.",
    "responsible_role_type": "Risk Manager",
    "document_template_primary": "PMI Risk Register Template",
    "document_template_secondary": null,
    "steps_to_create": [
      "Identify potential risks based on project assumptions, constraints, and dependencies.",
      "Assess the likelihood and impact of each risk.",
      "Develop mitigation strategies for high-priority risks.",
      "Assign risk owners and track mitigation progress.",
      "Regularly review and update the risk register."
    ],
    "approval_authorities": "Project Manager, Steering Committee"
  },
  {
    "id": "6c632478-be17-45ab-a89f-1ba3b348f3fc",
    "document_name": "Communication Plan",
    "description": "A document that outlines how project information will be communicated to stakeholders, including the frequency, format, and channels of communication. It ensures that stakeholders are informed and engaged throughout the project. Includes target audiences, communication methods, and responsible parties.",
    "responsible_role_type": "Communication Specialist",
    "document_template_primary": null,
    "document_template_secondary": null,
    "steps_to_create": [
      "Identify key stakeholders and their communication needs.",
      "Define communication objectives and key messages.",
      "Determine communication channels and frequency.",
      "Assign communication responsibilities.",
      "Establish a process for feedback and issue resolution."
    ],
    "approval_authorities": "Project Manager, Steering Committee"
  },
  {
    "id": "3d2230ef-fb54-4ae1-8843-3d8cc4e90e24",
    "document_name": "Stakeholder Engagement Plan",
    "description": "A document outlining strategies for engaging stakeholders throughout the project lifecycle. It identifies stakeholder interests, influence, and communication preferences to ensure their support and minimize resistance. Includes engagement methods, frequency, and responsible parties.",
    "responsible_role_type": "Stakeholder Manager",
    "document_template_primary": null,
    "document_template_secondary": null,
    "steps_to_create": [
      "Identify all project stakeholders and their interests.",
      "Assess stakeholder influence and potential impact on the project.",
      "Develop engagement strategies tailored to each stakeholder group.",
      "Define communication methods and frequency.",
      "Establish a process for managing stakeholder expectations and resolving conflicts."
    ],
    "approval_authorities": "Project Manager, Steering Committee"
  },
  {
    "id": "3c33ca43-8b6d-4e90-9f52-f069c5935ff0",
    "document_name": "Change Management Plan",
    "description": "A document that outlines the process for managing changes to the project scope, schedule, or budget. It ensures that changes are properly evaluated, approved, and implemented to minimize disruption and maintain project control. Includes change request process, impact assessment, and approval authorities.",
    "responsible_role_type": "Change Manager",
    "document_template_primary": null,
    "document_template_secondary": null,
    "steps_to_create": [
      "Define the change request process.",
      "Establish a change control board.",
      "Develop a process for assessing the impact of proposed changes.",
      "Define approval authorities for different types of changes.",
      "Implement a system for tracking and managing changes."
    ],
    "approval_authorities": "Change Control Board, Steering Committee"
  },
  {
    "id": "54fb4c1c-9ea2-47ae-9d70-66560b968bb8",
    "document_name": "High-Level Budget/Funding Framework",
    "description": "A document outlining the overall project budget, funding sources, and financial management processes. It provides a high-level overview of project finances and ensures that sufficient funding is available to support project activities. Includes budget allocation, funding sources, and financial reporting requirements.",
    "responsible_role_type": "Financial Analyst",
    "document_template_primary": null,
    "document_template_secondary": null,
    "steps_to_create": [
      "Develop a detailed cost breakdown for all project activities.",
      "Identify potential funding sources and secure commitments.",
      "Establish a budget allocation plan.",
      "Define financial reporting requirements.",
      "Establish a process for tracking and managing project expenses."
    ],
    "approval_authorities": "Steering Committee, Funding Organizations"
  },
  {
    "id": "6de4f007-a751-4a43-8702-ae3f59599371",
    "document_name": "Funding Agreement Structure/Template",
    "description": "A template for formal agreements with funding partners, outlining the terms and conditions of funding, reporting requirements, and intellectual property rights. Ensures clear understanding and legal compliance.",
    "responsible_role_type": "Legal Counsel",
    "document_template_primary": null,
    "document_template_secondary": null,
    "steps_to_create": [
      "Define the legal terms and conditions of funding.",
      "Outline reporting requirements and performance metrics.",
      "Establish intellectual property rights and ownership.",
      "Define dispute resolution mechanisms.",
      "Obtain legal review and approval."
    ],
    "approval_authorities": "Legal Counsel, Funding Organizations"
  },
  {
    "id": "33c97fca-cb5b-4dd1-b173-56f83a025e06",
    "document_name": "Initial High-Level Schedule/Timeline",
    "description": "A high-level timeline outlining the major project phases, milestones, and deliverables. It provides a roadmap for project execution and ensures that the project stays on track. Includes key milestones, dependencies, and resource allocation.",
    "responsible_role_type": "Project Scheduler",
    "document_template_primary": "Gantt Chart Template",
    "document_template_secondary": null,
    "steps_to_create": [
      "Define major project phases and milestones.",
      "Identify key dependencies and critical path activities.",
      "Allocate resources to project activities.",
      "Develop a realistic timeline based on resource availability and dependencies.",
      "Obtain approval from key stakeholders."
    ],
    "approval_authorities": "Project Manager, Steering Committee"
  },
  {
    "id": "4a57747a-0f9e-4c26-ba84-34ddec81aec0",
    "document_name": "M&E Framework",
    "description": "A framework for monitoring and evaluating project progress and impact. It defines key performance indicators (KPIs), data collection methods, and reporting requirements. Ensures accountability and continuous improvement. Includes KPIs, data collection methods, and reporting frequency.",
    "responsible_role_type": "M&E Specialist",
    "document_template_primary": "Logical Framework Template",
    "document_template_secondary": null,
    "steps_to_create": [
      "Define project goals and objectives.",
      "Identify key performance indicators (KPIs) to measure progress.",
      "Develop data collection methods and tools.",
      "Establish reporting requirements and frequency.",
      "Define a process for analyzing and interpreting data."
    ],
    "approval_authorities": "Project Manager, Steering Committee"
  },
  {
    "id": "ad5130eb-7039-45cd-a9a8-55a20419a808",
    "document_name": "Current State Assessment of Archival Digitization",
    "description": "A report assessing the current state of archival digitization practices, technologies, and challenges. It provides a baseline for measuring project progress and identifying areas for improvement. Includes industry trends, best practices, and technology landscape.",
    "responsible_role_type": "Research Analyst",
    "document_template_primary": null,
    "document_template_secondary": null,
    "steps_to_create": [
      "Conduct a literature review of archival digitization practices.",
      "Interview experts in the field.",
      "Analyze existing digitization projects and initiatives.",
      "Identify key challenges and opportunities.",
      "Develop recommendations for project implementation."
    ],
    "approval_authorities": "Project Manager, Steering Committee"
  },
  {
    "id": "d82d52b8-93c5-4da6-a993-3b1fe02ba0f6",
    "document_name": "Vintage Equipment Maintenance and Repair Strategy",
    "description": "A high-level plan outlining the approach to maintaining and repairing vintage equipment, including parts sourcing, training, and repair procedures. It ensures equipment uptime and minimizes downtime. Includes parts inventory management, training program, and repair protocols.",
    "responsible_role_type": "Engineering Manager",
    "document_template_primary": null,
    "document_template_secondary": null,
    "steps_to_create": [
      "Assess the condition of existing vintage equipment.",
      "Identify critical parts and components.",
      "Develop a parts sourcing strategy.",
      "Establish a training program for maintenance personnel.",
      "Define repair procedures and protocols."
    ],
    "approval_authorities": "Project Manager, Engineering Lead"
  },
  {
    "id": "35c5e924-ac4e-47d0-9240-312502190293",
    "document_name": "AI Implementation and Governance Framework",
    "description": "A framework outlining the principles and guidelines for implementing and governing AI technologies within the project. It addresses ethical considerations, bias mitigation, and data privacy. Includes ethical guidelines, bias detection methods, and data privacy protocols.",
    "responsible_role_type": "AI Ethics Consultant",
    "document_template_primary": null,
    "document_template_secondary": null,
    "steps_to_create": [
      "Define ethical principles for AI implementation.",
      "Develop methods for detecting and mitigating bias in AI algorithms.",
      "Establish data privacy protocols for AI training and deployment.",
      "Define a governance structure for AI decision-making.",
      "Obtain approval from legal and ethical experts."
    ],
    "approval_authorities": "Legal Counsel, AI Ethics Consultant"
  },
  {
    "id": "af7a3ab2-b4f1-491a-a75d-baa3c6131215",
    "document_name": "Data Governance and Compliance Framework",
    "description": "A framework outlining the policies and procedures for managing and protecting data throughout the project lifecycle. It addresses data privacy, security, and compliance with relevant regulations. Includes data security protocols, compliance procedures, and data breach response plan.",
    "responsible_role_type": "Data Governance Officer",
    "document_template_primary": null,
    "document_template_secondary": null,
    "steps_to_create": [
      "Identify relevant data privacy regulations (GDPR, CCPA, etc.).",
      "Develop data security protocols.",
      "Establish data transfer agreements.",
      "Define a data breach response plan.",
      "Obtain legal review and approval."
    ],
    "approval_authorities": "Legal Counsel, Data Protection Officer"
  },
  {
    "id": "5be1102f-e93f-4d04-8407-4caa3c147d5e",
    "document_name": "MIU Deployment and Logistics Plan",
    "description": "A high-level plan outlining the strategy for deploying and managing the mobile ingest units (MIUs), including transportation, site preparation, and maintenance. It ensures efficient and reliable deployment. Includes transportation routes, site preparation checklist, and maintenance schedule.",
    "responsible_role_type": "Logistics Coordinator",
    "document_template_primary": null,
    "document_template_secondary": null,
    "steps_to_create": [
      "Identify potential deployment locations.",
      "Assess site access and infrastructure requirements.",
      "Develop transportation routes and schedules.",
      "Establish site preparation procedures.",
      "Define maintenance schedules and protocols."
    ],
    "approval_authorities": "Project Manager, Logistics Coordinator"
  },
  {
    "id": "f79e7b62-ea6d-4bc3-8312-8c5dac810674",
    "document_name": "Metadata Management and Provenance Strategy",
    "description": "A strategy outlining the approach to creating, managing, and preserving metadata associated with digitized media. It ensures data discoverability, interoperability, and trustworthiness. Includes metadata schema, access policies, and provenance tracking mechanisms.",
    "responsible_role_type": "Metadata Specialist",
    "document_template_primary": null,
    "document_template_secondary": null,
    "steps_to_create": [
      "Define metadata schema and standards.",
      "Establish access policies and controls.",
      "Develop provenance tracking mechanisms.",
      "Define metadata quality assurance procedures.",
      "Obtain approval from archival experts."
    ],
    "approval_authorities": "Project Manager, Archival Liaison"
  }
]