[
  {
    "id": "f3de96d0-c49b-491a-8f68-494b1eb9fa54",
    "major_phase_title": "Project Initiation and Planning",
    "subtasks": [
      {
        "id": "a20e70e4-0cda-49b7-a8f8-1b09c2ff7559",
        "description": "Define Project Scope and Objectives"
      },
      {
        "id": "97204561-2b3b-4c93-818a-21819c8e32d1",
        "description": "Secure Project Funding"
      },
      {
        "id": "b9b391ff-1443-4cfd-b807-9f501bee53f7",
        "description": "Develop Project Management Plan"
      },
      {
        "id": "46055973-971e-4fe4-acf4-900cc32b4d7b",
        "description": "Conduct Stakeholder Analysis"
      },
      {
        "id": "bd859f96-45e7-4d74-9d1c-273954d9b117",
        "description": "Establish Governance Structure"
      }
    ]
  },
  {
    "id": "7dd194cc-0799-4f37-8f3b-fbc277979404",
    "major_phase_title": "MIU Design and Development",
    "subtasks": [
      {
        "id": "435c1d6e-0509-452b-8925-a651e9235306",
        "description": "Design MIU Container Layout"
      },
      {
        "id": "6e59c0ee-f736-4d8f-bfcf-b28ee682d627",
        "description": "Procure Container and Equipment"
      },
      {
        "id": "1617d922-077e-4b2a-b96c-62a3657c24bf",
        "description": "Integrate Robotic Loading Systems"
      },
      {
        "id": "54f9ce69-8c92-4a2d-9c7f-a9e8cc023b44",
        "description": "Develop AI Signal Processing Workstations"
      },
      {
        "id": "59a8b1f8-ca5c-4c68-a39e-e4d6b39d9c87",
        "description": "Install Climate Control and Power Systems"
      },
      {
        "id": "99dfc1bb-f5a8-4f11-a327-d871add53b2b",
        "description": "Establish Connectivity Solutions"
      }
    ]
  },
  {
    "id": "7edc8284-6416-4080-9f46-c1b45444e375",
    "major_phase_title": "Vintage Equipment Management",
    "subtasks": [
      {
        "id": "c217bf40-e5af-41c8-9e0e-500b6d78e2db",
        "description": "Acquire and Refurbish Vintage Equipment"
      },
      {
        "id": "3bf42b20-0ba6-4441-b9ca-732fcd853b71",
        "description": "Establish Parts Inventory"
      },
      {
        "id": "2ca6321d-6383-41f7-8ad2-870e3f8cb18d",
        "description": "Develop Engineering Training Program"
      },
      {
        "id": "e0b35dcf-6dfc-4afa-b0d9-ecf4d0886019",
        "description": "Implement Predictive Maintenance Program"
      },
      {
        "id": "6b77bdef-9af8-4225-b701-1836dc0a4a4b",
        "description": "Manage Equipment Obsolescence"
      }
    ]
  },
  {
    "id": "f7a92535-3803-4457-a276-93e753a3bcda",
    "major_phase_title": "AI and Data Management",
    "subtasks": [
      {
        "id": "16442401-20ae-4801-805c-5e4108139cd1",
        "description": "Develop AI Signal Processing Algorithms"
      },
      {
        "id": "08864b52-3366-4ca0-ba9a-4d2d370c081f",
        "description": "Implement AI Pre-screening"
      },
      {
        "id": "fa195e14-13fe-4adf-94f1-fe6847d2c147",
        "description": "Establish Metadata Standards"
      },
      {
        "id": "d4d21b46-3054-4da4-9f0a-460bb2a40902",
        "description": "Develop Data Storage and Archival Strategy"
      },
      {
        "id": "d7853a4c-e989-4cb8-b1b3-c97587b74d46",
        "description": "Implement Data Security Measures"
      }
    ]
  },
  {
    "id": "4ac62742-d3c1-4d82-8a98-ff8bc468c20a",
    "major_phase_title": "Deployment and Operations",
    "subtasks": [
      {
        "id": "c55f3216-1776-499d-8be2-28b70b795142",
        "description": "Secure Permits and Licenses"
      },
      {
        "id": "04761026-a684-40e5-98c6-e9e30454075a",
        "description": "Establish Partnerships with Archives"
      },
      {
        "id": "f1263ece-6dc6-4895-89a6-c36ac837ea5d",
        "description": "Deploy MIUs to Archive Locations"
      },
      {
        "id": "23226846-4b47-4fe0-a184-4cfede45f22d",
        "description": "Manage MIU Logistics and Maintenance"
      },
      {
        "id": "305780c9-635d-4859-a912-bcf944f92d63",
        "description": "Monitor and Report on Digitization Progress"
      }
    ]
  },
  {
    "id": "73c1d9b3-8ace-40fb-8eff-b940de5ab67a",
    "major_phase_title": "Review and Quality Assurance",
    "subtasks": [
      {
        "id": "3ff6053f-86d6-468a-9a35-dc2795165b9d",
        "description": "Establish Review Workflow"
      },
      {
        "id": "c1a803ba-e1c7-4947-be28-4af22c31d99c",
        "description": "Train Human Reviewers"
      },
      {
        "id": "29b90364-0931-4e50-84c2-60a3fd8bb5a5",
        "description": "Implement Quality Control Procedures"
      },
      {
        "id": "000e3cb6-b033-493f-8cda-e712e592c406",
        "description": "Manage Review Bottleneck"
      },
      {
        "id": "89afa1d5-4ac7-498e-8029-f5937d5bac8f",
        "description": "Address Regulatory Compliance"
      }
    ]
  },
  {
    "id": "c7133d9c-d875-43f1-a604-c325a0e946d4",
    "major_phase_title": "Data Access and Dissemination",
    "subtasks": [
      {
        "id": "f70cc17b-f1c9-4916-b443-2e184b5dfb13",
        "description": "Develop Data Access Platform"
      },
      {
        "id": "4b49ccd6-f865-4fe6-a493-69fd0cfdb590",
        "description": "Establish Data Licensing Model"
      },
      {
        "id": "5decea0c-85d2-4fef-b82f-be203ca94ee3",
        "description": "Implement Data-as-a-Service Platform"
      },
      {
        "id": "58e0991a-685e-47ff-a4e8-69d44a86d5c7",
        "description": "Promote Data Access and Usage"
      },
      {
        "id": "4299dfb0-3e62-4122-ab2a-59489ad158d4",
        "description": "Ensure Long-Term Data Preservation"
      }
    ]
  },
  {
    "id": "e96638a1-8fd3-4b19-8ef6-2b7b3877d853",
    "major_phase_title": "Project Closure",
    "subtasks": [
      {
        "id": "ba1948f1-7ff1-4c77-a8a4-2afd0d68de39",
        "description": "Finalize Project Documentation"
      },
      {
        "id": "7ca18ed3-c0c1-4d1f-b35a-4a391efdded1",
        "description": "Conduct Post-Project Review"
      },
      {
        "id": "d19a8cdd-8bc1-49d1-b978-7138b40d3cb0",
        "description": "Archive Project Data"
      },
      {
        "id": "dd41da1f-c925-4760-a5f6-58d92a6e28c5",
        "description": "Decommission MIUs"
      },
      {
        "id": "03ba333e-c533-462e-8320-9e07205545f1",
        "description": "Disseminate Project Results"
      }
    ]
  }
]