Level 1;Level 2;Level 3;Level 4;Task ID
Media Rescue;;;;c6af0a21-854d-4792-bd24-ad839e3bb179
;Project Initiation and Planning;;;f3de96d0-c49b-491a-8f68-494b1eb9fa54
;;Define Project Scope and Objectives;;a20e70e4-0cda-49b7-a8f8-1b09c2ff7559
;;;Identify Key Stakeholders and Needs;267044e4-13a6-44e8-85ac-d925a6f8db84
;;;Define Measurable Project Objectives;cb22f57f-a218-464f-87e7-3b4760f29257
;;;Document Project Scope and Deliverables;5a69b84c-f28a-4d60-9b6a-dbe31f9df3e4
;;;Establish Success Criteria and Metrics;f9d3b9f0-7952-43ad-8b3a-08b2f9005dd7
;;Secure Project Funding;;97204561-2b3b-4c93-818a-21819c8e32d1
;;;Identify Potential Funding Sources;75520d0d-99f9-40b1-a63a-5711b25a3051
;;;Prepare Grant Proposals and Applications;b4e1d4f3-79a2-4017-b86d-054d8b603955
;;;Engage with Potential Funders;319fd4fe-5d12-4310-86b4-8a8d9951be87
;;;Negotiate Funding Agreements;8be4e729-884d-4d68-a193-92247e50e898
;;Develop Project Management Plan;;b9b391ff-1443-4cfd-b807-9f501bee53f7
;;;Define Project Scope and Requirements;906760c3-62e0-4f11-94db-8c11d6eb2dad
;;;Develop Risk Management Plan;06a4c5ae-f91c-4bef-b0e6-326ca3f62742
;;;Create Project Schedule and Budget;33a7ab7d-054e-47e2-b538-540eca350ada
;;;Establish Communication Plan;86792aac-4296-4755-9574-45a3b3df6ba3
;;Conduct Stakeholder Analysis;;46055973-971e-4fe4-acf4-900cc32b4d7b
;;;Identify Key Stakeholder Groups;c3fc6fb8-1956-4137-8222-6380cb3021b6
;;;Assess Stakeholder Needs and Expectations;a6e94486-eae3-4034-afdd-7bf189628317
;;;Develop Stakeholder Engagement Plan;e139c8b0-1b96-4fa6-b216-0fdd89a822d1
;;;Document Stakeholder Analysis Results;915dcaf1-42a9-4f8b-b590-8a82f3263b23
;;Establish Governance Structure;;bd859f96-45e7-4d74-9d1c-273954d9b117
;;;Identify Key Decision-Makers;4a1dedb9-bf1f-48d9-87a3-21b61c550966
;;;Define Roles and Responsibilities;c12fd0b5-049c-4fc0-bbf7-f5c2c3887c5d
;;;Establish Decision-Making Processes;99cd5f97-f02b-4e59-817a-2a1df2096f81
;;;Document Governance Structure;3bc94315-5917-4672-b99d-0aa16af624ab
;;;Communicate Governance Structure;73eecf52-5be3-4a9d-8e51-2faca408eac8
;MIU Design and Development;;;7dd194cc-0799-4f37-8f3b-fbc277979404
;;Design MIU Container Layout;;435c1d6e-0509-452b-8925-a651e9235306
;;;Define Equipment Placement and Workflow;d9a30a18-c049-4ed2-bb4f-8404be56dd38
;;;Develop Detailed Container Layout Drawings;26982c9f-f25f-49d2-8021-9532a1ea9fdd
;;;Simulate Container Environment and Usage;93ab2ee9-a5f5-4c5b-8439-cfb8d2d6fee7
;;;Review Layout with Stakeholders;2ab8b40a-9772-416c-9547-f182e0990a09
;;Procure Container and Equipment;;6e59c0ee-f736-4d8f-bfcf-b28ee682d627
;;;Identify and Vet Potential Suppliers;0a386a56-4bd8-4493-ab51-46ee161b5db5
;;;Negotiate Contracts and Secure Agreements;2e11abce-bf80-4c88-83d2-aad5b7146650
;;;Manage Equipment Delivery and Logistics;ef6dfe8b-96d2-465b-ac88-0a116779b8ab
;;;Verify Equipment Compliance and Specifications;b5a1228c-80f2-46a8-848c-8863c29c857e
;;Integrate Robotic Loading Systems;;1617d922-077e-4b2a-b96c-62a3657c24bf
;;;Design Robotic Loading System Interface;32a7cf63-d16c-4230-b306-cbc0c8aee843
;;;Configure Robotic Arm for Media Handling;9a61ebe1-a011-4610-af7f-9c0bbfd9bbc2
;;;Test Robotic Loading System Integration;4a308a16-90f3-4735-a207-41503cfb5ed0
;;;Optimize Loading System for Speed and Reliability;0a7bcd47-09ac-437c-b289-48c95034cf41
;;Develop AI Signal Processing Workstations;;54f9ce69-8c92-4a2d-9c7f-a9e8cc023b44
;;;Select AI workstation hardware;7f1e040e-3669-407e-b4c1-04068bd8cc13
;;;Install AI software and libraries;c994918e-5d4c-4845-9c67-7ac4eb372df4
;;;Integrate with vintage equipment I/O;9ae2c7e1-ef35-4282-8f00-ef880b8a7231
;;;Test and optimize workstation performance;d9fa0cb8-7ecf-4531-b3c2-6b658a860674
;;Install Climate Control and Power Systems;;59a8b1f8-ca5c-4c68-a39e-e4d6b39d9c87
;;;Plan climate control system installation;f7bafaaa-d643-4bab-ac43-58c7077ae140
;;;Install climate control units and ductwork;3e940fdf-e2e4-48f2-9778-5b345adca5c9
;;;Plan power system installation;91d9f0e8-6b72-42ab-9665-c44c0912a034
;;;Install power systems and electrical wiring;6ad72849-83d7-45e2-a8d7-34f535915440
;;;Test and commission systems;7c3be4e5-21e4-4d3b-bc73-51eff72f21c3
;;Establish Connectivity Solutions;;99dfc1bb-f5a8-4f11-a327-d871add53b2b
;;;Assess Connectivity Needs and Options;06edc772-72b4-4c8d-9391-b4684744db24
;;;Negotiate Connectivity Agreements;d2ce86fa-d3ae-44db-ac5d-3ce4d1992976
;;;Install and Configure Connectivity Equipment;27d185ba-573e-41ab-b748-c062f73dc8b5
;;;Test and Validate Connectivity Performance;f74fc42e-1892-420d-965c-6632c54447c3
;Vintage Equipment Management;;;7edc8284-6416-4080-9f46-c1b45444e375
;;Acquire and Refurbish Vintage Equipment;;c217bf40-e5af-41c8-9e0e-500b6d78e2db
;;;Identify potential vintage equipment sources;93f7928a-af91-4b73-8e81-4fce245d989c
;;;Assess condition of acquired equipment;97a1eee7-d501-40ea-8b5d-e43166fd570e
;;;Develop refurbishment plan for each unit;9990ca73-b29a-4f0e-bc19-202ab41a8b06
;;;Execute refurbishment and testing;3c537c22-b355-49f0-af79-8d4dc137933c
;;Establish Parts Inventory;;3bf42b20-0ba6-4441-b9ca-732fcd853b71
;;;Identify critical vintage equipment parts;68437073-b30f-4069-9858-93f4f7bc912a
;;;Source potential parts suppliers;b8dfdf98-418a-4375-a849-a23b46e6bd51
;;;Establish parts inventory management system;dede2eac-39e1-401e-b23c-d8ad3e74042f
;;;Acquire initial stock of critical parts;de0fba3a-891e-4dd7-81f6-1db456b2e3b8
;;Develop Engineering Training Program;;2ca6321d-6383-41f7-8ad2-870e3f8cb18d
;;;Curriculum Development and Material Creation;d878dca5-0d67-400c-ab48-bd8cbb712d58
;;;Recruit and Onboard Trainees;73ada818-29f4-47a9-9397-bb7f7fcfb823
;;;Conduct Hands-On Training Sessions;9d8e4d4b-ac4e-4511-a357-2ad5189af2d6
;;;Assess Trainee Performance and Provide Feedback;6f9dc41f-644e-4e77-90b8-949d37c4b5ad
;;;Evaluate and Improve Training Program;f4b5e301-5bec-4d38-8d6d-2fed645da34c
;;Implement Predictive Maintenance Program;;e0b35dcf-6dfc-4afa-b0d9-ecf4d0886019
;;;Gather equipment performance data;0c0790f6-4c51-4381-99ff-ad1e850c940e
;;;Select predictive maintenance software;be264cad-0977-4eb8-a8e4-03139d1c92f9
;;;Install sensors on vintage equipment;dec13302-5967-4dd2-b805-ed7306a877ef
;;;Develop predictive models;b0cd9ca7-43fb-4114-9fa8-4293f2a327a3
;;;Implement maintenance schedule;db07655c-26c0-48b2-b269-d599eb03e6d2
;;Manage Equipment Obsolescence;;6b77bdef-9af8-4225-b701-1836dc0a4a4b
;;;Monitor Technology Trends and Forecast Obsolescence;6a848ecd-8a82-4fd1-a390-cc9948e4555a
;;;Reverse Engineering and Parts Replication;ddf9e871-0a51-4257-88b9-3d41f7c7ef19
;;;Adaptable Digitization Method Research;918a0b81-d3c5-4e60-9f0b-fa1c30dcb6e9
;;;Establish Reverse Engineering Partnerships;edcba88f-740a-4d5f-b1f3-fa09c08602ae
;AI and Data Management;;;f7a92535-3803-4457-a276-93e753a3bcda
;;Develop AI Signal Processing Algorithms;;16442401-20ae-4801-805c-5e4108139cd1
;;;Gather archival media samples;6f35ceff-3d09-4566-95bb-b735f2ed991c
;;;Develop base AI models;d35bef0a-ba9b-4e41-8c1f-a284a5faaa49
;;;Test AI models and refine;849d3999-d523-4f27-aeb4-6eeb20b302fb
;;;Implement bias detection methods;ac1654ba-6592-4e81-a108-a8d0c04e4bf5
;;Implement AI Pre-screening;;08864b52-3366-4ca0-ba9a-4d2d370c081f
;;;Prepare AI pre-screening environment;89fd1b18-a00e-4d93-88de-83c3a99ac138
;;;Test AI pre-screening algorithms;0faaa010-3486-42a4-a737-e1f5985f9338
;;;Refine AI pre-screening algorithms;3e6de690-e42d-4d43-8d36-1795b5735064
;;;Integrate AI pre-screening into workflow;ff8b96ac-571c-483a-8cba-84aea62d9551
;;Establish Metadata Standards;;fa195e14-13fe-4adf-94f1-fe6847d2c147
;;;Define Metadata Schema Requirements;3ab21c6c-b610-4e21-841c-8df1f81edaca
;;;Develop Metadata Extraction Rules;8a8e778e-c75f-4015-8250-c3b84ff161be
;;;Implement Metadata Ingestion Pipeline;5b805132-fb7d-4b73-8cd5-0550670bbebc
;;;Test and Validate Metadata Quality;a50f5d09-e854-498c-a46d-a8bbb3b3a3c6
;;Develop Data Storage and Archival Strategy;;d4d21b46-3054-4da4-9f0a-460bb2a40902
;;;Define Data Archival Requirements;9d0e9931-ce3e-47e5-8bfd-c2161aad49fb
;;;Evaluate Archival Storage Options;83172439-e209-4b52-99ef-dbe8dafd5dc3
;;;Select Archival Formats and Technologies;5c2fc899-5d83-47be-9833-075b2674c011
;;;Develop Data Migration Plan;3489d41d-076c-4077-a744-259eee11465c
;;Implement Data Security Measures;;d7853a4c-e989-4cb8-b1b3-c97587b74d46
;;;Identify Data Security Requirements;d6b5151a-0042-4e4e-ba37-436970b91d67
;;;Select Encryption Methods;f28a41c5-49a0-43ee-8892-edf4aff785e0
;;;Implement Access Controls;d700d40f-4716-4fbd-ae05-c9dcde5442a9
;;;Conduct Security Audits and Testing;c45f4e52-9253-4a49-9578-fb0c13a1f40d
;Deployment and Operations;;;4ac62742-d3c1-4d82-8a98-ff8bc468c20a
;;Secure Permits and Licenses;;c55f3216-1776-499d-8be2-28b70b795142
;;;Identify Required Permits and Licenses;7797bfc0-9302-42e0-a5e7-d1bde655912a
;;;Prepare Permit Applications;88c4d58f-3f31-4e00-bde3-ce50bc5801d9
;;;Submit Permit Applications;7aac0b75-34cd-455a-bbe4-376880b2b579
;;;Follow Up and Obtain Approvals;ec21d26b-0779-4355-bf6e-0aea2b368048
;;Establish Partnerships with Archives;;04761026-a684-40e5-98c6-e9e30454075a
;;;Identify potential archive partners;9465a1b4-cc84-4343-b932-016de351bdb6
;;;Initial outreach and needs assessment;c129db5e-1e54-4e02-8fc2-6821afb69e25
;;;Negotiate partnership agreements;f9b77cbf-7660-4dd5-a33e-e308c65c8ee4
;;;Formalize partnership agreements;db5bf154-5bef-4c4a-951e-d06427f52d16
;;Deploy MIUs to Archive Locations;;f1263ece-6dc6-4895-89a6-c36ac837ea5d
;;;Conduct Site Surveys at Archive Locations;e980a51b-3598-430b-bf0d-87abe1d31b3f
;;;Develop MIU Transportation Plan;401ac4f3-2a59-40fa-aae4-4f3f87011fe1
;;;Prepare Archive Locations for MIU Arrival;da6b5bc0-cb74-4045-ad0c-e6dac831d119
;;;Install and Test MIU Systems On-Site;8b86286b-d5fb-4a8c-9192-01d7a3ed7494
;;Manage MIU Logistics and Maintenance;;23226846-4b47-4fe0-a184-4cfede45f22d
;;;Track MIU location and status;14d45197-2f80-43c9-96cb-863607c99b01
;;;Schedule routine maintenance;defb0b89-dffe-4cbe-a420-779c5d783394
;;;Respond to equipment failures;468563e7-9234-4c62-adea-bc2b529aaa1c
;;;Manage parts inventory and logistics;23cf0ae4-534d-4b60-8014-6ac2dfc58286
;;;Optimize MIU deployment schedule;59bc0523-1641-47b8-a10f-aeb0a73fd341
;;Monitor and Report on Digitization Progress;;305780c9-635d-4859-a912-bcf944f92d63
;;;Collect Digitization Metrics;1f98ce6b-db2e-493a-9e18-c33f8d426808
;;;Analyze Digitization Performance;ccd6aead-2d27-4fc7-9e05-3d77056d61a9
;;;Generate Progress Reports;f8112e1b-0d96-4366-9630-d20784b650ce
;;;Communicate with Stakeholders;1b701825-289e-4130-9df4-74320af81643
;Review and Quality Assurance;;;73c1d9b3-8ace-40fb-8eff-b940de5ab67a
;;Establish Review Workflow;;3ff6053f-86d6-468a-9a35-dc2795165b9d
;;;Define review scope and criteria;760984ad-7eee-4752-8120-3edf98221171
;;;Document review process and guidelines;de82c609-a0d2-414b-97e6-b12285122a13
;;;Establish communication channels;626e25d6-98ed-4e46-b337-2bbf70b02955
;;;Develop a review tracking system;a302e962-a0e2-40ee-aca2-c038a9b74b62
;;Train Human Reviewers;;c1a803ba-e1c7-4947-be28-4af22c31d99c
;;;Develop Reviewer Training Materials;bde51532-fe25-4241-8860-2533a438a895
;;;Conduct Initial Training Sessions;d92902ab-1823-41a5-9887-b11bad780ac5
;;;Implement Ongoing Support and Mentoring;2cf9befb-2d89-4da5-b819-29258bae384f
;;;Evaluate Reviewer Performance;f0e9890a-56e5-4025-8c82-b97e0c93b02c
;;Implement Quality Control Procedures;;29b90364-0931-4e50-84c2-60a3fd8bb5a5
;;;Document QC procedures;ab96d587-32e9-446a-bfb8-5f0346d7848c
;;;Train personnel on QC;44fe3a47-16d6-48a7-a63e-d412084828aa
;;;Implement QC checklists;33200b3a-140e-4f62-b3d9-70321f3a8b21
;;;Monitor QC adherence;1c768f77-22cf-40b8-a668-dbc1cc1c4cdb
;;Manage Review Bottleneck;;000e3cb6-b033-493f-8cda-e712e592c406
;;;Analyze Review Bottleneck Causes;b3a0b1d3-d3cd-44a9-abed-637a089ff007
;;;Implement AI Pre-screening Enhancements;6a489057-3fff-448f-96bf-77f3e777d0e2
;;;Optimize Review Platform Performance;bcecd8a5-b8d0-4914-9cec-5b5232b02421
;;;Increase Reviewer Capacity;364c476d-bb3d-4879-bded-f3464b78767c
;;;Prioritize Media for Review;6e24f548-9981-43e5-b287-5b3a82a1810b
;;Address Regulatory Compliance;;89afa1d5-4ac7-498e-8029-f5937d5bac8f
;;;Identify Applicable Regulations and Standards;b4725809-7897-4416-8e13-f94a5bfc5d00
;;;Assess Current Compliance Status;6f5c0389-f4c0-4ae1-9e3a-bfa430092910
;;;Develop Compliance Action Plan;564955b4-932b-4459-909a-bfd3af792fb7
;;;Implement Compliance Measures;4b1fe18f-beeb-49e9-b07b-e8e3271a5622
;;;Monitor and Maintain Compliance;e04cdc79-7f2e-4c67-9ffe-20bdc3a2b9f0
;Data Access and Dissemination;;;c7133d9c-d875-43f1-a604-c325a0e946d4
;;Develop Data Access Platform;;f70cc17b-f1c9-4916-b443-2e184b5dfb13
;;;Define Data Access Requirements;3ebbf11b-810d-4ea8-8bf6-fa258d94491b
;;;Design Platform Architecture;0778ca30-0773-4776-ab79-aa76f7984435
;;;Develop Platform User Interface;9912ddba-e62d-499d-97db-93903349c05d
;;;Implement Data Access Controls;4a15444a-b79c-402a-8f6a-7321207056d1
;;;Test and Deploy Platform;0e273827-d7f4-42ed-af22-385016b11203
;;Establish Data Licensing Model;;4b49ccd6-f865-4fe6-a493-69fd0cfdb590
;;;Research existing data licensing models;8b6548a5-c26d-449b-ae9b-8d6029653811
;;;Define data usage terms and conditions;1a9b5405-a6b7-44b6-aef4-955ff30bb831
;;;Draft data licensing agreement templates;13721146-4fdd-4dbe-b116-95d64919d56f
;;;Obtain stakeholder approval on licensing model;47dec448-375a-4ec5-83bf-e21745942763
;;Implement Data-as-a-Service Platform;;5decea0c-85d2-4fef-b82f-be203ca94ee3
;;;Design Data-as-a-Service API;80feb22f-ebcc-4388-be1d-44193f681a37
;;;Develop Data Transformation Pipelines;40778e7a-22f4-4ab5-bcdf-66b1445b80c9
;;;Integrate with Archive Systems;5f631aa9-5b10-4024-8d8f-94312e1983b1
;;;Implement Security and Access Controls;6865252d-7f7c-45ec-b273-848373a1920e
;;Promote Data Access and Usage;;58e0991a-685e-47ff-a4e8-69d44a86d5c7
;;;Identify Target User Groups;3d940a07-5469-48fc-a2ad-f393f6b9a73a
;;;Develop Marketing and Outreach Plan;3e25faf6-b6ff-41cc-be1f-13444834df60
;;;Create Promotional Materials;31eb6574-bcd4-4b40-abb8-b532b4d52216
;;;Engage with Stakeholders and Partners;97574352-b76c-4568-90d0-652ad0bfb354
;;;Track and Analyze Promotion Effectiveness;fdd7d50f-cd09-49ae-84ec-217956c364c4
;;Ensure Long-Term Data Preservation;;4299dfb0-3e62-4122-ab2a-59489ad158d4
;;;Develop Data Migration Strategy;45cf00cf-0fba-41b5-9569-94fda97f2c09
;;;Evaluate Long-Term Storage Solutions;6271b7d9-e935-4811-a492-0d35fc277ce1
;;;Establish Data Center Partnerships;0c649c36-5437-4af6-a1c0-6ba479b4ffba
;;;Diversify Funding Sources;24196cfc-055d-4de5-a73b-68e9d0d80301
;Project Closure;;;e96638a1-8fd3-4b19-8ef6-2b7b3877d853
;;Finalize Project Documentation;;ba1948f1-7ff1-4c77-a8a4-2afd0d68de39
;;;Gather all project documentation;a521e606-44fc-4b7f-a961-6705f1add3cd
;;;Verify documentation completeness;a10ffaf6-6f02-488b-b110-c0b5f6e379df
;;;Obtain stakeholder sign-off;f845b888-3264-4c87-b678-88a9635a6f07
;;;Archive final documentation;54b695b8-6b2f-4c7c-b306-4258dfa40365
;;Conduct Post-Project Review;;7ca18ed3-c0c1-4d1f-b35a-4a391efdded1
;;;Schedule Post-Project Review Meeting;cc3528e7-eecd-4087-8716-e445de31137f
;;;Gather Project Documentation;aa3441fa-6350-447c-869f-0f1cf3212785
;;;Prepare Review Presentation;e20d5322-c451-446f-8fd9-144cbe03e994
;;;Facilitate Review Discussion;5e8e9c3c-bac5-461c-b005-780ce25c8583
;;;Document Lessons Learned;1e425243-fc50-4abb-89a1-3d752ccc36db
;;Archive Project Data;;d19a8cdd-8bc1-49d1-b978-7138b40d3cb0
;;;Identify all project data for archival;2eefcf54-b8a6-4798-9ad2-70ed97ec86a4
;;;Prepare data for long-term storage;e990f7e6-df2e-4d21-aadb-8d255fbdc3d4
;;;Transfer data to archival system;c07fa349-a375-4e38-a58f-9a87e205e01a
;;;Verify data integrity in archive;bfecae17-d453-4fb2-9426-2379eee46cdd
;;Decommission MIUs;;dd41da1f-c925-4760-a5f6-58d92a6e28c5
;;;Assess MIU Condition and Inventory;5a189013-92ba-4e1d-b7df-ccb0824d390a
;;;Develop Decommissioning Plan;27128122-e332-4fea-b8b0-13a6d9d25644
;;;Secure Disposal or Repurposing Agreements;f2442d39-c497-4d40-9656-4b18bb86c9d6
;;;Execute MIU Decommissioning;618cb070-9752-4287-a614-649c4802d7c3
;;Disseminate Project Results;;03ba333e-c533-462e-8320-9e07205545f1
;;;Identify target publications and conferences;8c8670b6-6954-45bd-adf7-901b5704ed78
;;;Prepare manuscript or presentation materials;2ce018a4-428e-41d9-9fe7-1c4fef44efb0
;;;Submit manuscript or presentation proposal;f991fe8e-e225-43c7-94af-542712fb0848
;;;Address reviewer feedback and revise materials;62c1efa2-463f-47e6-9d60-2dc3a3ba74c0
;;;Present findings and publish results;29bb0eb9-b8fd-4bda-a06c-870c5169b657