[
  {
    "id": "267044e4-13a6-44e8-85ac-d925a6f8db84",
    "name": "Identify Key Stakeholders and Needs",
    "description": "Identify all relevant stakeholders (archives, funding sources, technical experts) and document their specific needs and expectations for the digitization project. This includes understanding their current archival processes, data formats, and desired outcomes.",
    "resources_needed": [
      "Project Manager",
      "Business Analyst",
      "Stakeholder Representatives"
    ],
    "parent_id": "a20e70e4-0cda-49b7-a8f8-1b09c2ff7559"
  },
  {
    "id": "cb22f57f-a218-464f-87e7-3b4760f29257",
    "name": "Define Measurable Project Objectives",
    "description": "Translate stakeholder needs into specific, measurable, achievable, relevant, and time-bound (SMART) project objectives. This includes defining the scope of the digitization effort (e.g., types of media, time period), target number of items to be digitized, and desired data quality standards.",
    "resources_needed": [
      "Project Manager",
      "Technical Lead",
      "Archival Expert"
    ],
    "parent_id": "a20e70e4-0cda-49b7-a8f8-1b09c2ff7559"
  },
  {
    "id": "5a69b84c-f28a-4d60-9b6a-dbe31f9df3e4",
    "name": "Document Project Scope and Deliverables",
    "description": "Create a detailed project scope document that clearly outlines the boundaries of the project, including what is included and excluded. Define specific deliverables for each phase of the project, such as digitized media files, metadata records, and a data access platform.",
    "resources_needed": [
      "Project Manager",
      "Technical Writer",
      "Archival Expert"
    ],
    "parent_id": "a20e70e4-0cda-49b7-a8f8-1b09c2ff7559"
  },
  {
    "id": "f9d3b9f0-7952-43ad-8b3a-08b2f9005dd7",
    "name": "Establish Success Criteria and Metrics",
    "description": "Define clear success criteria for the project and identify key performance indicators (KPIs) to measure progress and success. This includes metrics for data quality, digitization throughput, cost-effectiveness, and stakeholder satisfaction.",
    "resources_needed": [
      "Project Manager",
      "Data Analyst",
      "Stakeholder Representatives"
    ],
    "parent_id": "a20e70e4-0cda-49b7-a8f8-1b09c2ff7559"
  },
  {
    "id": "75520d0d-99f9-40b1-a63a-5711b25a3051",
    "name": "Identify Potential Funding Sources",
    "description": "Research and identify potential funding sources, including grants, investors, and internal budgets. This involves exploring various funding opportunities and assessing their suitability for the project's goals and objectives.",
    "resources_needed": [
      "Project Manager",
      "Grant Writer",
      "Research Analyst"
    ],
    "parent_id": "97204561-2b3b-4c93-818a-21819c8e32d1"
  },
  {
    "id": "b4e1d4f3-79a2-4017-b86d-054d8b603955",
    "name": "Prepare Grant Proposals and Applications",
    "description": "Develop compelling grant proposals and applications tailored to each identified funding source. This includes writing detailed project descriptions, budgets, and evaluation plans, as well as gathering supporting documentation.",
    "resources_needed": [
      "Grant Writer",
      "Project Manager",
      "Subject Matter Experts"
    ],
    "parent_id": "97204561-2b3b-4c93-818a-21819c8e32d1"
  },
  {
    "id": "319fd4fe-5d12-4310-86b4-8a8d9951be87",
    "name": "Engage with Potential Funders",
    "description": "Establish communication and build relationships with potential funders. This involves attending meetings, presenting project proposals, and addressing any questions or concerns they may have.",
    "resources_needed": [
      "Project Manager",
      "Executive Leadership",
      "Development Officer"
    ],
    "parent_id": "97204561-2b3b-4c93-818a-21819c8e32d1"
  },
  {
    "id": "8be4e729-884d-4d68-a193-92247e50e898",
    "name": "Negotiate Funding Agreements",
    "description": "Negotiate the terms and conditions of funding agreements with selected funders. This includes reviewing contracts, clarifying expectations, and ensuring that the agreements align with the project's goals and objectives.",
    "resources_needed": [
      "Project Manager",
      "Legal Counsel",
      "Financial Officer"
    ],
    "parent_id": "97204561-2b3b-4c93-818a-21819c8e32d1"
  },
  {
    "id": "906760c3-62e0-4f11-94db-8c11d6eb2dad",
    "name": "Define Project Scope and Requirements",
    "description": "Clearly define the project's scope, objectives, and deliverables. Gather detailed requirements from all stakeholders to ensure a shared understanding of the project's goals.",
    "resources_needed": [
      "Project Manager",
      "Business Analyst",
      "Stakeholders"
    ],
    "parent_id": "b9b391ff-1443-4cfd-b807-9f501bee53f7"
  },
  {
    "id": "06a4c5ae-f91c-4bef-b0e6-326ca3f62742",
    "name": "Develop Risk Management Plan",
    "description": "Identify potential risks and develop mitigation strategies to minimize their impact on the project. Assess the likelihood and impact of each risk and create a plan to address them proactively.",
    "resources_needed": [
      "Project Manager",
      "Risk Management Specialist",
      "Subject Matter Experts"
    ],
    "parent_id": "b9b391ff-1443-4cfd-b807-9f501bee53f7"
  },
  {
    "id": "33a7ab7d-054e-47e2-b538-540eca350ada",
    "name": "Create Project Schedule and Budget",
    "description": "Develop a detailed project schedule with timelines and milestones. Create a comprehensive budget that includes all project costs, such as personnel, equipment, and materials.",
    "resources_needed": [
      "Project Manager",
      "Project Scheduler",
      "Financial Analyst"
    ],
    "parent_id": "b9b391ff-1443-4cfd-b807-9f501bee53f7"
  },
  {
    "id": "86792aac-4296-4755-9574-45a3b3df6ba3",
    "name": "Establish Communication Plan",
    "description": "Define the communication channels, frequency, and stakeholders for project updates. Ensure that all stakeholders are informed of project progress and any issues that arise.",
    "resources_needed": [
      "Project Manager",
      "Communication Specialist",
      "Stakeholders"
    ],
    "parent_id": "b9b391ff-1443-4cfd-b807-9f501bee53f7"
  },
  {
    "id": "c3fc6fb8-1956-4137-8222-6380cb3021b6",
    "name": "Identify Key Stakeholder Groups",
    "description": "Identify all relevant stakeholder groups, including internal teams, external partners, and regulatory bodies. Determine their level of influence and interest in the project.",
    "resources_needed": [
      "Project Manager",
      "Business Analyst",
      "Stakeholder Representatives"
    ],
    "parent_id": "46055973-971e-4fe4-acf4-900cc32b4d7b"
  },
  {
    "id": "a6e94486-eae3-4034-afdd-7bf189628317",
    "name": "Assess Stakeholder Needs and Expectations",
    "description": "Conduct interviews, surveys, and workshops to understand the needs, expectations, and concerns of each stakeholder group. Document their requirements and priorities.",
    "resources_needed": [
      "Project Manager",
      "Business Analyst",
      "Communication Specialist"
    ],
    "parent_id": "46055973-971e-4fe4-acf4-900cc32b4d7b"
  },
  {
    "id": "e139c8b0-1b96-4fa6-b216-0fdd89a822d1",
    "name": "Develop Stakeholder Engagement Plan",
    "description": "Create a detailed plan outlining how to engage with each stakeholder group throughout the project lifecycle. Define communication channels, frequency, and methods for sharing information and gathering feedback.",
    "resources_needed": [
      "Project Manager",
      "Communication Specialist",
      "Stakeholder Representatives"
    ],
    "parent_id": "46055973-971e-4fe4-acf4-900cc32b4d7b"
  },
  {
    "id": "915dcaf1-42a9-4f8b-b590-8a82f3263b23",
    "name": "Document Stakeholder Analysis Results",
    "description": "Compile all findings from the stakeholder analysis into a comprehensive report. Include stakeholder profiles, needs assessments, engagement plans, and risk mitigation strategies.",
    "resources_needed": [
      "Project Manager",
      "Business Analyst",
      "Documentation Specialist"
    ],
    "parent_id": "46055973-971e-4fe4-acf4-900cc32b4d7b"
  },
  {
    "id": "4a1dedb9-bf1f-48d9-87a3-21b61c550966",
    "name": "Identify Key Decision-Makers",
    "description": "Identify individuals or groups with authority to make decisions related to the project's governance structure. This includes representatives from funding organizations, archive partners, and internal project teams.",
    "resources_needed": [
      "Project Manager",
      "Stakeholder Analysis Report",
      "Organizational Charts"
    ],
    "parent_id": "bd859f96-45e7-4d74-9d1c-273954d9b117"
  },
  {
    "id": "c12fd0b5-049c-4fc0-bbf7-f5c2c3887c5d",
    "name": "Define Roles and Responsibilities",
    "description": "Clearly define the roles and responsibilities of each governance body and individual involved in project decision-making. This includes outlining their authority, accountability, and reporting lines.",
    "resources_needed": [
      "Project Manager",
      "Legal Counsel",
      "Stakeholder Representatives"
    ],
    "parent_id": "bd859f96-45e7-4d74-9d1c-273954d9b117"
  },
  {
    "id": "99cd5f97-f02b-4e59-817a-2a1df2096f81",
    "name": "Establish Decision-Making Processes",
    "description": "Develop transparent and efficient decision-making processes for key project areas, such as budget allocation, scope changes, and risk management. This includes defining voting procedures, escalation paths, and documentation requirements.",
    "resources_needed": [
      "Project Manager",
      "Process Improvement Specialist",
      "Stakeholder Representatives"
    ],
    "parent_id": "bd859f96-45e7-4d74-9d1c-273954d9b117"
  },
  {
    "id": "3bc94315-5917-4672-b99d-0aa16af624ab",
    "name": "Document Governance Structure",
    "description": "Create a comprehensive document outlining the project's governance structure, including the roles and responsibilities of each governance body, decision-making processes, and communication protocols. This document should be readily accessible to all project stakeholders.",
    "resources_needed": [
      "Project Manager",
      "Technical Writer",
      "Document Management System"
    ],
    "parent_id": "bd859f96-45e7-4d74-9d1c-273954d9b117"
  },
  {
    "id": "73eecf52-5be3-4a9d-8e51-2faca408eac8",
    "name": "Communicate Governance Structure",
    "description": "Effectively communicate the project's governance structure to all stakeholders, ensuring they understand their roles and responsibilities within the decision-making process. This includes conducting training sessions, distributing informational materials, and providing ongoing support.",
    "resources_needed": [
      "Project Manager",
      "Communication Specialist",
      "Training Materials"
    ],
    "parent_id": "bd859f96-45e7-4d74-9d1c-273954d9b117"
  },
  {
    "id": "d9a30a18-c049-4ed2-bb4f-8404be56dd38",
    "name": "Define Equipment Placement and Workflow",
    "description": "Determine the optimal placement of all equipment within the container to maximize workflow efficiency and minimize space constraints. Consider ergonomics and accessibility for operators.",
    "resources_needed": [
      "Industrial Designer",
      "Ergonomics Specialist",
      "Process Engineer"
    ],
    "parent_id": "435c1d6e-0509-452b-8925-a651e9235306"
  },
  {
    "id": "26982c9f-f25f-49d2-8021-9532a1ea9fdd",
    "name": "Develop Detailed Container Layout Drawings",
    "description": "Create detailed 2D and 3D drawings of the container layout, including precise dimensions, equipment specifications, and utility connections. Ensure compliance with safety and regulatory requirements.",
    "resources_needed": [
      "CAD Technician",
      "Draftsperson",
      "Electrical Engineer",
      "HVAC Engineer"
    ],
    "parent_id": "435c1d6e-0509-452b-8925-a651e9235306"
  },
  {
    "id": "93ab2ee9-a5f5-4c5b-8439-cfb8d2d6fee7",
    "name": "Simulate Container Environment and Usage",
    "description": "Use simulation software to model the container environment, including temperature, humidity, and airflow. Simulate equipment operation and operator movements to identify potential issues and optimize the layout.",
    "resources_needed": [
      "Simulation Engineer",
      "Environmental Engineer",
      "Process Engineer"
    ],
    "parent_id": "435c1d6e-0509-452b-8925-a651e9235306"
  },
  {
    "id": "2ab8b40a-9772-416c-9547-f182e0990a09",
    "name": "Review Layout with Stakeholders",
    "description": "Present the container layout drawings and simulation results to key stakeholders, including operators, maintenance personnel, and project managers. Gather feedback and incorporate necessary revisions.",
    "resources_needed": [
      "Project Manager",
      "Industrial Designer",
      "Operators",
      "Maintenance Personnel"
    ],
    "parent_id": "435c1d6e-0509-452b-8925-a651e9235306"
  },
  {
    "id": "0a386a56-4bd8-4493-ab51-46ee161b5db5",
    "name": "Identify and Vet Potential Suppliers",
    "description": "Objective: Identify and vet potential suppliers for the container, vintage equipment, robotic loading systems, climate control, power systems, and connectivity solutions.\nScope: Research and identify at least three potential suppliers for each major equipment category. Evaluate suppliers based on factors such as price, availability, reputation, and compliance with relevant standards.\nSteps:\n1. Conduct online research to identify potential suppliers.\n2. Contact suppliers to request quotes and information.\n3. Evaluate supplier proposals based on pre-defined criteria.\n4. Conduct reference checks and site visits (if necessary).\nDeliverables: A list of vetted suppliers for each major equipment category.",
    "resources_needed": [
      "Procurement Specialist",
      "Engineering Team",
      "Legal Counsel"
    ],
    "parent_id": "6e59c0ee-f736-4d8f-bfcf-b28ee682d627"
  },
  {
    "id": "2e11abce-bf80-4c88-83d2-aad5b7146650",
    "name": "Negotiate Contracts and Secure Agreements",
    "description": "Objective: Negotiate contracts with selected suppliers and secure agreements for the procurement of the container, vintage equipment, robotic loading systems, climate control, power systems, and connectivity solutions.\nScope: Negotiate favorable contract terms with selected suppliers, including pricing, delivery schedules, payment terms, and warranty provisions. Ensure that contracts comply with all relevant legal and regulatory requirements.\nSteps:\n1. Develop contract templates.\n2. Negotiate contract terms with suppliers.\n3. Obtain legal review of contracts.\n4. Finalize and execute contracts.\nDeliverables: Signed contracts with selected suppliers.",
    "resources_needed": [
      "Procurement Specialist",
      "Legal Counsel",
      "Project Manager"
    ],
    "parent_id": "6e59c0ee-f736-4d8f-bfcf-b28ee682d627"
  },
  {
    "id": "ef6dfe8b-96d2-465b-ac88-0a116779b8ab",
    "name": "Manage Equipment Delivery and Logistics",
    "description": "Objective: Manage the delivery and logistics of the container, vintage equipment, robotic loading systems, climate control, power systems, and connectivity solutions to the designated integration site.\nScope: Coordinate with suppliers to ensure timely delivery of equipment. Manage transportation, storage, and handling of equipment to prevent damage or loss. Ensure that all necessary documentation is in place for customs clearance and import/export compliance.\nSteps:\n1. Develop a logistics plan.\n2. Coordinate with suppliers on delivery schedules.\n3. Arrange for transportation and storage of equipment.\n4. Track equipment shipments.\n5. Inspect equipment upon arrival.\nDeliverables: Equipment delivered to the integration site in good condition.",
    "resources_needed": [
      "Logistics Coordinator",
      "Procurement Specialist",
      "Warehouse Staff"
    ],
    "parent_id": "6e59c0ee-f736-4d8f-bfcf-b28ee682d627"
  },
  {
    "id": "b5a1228c-80f2-46a8-848c-8863c29c857e",
    "name": "Verify Equipment Compliance and Specifications",
    "description": "Objective: Verify that the delivered container, vintage equipment, robotic loading systems, climate control, power systems, and connectivity solutions comply with specified requirements and specifications.\nScope: Conduct inspections and testing to ensure that equipment meets performance standards, safety regulations, and compatibility requirements. Address any discrepancies or issues with suppliers.\nSteps:\n1. Develop inspection checklists.\n2. Conduct equipment inspections.\n3. Perform functional testing.\n4. Document inspection results.\n5. Resolve any issues with suppliers.\nDeliverables: Verification reports confirming equipment compliance.",
    "resources_needed": [
      "Engineering Team",
      "Quality Assurance Specialist",
      "Procurement Specialist"
    ],
    "parent_id": "6e59c0ee-f736-4d8f-bfcf-b28ee682d627"
  },
  {
    "id": "32a7cf63-d16c-4230-b306-cbc0c8aee843",
    "name": "Design Robotic Loading System Interface",
    "description": "Design the interface between the robotic loading system and the vintage equipment. This includes defining communication protocols, data formats, and control signals. Deliverables: Interface specification document, communication protocol definition.",
    "resources_needed": [
      "Robotics Engineer",
      "Electrical Engineer",
      "Software Engineer"
    ],
    "parent_id": "1617d922-077e-4b2a-b96c-62a3657c24bf"
  },
  {
    "id": "9a61ebe1-a011-4610-af7f-9c0bbfd9bbc2",
    "name": "Configure Robotic Arm for Media Handling",
    "description": "Configure the robotic arm for precise and gentle handling of various media types (tapes, films, cards). This includes programming movement sequences, adjusting grip force, and calibrating sensors. Deliverables: Robotic arm configuration files, calibration reports.",
    "resources_needed": [
      "Robotics Technician",
      "Software Engineer"
    ],
    "parent_id": "1617d922-077e-4b2a-b96c-62a3657c24bf"
  },
  {
    "id": "4a308a16-90f3-4735-a207-41503cfb5ed0",
    "name": "Test Robotic Loading System Integration",
    "description": "Conduct thorough testing of the integrated robotic loading system with the vintage equipment. This includes testing loading and unloading sequences, error handling, and safety mechanisms. Deliverables: Test reports, error logs.",
    "resources_needed": [
      "Robotics Engineer",
      "Electrical Engineer",
      "Test Engineer"
    ],
    "parent_id": "1617d922-077e-4b2a-b96c-62a3657c24bf"
  },
  {
    "id": "0a7bcd47-09ac-437c-b289-48c95034cf41",
    "name": "Optimize Loading System for Speed and Reliability",
    "description": "Optimize the robotic loading system for maximum speed and reliability while minimizing the risk of damage to the media. This includes fine-tuning movement parameters, adjusting sensor thresholds, and implementing error recovery routines. Deliverables: Performance reports, optimized configuration files.",
    "resources_needed": [
      "Robotics Engineer",
      "Software Engineer",
      "Vintage Equipment Specialist"
    ],
    "parent_id": "1617d922-077e-4b2a-b96c-62a3657c24bf"
  },
  {
    "id": "7f1e040e-3669-407e-b4c1-04068bd8cc13",
    "name": "Select AI workstation hardware",
    "description": "Choose appropriate GPUs, CPUs, and memory configurations for AI signal processing workloads. Consider power consumption and cooling requirements.",
    "resources_needed": [
      "AI Engineer",
      "Hardware Specialist",
      "Budget"
    ],
    "parent_id": "54f9ce69-8c92-4a2d-9c7f-a9e8cc023b44"
  },
  {
    "id": "c994918e-5d4c-4845-9c67-7ac4eb372df4",
    "name": "Install AI software and libraries",
    "description": "Set up the operating system, install necessary AI frameworks (TensorFlow, PyTorch), and configure libraries for signal processing and data analysis.",
    "resources_needed": [
      "AI Engineer",
      "System Administrator"
    ],
    "parent_id": "54f9ce69-8c92-4a2d-9c7f-a9e8cc023b44"
  },
  {
    "id": "9ae2c7e1-ef35-4282-8f00-ef880b8a7231",
    "name": "Integrate with vintage equipment I/O",
    "description": "Develop interfaces to receive signal data from vintage equipment and transmit processed data for storage and archival.",
    "resources_needed": [
      "AI Engineer",
      "Electrical Engineer",
      "Vintage Equipment Specialist"
    ],
    "parent_id": "54f9ce69-8c92-4a2d-9c7f-a9e8cc023b44"
  },
  {
    "id": "d9fa0cb8-7ecf-4531-b3c2-6b658a860674",
    "name": "Test and optimize workstation performance",
    "description": "Run benchmark tests to evaluate the performance of the AI workstation and optimize configurations for speed and accuracy.",
    "resources_needed": [
      "AI Engineer",
      "Performance Analyst"
    ],
    "parent_id": "54f9ce69-8c92-4a2d-9c7f-a9e8cc023b44"
  },
  {
    "id": "f7bafaaa-d643-4bab-ac43-58c7077ae140",
    "name": "Plan climate control system installation",
    "description": "Define the installation plan, including placement of units, ductwork routing, and control system integration.  Objective: Create a detailed plan for the physical installation of the climate control system. Scope: Covers all aspects of the physical installation, excluding electrical and power connections. Steps: Review container layout, determine optimal unit placement, design ductwork, plan control system integration, document the plan. Deliverables: Installation plan document.",
    "resources_needed": [
      "HVAC Engineer",
      "Container Design Specialist",
      "Project Manager"
    ],
    "parent_id": "59a8b1f8-ca5c-4c68-a39e-e4d6b39d9c87"
  },
  {
    "id": "3e940fdf-e2e4-48f2-9778-5b345adca5c9",
    "name": "Install climate control units and ductwork",
    "description": "Physically install the climate control units, ductwork, and related components within the container. Objective: Install the climate control system according to the installation plan. Scope: Includes the physical installation of all climate control components. Steps: Prepare container for installation, mount climate control units, install ductwork, connect components, test the installation. Deliverables: Installed climate control system.",
    "resources_needed": [
      "HVAC Technician",
      "Construction Crew",
      "Project Manager"
    ],
    "parent_id": "59a8b1f8-ca5c-4c68-a39e-e4d6b39d9c87"
  },
  {
    "id": "91d9f0e8-6b72-42ab-9665-c44c0912a034",
    "name": "Plan power system installation",
    "description": "Define the installation plan for the power system, including wiring, grounding, and safety measures. Objective: Create a detailed plan for the electrical installation. Scope: Covers all aspects of the electrical installation, including wiring, grounding, and safety. Steps: Review container layout, determine wiring routes, plan grounding system, plan safety measures, document the plan. Deliverables: Power system installation plan document.",
    "resources_needed": [
      "Electrical Engineer",
      "Container Design Specialist",
      "Project Manager"
    ],
    "parent_id": "59a8b1f8-ca5c-4c68-a39e-e4d6b39d9c87"
  },
  {
    "id": "6ad72849-83d7-45e2-a8d7-34f535915440",
    "name": "Install power systems and electrical wiring",
    "description": "Physically install the power system, including wiring, grounding, and safety components. Objective: Install the power system according to the installation plan. Scope: Includes the physical installation of all electrical components. Steps: Prepare container for installation, install wiring, install grounding system, install safety components, test the installation. Deliverables: Installed power system.",
    "resources_needed": [
      "Electrician",
      "Construction Crew",
      "Project Manager"
    ],
    "parent_id": "59a8b1f8-ca5c-4c68-a39e-e4d6b39d9c87"
  },
  {
    "id": "7c3be4e5-21e4-4d3b-bc73-51eff72f21c3",
    "name": "Test and commission systems",
    "description": "Test the climate control and power systems to ensure proper functionality and safety. Objective: Verify the correct operation of both systems. Scope: Includes testing all aspects of both systems. Steps: Power up systems, test functionality, verify safety measures, document test results. Deliverables: Test report.",
    "resources_needed": [
      "HVAC Technician",
      "Electrician",
      "Electrical Engineer",
      "HVAC Engineer",
      "Project Manager"
    ],
    "parent_id": "59a8b1f8-ca5c-4c68-a39e-e4d6b39d9c87"
  },
  {
    "id": "06edc772-72b4-4c8d-9391-b4684744db24",
    "name": "Assess Connectivity Needs and Options",
    "description": "Objective: Determine the optimal connectivity solution for each MIU deployment location, considering bandwidth requirements, reliability, and cost.\nScope: Evaluate satellite, fiber, and other connectivity options. Assess the availability and cost of each option at potential deployment sites.\nSteps: 1. Conduct site surveys to assess connectivity infrastructure. 2. Research available connectivity providers and their service offerings. 3. Analyze bandwidth requirements for digitization and data transfer. 4. Develop a cost-benefit analysis for each connectivity option.\nDeliverables: A report outlining the recommended connectivity solution for each MIU deployment location.",
    "resources_needed": [
      "Network Engineer",
      "Telecommunications Specialist",
      "Site Survey Team"
    ],
    "parent_id": "99dfc1bb-f5a8-4f11-a327-d871add53b2b"
  },
  {
    "id": "d2ce86fa-d3ae-44db-ac5d-3ce4d1992976",
    "name": "Negotiate Connectivity Agreements",
    "description": "Objective: Secure favorable connectivity agreements with selected providers, ensuring reliable and cost-effective service.\nScope: Negotiate contracts with satellite and fiber providers. Establish service level agreements (SLAs) to guarantee uptime and performance.\nSteps: 1. Prepare requests for proposals (RFPs) for connectivity services. 2. Evaluate proposals and select preferred providers. 3. Negotiate contract terms and SLAs. 4. Obtain legal review of contracts.\nDeliverables: Signed connectivity agreements with selected providers.",
    "resources_needed": [
      "Project Manager",
      "Contract Negotiator",
      "Legal Counsel"
    ],
    "parent_id": "99dfc1bb-f5a8-4f11-a327-d871add53b2b"
  },
  {
    "id": "27d185ba-573e-41ab-b748-c062f73dc8b5",
    "name": "Install and Configure Connectivity Equipment",
    "description": "Objective: Install and configure connectivity equipment at each MIU deployment location, ensuring seamless data transfer.\nScope: Install satellite dishes, fiber optic cables, and other necessary equipment. Configure network settings and security protocols.\nSteps: 1. Coordinate with connectivity providers to schedule installation. 2. Install and configure connectivity equipment. 3. Test connectivity and data transfer speeds. 4. Troubleshoot any connectivity issues.\nDeliverables: Fully functional connectivity at each MIU deployment location.",
    "resources_needed": [
      "Network Technician",
      "Installation Crew",
      "Connectivity Provider Technicians"
    ],
    "parent_id": "99dfc1bb-f5a8-4f11-a327-d871add53b2b"
  },
  {
    "id": "f74fc42e-1892-420d-965c-6632c54447c3",
    "name": "Test and Validate Connectivity Performance",
    "description": "Objective: Verify that the installed connectivity solutions meet the required performance standards for data transfer and remote access.\nScope: Conduct thorough testing of bandwidth, latency, and reliability. Validate that the connectivity supports the digitization workflow and remote monitoring capabilities.\nSteps: 1. Develop a testing plan with specific performance metrics. 2. Conduct baseline tests to establish initial performance levels. 3. Simulate typical digitization workloads to assess performance under load. 4. Document test results and identify any areas for improvement.\nDeliverables: A comprehensive report validating the connectivity performance at each MIU location.",
    "resources_needed": [
      "Network Engineer",
      "Quality Assurance Tester",
      "Data Analyst"
    ],
    "parent_id": "99dfc1bb-f5a8-4f11-a327-d871add53b2b"
  },
  {
    "id": "93f7928a-af91-4b73-8e81-4fce245d989c",
    "name": "Identify potential vintage equipment sources",
    "description": "Objective: Identify potential sources for acquiring vintage equipment.\nScope: Research online marketplaces, antique shops, collectors, and other potential sources.\nSteps: 1. Conduct online searches. 2. Contact antique shops and collectors. 3. Attend relevant auctions and events. 4. Document potential sources and their offerings.\nDeliverables: A list of potential vintage equipment sources with contact information and equipment availability.",
    "resources_needed": [
      "Project Manager",
      "Vintage Equipment Specialist",
      "Researcher"
    ],
    "parent_id": "c217bf40-e5af-41c8-9e0e-500b6d78e2db"
  },
  {
    "id": "97a1eee7-d501-40ea-8b5d-e43166fd570e",
    "name": "Assess condition of acquired equipment",
    "description": "Objective: Evaluate the condition of acquired vintage equipment.\nScope: Inspect equipment for damage, functionality, and completeness.\nSteps: 1. Visually inspect equipment for physical damage. 2. Test equipment functionality where possible. 3. Document any issues or missing parts. 4. Determine the level of refurbishment required.\nDeliverables: A condition report for each piece of acquired vintage equipment, including photos and a list of required repairs.",
    "resources_needed": [
      "Vintage Equipment Specialist",
      "Maintenance Engineer"
    ],
    "parent_id": "c217bf40-e5af-41c8-9e0e-500b6d78e2db"
  },
  {
    "id": "9990ca73-b29a-4f0e-bc19-202ab41a8b06",
    "name": "Develop refurbishment plan for each unit",
    "description": "Objective: Create a detailed refurbishment plan for each piece of vintage equipment.\nScope: Outline the steps required to restore the equipment to working order.\nSteps: 1. Identify required repairs and parts replacements. 2. Estimate the cost of refurbishment. 3. Develop a timeline for completing the refurbishment. 4. Document the refurbishment plan.\nDeliverables: A detailed refurbishment plan for each piece of vintage equipment, including a list of required parts, cost estimates, and a timeline.",
    "resources_needed": [
      "Vintage Equipment Specialist",
      "Maintenance Engineer",
      "Project Manager"
    ],
    "parent_id": "c217bf40-e5af-41c8-9e0e-500b6d78e2db"
  },
  {
    "id": "3c537c22-b355-49f0-af79-8d4dc137933c",
    "name": "Execute refurbishment and testing",
    "description": "Objective: Refurbish the vintage equipment according to the refurbishment plan.\nScope: Perform repairs, replace parts, and test equipment functionality.\nSteps: 1. Procure necessary parts and materials. 2. Perform repairs and replacements. 3. Test equipment functionality. 4. Document the refurbishment process.\nDeliverables: Refurbished vintage equipment that meets the required functionality standards.",
    "resources_needed": [
      "Maintenance Engineer",
      "Technician"
    ],
    "parent_id": "c217bf40-e5af-41c8-9e0e-500b6d78e2db"
  },
  {
    "id": "68437073-b30f-4069-9858-93f4f7bc912a",
    "name": "Identify critical vintage equipment parts",
    "description": "Objective: Determine which parts are most crucial for maintaining vintage equipment.\nScope: Analyze equipment manuals, consult with engineers, and review maintenance records.\nSteps: 1. Review equipment documentation. 2. Interview maintenance personnel. 3. Prioritize parts based on failure rates and availability.\nDeliverables: A list of critical parts with estimated usage rates.",
    "resources_needed": [
      "Vintage Equipment Maintenance Specialist",
      "Engineering Training Program Coordinator",
      "Maintenance Engineer"
    ],
    "parent_id": "3bf42b20-0ba6-4441-b9ca-732fcd853b71"
  },
  {
    "id": "b8dfdf98-418a-4375-a849-a23b46e6bd51",
    "name": "Source potential parts suppliers",
    "description": "Objective: Identify and evaluate potential suppliers for vintage equipment parts.\nScope: Research online marketplaces, contact vintage equipment collectors, and explore 3D printing options.\nSteps: 1. Search online databases. 2. Contact potential suppliers. 3. Evaluate suppliers based on price, availability, and reliability.\nDeliverables: A list of potential suppliers with contact information and pricing estimates.",
    "resources_needed": [
      "Parts Acquisition and Inventory Manager",
      "Procurement Specialist"
    ],
    "parent_id": "3bf42b20-0ba6-4441-b9ca-732fcd853b71"
  },
  {
    "id": "dede2eac-39e1-401e-b23c-d8ad3e74042f",
    "name": "Establish parts inventory management system",
    "description": "Objective: Implement a system for tracking and managing the parts inventory.\nScope: Select inventory management software, define inventory levels, and establish reordering procedures.\nSteps: 1. Choose inventory management software. 2. Define minimum and maximum inventory levels. 3. Establish reordering procedures.\nDeliverables: An operational parts inventory management system.",
    "resources_needed": [
      "Parts Acquisition and Inventory Manager",
      "IT Support"
    ],
    "parent_id": "3bf42b20-0ba6-4441-b9ca-732fcd853b71"
  },
  {
    "id": "de0fba3a-891e-4dd7-81f6-1db456b2e3b8",
    "name": "Acquire initial stock of critical parts",
    "description": "Objective: Purchase an initial stock of critical vintage equipment parts.\nScope: Place orders with selected suppliers, track shipments, and inspect parts upon arrival.\nSteps: 1. Place orders with suppliers. 2. Track shipments. 3. Inspect parts upon arrival.\nDeliverables: An initial stock of critical parts stored in the inventory management system.",
    "resources_needed": [
      "Parts Acquisition and Inventory Manager",
      "Procurement Specialist",
      "Warehouse Personnel"
    ],
    "parent_id": "3bf42b20-0ba6-4441-b9ca-732fcd853b71"
  },
  {
    "id": "d878dca5-0d67-400c-ab48-bd8cbb712d58",
    "name": "Curriculum Development and Material Creation",
    "description": "Develop a comprehensive training curriculum covering vintage equipment maintenance, repair, and troubleshooting. Create training materials, including manuals, videos, and interactive simulations.",
    "resources_needed": [
      "Retired Engineers",
      "Training Program Coordinator",
      "Technical Writers",
      "Video Production Team"
    ],
    "parent_id": "2ca6321d-6383-41f7-8ad2-870e3f8cb18d"
  },
  {
    "id": "73ada818-29f4-47a9-9397-bb7f7fcfb823",
    "name": "Recruit and Onboard Trainees",
    "description": "Recruit qualified engineers and technicians for the training program. Conduct background checks and security clearances. Onboard trainees and provide them with necessary resources and support.",
    "resources_needed": [
      "HR Department",
      "Training Program Coordinator",
      "Recruiters"
    ],
    "parent_id": "2ca6321d-6383-41f7-8ad2-870e3f8cb18d"
  },
  {
    "id": "9d8e4d4b-ac4e-4511-a357-2ad5189af2d6",
    "name": "Conduct Hands-On Training Sessions",
    "description": "Organize and conduct hands-on training sessions on vintage equipment maintenance and repair. Provide trainees with opportunities to work on real equipment and gain practical experience.",
    "resources_needed": [
      "Retired Engineers",
      "Training Program Coordinator",
      "Vintage Equipment",
      "Workshop Facilities"
    ],
    "parent_id": "2ca6321d-6383-41f7-8ad2-870e3f8cb18d"
  },
  {
    "id": "6f9dc41f-644e-4e77-90b8-949d37c4b5ad",
    "name": "Assess Trainee Performance and Provide Feedback",
    "description": "Assess trainee performance through quizzes, exams, and practical assessments. Provide trainees with constructive feedback and guidance to improve their skills and knowledge.",
    "resources_needed": [
      "Retired Engineers",
      "Training Program Coordinator"
    ],
    "parent_id": "2ca6321d-6383-41f7-8ad2-870e3f8cb18d"
  },
  {
    "id": "f4b5e301-5bec-4d38-8d6d-2fed645da34c",
    "name": "Evaluate and Improve Training Program",
    "description": "Evaluate the effectiveness of the training program through surveys, interviews, and performance data. Identify areas for improvement and make necessary adjustments to the curriculum and training methods.",
    "resources_needed": [
      "Training Program Coordinator",
      "Feedback Analysis Team"
    ],
    "parent_id": "2ca6321d-6383-41f7-8ad2-870e3f8cb18d"
  },
  {
    "id": "0c0790f6-4c51-4381-99ff-ad1e850c940e",
    "name": "Gather equipment performance data",
    "description": "Collect historical performance data from vintage equipment to establish baseline metrics for predictive maintenance.",
    "resources_needed": [
      "Maintenance technicians",
      "Data analysts",
      "Equipment logs"
    ],
    "parent_id": "e0b35dcf-6dfc-4afa-b0d9-ecf4d0886019"
  },
  {
    "id": "be264cad-0977-4eb8-a8e4-03139d1c92f9",
    "name": "Select predictive maintenance software",
    "description": "Evaluate and select appropriate predictive maintenance software based on compatibility with vintage equipment and data analysis capabilities.",
    "resources_needed": [
      "IT specialists",
      "Maintenance engineers",
      "Software vendors"
    ],
    "parent_id": "e0b35dcf-6dfc-4afa-b0d9-ecf4d0886019"
  },
  {
    "id": "dec13302-5967-4dd2-b805-ed7306a877ef",
    "name": "Install sensors on vintage equipment",
    "description": "Install sensors on vintage equipment to collect real-time data for predictive maintenance analysis.",
    "resources_needed": [
      "Electrical engineers",
      "Maintenance technicians",
      "Sensors"
    ],
    "parent_id": "e0b35dcf-6dfc-4afa-b0d9-ecf4d0886019"
  },
  {
    "id": "b0cd9ca7-43fb-4114-9fa8-4293f2a327a3",
    "name": "Develop predictive models",
    "description": "Develop predictive models based on historical and real-time data to identify potential equipment failures.",
    "resources_needed": [
      "Data scientists",
      "AI specialists",
      "Predictive maintenance software"
    ],
    "parent_id": "e0b35dcf-6dfc-4afa-b0d9-ecf4d0886019"
  },
  {
    "id": "db07655c-26c0-48b2-b269-d599eb03e6d2",
    "name": "Implement maintenance schedule",
    "description": "Implement a maintenance schedule based on the predictions generated by the predictive models.",
    "resources_needed": [
      "Maintenance technicians",
      "Maintenance engineers",
      "Predictive maintenance software"
    ],
    "parent_id": "e0b35dcf-6dfc-4afa-b0d9-ecf4d0886019"
  },
  {
    "id": "6a848ecd-8a82-4fd1-a390-cc9948e4555a",
    "name": "Monitor Technology Trends and Forecast Obsolescence",
    "description": "Objective: Proactively identify potential obsolescence issues with vintage equipment. Scope: Track technology advancements, component availability, and emerging data formats. Steps: Regularly review industry publications, attend conferences, and consult with technology experts. Deliverables: Quarterly reports on potential obsolescence risks and mitigation strategies.",
    "resources_needed": [
      "Technology Analyst",
      "Vintage Equipment Specialist"
    ],
    "parent_id": "6b77bdef-9af8-4225-b701-1836dc0a4a4b"
  },
  {
    "id": "ddf9e871-0a51-4257-88b9-3d41f7c7ef19",
    "name": "Reverse Engineering and Parts Replication",
    "description": "Objective: Develop capabilities to replicate obsolete parts. Scope: Identify critical parts at risk of obsolescence, reverse engineer designs, and explore 3D printing or CNC machining options. Steps: Acquire sample parts, create CAD models, and test replicated parts. Deliverables: Library of CAD models for critical parts and a process for manufacturing replacements.",
    "resources_needed": [
      "Mechanical Engineer",
      "CAD Designer",
      "3D Printing Technician",
      "CNC Machinist"
    ],
    "parent_id": "6b77bdef-9af8-4225-b701-1836dc0a4a4b"
  },
  {
    "id": "918a0b81-d3c5-4e60-9f0b-fa1c30dcb6e9",
    "name": "Adaptable Digitization Method Research",
    "description": "Objective: Investigate digitization methods that can handle future data formats. Scope: Research emerging digitization technologies, data storage formats, and metadata standards. Steps: Conduct literature reviews, attend workshops, and pilot test new technologies. Deliverables: Report on adaptable digitization methods and recommendations for implementation.",
    "resources_needed": [
      "Archival Specialist",
      "Data Scientist",
      "Technology Researcher"
    ],
    "parent_id": "6b77bdef-9af8-4225-b701-1836dc0a4a4b"
  },
  {
    "id": "edcba88f-740a-4d5f-b1f3-fa09c08602ae",
    "name": "Establish Reverse Engineering Partnerships",
    "description": "Objective: Partner with reverse engineering specialists. Scope: Identify and vet potential partners with expertise in reverse engineering vintage equipment. Steps: Contact potential partners, evaluate their capabilities, and negotiate partnership agreements. Deliverables: List of qualified reverse engineering partners and signed partnership agreements.",
    "resources_needed": [
      "Project Manager",
      "Legal Counsel",
      "Procurement Specialist"
    ],
    "parent_id": "6b77bdef-9af8-4225-b701-1836dc0a4a4b"
  },
  {
    "id": "6f35ceff-3d09-4566-95bb-b735f2ed991c",
    "name": "Gather archival media samples",
    "description": "Collect diverse samples of magnetic tapes, film reels, and punch cards to represent the range of media to be digitized. This includes identifying media with varying levels of degradation and signal quality.",
    "resources_needed": [
      "Archival staff",
      "Project manager"
    ],
    "parent_id": "16442401-20ae-4801-805c-5e4108139cd1"
  },
  {
    "id": "d35bef0a-ba9b-4e41-8c1f-a284a5faaa49",
    "name": "Develop base AI models",
    "description": "Develop initial AI models for signal processing, noise reduction, and format identification. This involves selecting appropriate algorithms and training them on a subset of the collected media samples.",
    "resources_needed": [
      "AI developers",
      "Signal processing engineers",
      "Computational resources"
    ],
    "parent_id": "16442401-20ae-4801-805c-5e4108139cd1"
  },
  {
    "id": "849d3999-d523-4f27-aeb4-6eeb20b302fb",
    "name": "Test AI models and refine",
    "description": "Test the performance of the AI models on a separate set of media samples. Evaluate accuracy, processing speed, and identify areas for improvement. Refine the models based on the test results.",
    "resources_needed": [
      "AI developers",
      "Signal processing engineers",
      "Human reviewers"
    ],
    "parent_id": "16442401-20ae-4801-805c-5e4108139cd1"
  },
  {
    "id": "ac1654ba-6592-4e81-a108-a8d0c04e4bf5",
    "name": "Implement bias detection methods",
    "description": "Implement methods to detect and mitigate bias in the AI models. This includes analyzing the training data for potential biases and adjusting the algorithms to ensure fair and accurate processing across all media types.",
    "resources_needed": [
      "AI developers",
      "AI ethics consultant",
      "Data scientists"
    ],
    "parent_id": "16442401-20ae-4801-805c-5e4108139cd1"
  },
  {
    "id": "89fd1b18-a00e-4d93-88de-83c3a99ac138",
    "name": "Prepare AI pre-screening environment",
    "description": "Set up the necessary hardware and software environment for AI pre-screening, including installing required libraries and configuring access to data storage.",
    "resources_needed": [
      "AI Developers",
      "IT Support",
      "Hardware Resources"
    ],
    "parent_id": "08864b52-3366-4ca0-ba9a-4d2d370c081f"
  },
  {
    "id": "0faaa010-3486-42a4-a737-e1f5985f9338",
    "name": "Test AI pre-screening algorithms",
    "description": "Run the AI pre-screening algorithms on a sample dataset of archival materials to evaluate their performance and identify areas for improvement.",
    "resources_needed": [
      "AI Developers",
      "Archival Material Samples",
      "Testing Environment"
    ],
    "parent_id": "08864b52-3366-4ca0-ba9a-4d2d370c081f"
  },
  {
    "id": "3e6de690-e42d-4d43-8d36-1795b5735064",
    "name": "Refine AI pre-screening algorithms",
    "description": "Based on the results of the testing, refine the AI pre-screening algorithms to improve their accuracy and efficiency.",
    "resources_needed": [
      "AI Developers",
      "Archival Material Samples",
      "Testing Environment"
    ],
    "parent_id": "08864b52-3366-4ca0-ba9a-4d2d370c081f"
  },
  {
    "id": "ff8b96ac-571c-483a-8cba-84aea62d9551",
    "name": "Integrate AI pre-screening into workflow",
    "description": "Integrate the AI pre-screening algorithms into the overall digitization workflow, ensuring that they are seamlessly integrated with other processes.",
    "resources_needed": [
      "AI Developers",
      "Workflow Engineers",
      "IT Support"
    ],
    "parent_id": "08864b52-3366-4ca0-ba9a-4d2d370c081f"
  },
  {
    "id": "3ab21c6c-b610-4e21-841c-8df1f81edaca",
    "name": "Define Metadata Schema Requirements",
    "description": "Objective: Determine the specific metadata elements required for effective archival and retrieval.\nScope: Identify necessary fields, controlled vocabularies, and data types.\nSteps: Consult with archivists, data scientists, and end-users; review existing metadata standards; document requirements.\nDeliverables: A detailed document outlining the metadata schema requirements.",
    "resources_needed": [
      "Archivists",
      "Data Scientists",
      "Metadata Specialists"
    ],
    "parent_id": "fa195e14-13fe-4adf-94f1-fe6847d2c147"
  },
  {
    "id": "8a8e778e-c75f-4015-8250-c3b84ff161be",
    "name": "Develop Metadata Extraction Rules",
    "description": "Objective: Create rules for automatically extracting metadata from digitized media.\nScope: Define algorithms and techniques for identifying and extracting relevant metadata elements.\nSteps: Analyze media formats; develop extraction algorithms; test and refine rules.\nDeliverables: A set of documented metadata extraction rules.",
    "resources_needed": [
      "AI Developers",
      "Software Engineers",
      "Metadata Specialists"
    ],
    "parent_id": "fa195e14-13fe-4adf-94f1-fe6847d2c147"
  },
  {
    "id": "5b805132-fb7d-4b73-8cd5-0550670bbebc",
    "name": "Implement Metadata Ingestion Pipeline",
    "description": "Objective: Build a pipeline for ingesting extracted metadata into the archival system.\nScope: Design and implement a system for automatically importing and validating metadata.\nSteps: Develop data transformation scripts; integrate with archival system; test and deploy pipeline.\nDeliverables: A functional metadata ingestion pipeline.",
    "resources_needed": [
      "Software Engineers",
      "Database Administrators",
      "System Administrators"
    ],
    "parent_id": "fa195e14-13fe-4adf-94f1-fe6847d2c147"
  },
  {
    "id": "a50f5d09-e854-498c-a46d-a8bbb3b3a3c6",
    "name": "Test and Validate Metadata Quality",
    "description": "Objective: Ensure the accuracy and completeness of extracted metadata.\nScope: Develop and execute test cases to validate metadata quality.\nSteps: Create test datasets; run extraction pipeline; compare results to expected values; document findings.\nDeliverables: A report on metadata quality and recommendations for improvement.",
    "resources_needed": [
      "Quality Assurance Specialists",
      "Metadata Specialists",
      "Archivists"
    ],
    "parent_id": "fa195e14-13fe-4adf-94f1-fe6847d2c147"
  },
  {
    "id": "9d0e9931-ce3e-47e5-8bfd-c2161aad49fb",
    "name": "Define Data Archival Requirements",
    "description": "Objective: Clearly define the requirements for long-term data archival, including retention periods, access controls, and data integrity standards.\nScope: This includes identifying all relevant regulatory requirements, stakeholder needs, and technical constraints.\nSteps: 1. Conduct stakeholder interviews. 2. Review relevant regulations. 3. Document archival requirements.\nDeliverables: A comprehensive document outlining data archival requirements.",
    "resources_needed": [
      "Data Governance Officer",
      "Legal Counsel",
      "Archival Expert"
    ],
    "parent_id": "d4d21b46-3054-4da4-9f0a-460bb2a40902"
  },
  {
    "id": "83172439-e209-4b52-99ef-dbe8dafd5dc3",
    "name": "Evaluate Archival Storage Options",
    "description": "Objective: Evaluate different data storage options for long-term archival, considering factors such as cost, scalability, security, and durability.\nScope: This includes evaluating both on-premise and cloud-based storage solutions, as well as different archival formats and technologies.\nSteps: 1. Research available storage options. 2. Conduct a cost-benefit analysis. 3. Evaluate security and durability features.\nDeliverables: A report comparing different archival storage options.",
    "resources_needed": [
      "IT Architect",
      "Data Storage Specialist",
      "Financial Analyst"
    ],
    "parent_id": "d4d21b46-3054-4da4-9f0a-460bb2a40902"
  },
  {
    "id": "5c2fc899-5d83-47be-9833-075b2674c011",
    "name": "Select Archival Formats and Technologies",
    "description": "Objective: Select appropriate archival formats and technologies that ensure long-term data preservation and accessibility.\nScope: This includes considering factors such as format stability, metadata support, and compatibility with future technologies.\nSteps: 1. Research archival formats and technologies. 2. Conduct compatibility testing. 3. Select appropriate formats and technologies.\nDeliverables: A document outlining the selected archival formats and technologies.",
    "resources_needed": [
      "Archival Expert",
      "IT Architect",
      "Data Migration Specialist"
    ],
    "parent_id": "d4d21b46-3054-4da4-9f0a-460bb2a40902"
  },
  {
    "id": "3489d41d-076c-4077-a744-259eee11465c",
    "name": "Develop Data Migration Plan",
    "description": "Objective: Develop a detailed plan for migrating data to the selected archival storage solution.\nScope: This includes defining data migration procedures, timelines, and quality control measures.\nSteps: 1. Define data migration procedures. 2. Develop a migration timeline. 3. Establish quality control measures.\nDeliverables: A comprehensive data migration plan.",
    "resources_needed": [
      "Data Migration Specialist",
      "Project Manager",
      "IT Architect"
    ],
    "parent_id": "d4d21b46-3054-4da4-9f0a-460bb2a40902"
  },
  {
    "id": "d6b5151a-0042-4e4e-ba37-436970b91d67",
    "name": "Identify Data Security Requirements",
    "description": "Objective: Determine all applicable data security standards and regulations (e.g., GDPR, CCPA, HIPAA) relevant to the project.\nScope: Review legal and regulatory requirements, consult with legal experts, and identify specific security controls.\nSteps: Research applicable regulations, conduct a gap analysis, and document security requirements.\nDeliverables: A comprehensive list of data security requirements.",
    "resources_needed": [
      "Data Security Specialist",
      "Legal Counsel",
      "Compliance Officer"
    ],
    "parent_id": "d7853a4c-e989-4cb8-b1b3-c97587b74d46"
  },
  {
    "id": "f28a41c5-49a0-43ee-8892-edf4aff785e0",
    "name": "Select Encryption Methods",
    "description": "Objective: Choose appropriate encryption methods for data at rest and in transit.\nScope: Evaluate different encryption algorithms, key management strategies, and hardware/software solutions.\nSteps: Research encryption options, conduct performance testing, and select suitable methods.\nDeliverables: A detailed encryption plan.",
    "resources_needed": [
      "Cryptography Expert",
      "Security Engineer",
      "System Administrator"
    ],
    "parent_id": "d7853a4c-e989-4cb8-b1b3-c97587b74d46"
  },
  {
    "id": "d700d40f-4716-4fbd-ae05-c9dcde5442a9",
    "name": "Implement Access Controls",
    "description": "Objective: Establish and enforce access controls to protect sensitive data.\nScope: Define user roles and permissions, implement authentication and authorization mechanisms, and monitor access activity.\nSteps: Develop access control policies, configure access control systems, and conduct security audits.\nDeliverables: A secure access control system.",
    "resources_needed": [
      "Security Architect",
      "System Administrator",
      "Database Administrator"
    ],
    "parent_id": "d7853a4c-e989-4cb8-b1b3-c97587b74d46"
  },
  {
    "id": "c45f4e52-9253-4a49-9578-fb0c13a1f40d",
    "name": "Conduct Security Audits and Testing",
    "description": "Objective: Regularly assess the effectiveness of data security measures.\nScope: Perform vulnerability scans, penetration testing, and security audits to identify weaknesses and ensure compliance.\nSteps: Schedule and conduct security assessments, analyze results, and implement remediation measures.\nDeliverables: Security audit reports and remediation plans.",
    "resources_needed": [
      "Security Auditor",
      "Penetration Tester",
      "Security Analyst"
    ],
    "parent_id": "d7853a4c-e989-4cb8-b1b3-c97587b74d46"
  },
  {
    "id": "7797bfc0-9302-42e0-a5e7-d1bde655912a",
    "name": "Identify Required Permits and Licenses",
    "description": "Objective: Determine all necessary permits and licenses for MIU deployment at various archive locations.\nScope: Research federal, state, and local regulations related to building permits, electrical permits, data transfer permits, hazardous materials handling permits, and environmental regulations.\nSteps: 1. Consult with legal experts and regulatory agencies. 2. Create a comprehensive list of required permits and licenses. 3. Document specific requirements for each permit.\nDeliverables: A detailed list of required permits and licenses with associated requirements.",
    "resources_needed": [
      "Legal Counsel",
      "Regulatory Compliance Specialist",
      "Project Manager"
    ],
    "parent_id": "c55f3216-1776-499d-8be2-28b70b795142"
  },
  {
    "id": "88c4d58f-3f31-4e00-bde3-ce50bc5801d9",
    "name": "Prepare Permit Applications",
    "description": "Objective: Prepare all necessary documentation for permit applications.\nScope: Gather required information, complete application forms, and compile supporting documents.\nSteps: 1. Collect site-specific information for each deployment location. 2. Complete permit application forms accurately and thoroughly. 3. Gather supporting documents, such as site plans, equipment specifications, and safety certifications.\nDeliverables: Completed permit applications with all required supporting documentation.",
    "resources_needed": [
      "Project Coordinator",
      "Engineering Team",
      "Permit Specialist"
    ],
    "parent_id": "c55f3216-1776-499d-8be2-28b70b795142"
  },
  {
    "id": "7aac0b75-34cd-455a-bbe4-376880b2b579",
    "name": "Submit Permit Applications",
    "description": "Objective: Submit permit applications to the appropriate regulatory agencies.\nScope: Ensure timely submission of applications and track their progress.\nSteps: 1. Identify the correct regulatory agency for each permit. 2. Submit applications according to agency guidelines. 3. Track application status and respond to any inquiries from the agency.\nDeliverables: Confirmation of permit application submission and tracking information.",
    "resources_needed": [
      "Project Coordinator",
      "Permit Specialist"
    ],
    "parent_id": "c55f3216-1776-499d-8be2-28b70b795142"
  },
  {
    "id": "ec21d26b-0779-4355-bf6e-0aea2b368048",
    "name": "Follow Up and Obtain Approvals",
    "description": "Objective: Follow up with regulatory agencies to obtain permit approvals.\nScope: Respond to agency inquiries, provide additional information as needed, and expedite the approval process.\nSteps: 1. Monitor application status and respond to agency inquiries promptly. 2. Provide additional information or documentation as requested. 3. Escalate issues to senior management if necessary.\nDeliverables: Approved permits and licenses for MIU deployment.",
    "resources_needed": [
      "Permit Specialist",
      "Project Manager",
      "Legal Counsel"
    ],
    "parent_id": "c55f3216-1776-499d-8be2-28b70b795142"
  },
  {
    "id": "9465a1b4-cc84-4343-b932-016de351bdb6",
    "name": "Identify potential archive partners",
    "description": "Identify archives with relevant media collections and assess their suitability for partnership based on factors like collection size, preservation needs, and logistical feasibility.",
    "resources_needed": [
      "Project Manager",
      "Archival Specialist",
      "Research Assistant"
    ],
    "parent_id": "04761026-a684-40e5-98c6-e9e30454075a"
  },
  {
    "id": "c129db5e-1e54-4e02-8fc2-6821afb69e25",
    "name": "Initial outreach and needs assessment",
    "description": "Contact potential archive partners to introduce the project, understand their digitization needs, and gauge their interest in collaboration. Conduct preliminary assessments of their collections and facilities.",
    "resources_needed": [
      "Project Manager",
      "Archival Specialist",
      "Communication Specialist"
    ],
    "parent_id": "04761026-a684-40e5-98c6-e9e30454075a"
  },
  {
    "id": "f9b77cbf-7660-4dd5-a33e-e308c65c8ee4",
    "name": "Negotiate partnership agreements",
    "description": "Negotiate the terms of partnership agreements with selected archives, including data access protocols, liability clauses, operational procedures, and data sharing arrangements. Ensure compliance with legal and ethical guidelines.",
    "resources_needed": [
      "Project Manager",
      "Legal Counsel",
      "Archival Specialist"
    ],
    "parent_id": "04761026-a684-40e5-98c6-e9e30454075a"
  },
  {
    "id": "db5bf154-5bef-4c4a-951e-d06427f52d16",
    "name": "Formalize partnership agreements",
    "description": "Finalize and execute partnership agreements with selected archives, ensuring that all parties understand their roles and responsibilities. Establish clear communication channels and reporting mechanisms.",
    "resources_needed": [
      "Project Manager",
      "Legal Counsel",
      "Archive Representatives"
    ],
    "parent_id": "04761026-a684-40e5-98c6-e9e30454075a"
  },
  {
    "id": "e980a51b-3598-430b-bf0d-87abe1d31b3f",
    "name": "Conduct Site Surveys at Archive Locations",
    "description": "Objective: Assess the suitability of archive locations for MIU deployment.\nScope: Evaluate power availability, space constraints, environmental conditions, and accessibility.\nSteps: Schedule site visits, gather data using checklists and measurements, document findings with photos and reports.\nDeliverables: Site survey reports for each archive location.",
    "resources_needed": [
      "Project Manager",
      "Logistics Coordinator",
      "Electrical Engineer",
      "HVAC Technician"
    ],
    "parent_id": "f1263ece-6dc6-4895-89a6-c36ac837ea5d"
  },
  {
    "id": "401ac4f3-2a59-40fa-aae4-4f3f87011fe1",
    "name": "Develop MIU Transportation Plan",
    "description": "Objective: Create a detailed plan for transporting MIUs to archive locations.\nScope: Determine transportation routes, select appropriate transportation methods, and secure necessary permits.\nSteps: Research transportation options, obtain quotes from transportation providers, and develop a transportation schedule.\nDeliverables: MIU transportation plan.",
    "resources_needed": [
      "Logistics Coordinator",
      "Transportation Specialist",
      "Permitting Specialist"
    ],
    "parent_id": "f1263ece-6dc6-4895-89a6-c36ac837ea5d"
  },
  {
    "id": "da6b5bc0-cb74-4045-ad0c-e6dac831d119",
    "name": "Prepare Archive Locations for MIU Arrival",
    "description": "Objective: Ensure archive locations are ready to receive and operate MIUs.\nScope: Coordinate site preparation activities, including power upgrades, space clearing, and environmental control.\nSteps: Communicate with archive staff, schedule site preparation work, and inspect completed work.\nDeliverables: Prepared archive locations.",
    "resources_needed": [
      "Project Manager",
      "Archive Staff",
      "Electrical Contractor",
      "HVAC Contractor"
    ],
    "parent_id": "f1263ece-6dc6-4895-89a6-c36ac837ea5d"
  },
  {
    "id": "8b86286b-d5fb-4a8c-9192-01d7a3ed7494",
    "name": "Install and Test MIU Systems On-Site",
    "description": "Objective: Install and test all MIU systems at archive locations.\nScope: Connect power, climate control, and network systems. Verify proper operation of all equipment.\nSteps: Unpack and position MIUs, connect utilities, run diagnostic tests, and troubleshoot any issues.\nDeliverables: Operational MIUs at archive locations.",
    "resources_needed": [
      "MIU Technicians",
      "Electrical Engineer",
      "Network Engineer",
      "Robotics Engineer"
    ],
    "parent_id": "f1263ece-6dc6-4895-89a6-c36ac837ea5d"
  },
  {
    "id": "14d45197-2f80-43c9-96cb-863607c99b01",
    "name": "Track MIU location and status",
    "description": "Implement a system to track the location and operational status of each MIU in the field. This includes GPS tracking, sensor data monitoring (temperature, humidity, power), and regular status updates from on-site personnel.",
    "resources_needed": [
      "Logistics Coordinator",
      "IT Support",
      "MIU Crew"
    ],
    "parent_id": "23226846-4b47-4fe0-a184-4cfede45f22d"
  },
  {
    "id": "defb0b89-dffe-4cbe-a420-779c5d783394",
    "name": "Schedule routine maintenance",
    "description": "Develop and execute a schedule for routine maintenance of each MIU, including equipment calibration, filter replacement, and software updates. This schedule should be based on equipment manufacturer recommendations and operational data.",
    "resources_needed": [
      "Maintenance Engineer",
      "MIU Crew",
      "Parts Inventory Manager"
    ],
    "parent_id": "23226846-4b47-4fe0-a184-4cfede45f22d"
  },
  {
    "id": "468563e7-9234-4c62-adea-bc2b529aaa1c",
    "name": "Respond to equipment failures",
    "description": "Establish a process for responding to equipment failures in the field, including troubleshooting, parts replacement, and repair. This process should include remote support, on-site visits, and escalation procedures.",
    "resources_needed": [
      "Maintenance Engineer",
      "MIU Crew",
      "Parts Inventory Manager",
      "Remote Support Technician"
    ],
    "parent_id": "23226846-4b47-4fe0-a184-4cfede45f22d"
  },
  {
    "id": "23cf0ae4-534d-4b60-8014-6ac2dfc58286",
    "name": "Manage parts inventory and logistics",
    "description": "Maintain an inventory of spare parts for each MIU, and manage the logistics of delivering parts to the field as needed. This includes tracking inventory levels, ordering parts, and coordinating shipping and delivery.",
    "resources_needed": [
      "Parts Inventory Manager",
      "Logistics Coordinator",
      "Procurement Specialist"
    ],
    "parent_id": "23226846-4b47-4fe0-a184-4cfede45f22d"
  },
  {
    "id": "59bc0523-1641-47b8-a10f-aeb0a73fd341",
    "name": "Optimize MIU deployment schedule",
    "description": "Analyze MIU utilization data and adjust the deployment schedule to maximize digitization throughput and minimize downtime. This includes identifying bottlenecks, reallocating resources, and coordinating with archive partners.",
    "resources_needed": [
      "Project Manager",
      "Logistics Coordinator",
      "Data Analyst"
    ],
    "parent_id": "23226846-4b47-4fe0-a184-4cfede45f22d"
  },
  {
    "id": "1f98ce6b-db2e-493a-9e18-c33f8d426808",
    "name": "Collect Digitization Metrics",
    "description": "Gather data on items digitized, data recovered, and processing time for each MIU.",
    "resources_needed": [
      "MIU Crew",
      "Data Analyst"
    ],
    "parent_id": "305780c9-635d-4859-a912-bcf944f92d63"
  },
  {
    "id": "ccd6aead-2d27-4fc7-9e05-3d77056d61a9",
    "name": "Analyze Digitization Performance",
    "description": "Evaluate the efficiency and effectiveness of each MIU based on collected metrics.",
    "resources_needed": [
      "Data Analyst",
      "Project Manager"
    ],
    "parent_id": "305780c9-635d-4859-a912-bcf944f92d63"
  },
  {
    "id": "f8112e1b-0d96-4366-9630-d20784b650ce",
    "name": "Generate Progress Reports",
    "description": "Create regular reports summarizing digitization progress, challenges, and recommendations.",
    "resources_needed": [
      "Project Manager",
      "Data Analyst"
    ],
    "parent_id": "305780c9-635d-4859-a912-bcf944f92d63"
  },
  {
    "id": "1b701825-289e-4130-9df4-74320af81643",
    "name": "Communicate with Stakeholders",
    "description": "Share progress reports and updates with archives, funding organizations, and other stakeholders.",
    "resources_needed": [
      "Project Manager",
      "MIU Crew"
    ],
    "parent_id": "305780c9-635d-4859-a912-bcf944f92d63"
  },
  {
    "id": "760984ad-7eee-4752-8120-3edf98221171",
    "name": "Define review scope and criteria",
    "description": "Clearly define the scope of the review process, including the types of media to be reviewed, the specific aspects to be evaluated (e.g., image quality, data accuracy, metadata completeness), and the acceptance criteria for each aspect.",
    "resources_needed": [
      "Review team lead",
      "Archival experts",
      "Legal counsel"
    ],
    "parent_id": "3ff6053f-86d6-468a-9a35-dc2795165b9d"
  },
  {
    "id": "de82c609-a0d2-414b-97e6-b12285122a13",
    "name": "Document review process and guidelines",
    "description": "Create a comprehensive document outlining the entire review process, including step-by-step instructions, checklists, and examples. This document should also include detailed guidelines for each review criterion, ensuring consistency and objectivity.",
    "resources_needed": [
      "Technical writer",
      "Review team lead",
      "Archival experts"
    ],
    "parent_id": "3ff6053f-86d6-468a-9a35-dc2795165b9d"
  },
  {
    "id": "626e25d6-98ed-4e46-b337-2bbf70b02955",
    "name": "Establish communication channels",
    "description": "Set up clear communication channels between reviewers, project managers, and other stakeholders to facilitate efficient feedback and issue resolution. This may include regular meetings, email lists, or a dedicated communication platform.",
    "resources_needed": [
      "Project manager",
      "IT support"
    ],
    "parent_id": "3ff6053f-86d6-468a-9a35-dc2795165b9d"
  },
  {
    "id": "a302e962-a0e2-40ee-aca2-c038a9b74b62",
    "name": "Develop a review tracking system",
    "description": "Implement a system for tracking the progress of each review, including the status, reviewer assignments, and any issues identified. This system should also allow for generating reports and analyzing review data to identify trends and areas for improvement.",
    "resources_needed": [
      "Database administrator",
      "Software developer",
      "Review team lead"
    ],
    "parent_id": "3ff6053f-86d6-468a-9a35-dc2795165b9d"
  },
  {
    "id": "bde51532-fe25-4241-8860-2533a438a895",
    "name": "Develop Reviewer Training Materials",
    "description": "Create comprehensive training materials covering media formats, digitization standards, and quality control procedures. Include examples of common errors and best practices.",
    "resources_needed": [
      "Digitization Specialist",
      "Archivist",
      "Training Specialist"
    ],
    "parent_id": "c1a803ba-e1c7-4947-be28-4af22c31d99c"
  },
  {
    "id": "d92902ab-1823-41a5-9887-b11bad780ac5",
    "name": "Conduct Initial Training Sessions",
    "description": "Organize and conduct initial training sessions for human reviewers. Cover the training materials, provide hands-on exercises, and answer questions.",
    "resources_needed": [
      "Training Specialist",
      "Digitization Specialist",
      "Reviewers"
    ],
    "parent_id": "c1a803ba-e1c7-4947-be28-4af22c31d99c"
  },
  {
    "id": "2cf9befb-2d89-4da5-b819-29258bae384f",
    "name": "Implement Ongoing Support and Mentoring",
    "description": "Provide ongoing support and mentoring to human reviewers. Establish communication channels for questions and feedback, and offer regular refresher training sessions.",
    "resources_needed": [
      "Senior Reviewers",
      "Digitization Specialist"
    ],
    "parent_id": "c1a803ba-e1c7-4947-be28-4af22c31d99c"
  },
  {
    "id": "f0e9890a-56e5-4025-8c82-b97e0c93b02c",
    "name": "Evaluate Reviewer Performance",
    "description": "Regularly evaluate reviewer performance to identify areas for improvement. Provide constructive feedback and adjust training as needed.",
    "resources_needed": [
      "Quality Assurance Manager",
      "Senior Reviewers"
    ],
    "parent_id": "c1a803ba-e1c7-4947-be28-4af22c31d99c"
  },
  {
    "id": "ab96d587-32e9-446a-bfb8-5f0346d7848c",
    "name": "Document QC procedures",
    "description": "Create detailed, written documentation of all quality control procedures to ensure consistency and clarity.",
    "resources_needed": [
      "Quality Assurance Manager",
      "Technical Writer"
    ],
    "parent_id": "29b90364-0931-4e50-84c2-60a3fd8bb5a5"
  },
  {
    "id": "44fe3a47-16d6-48a7-a63e-d412084828aa",
    "name": "Train personnel on QC",
    "description": "Provide comprehensive training to all personnel involved in the digitization process on the established quality control procedures.",
    "resources_needed": [
      "Quality Assurance Manager",
      "Training Coordinator"
    ],
    "parent_id": "29b90364-0931-4e50-84c2-60a3fd8bb5a5"
  },
  {
    "id": "33200b3a-140e-4f62-b3d9-70321f3a8b21",
    "name": "Implement QC checklists",
    "description": "Develop and implement checklists to guide personnel through the quality control process and ensure all steps are followed.",
    "resources_needed": [
      "Quality Assurance Manager",
      "Digitization Technicians"
    ],
    "parent_id": "29b90364-0931-4e50-84c2-60a3fd8bb5a5"
  },
  {
    "id": "1c768f77-22cf-40b8-a668-dbc1cc1c4cdb",
    "name": "Monitor QC adherence",
    "description": "Regularly monitor adherence to quality control procedures and identify areas for improvement.",
    "resources_needed": [
      "Quality Assurance Manager",
      "Supervisors"
    ],
    "parent_id": "29b90364-0931-4e50-84c2-60a3fd8bb5a5"
  },
  {
    "id": "b3a0b1d3-d3cd-44a9-abed-637a089ff007",
    "name": "Analyze Review Bottleneck Causes",
    "description": "Identify the root causes of the review bottleneck, including media complexity, reviewer availability, and platform performance.",
    "resources_needed": [
      "Project Manager",
      "Review Team Lead",
      "Data Analyst"
    ],
    "parent_id": "000e3cb6-b033-493f-8cda-e712e592c406"
  },
  {
    "id": "6a489057-3fff-448f-96bf-77f3e777d0e2",
    "name": "Implement AI Pre-screening Enhancements",
    "description": "Improve the accuracy and efficiency of AI pre-screening to reduce the volume of media requiring human review.",
    "resources_needed": [
      "AI Engineer",
      "Data Scientist",
      "Review Team"
    ],
    "parent_id": "000e3cb6-b033-493f-8cda-e712e592c406"
  },
  {
    "id": "bcecd8a5-b8d0-4914-9cec-5b5232b02421",
    "name": "Optimize Review Platform Performance",
    "description": "Identify and resolve performance issues with the review platform to improve reviewer efficiency.",
    "resources_needed": [
      "Software Developer",
      "System Administrator",
      "Review Team"
    ],
    "parent_id": "000e3cb6-b033-493f-8cda-e712e592c406"
  },
  {
    "id": "364c476d-bb3d-4879-bded-f3464b78767c",
    "name": "Increase Reviewer Capacity",
    "description": "Recruit and train additional reviewers to increase the overall review capacity.",
    "resources_needed": [
      "HR Representative",
      "Training Coordinator",
      "Review Team Lead"
    ],
    "parent_id": "000e3cb6-b033-493f-8cda-e712e592c406"
  },
  {
    "id": "6e24f548-9981-43e5-b287-5b3a82a1810b",
    "name": "Prioritize Media for Review",
    "description": "Develop a system for prioritizing media for review based on urgency and importance.",
    "resources_needed": [
      "Project Manager",
      "Archive Staff",
      "Review Team Lead"
    ],
    "parent_id": "000e3cb6-b033-493f-8cda-e712e592c406"
  },
  {
    "id": "b4725809-7897-4416-8e13-f94a5bfc5d00",
    "name": "Identify Applicable Regulations and Standards",
    "description": "Objective: Determine all relevant regulatory requirements and compliance standards for the project.\nScope: Research and document all applicable regulations, including data privacy laws (GDPR, CCPA), environmental regulations, and electrical safety codes.\nSteps: Consult with legal experts, review relevant legislation, and document findings.\nDeliverables: A comprehensive list of applicable regulations and standards.",
    "resources_needed": [
      "Legal Counsel",
      "Compliance Officer",
      "Project Manager"
    ],
    "parent_id": "89afa1d5-4ac7-498e-8029-f5937d5bac8f"
  },
  {
    "id": "6f5c0389-f4c0-4ae1-9e3a-bfa430092910",
    "name": "Assess Current Compliance Status",
    "description": "Objective: Evaluate the project's current compliance status against identified regulations and standards.\nScope: Conduct a gap analysis to identify areas where the project is not currently compliant.\nSteps: Review project documentation, conduct internal audits, and identify compliance gaps.\nDeliverables: A gap analysis report outlining areas of non-compliance.",
    "resources_needed": [
      "Compliance Officer",
      "Auditors",
      "Project Team"
    ],
    "parent_id": "89afa1d5-4ac7-498e-8029-f5937d5bac8f"
  },
  {
    "id": "564955b4-932b-4459-909a-bfd3af792fb7",
    "name": "Develop Compliance Action Plan",
    "description": "Objective: Create a detailed plan to address identified compliance gaps.\nScope: Develop specific actions to achieve compliance with all applicable regulations and standards.\nSteps: Define tasks, assign responsibilities, and establish timelines for each action.\nDeliverables: A comprehensive compliance action plan with tasks, responsibilities, and timelines.",
    "resources_needed": [
      "Compliance Officer",
      "Legal Counsel",
      "Project Manager",
      "Subject Matter Experts"
    ],
    "parent_id": "89afa1d5-4ac7-498e-8029-f5937d5bac8f"
  },
  {
    "id": "4b1fe18f-beeb-49e9-b07b-e8e3271a5622",
    "name": "Implement Compliance Measures",
    "description": "Objective: Execute the compliance action plan and implement necessary measures.\nScope: Implement the actions outlined in the compliance action plan.\nSteps: Execute tasks, track progress, and address any issues that arise.\nDeliverables: Documentation of implemented compliance measures.",
    "resources_needed": [
      "Project Team",
      "Compliance Officer",
      "Subject Matter Experts"
    ],
    "parent_id": "89afa1d5-4ac7-498e-8029-f5937d5bac8f"
  },
  {
    "id": "e04cdc79-7f2e-4c67-9ffe-20bdc3a2b9f0",
    "name": "Monitor and Maintain Compliance",
    "description": "Objective: Continuously monitor and maintain compliance with all applicable regulations and standards.\nScope: Establish ongoing monitoring processes and address any new or changing regulations.\nSteps: Conduct regular audits, update compliance documentation, and provide ongoing training.\nDeliverables: A compliance monitoring and maintenance plan.",
    "resources_needed": [
      "Compliance Officer",
      "Auditors",
      "Project Team",
      "Legal Counsel"
    ],
    "parent_id": "89afa1d5-4ac7-498e-8029-f5937d5bac8f"
  },
  {
    "id": "3ebbf11b-810d-4ea8-8bf6-fa258d94491b",
    "name": "Define Data Access Requirements",
    "description": "Gather and document the specific requirements for the data access platform, including user roles, access levels, data formats, and security protocols. This involves consulting with stakeholders to understand their needs and expectations.",
    "resources_needed": [
      "Project Manager",
      "Data Architect",
      "Security Specialist",
      "Stakeholders"
    ],
    "parent_id": "f70cc17b-f1c9-4916-b443-2e184b5dfb13"
  },
  {
    "id": "0778ca30-0773-4776-ab79-aa76f7984435",
    "name": "Design Platform Architecture",
    "description": "Develop the technical architecture for the data access platform, including the selection of appropriate technologies, infrastructure components, and data storage solutions. This involves considering scalability, performance, security, and maintainability.",
    "resources_needed": [
      "Data Architect",
      "Software Engineers",
      "Infrastructure Engineer",
      "Security Specialist"
    ],
    "parent_id": "f70cc17b-f1c9-4916-b443-2e184b5dfb13"
  },
  {
    "id": "9912ddba-e62d-499d-97db-93903349c05d",
    "name": "Develop Platform User Interface",
    "description": "Design and develop the user interface for the data access platform, ensuring a user-friendly and intuitive experience. This involves creating wireframes, mockups, and prototypes, and conducting user testing to gather feedback.",
    "resources_needed": [
      "UI/UX Designer",
      "Frontend Developers",
      "User Testers"
    ],
    "parent_id": "f70cc17b-f1c9-4916-b443-2e184b5dfb13"
  },
  {
    "id": "4a15444a-b79c-402a-8f6a-7321207056d1",
    "name": "Implement Data Access Controls",
    "description": "Implement robust data access controls to ensure that only authorized users can access sensitive data. This involves configuring authentication mechanisms, authorization rules, and data encryption techniques.",
    "resources_needed": [
      "Security Specialist",
      "Backend Developers",
      "Database Administrator"
    ],
    "parent_id": "f70cc17b-f1c9-4916-b443-2e184b5dfb13"
  },
  {
    "id": "0e273827-d7f4-42ed-af22-385016b11203",
    "name": "Test and Deploy Platform",
    "description": "Conduct thorough testing of the data access platform to ensure that it meets all requirements and performs as expected. This involves creating test cases, executing tests, and fixing any bugs or issues. Once testing is complete, deploy the platform to a production environment.",
    "resources_needed": [
      "QA Testers",
      "DevOps Engineer",
      "Software Engineers"
    ],
    "parent_id": "f70cc17b-f1c9-4916-b443-2e184b5dfb13"
  },
  {
    "id": "8b6548a5-c26d-449b-ae9b-8d6029653811",
    "name": "Research existing data licensing models",
    "description": "Objective: Identify suitable data licensing models for the digitized archival content.\nScope: Research Creative Commons, Open Data Commons, and other relevant licenses.\nSteps: 1. Identify key stakeholders. 2. Review existing licensing models. 3. Document findings.\nDeliverables: Report on suitable licensing models.",
    "resources_needed": [
      "Legal counsel",
      "Data governance specialist",
      "Archival expert"
    ],
    "parent_id": "4b49ccd6-f865-4fe6-a493-69fd0cfdb590"
  },
  {
    "id": "1a9b5405-a6b7-44b6-aef4-955ff30bb831",
    "name": "Define data usage terms and conditions",
    "description": "Objective: Establish clear terms and conditions for data access and usage.\nScope: Define permitted uses, restrictions, attribution requirements, and liability disclaimers.\nSteps: 1. Consult with legal counsel. 2. Draft terms and conditions. 3. Obtain stakeholder approval.\nDeliverables: Data usage terms and conditions document.",
    "resources_needed": [
      "Legal counsel",
      "Data governance specialist",
      "Stakeholders"
    ],
    "parent_id": "4b49ccd6-f865-4fe6-a493-69fd0cfdb590"
  },
  {
    "id": "13721146-4fdd-4dbe-b116-95d64919d56f",
    "name": "Draft data licensing agreement templates",
    "description": "Objective: Create standardized data licensing agreement templates for different usage scenarios.\nScope: Develop templates for commercial and non-commercial use, research purposes, and educational use.\nSteps: 1. Adapt existing templates. 2. Customize for project needs. 3. Obtain legal review.\nDeliverables: Data licensing agreement templates.",
    "resources_needed": [
      "Legal counsel",
      "Data governance specialist"
    ],
    "parent_id": "4b49ccd6-f865-4fe6-a493-69fd0cfdb590"
  },
  {
    "id": "47dec448-375a-4ec5-83bf-e21745942763",
    "name": "Obtain stakeholder approval on licensing model",
    "description": "Objective: Secure approval from key stakeholders on the selected data licensing model and agreement templates.\nScope: Present the proposed licensing model to stakeholders, address concerns, and obtain formal approval.\nSteps: 1. Schedule stakeholder meetings. 2. Present licensing model. 3. Address concerns. 4. Obtain approval.\nDeliverables: Signed approval document from stakeholders.",
    "resources_needed": [
      "Project manager",
      "Data governance specialist",
      "Stakeholders"
    ],
    "parent_id": "4b49ccd6-f865-4fe6-a493-69fd0cfdb590"
  },
  {
    "id": "80feb22f-ebcc-4388-be1d-44193f681a37",
    "name": "Design Data-as-a-Service API",
    "description": "Define the API endpoints, data formats, and authentication mechanisms for the Data-as-a-Service platform. This includes specifying the data retrieval methods, request parameters, and response structures. Ensure the API is scalable, secure, and well-documented.",
    "resources_needed": [
      "Software Architects",
      "API Developers",
      "Security Experts"
    ],
    "parent_id": "5decea0c-85d2-4fef-b82f-be203ca94ee3"
  },
  {
    "id": "40778e7a-22f4-4ab5-bcdf-66b1445b80c9",
    "name": "Develop Data Transformation Pipelines",
    "description": "Create the necessary data transformation pipelines to convert the raw digitized data into a standardized format suitable for consumption via the Data-as-a-Service platform. This includes data cleaning, normalization, and enrichment processes. Ensure data quality and consistency.",
    "resources_needed": [
      "Data Engineers",
      "ETL Developers",
      "Data Quality Analysts"
    ],
    "parent_id": "5decea0c-85d2-4fef-b82f-be203ca94ee3"
  },
  {
    "id": "5f631aa9-5b10-4024-8d8f-94312e1983b1",
    "name": "Integrate with Archive Systems",
    "description": "Integrate the Data-as-a-Service platform with existing archive systems to enable seamless data retrieval and delivery. This includes establishing secure connections, mapping data fields, and handling data synchronization. Ensure compatibility and data integrity.",
    "resources_needed": [
      "Integration Specialists",
      "Database Administrators",
      "Security Engineers"
    ],
    "parent_id": "5decea0c-85d2-4fef-b82f-be203ca94ee3"
  },
  {
    "id": "6865252d-7f7c-45ec-b273-848373a1920e",
    "name": "Implement Security and Access Controls",
    "description": "Implement robust security and access controls to protect the digitized data and ensure compliance with data privacy regulations. This includes user authentication, authorization, and data encryption. Ensure data security and confidentiality.",
    "resources_needed": [
      "Security Engineers",
      "Identity Management Specialists",
      "Compliance Officers"
    ],
    "parent_id": "5decea0c-85d2-4fef-b82f-be203ca94ee3"
  },
  {
    "id": "3d940a07-5469-48fc-a2ad-f393f6b9a73a",
    "name": "Identify Target User Groups",
    "description": "Define specific user groups (e.g., researchers, educators, general public) to tailor promotional efforts.",
    "resources_needed": [
      "Marketing Specialist",
      "Archival Expert"
    ],
    "parent_id": "58e0991a-685e-47ff-a4e8-69d44a86d5c7"
  },
  {
    "id": "3e25faf6-b6ff-41cc-be1f-13444834df60",
    "name": "Develop Marketing and Outreach Plan",
    "description": "Create a comprehensive plan outlining marketing strategies, channels, and budget for promoting data access.",
    "resources_needed": [
      "Marketing Specialist",
      "Communications Manager"
    ],
    "parent_id": "58e0991a-685e-47ff-a4e8-69d44a86d5c7"
  },
  {
    "id": "31eb6574-bcd4-4b40-abb8-b532b4d52216",
    "name": "Create Promotional Materials",
    "description": "Design visually appealing and informative materials (e.g., brochures, website content, social media posts) to showcase the digitized content.",
    "resources_needed": [
      "Graphic Designer",
      "Content Writer"
    ],
    "parent_id": "58e0991a-685e-47ff-a4e8-69d44a86d5c7"
  },
  {
    "id": "97574352-b76c-4568-90d0-652ad0bfb354",
    "name": "Engage with Stakeholders and Partners",
    "description": "Collaborate with relevant organizations (e.g., libraries, museums, educational institutions) to promote data access and usage.",
    "resources_needed": [
      "Partnership Manager",
      "Communications Manager"
    ],
    "parent_id": "58e0991a-685e-47ff-a4e8-69d44a86d5c7"
  },
  {
    "id": "fdd7d50f-cd09-49ae-84ec-217956c364c4",
    "name": "Track and Analyze Promotion Effectiveness",
    "description": "Monitor key metrics (e.g., website traffic, user engagement) to assess the impact of promotional efforts and make adjustments as needed.",
    "resources_needed": [
      "Marketing Analyst",
      "Data Analyst"
    ],
    "parent_id": "58e0991a-685e-47ff-a4e8-69d44a86d5c7"
  },
  {
    "id": "45cf00cf-0fba-41b5-9569-94fda97f2c09",
    "name": "Develop Data Migration Strategy",
    "description": "Define the approach for migrating data to new storage technologies, including data validation and integrity checks.",
    "resources_needed": [
      "Data Architect",
      "Storage Engineer",
      "Data Migration Specialist"
    ],
    "parent_id": "4299dfb0-3e62-4122-ab2a-59489ad158d4"
  },
  {
    "id": "6271b7d9-e935-4811-a492-0d35fc277ce1",
    "name": "Evaluate Long-Term Storage Solutions",
    "description": "Research and assess various long-term data storage options, including cloud storage, tape archives, and hybrid solutions.",
    "resources_needed": [
      "Data Architect",
      "Storage Engineer",
      "Archival Expert"
    ],
    "parent_id": "4299dfb0-3e62-4122-ab2a-59489ad158d4"
  },
  {
    "id": "0c649c36-5437-4af6-a1c0-6ba479b4ffba",
    "name": "Establish Data Center Partnerships",
    "description": "Negotiate service level agreements (SLAs) with data centers for long-term archival storage and data access.",
    "resources_needed": [
      "Project Manager",
      "Legal Counsel",
      "Data Center Representative"
    ],
    "parent_id": "4299dfb0-3e62-4122-ab2a-59489ad158d4"
  },
  {
    "id": "24196cfc-055d-4de5-a73b-68e9d0d80301",
    "name": "Diversify Funding Sources",
    "description": "Identify and secure diverse funding sources to ensure continued support for long-term data preservation efforts.",
    "resources_needed": [
      "Project Manager",
      "Fundraising Specialist",
      "Grant Writer"
    ],
    "parent_id": "4299dfb0-3e62-4122-ab2a-59489ad158d4"
  },
  {
    "id": "a521e606-44fc-4b7f-a961-6705f1add3cd",
    "name": "Gather all project documentation",
    "description": "Collect all relevant documents, including project plans, reports, meeting minutes, and deliverables.",
    "resources_needed": [
      "Project Manager",
      "Team Members"
    ],
    "parent_id": "ba1948f1-7ff1-4c77-a8a4-2afd0d68de39"
  },
  {
    "id": "a10ffaf6-6f02-488b-b110-c0b5f6e379df",
    "name": "Verify documentation completeness",
    "description": "Ensure all required documents are present and properly formatted.",
    "resources_needed": [
      "Project Manager",
      "Document Controller"
    ],
    "parent_id": "ba1948f1-7ff1-4c77-a8a4-2afd0d68de39"
  },
  {
    "id": "f845b888-3264-4c87-b678-88a9635a6f07",
    "name": "Obtain stakeholder sign-off",
    "description": "Circulate the final documentation package to key stakeholders for review and approval.",
    "resources_needed": [
      "Project Manager",
      "Stakeholders"
    ],
    "parent_id": "ba1948f1-7ff1-4c77-a8a4-2afd0d68de39"
  },
  {
    "id": "54b695b8-6b2f-4c7c-b306-4258dfa40365",
    "name": "Archive final documentation",
    "description": "Store the finalized project documentation in a secure and accessible location.",
    "resources_needed": [
      "Project Manager",
      "Document Controller",
      "Archivist"
    ],
    "parent_id": "ba1948f1-7ff1-4c77-a8a4-2afd0d68de39"
  },
  {
    "id": "cc3528e7-eecd-4087-8716-e445de31137f",
    "name": "Schedule Post-Project Review Meeting",
    "description": "Objective: Schedule a meeting with all key stakeholders to review the project's performance and outcomes.\nScope: Identify and invite all relevant stakeholders, determine a suitable date and time, and secure a meeting location or virtual platform.\nSteps: 1. Identify key stakeholders. 2. Send out meeting invitations with proposed dates and times. 3. Confirm attendance and finalize the meeting schedule. 4. Book a meeting room or set up a virtual meeting platform.\nDeliverables: A confirmed meeting schedule with all key stakeholders in attendance.",
    "resources_needed": [
      "Project Manager",
      "Project Coordinator",
      "Stakeholders"
    ],
    "parent_id": "7ca18ed3-c0c1-4d1f-b35a-4a391efdded1"
  },
  {
    "id": "aa3441fa-6350-447c-869f-0f1cf3212785",
    "name": "Gather Project Documentation",
    "description": "Objective: Collect all relevant project documentation to facilitate the post-project review.\nScope: Compile all project plans, reports, meeting minutes, deliverables, and other relevant documents.\nSteps: 1. Identify all sources of project documentation. 2. Collect and organize the documents in a central repository. 3. Ensure that all documents are complete and up-to-date.\nDeliverables: A complete and organized collection of project documentation.",
    "resources_needed": [
      "Project Manager",
      "Project Team Members",
      "Document Management System"
    ],
    "parent_id": "7ca18ed3-c0c1-4d1f-b35a-4a391efdded1"
  },
  {
    "id": "e20d5322-c451-446f-8fd9-144cbe03e994",
    "name": "Prepare Review Presentation",
    "description": "Objective: Create a presentation summarizing the project's key achievements, challenges, and lessons learned.\nScope: Develop a concise and informative presentation that covers all relevant aspects of the project.\nSteps: 1. Review project documentation and identify key highlights. 2. Create presentation slides with relevant data and visuals. 3. Practice the presentation to ensure a smooth delivery.\nDeliverables: A well-prepared presentation summarizing the project's performance.",
    "resources_needed": [
      "Project Manager",
      "Project Team Members",
      "Presentation Software"
    ],
    "parent_id": "7ca18ed3-c0c1-4d1f-b35a-4a391efdded1"
  },
  {
    "id": "5e8e9c3c-bac5-461c-b005-780ce25c8583",
    "name": "Facilitate Review Discussion",
    "description": "Objective: Lead the post-project review meeting and facilitate a productive discussion among stakeholders.\nScope: Guide the discussion, encourage participation, and capture key insights and lessons learned.\nSteps: 1. Present the project summary and key findings. 2. Facilitate a discussion on the project's successes and challenges. 3. Capture key lessons learned and recommendations for future projects.\nDeliverables: A productive post-project review meeting with valuable insights and lessons learned captured.",
    "resources_needed": [
      "Project Manager",
      "Facilitator",
      "Note-taker"
    ],
    "parent_id": "7ca18ed3-c0c1-4d1f-b35a-4a391efdded1"
  },
  {
    "id": "1e425243-fc50-4abb-89a1-3d752ccc36db",
    "name": "Document Lessons Learned",
    "description": "Objective: Document the key lessons learned from the project and create a report for future reference.\nScope: Compile all insights and recommendations from the post-project review into a comprehensive report.\nSteps: 1. Review the notes and recordings from the post-project review meeting. 2. Summarize the key lessons learned and recommendations. 3. Create a report that can be used to improve future projects.\nDeliverables: A comprehensive report documenting the lessons learned from the project.",
    "resources_needed": [
      "Project Manager",
      "Project Team Members",
      "Report Writing Software"
    ],
    "parent_id": "7ca18ed3-c0c1-4d1f-b35a-4a391efdded1"
  },
  {
    "id": "2eefcf54-b8a6-4798-9ad2-70ed97ec86a4",
    "name": "Identify all project data for archival",
    "description": "Objective: Locate and catalog all project-related data.\nScope: Includes documents, datasets, code, and communications.\nSteps: Review project repositories, consult with team members, create a data inventory.\nDeliverables: A comprehensive list of project data.",
    "resources_needed": [
      "Project Manager",
      "Data Manager",
      "Team Members"
    ],
    "parent_id": "d19a8cdd-8bc1-49d1-b978-7138b40d3cb0"
  },
  {
    "id": "e990f7e6-df2e-4d21-aadb-8d255fbdc3d4",
    "name": "Prepare data for long-term storage",
    "description": "Objective: Ensure data is in a suitable format for archival.\nScope: Includes data cleaning, format conversion, and metadata creation.\nSteps: Validate data integrity, convert to archival formats (e.g., PDF/A, TIFF), add descriptive metadata.\nDeliverables: Archival-ready data packages.",
    "resources_needed": [
      "Data Manager",
      "Archivist",
      "Data Conversion Tools"
    ],
    "parent_id": "d19a8cdd-8bc1-49d1-b978-7138b40d3cb0"
  },
  {
    "id": "c07fa349-a375-4e38-a58f-9a87e205e01a",
    "name": "Transfer data to archival system",
    "description": "Objective: Move data to the designated archival storage.\nScope: Includes physical or digital transfer, verification of data integrity.\nSteps: Copy data to archival media (e.g., tape, cloud storage), verify transfer success, document transfer process.\nDeliverables: Data safely stored in the archival system.",
    "resources_needed": [
      "Data Manager",
      "IT Support",
      "Archival Storage System"
    ],
    "parent_id": "d19a8cdd-8bc1-49d1-b978-7138b40d3cb0"
  },
  {
    "id": "bfecae17-d453-4fb2-9426-2379eee46cdd",
    "name": "Verify data integrity in archive",
    "description": "Objective: Confirm data is accessible and uncorrupted in the archive.\nScope: Includes testing data retrieval and verifying checksums.\nSteps: Retrieve sample data, calculate checksums, compare with original checksums.\nDeliverables: Confirmation of data integrity in the archive.",
    "resources_needed": [
      "Data Manager",
      "Archivist",
      "Data Verification Tools"
    ],
    "parent_id": "d19a8cdd-8bc1-49d1-b978-7138b40d3cb0"
  },
  {
    "id": "5a189013-92ba-4e1d-b7df-ccb0824d390a",
    "name": "Assess MIU Condition and Inventory",
    "description": "Objective: Determine the current state of each MIU and its contents. Scope: Physical inspection of each MIU, cataloging equipment, identifying hazardous materials. Steps: Conduct visual inspection, record equipment serial numbers, document any damage, identify and label hazardous materials. Deliverables: Condition report for each MIU, inventory list of equipment and materials.",
    "resources_needed": [
      "Maintenance Engineer",
      "Inventory Manager",
      "Environmental Safety Officer"
    ],
    "parent_id": "dd41da1f-c925-4760-a5f6-58d92a6e28c5"
  },
  {
    "id": "27128122-e332-4fea-b8b0-13a6d9d25644",
    "name": "Develop Decommissioning Plan",
    "description": "Objective: Create a detailed plan for safely and efficiently decommissioning the MIUs. Scope: Identify disposal options, estimate costs, comply with environmental regulations. Steps: Research disposal methods, obtain quotes from contractors, prepare environmental impact assessment. Deliverables: Decommissioning plan document, cost estimate, environmental compliance report.",
    "resources_needed": [
      "Project Manager",
      "Environmental Consultant",
      "Legal Counsel"
    ],
    "parent_id": "dd41da1f-c925-4760-a5f6-58d92a6e28c5"
  },
  {
    "id": "f2442d39-c497-4d40-9656-4b18bb86c9d6",
    "name": "Secure Disposal or Repurposing Agreements",
    "description": "Objective: Finalize agreements for the disposal or repurposing of the MIUs. Scope: Negotiate contracts, obtain necessary permits, coordinate logistics. Steps: Contact disposal facilities, negotiate contract terms, apply for permits. Deliverables: Signed disposal or repurposing agreements, permits, logistics plan.",
    "resources_needed": [
      "Contracts Manager",
      "Permitting Specialist",
      "Logistics Coordinator"
    ],
    "parent_id": "dd41da1f-c925-4760-a5f6-58d92a6e28c5"
  },
  {
    "id": "618cb070-9752-4287-a614-649c4802d7c3",
    "name": "Execute MIU Decommissioning",
    "description": "Objective: Physically decommission the MIUs according to the approved plan. Scope: Remove equipment, dispose of hazardous materials, transport containers. Steps: Disconnect utilities, remove equipment, package hazardous materials, transport containers to disposal site. Deliverables: Decommissioned MIUs, disposal manifests, site cleanup report.",
    "resources_needed": [
      "Decommissioning Crew",
      "Hazardous Materials Handler",
      "Transportation Company"
    ],
    "parent_id": "dd41da1f-c925-4760-a5f6-58d92a6e28c5"
  },
  {
    "id": "8c8670b6-6954-45bd-adf7-901b5704ed78",
    "name": "Identify target publications and conferences",
    "description": "Research and identify relevant academic journals, industry publications, and conferences where project results can be disseminated.",
    "resources_needed": [
      "Project Manager",
      "Research Team"
    ],
    "parent_id": "03ba333e-c533-462e-8320-9e07205545f1"
  },
  {
    "id": "2ce018a4-428e-41d9-9fe7-1c4fef44efb0",
    "name": "Prepare manuscript or presentation materials",
    "description": "Develop a manuscript for publication or presentation materials (slides, posters) summarizing the project's findings and impact.",
    "resources_needed": [
      "Research Team",
      "Technical Writer",
      "Graphic Designer"
    ],
    "parent_id": "03ba333e-c533-462e-8320-9e07205545f1"
  },
  {
    "id": "f991fe8e-e225-43c7-94af-542712fb0848",
    "name": "Submit manuscript or presentation proposal",
    "description": "Submit the manuscript to the selected publication or a presentation proposal to the identified conference.",
    "resources_needed": [
      "Research Team",
      "Project Manager"
    ],
    "parent_id": "03ba333e-c533-462e-8320-9e07205545f1"
  },
  {
    "id": "62c1efa2-463f-47e6-9d60-2dc3a3ba74c0",
    "name": "Address reviewer feedback and revise materials",
    "description": "Address any feedback received from reviewers or conference organizers and revise the manuscript or presentation materials accordingly.",
    "resources_needed": [
      "Research Team",
      "Technical Writer"
    ],
    "parent_id": "03ba333e-c533-462e-8320-9e07205545f1"
  },
  {
    "id": "29bb0eb9-b8fd-4bda-a06c-870c5169b657",
    "name": "Present findings and publish results",
    "description": "Present the project findings at the conference or publish the manuscript in the selected publication.",
    "resources_needed": [
      "Research Team",
      "Project Manager"
    ],
    "parent_id": "03ba333e-c533-462e-8320-9e07205545f1"
  }
]