[
  {
    "id": 1,
    "category": "Legal Counsel",
    "explanation": "Provides real-time legal guidance, ensuring compliance with international law and developing legal justifications for actions taken.  Crucial for navigating the complex legal landscape and mitigating potential legal repercussions.",
    "consequences": "Significant legal challenges, potential war crime accusations, international condemnation, and invalidation of gathered intelligence.",
    "count": "3"
  },
  {
    "id": 2,
    "category": "Intelligence Analyst Team",
    "explanation": "Analyzes gathered intelligence, identifies patterns, and provides actionable insights to inform operational decisions.  Critical for understanding Maduro's movements, habits, and vulnerabilities.",
    "consequences": "Incomplete or inaccurate intelligence, leading to flawed operational decisions, increased risk of mission failure, and potential harm to personnel.",
    "count": "50"
  },
  {
    "id": 3,
    "category": "Special Operations Team",
    "explanation": "Conducts covert surveillance, gathers on-the-ground intelligence, and executes potential intervention operations.  Essential for direct action and high-risk tasks.",
    "consequences": "Inability to gather critical on-the-ground intelligence, execute targeted operations, and respond effectively to unforeseen events.",
    "count": "20"
  },
  {
    "id": 4,
    "category": "Diplomatic Liaison",
    "explanation": "Manages relationships with regional allies, navigates diplomatic channels, and mitigates potential geopolitical fallout.  Crucial for maintaining international support and minimizing diplomatic repercussions.",
    "consequences": "Increased risk of international condemnation, loss of support from regional allies, and potential for geopolitical conflict.",
    "count": "min 1, max 3, depending on the level of partner engagement required."
  },
  {
    "id": 5,
    "category": "Security and Counterintelligence Specialist",
    "explanation": "Develops and enforces security protocols, conducts background checks, and monitors for potential leaks or espionage.  Essential for protecting sensitive information and personnel.",
    "consequences": "Compromised intelligence, exposure of sensitive information, increased risk of mission failure, and potential harm to personnel.",
    "count": "2"
  },
  {
    "id": 6,
    "category": "Linguist Team",
    "explanation": "Provides real-time translation and interpretation services, enabling effective communication and intelligence gathering.  Critical for understanding intercepted communications and interacting with local sources.",
    "consequences": "Inability to understand critical communications, loss of valuable intelligence, and increased risk of misinterpretation.",
    "count": "10"
  },
  {
    "id": 7,
    "category": "Logistics Coordinator",
    "explanation": "Manages the complex logistics of the operation, including procurement, transportation, and supply chain management.  Essential for ensuring that resources are available when and where they are needed.",
    "consequences": "Delays, errors, and failures in the supply chain, leading to compromised operations, increased costs, and potential harm to personnel.",
    "count": "10"
  },
  {
    "id": 8,
    "category": "Ethical Oversight Board",
    "explanation": "Reviews operational tactics, ensures compliance with ethical standards, and provides guidance on ethical dilemmas.  Crucial for mitigating ethical risks and maintaining public support.",
    "consequences": "Public outcry, loss of support, legal challenges, and damage to reputation due to morally questionable activities.",
    "count": "5"
  }
]