[
  {
    "id": 1,
    "category": "Legal Counsel",
    "explanation": "Provides real-time legal guidance, ensuring compliance with international law and developing legal justifications for actions taken.  Crucial for navigating the complex legal landscape and mitigating potential legal repercussions.",
    "consequences": "Significant legal challenges, potential war crime accusations, international condemnation, and invalidation of gathered intelligence.",
    "count": "3",
    "contract_type": "full_time_employee",
    "contract_type_justification": "Legal counsel requires a deep understanding of the project's nuances and consistent availability for real-time guidance and risk mitigation.",
    "typical_job_activities": "Reviewing operational plans for legal compliance, advising on international law implications, conducting legal research, preparing legal justifications for actions, and providing real-time guidance to operational teams.",
    "background_story": "Jessica Thompson is a seasoned legal counsel based in Washington, D.C. She graduated from Harvard Law School with a focus on international law and has spent over a decade working with the Department of Justice, specializing in national security cases. Jessica has extensive experience navigating complex legal frameworks and has been involved in high-profile cases that required a delicate balance between legal compliance and operational necessity. Her familiarity with military operations and international law makes her an invaluable asset in ensuring that the operation adheres to legal standards, mitigating the risk of international condemnation. Jessica's role is crucial in providing real-time legal guidance and developing justifications for actions taken during the operation.",
    "equipment_needs": "Secure communication devices, legal research databases (Westlaw, LexisNexis), encrypted laptop, secure phone.",
    "facility_needs": "Secure office space with restricted access, access to classified information storage, video conferencing for secure communication."
  },
  {
    "id": 2,
    "category": "Intelligence Analyst Team",
    "explanation": "Analyzes gathered intelligence, identifies patterns, and provides actionable insights to inform operational decisions.  Critical for understanding Maduro's movements, habits, and vulnerabilities.",
    "consequences": "Incomplete or inaccurate intelligence, leading to flawed operational decisions, increased risk of mission failure, and potential harm to personnel.",
    "count": "50",
    "contract_type": "full_time_employee",
    "contract_type_justification": "Intelligence analysts require consistent access to data and collaboration with other team members, making full-time employment the most suitable option.",
    "typical_job_activities": "Analyzing intelligence reports, identifying patterns in Maduro's behavior, preparing detailed profiles, collaborating with other analysts, and briefing operational teams on actionable insights.",
    "background_story": "Michael Rodriguez is a lead intelligence analyst based in Langley, Virginia. He holds a Master's degree in Intelligence Studies from the University of Maryland and has over 15 years of experience in intelligence analysis, focusing on Latin American geopolitics. Michael has worked with the CIA on various operations, providing critical insights that have shaped strategic decisions. His expertise in analyzing patterns and behaviors makes him essential for understanding Nicol\u00e1s Maduro's movements and vulnerabilities. Michael's ability to synthesize complex data into actionable intelligence is vital for the success of the operation.",
    "equipment_needs": "High-performance computers, specialized data analysis software (e.g., Palantir), secure communication devices, access to classified intelligence databases, large monitors.",
    "facility_needs": "Secure, compartmentalized workspace (SCIF) with restricted access, access to secure networks, collaboration spaces for team analysis."
  },
  {
    "id": 3,
    "category": "Special Operations Team",
    "explanation": "Conducts covert surveillance, gathers on-the-ground intelligence, and executes potential intervention operations.  Essential for direct action and high-risk tasks.",
    "consequences": "Inability to gather critical on-the-ground intelligence, execute targeted operations, and respond effectively to unforeseen events.",
    "count": "20",
    "contract_type": "full_time_employee",
    "contract_type_justification": "Special operations team members require extensive training, loyalty, and availability for high-risk tasks, making full-time employment the most appropriate choice.",
    "typical_job_activities": "Conducting covert surveillance, gathering intelligence in the field, executing tactical operations, training team members, and coordinating with intelligence analysts.",
    "background_story": "David Kim is a highly trained member of the Special Operations Team, stationed in Fort Bragg, North Carolina. He graduated from the U.S. Military Academy at West Point and has completed multiple deployments in high-stakes environments. With a background in covert operations and surveillance, David has been involved in several successful missions that required precision and discretion. His experience in gathering on-the-ground intelligence and executing tactical operations makes him a key player in the mission to surveil and potentially capture Maduro. David's leadership skills and tactical acumen are critical for the success of the operation.",
    "equipment_needs": "Specialized surveillance equipment (drones, cameras, listening devices), tactical gear (body armor, weapons), secure communication devices, encrypted radios, vehicles for covert transportation.",
    "facility_needs": "Safe houses in Colombia, secure training facilities, access to transportation (aircraft, boats), secure storage for equipment."
  },
  {
    "id": 4,
    "category": "Diplomatic Liaison",
    "explanation": "Manages relationships with regional allies, navigates diplomatic channels, and mitigates potential geopolitical fallout.  Crucial for maintaining international support and minimizing diplomatic repercussions.",
    "consequences": "Increased risk of international condemnation, loss of support from regional allies, and potential for geopolitical conflict.",
    "count": "min 1, max 3, depending on the level of partner engagement required.",
    "contract_type": "full_time_employee",
    "contract_type_justification": "Diplomatic liaisons need to be fully integrated into the project's strategic goals and available for consistent engagement with allies, making full-time employment the best option.",
    "typical_job_activities": "Engaging with regional allies, managing diplomatic communications, assessing geopolitical risks, preparing reports on local sentiments, and coordinating with intelligence and operational teams.",
    "background_story": "Sofia Martinez is a diplomatic liaison based in Bogot\u00e1, Colombia. She holds a degree in International Relations from Georgetown University and has spent the last eight years working with the U.S. State Department, focusing on Latin American affairs. Sofia has built strong relationships with regional allies and understands the intricate dynamics of Venezuelan politics. Her role is crucial in managing relationships with local partners and mitigating potential geopolitical fallout from the operation. Sofia's expertise in diplomacy and negotiation is essential for maintaining international support and minimizing diplomatic repercussions.",
    "equipment_needs": "Secure communication devices, encrypted laptop, secure phone, secure transportation.",
    "facility_needs": "Office space in Bogota, Colombia, access to secure communication channels, meeting rooms for diplomatic engagements."
  },
  {
    "id": 5,
    "category": "Security and Counterintelligence Specialist",
    "explanation": "Develops and enforces security protocols, conducts background checks, and monitors for potential leaks or espionage.  Essential for protecting sensitive information and personnel.",
    "consequences": "Compromised intelligence, exposure of sensitive information, increased risk of mission failure, and potential harm to personnel.",
    "count": "2",
    "contract_type": "full_time_employee",
    "contract_type_justification": "Security and counterintelligence specialists require a deep understanding of the project's vulnerabilities and consistent availability for monitoring and enforcement, making full-time employment the most suitable option.",
    "typical_job_activities": "Developing security protocols, conducting background checks, monitoring for potential leaks, training personnel on security measures, and coordinating with intelligence analysts to assess vulnerabilities.",
    "background_story": "Ethan Black is a security and counterintelligence specialist based in Washington, D.C. He has a background in cybersecurity and intelligence operations, having served in the U.S. Army's Military Intelligence Corps. Ethan has developed and implemented security protocols for various high-stakes operations, ensuring the protection of sensitive information and personnel. His expertise in counterintelligence is vital for safeguarding the operation against espionage and leaks. Ethan's proactive approach to security makes him an essential member of the team, tasked with protecting the integrity of the mission.",
    "equipment_needs": "Background check software, secure communication devices, encrypted laptop, surveillance equipment for detecting leaks, counter-surveillance tools.",
    "facility_needs": "Secure office space with restricted access, access to surveillance monitoring systems, secure storage for sensitive information."
  },
  {
    "id": 6,
    "category": "Linguist Team",
    "explanation": "Provides real-time translation and interpretation services, enabling effective communication and intelligence gathering.  Critical for understanding intercepted communications and interacting with local sources.",
    "consequences": "Inability to understand critical communications, loss of valuable intelligence, and increased risk of misinterpretation.",
    "count": "10",
    "contract_type": "full_time_employee",
    "contract_type_justification": "Linguists need to be readily available for real-time translation and interpretation, making full-time employment the most appropriate choice.",
    "typical_job_activities": "Translating and interpreting communications, assisting intelligence analysts with language-related tasks, providing cultural insights, and preparing reports on linguistic nuances.",
    "background_story": "Lily Chen is a linguist specializing in Spanish and Portuguese, based in Langley, Virginia. She holds a Master's degree in Linguistics and has worked with the CIA for over five years, providing real-time translation and interpretation services for intelligence operations in Latin America. Lily's fluency in multiple languages and her understanding of cultural nuances are critical for effective communication and intelligence gathering. Her role is essential for understanding intercepted communications and interacting with local sources, ensuring that the operation has access to valuable intelligence.",
    "equipment_needs": "Translation software, secure communication devices, encrypted laptop, voice recording and transcription equipment, language learning resources.",
    "facility_needs": "Soundproof booths for secure translation, access to secure communication channels, office space for analysis and reporting."
  },
  {
    "id": 7,
    "category": "Logistics Coordinator",
    "explanation": "Manages the complex logistics of the operation, including procurement, transportation, and supply chain management.  Essential for ensuring that resources are available when and where they are needed.",
    "consequences": "Delays, errors, and failures in the supply chain, leading to compromised operations, increased costs, and potential harm to personnel.",
    "count": "10",
    "contract_type": "full_time_employee",
    "contract_type_justification": "Logistics coordinators require consistent availability and a deep understanding of the project's needs to manage the complex supply chain effectively, making full-time employment the most suitable option.",
    "typical_job_activities": "Managing procurement processes, coordinating transportation logistics, overseeing supply chain management, ensuring resource availability, and developing contingency plans for logistical challenges.",
    "background_story": "James Carter is a logistics coordinator based in the U.S. Army's logistics command center. He has a degree in Logistics Management and over a decade of experience managing complex supply chains for military operations. James has been involved in several high-stakes missions, ensuring that resources are available when and where they are needed. His expertise in procurement, transportation, and supply chain management is essential for the success of the operation, as it requires meticulous planning and execution to support surveillance and potential intervention efforts.",
    "equipment_needs": "Secure communication devices, encrypted laptop, supply chain management software, transportation logistics software, secure phone.",
    "facility_needs": "Office space with access to secure communication channels, storage facilities for supplies, access to transportation networks."
  },
  {
    "id": 8,
    "category": "Ethical Oversight Board",
    "explanation": "Reviews operational tactics, ensures compliance with ethical standards, and provides guidance on ethical dilemmas.  Crucial for mitigating ethical risks and maintaining public support.",
    "consequences": "Public outcry, loss of support, legal challenges, and damage to reputation due to morally questionable activities.",
    "count": "5",
    "contract_type": "full_time_employee",
    "contract_type_justification": "Ethical oversight board members need to be consistently available for reviews and guidance, ensuring ethical compliance throughout the project, making full-time employment the most appropriate choice.",
    "typical_job_activities": "Conducting ethical reviews of operational tactics, providing guidance on ethical dilemmas, preparing reports on ethical compliance, and engaging with stakeholders to address ethical concerns.",
    "background_story": "Dr. Emily Foster is a member of the Ethical Oversight Board, based in Washington, D.C. She holds a Ph.D. in Ethics and International Relations and has worked with various NGOs focusing on human rights and ethical governance. Emily has extensive experience in assessing the ethical implications of military and intelligence operations, making her a crucial voice in ensuring that the operation adheres to ethical standards. Her role involves reviewing operational tactics and providing guidance on ethical dilemmas, helping to mitigate risks associated with public perception and legal challenges.",
    "equipment_needs": "Secure communication devices, encrypted laptop, access to ethical guidelines and legal frameworks, secure phone.",
    "facility_needs": "Secure meeting rooms for ethical reviews, access to classified information storage, office space for analysis and reporting."
  }
]