[
  {
    "id": "c2b505f7-81f9-4f56-8d17-0caed922589b",
    "title": "International Law Specialist",
    "knowledge": "international law, use of force, sovereignty, human rights",
    "why": "To assess the legality of the operation under international law, given the stated intent to bypass ethics boards.",
    "what": "Review the plan for violations of international law and suggest modifications to minimize legal risks.",
    "skills": "legal analysis, international relations, risk assessment, diplomacy",
    "search_query": "international law expert, use of force, Venezuela"
  },
  {
    "id": "33af32c0-83dc-46fe-bd4b-7ac6f91dbb0d",
    "title": "Military Logistics Expert",
    "knowledge": "military logistics, supply chain management, risk mitigation, resource allocation",
    "why": "To assess the feasibility of the operation's logistics, given the complex coordination and resource requirements.",
    "what": "Analyze the resource allocation strategy and identify potential bottlenecks or vulnerabilities in the supply chain.",
    "skills": "logistics planning, supply chain security, risk management, resource optimization",
    "search_query": "military logistics expert, supply chain, risk assessment"
  },
  {
    "id": "3c772623-1135-4e06-91d9-687dcc5a3c8b",
    "title": "Cybersecurity Threat Analyst",
    "knowledge": "cybersecurity, threat intelligence, network security, data protection",
    "why": "To evaluate the cybersecurity risks associated with the operation, given the reliance on advanced surveillance technologies.",
    "what": "Assess the security of communication networks and data storage systems, identifying vulnerabilities to espionage and sabotage.",
    "skills": "threat analysis, vulnerability assessment, incident response, data encryption",
    "search_query": "cybersecurity expert, threat intelligence, network security"
  },
  {
    "id": "ec002c71-f1dc-4ec7-af75-5970ff63b0d3",
    "title": "Venezuelan Political Analyst",
    "knowledge": "Venezuelan politics, political risk, regional geopolitics, social unrest",
    "why": "To assess the potential for political instability and social unrest in Venezuela, given the planned intervention.",
    "what": "Analyze the potential impact of the operation on Venezuelan society and identify potential triggers for popular resistance.",
    "skills": "political analysis, risk assessment, cultural awareness, conflict resolution",
    "search_query": "Venezuela political analyst, geopolitical risk, social unrest"
  },
  {
    "id": "56e948cc-88a7-4884-b204-7049d83fb585",
    "title": "Ethics Consultant",
    "knowledge": "ethics, military operations, international law, human rights",
    "why": "To address ethical concerns raised by the operation, especially regarding bypassing ethics boards and potential violations.",
    "what": "Develop an ethical framework for the operation to ensure compliance with international standards and mitigate public backlash.",
    "skills": "ethical analysis, compliance, stakeholder engagement, risk management",
    "search_query": "ethics consultant military operations, human rights expert, ethical compliance"
  },
  {
    "id": "e73ddf8c-7998-4af9-934e-480fc6fb7448",
    "title": "Intelligence Operations Specialist",
    "knowledge": "intelligence gathering, surveillance techniques, HUMINT, SIGINT",
    "why": "To refine the intelligence collection strategy, ensuring it balances effectiveness with ethical considerations and legal compliance.",
    "what": "Evaluate and enhance the intelligence collection methods proposed in the plan to maximize data accuracy while minimizing risks.",
    "skills": "intelligence analysis, operational planning, data collection, risk assessment",
    "search_query": "intelligence operations expert, surveillance techniques, HUMINT SIGINT"
  },
  {
    "id": "661b9655-86bb-4a5d-943e-f9ca9e4887c3",
    "title": "Public Relations Strategist",
    "knowledge": "public relations, crisis management, media strategy, communication",
    "why": "To prepare a public relations strategy that addresses potential ethical concerns and justifies the operation to the US public.",
    "what": "Develop a communication plan to manage public perception and mitigate backlash in case of operational exposure.",
    "skills": "media relations, crisis communication, strategic messaging, stakeholder engagement",
    "search_query": "public relations strategist, crisis management expert, media strategy"
  },
  {
    "id": "059c48bd-8059-4531-845f-9e5717cbc9e7",
    "title": "Geopolitical Risk Analyst",
    "knowledge": "geopolitical analysis, risk assessment, international relations, conflict resolution",
    "why": "To evaluate the geopolitical implications of the operation, particularly regarding potential backlash from Venezuela and its allies.",
    "what": "Conduct a risk assessment of the geopolitical landscape to identify potential allies and adversaries in response to the operation.",
    "skills": "risk analysis, geopolitical strategy, conflict analysis, diplomatic relations",
    "search_query": "geopolitical risk analyst, international relations expert, conflict resolution"
  }
]