[
  {
    "id": "eaef9214-032d-4474-827c-919103e765e8",
    "document_name": "Official Venezuelan Military Strength Data",
    "description": "Data on the size, equipment, training, and deployment of the Venezuelan military. This data is needed to assess the potential for resistance and develop appropriate countermeasures. Intended audience: Intelligence Analysts, Military Strategists.",
    "recency_requirement": "Most recent available year",
    "responsible_role_type": "Intelligence Analyst",
    "steps_to_find": [
      "Contact defense intelligence agencies.",
      "Search open-source intelligence databases.",
      "Review publicly available military reports."
    ],
    "access_difficulty": "Medium: Requires access to intelligence databases and potentially classified information."
  },
  {
    "id": "da24642c-b973-4206-837e-c958e0ee931f",
    "document_name": "Existing US National Security Regulations",
    "description": "Collection of US national security regulations relevant to military operations, intelligence gathering, and covert actions. Needed to ensure compliance with US law. Intended audience: Legal Counsel, Security Director.",
    "recency_requirement": "Current regulations essential",
    "responsible_role_type": "Legal Counsel",
    "steps_to_find": [
      "Search US Department of Justice websites.",
      "Consult with legal experts specializing in national security law.",
      "Review publicly available legal databases."
    ],
    "access_difficulty": "Medium: Requires knowledge of US national security law and access to relevant databases."
  },
  {
    "id": "683eb22e-844f-4474-a583-3407b41ce8c2",
    "document_name": "Data on Russian/Chinese Military Presence in Venezuela",
    "description": "Data on the extent of Russian and Chinese military presence and influence in Venezuela, including arms sales, training programs, and joint military exercises. This data is needed to assess the potential for intervention by these countries. Intended audience: Intelligence Analysts, Military Strategists.",
    "recency_requirement": "Most recent available year",
    "responsible_role_type": "Intelligence Analyst",
    "steps_to_find": [
      "Contact defense intelligence agencies.",
      "Search open-source intelligence databases.",
      "Review publicly available military reports."
    ],
    "access_difficulty": "Medium: Requires access to intelligence databases and potentially classified information."
  },
  {
    "id": "09abca86-9e66-4834-9e5b-db37b2b6c0e1",
    "document_name": "Existing International Law Treaties and Conventions",
    "description": "Collection of international law treaties and conventions relevant to the use of force, state sovereignty, and human rights. Needed to assess the legality of the operation under international law. Intended audience: Legal Counsel.",
    "recency_requirement": "Current treaties and conventions essential",
    "responsible_role_type": "Legal Counsel",
    "steps_to_find": [
      "Search international legal databases.",
      "Consult with legal experts specializing in international law.",
      "Review UN Charter and other relevant documents."
    ],
    "access_difficulty": "Easy: Publicly available data, but requires legal expertise to interpret."
  },
  {
    "id": "8fd1048c-46f2-4e2c-8a4f-08801b605ddb",
    "document_name": "Data on Venezuelan Narco-Trafficking Operations",
    "description": "Data and reports detailing narco-trafficking operations linked to the Venezuelan government, including routes, actors, and financial transactions. This data is needed to justify the operation and build support for further action. Intended audience: Intelligence Analysts, Political Strategists.",
    "recency_requirement": "Published within last 5 years",
    "responsible_role_type": "Intelligence Analyst",
    "steps_to_find": [
      "Contact law enforcement agencies and intelligence agencies.",
      "Search leaked documents and financial databases.",
      "Review publicly available reports on narco-trafficking."
    ],
    "access_difficulty": "Hard: Requires access to sensitive information and potentially illegal sources."
  }
]