[
  {
    "id": "eaef9214-032d-4474-827c-919103e765e8",
    "document_name": "Official Venezuelan Military Strength Data",
    "description": "Data on the size, equipment, training, and deployment of the Venezuelan military. This data is needed to assess the potential for resistance and develop appropriate countermeasures. Intended audience: Intelligence Analysts, Military Strategists.",
    "recency_requirement": "Most recent available year",
    "responsible_role_type": "Intelligence Analyst",
    "steps_to_find": [
      "Contact defense intelligence agencies.",
      "Search open-source intelligence databases.",
      "Review publicly available military reports."
    ],
    "access_difficulty": "Medium: Requires access to intelligence databases and potentially classified information.",
    "essential_information": [
      "Quantify the total active personnel in the Venezuelan military, broken down by branch (Army, Navy, Air Force, National Guard).",
      "List the types and quantities of major military equipment, including tanks, aircraft, naval vessels, and missile systems.",
      "Describe the training standards and operational readiness levels of key Venezuelan military units.",
      "Identify the deployment locations of major Venezuelan military units, including troop concentrations and defensive positions.",
      "Assess the Venezuelan military's capabilities in areas such as air defense, electronic warfare, and cyber warfare.",
      "Detail any recent military exercises or deployments that could indicate current operational priorities.",
      "Identify key vulnerabilities in the Venezuelan military's structure, equipment, or training.",
      "Compare the Venezuelan military's capabilities to those of potential adversaries in the region.",
      "Assess the morale and loyalty of Venezuelan military personnel, considering factors such as pay, living conditions, and political alignment.",
      "Identify any external sources of military support or training for the Venezuelan military."
    ],
    "risks_of_poor_quality": [
      "Underestimating Venezuelan military strength leads to inadequate force planning and potential operational failures.",
      "Inaccurate assessment of Venezuelan military capabilities results in ineffective countermeasures and increased risk of casualties.",
      "Outdated information on Venezuelan military deployments leads to misallocation of resources and missed opportunities.",
      "Failure to identify key vulnerabilities in the Venezuelan military results in prolonged conflict and increased costs.",
      "Overestimating Venezuelan military strength leads to unnecessary escalation and diplomatic complications."
    ],
    "worst_case_scenario": "Underestimation of Venezuelan military capabilities leads to a protracted and costly military conflict, resulting in significant casualties, mission failure, and international condemnation.",
    "best_case_scenario": "Accurate and up-to-date intelligence on Venezuelan military strength enables effective force planning, minimizes casualties, and facilitates a swift and decisive operation with minimal international repercussions.",
    "fallback_alternative_approaches": [
      "Engage subject matter experts on Venezuelan military affairs for independent assessments.",
      "Conduct targeted user interviews with defectors or former Venezuelan military personnel.",
      "Purchase commercially available intelligence reports on Venezuelan military capabilities.",
      "Analyze satellite imagery and open-source intelligence to corroborate or supplement existing data.",
      "Conduct wargaming exercises to simulate potential scenarios and identify vulnerabilities."
    ]
  },
  {
    "id": "da24642c-b973-4206-837e-c958e0ee931f",
    "document_name": "Existing US National Security Regulations",
    "description": "Collection of US national security regulations relevant to military operations, intelligence gathering, and covert actions. Needed to ensure compliance with US law. Intended audience: Legal Counsel, Security Director.",
    "recency_requirement": "Current regulations essential",
    "responsible_role_type": "Legal Counsel",
    "steps_to_find": [
      "Search US Department of Justice websites.",
      "Consult with legal experts specializing in national security law.",
      "Review publicly available legal databases."
    ],
    "access_difficulty": "Medium: Requires knowledge of US national security law and access to relevant databases.",
    "essential_information": [
      "Identify all US national security regulations relevant to the planned military operation in Venezuela, specifically those concerning intelligence gathering, covert actions, and the use of military force in foreign countries.",
      "Detail the specific legal restrictions and requirements imposed by each regulation, including permissible actions, prohibited activities, and required authorizations.",
      "Assess the applicability of each regulation to the specific circumstances of the Venezuela operation, considering the planned activities, potential targets, and operational environment.",
      "List all required approvals, waivers, or exemptions necessary to comply with each applicable regulation, including the process for obtaining them and the responsible authorities.",
      "Provide a checklist of actions required to ensure compliance with each regulation throughout the planning and execution of the operation."
    ],
    "risks_of_poor_quality": [
      "Failure to identify and comply with relevant US national security regulations could result in legal challenges, criminal prosecution of US personnel, and international condemnation.",
      "Incorrect interpretation of regulations could lead to unauthorized actions, compromising the operation and exposing US personnel to legal and political risks.",
      "Outdated or incomplete information could result in non-compliance, leading to legal challenges and reputational damage.",
      "Lack of clarity on required approvals could cause delays and hinder the operation's progress."
    ],
    "worst_case_scenario": "The operation is exposed and halted due to violations of US national security regulations, leading to legal action against US personnel, international condemnation, and significant damage to US credibility and diplomatic relations.",
    "best_case_scenario": "The operation proceeds smoothly and successfully, fully compliant with all applicable US national security regulations, minimizing legal and political risks and enhancing US credibility.",
    "fallback_alternative_approaches": [
      "Engage an external legal expert specializing in US national security law to conduct a comprehensive review of the operation's compliance.",
      "Request a formal legal opinion from the US Department of Justice on the applicability of specific regulations to the Venezuela operation.",
      "Develop a detailed legal risk assessment outlining potential compliance issues and mitigation strategies.",
      "Establish a dedicated legal review board to oversee all aspects of the operation and ensure ongoing compliance."
    ]
  },
  {
    "id": "683eb22e-844f-4474-a583-3407b41ce8c2",
    "document_name": "Data on Russian/Chinese Military Presence in Venezuela",
    "description": "Data on the extent of Russian and Chinese military presence and influence in Venezuela, including arms sales, training programs, and joint military exercises. This data is needed to assess the potential for intervention by these countries. Intended audience: Intelligence Analysts, Military Strategists.",
    "recency_requirement": "Most recent available year",
    "responsible_role_type": "Intelligence Analyst",
    "steps_to_find": [
      "Contact defense intelligence agencies.",
      "Search open-source intelligence databases.",
      "Review publicly available military reports."
    ],
    "access_difficulty": "Medium: Requires access to intelligence databases and potentially classified information.",
    "essential_information": [
      "Quantify the number of Russian and Chinese military personnel currently stationed in Venezuela.",
      "List all arms sales agreements between Russia/China and Venezuela in the last 5 years, including types and quantities of weapons.",
      "Detail the scope and frequency of joint military exercises conducted between Venezuela and Russia/China in the last 3 years.",
      "Identify specific locations (bases, ports, airfields) in Venezuela where Russian or Chinese military assets are deployed or have access.",
      "Assess the level of technological support provided by Russia and China to the Venezuelan military, including specific systems and training programs.",
      "Compare the current level of Russian/Chinese military presence in Venezuela to historical levels (e.g., 5 years ago, 10 years ago).",
      "Analyze the potential impact of Russian/Chinese military presence on US military operations in the region.",
      "Identify any formal or informal agreements between Venezuela and Russia/China regarding military cooperation or mutual defense."
    ],
    "risks_of_poor_quality": [
      "Underestimating Russian/Chinese involvement leads to inadequate force planning and increased risk of military confrontation.",
      "Overestimating Russian/Chinese involvement leads to unnecessary escalation and diplomatic complications.",
      "Inaccurate data on arms sales leads to misjudgment of Venezuelan military capabilities.",
      "Outdated information leads to incorrect assessment of current threats and vulnerabilities.",
      "Failure to identify key locations of Russian/Chinese military assets compromises operational security."
    ],
    "worst_case_scenario": "US forces encounter unexpected and significant resistance from Russian/Chinese military personnel during the operation, leading to casualties, mission failure, and a major international crisis.",
    "best_case_scenario": "Accurate and comprehensive data on Russian/Chinese military presence allows for precise force planning, minimizing risks, avoiding unintended escalation, and ensuring a swift and successful operation.",
    "fallback_alternative_approaches": [
      "Engage retired military intelligence officers with experience in the region for expert opinions.",
      "Request a formal intelligence assessment from an independent think tank specializing in Russian/Chinese military activities.",
      "Analyze publicly available satellite imagery to identify potential military installations and equipment deployments.",
      "Conduct targeted interviews with Venezuelan defectors or individuals with knowledge of military cooperation agreements.",
      "Purchase commercially available intelligence reports from reputable sources specializing in defense analysis."
    ]
  },
  {
    "id": "09abca86-9e66-4834-9e5b-db37b2b6c0e1",
    "document_name": "Existing International Law Treaties and Conventions",
    "description": "Collection of international law treaties and conventions relevant to the use of force, state sovereignty, and human rights. Needed to assess the legality of the operation under international law. Intended audience: Legal Counsel.",
    "recency_requirement": "Current treaties and conventions essential",
    "responsible_role_type": "Legal Counsel",
    "steps_to_find": [
      "Search international legal databases.",
      "Consult with legal experts specializing in international law.",
      "Review UN Charter and other relevant documents."
    ],
    "access_difficulty": "Easy: Publicly available data, but requires legal expertise to interpret.",
    "essential_information": [
      "Identify all existing international law treaties and conventions relevant to the use of force against a sovereign nation.",
      "List specific articles within these treaties and conventions that address state sovereignty and intervention.",
      "Detail any clauses or precedents that could potentially justify the planned military operation under international law (e.g., self-defense, humanitarian intervention).",
      "Analyze the applicability of these treaties and conventions to the specific context of Venezuela and the planned operation.",
      "Identify potential violations of international law that the operation might incur.",
      "Quantify the potential legal risks and liabilities associated with each identified violation.",
      "Compare and contrast different interpretations of relevant international laws and their potential impact on the operation's legality.",
      "Provide a checklist of actions to ensure compliance with international law where possible."
    ],
    "risks_of_poor_quality": [
      "Inaccurate or incomplete identification of relevant treaties leads to flawed legal justification.",
      "Misinterpretation of international law results in legal challenges and international condemnation.",
      "Failure to identify potential violations exposes the operation to legal liabilities and war crime accusations.",
      "Outdated information leads to reliance on superseded legal precedents.",
      "Lack of clarity in the legal analysis hinders effective decision-making by legal counsel."
    ],
    "worst_case_scenario": "The operation is deemed illegal by the International Criminal Court, leading to the prosecution of US personnel for war crimes, severe international sanctions, and complete mission failure.",
    "best_case_scenario": "The operation proceeds with a solid legal foundation, minimizing the risk of international condemnation and legal challenges, thereby ensuring mission success and protecting US interests.",
    "fallback_alternative_approaches": [
      "Engage a panel of international law experts to provide an independent legal assessment.",
      "Purchase access to specialized international law databases and legal research tools.",
      "Conduct targeted research on specific legal precedents related to intervention in sovereign nations.",
      "Develop a detailed legal risk assessment matrix outlining potential legal challenges and mitigation strategies.",
      "Consult with diplomatic channels to gauge international reaction and identify potential legal loopholes."
    ]
  },
  {
    "id": "8fd1048c-46f2-4e2c-8a4f-08801b605ddb",
    "document_name": "Data on Venezuelan Narco-Trafficking Operations",
    "description": "Data and reports detailing narco-trafficking operations linked to the Venezuelan government, including routes, actors, and financial transactions. This data is needed to justify the operation and build support for further action. Intended audience: Intelligence Analysts, Political Strategists.",
    "recency_requirement": "Published within last 5 years",
    "responsible_role_type": "Intelligence Analyst",
    "steps_to_find": [
      "Contact law enforcement agencies and intelligence agencies.",
      "Search leaked documents and financial databases.",
      "Review publicly available reports on narco-trafficking."
    ],
    "access_difficulty": "Hard: Requires access to sensitive information and potentially illegal sources.",
    "essential_information": [
      "Identify specific individuals within the Venezuelan government involved in narco-trafficking.",
      "List the specific routes used for narco-trafficking operations originating from or passing through Venezuela.",
      "Quantify the volume and value of narcotics trafficked through Venezuela annually for the last 5 years.",
      "Detail the financial transactions and money laundering schemes associated with Venezuelan narco-trafficking, including specific bank accounts and shell corporations.",
      "Identify any connections between Venezuelan narco-trafficking operations and international terrorist organizations or criminal groups.",
      "Provide evidence linking Nicol\u00e1s Maduro directly to narco-trafficking activities, including specific dates, locations, and amounts.",
      "Compare the scale and scope of Venezuelan narco-trafficking operations to those of other major drug-producing countries.",
      "Detail the impact of Venezuelan narco-trafficking on US national security and public health.",
      "List specific instances where Venezuelan government officials have protected or facilitated narco-trafficking operations.",
      "Identify the specific types of narcotics trafficked through Venezuela (e.g., cocaine, heroin, methamphetamine)."
    ],
    "risks_of_poor_quality": [
      "Inaccurate or unsubstantiated data leads to legal challenges and undermines the justification for the operation.",
      "Outdated information fails to reflect current narco-trafficking trends and actors, reducing the effectiveness of the operation.",
      "Incomplete data fails to provide a comprehensive picture of Venezuelan narco-trafficking, hindering strategic decision-making.",
      "Misleading information damages the credibility of the operation and alienates potential allies.",
      "Lack of verifiable sources makes the data unusable in legal proceedings or public relations efforts."
    ],
    "worst_case_scenario": "The operation is exposed as being based on fabricated or unreliable evidence, leading to international condemnation, legal sanctions, and a complete loss of credibility for the US government. Nicol\u00e1s Maduro remains in power, and US influence in the region is significantly diminished.",
    "best_case_scenario": "The data provides irrefutable evidence of Nicol\u00e1s Maduro's involvement in narco-trafficking, leading to international support for his removal from power and paving the way for a successful military assault. The operation is seen as a legitimate and necessary action to combat drug trafficking and restore stability in Venezuela.",
    "fallback_alternative_approaches": [
      "Initiate targeted user interviews with former Venezuelan government officials or law enforcement personnel.",
      "Engage a subject matter expert on Venezuelan narco-trafficking to review existing data and identify potential gaps.",
      "Purchase commercially available reports and databases on international drug trafficking.",
      "Request a formal intelligence assessment from the US Drug Enforcement Administration (DEA).",
      "Conduct open-source intelligence gathering on publicly available reports and news articles related to Venezuelan narco-trafficking."
    ]
  }
]