{
  "wbs_project": {
    "id": "f802d1ed-8143-4490-9b52-918dd43da12a",
    "description": "Operation Falcon",
    "extra_fields": {
      "final_deliverable": "Actionable Intelligence"
    },
    "task_children": [
      {
        "id": "b8e54324-7f89-44f5-aa54-5c6cead68906",
        "description": "Strategic Decision Making",
        "task_children": [
          {
            "id": "23f3933b-3094-413a-b215-019a08371bf7",
            "description": "Define Operational Footprint Strategy"
          },
          {
            "id": "7f9b59fe-5081-40a7-9506-faf689df684e",
            "description": "Determine Risk Tolerance Threshold"
          },
          {
            "id": "21c6470b-62ec-472d-aa51-d96fd7b7453a",
            "description": "Establish Resource Allocation Strategy"
          },
          {
            "id": "8efae737-4ea8-464a-b524-da9beb2f0b04",
            "description": "Define Force Posture Strategy"
          },
          {
            "id": "e0a596de-e4fb-4e4a-9b17-cb47451392b1",
            "description": "Develop Intelligence Collection Strategy"
          },
          {
            "id": "82aeaaba-bd54-4a09-97ca-b362a3cac735",
            "description": "Establish Information Warfare Posture"
          },
          {
            "id": "04386c2a-24ad-4093-b820-f9e42e9910d5",
            "description": "Develop External Support Network"
          },
          {
            "id": "dab55b63-f6cc-446a-ade9-e4efe34944a5",
            "description": "Define Intervention Threshold Strategy"
          },
          {
            "id": "43b3bad0-b4fa-4808-a32b-1573a6ce65f4",
            "description": "Develop Denial and Deception Strategy"
          },
          {
            "id": "90356735-b9fc-4fec-bee4-6ca777609d86",
            "description": "Establish Partner Engagement Strategy"
          },
          {
            "id": "37f5c4ed-47fa-4e97-aeb4-4a265d943848",
            "description": "Develop Political Contingency Strategy"
          }
        ]
      },
      {
        "id": "86e53522-d87d-46c2-9f40-60e30dc14c27",
        "description": "Data Collection and Analysis",
        "task_children": [
          {
            "id": "2a38f257-6264-412f-8a57-78b38339f32a",
            "description": "Collect Data for Legal Justification and International Law Compliance"
          },
          {
            "id": "2fb1b510-4070-4382-9bde-ca0f348d203a",
            "description": "Collect Data on Venezuelan Military Response and Regional Stability"
          },
          {
            "id": "aa7f50f2-c63f-482e-b38f-37470d48aa63",
            "description": "Collect Data on Ethical Implications and Public Opinion"
          },
          {
            "id": "6332de12-29ba-40be-97e5-84fe41f57684",
            "description": "Collect Data on Operational Systems Security"
          },
          {
            "id": "fdfedad6-2287-42f5-b1a5-915cf241778c",
            "description": "Collect Data on Logistics and Supply Chain Feasibility"
          },
          {
            "id": "e7e22f38-88bc-40a8-9b9a-f538418ee6ed",
            "description": "Analyze Collected Data"
          }
        ]
      },
      {
        "id": "d36ba96e-8ee6-432b-9677-aabea84bfe40",
        "description": "Operational Planning and Preparation",
        "task_children": [
          {
            "id": "0038c1c6-6327-47a5-9ba6-aefddcf71a20",
            "description": "Establish Covert Surveillance Teams in Colombia"
          },
          {
            "id": "de3f8df4-6464-48dd-8fe5-55c11909501c",
            "description": "Deploy US Naval Vessels to the Caribbean Sea"
          },
          {
            "id": "24845ff1-f34e-4852-82aa-935305d1e31b",
            "description": "Establish Legal Team for Oversight and Justification"
          },
          {
            "id": "e288c1be-06d7-4253-a741-5ce911701ab2",
            "description": "Develop Comprehensive Operational Plan"
          },
          {
            "id": "8fdf2b4c-2937-49be-936b-d0c35bed4fa8",
            "description": "Establish Secure Communication Networks"
          },
          {
            "id": "91dc6219-3d96-4a86-af5d-65fdf51762c5",
            "description": "Coordinate with Military Assets"
          },
          {
            "id": "fe6d7a06-c20b-4117-acf8-ab5796ef6728",
            "description": "Secure Safe Houses"
          },
          {
            "id": "4f1bda3c-acf6-450f-807f-5681eb5d0e3f",
            "description": "Procure Surveillance Equipment"
          },
          {
            "id": "7d6b92c1-4ead-48d5-a69f-6d07214fca3a",
            "description": "Recruit and Train Personnel"
          }
        ]
      },
      {
        "id": "b58ba16a-80da-4477-bdc4-e25a0c493173",
        "description": "Surveillance Operation",
        "task_children": [
          {
            "id": "d4c54faa-5943-4385-94ef-1937ebacc36e",
            "description": "Conduct Surveillance of Nicol\u00e1s Maduro"
          },
          {
            "id": "d686d094-5ef9-49b1-84c0-fa0517ffb4c5",
            "description": "Gather Intelligence on Maduro's Movements, Habits, and Contacts"
          },
          {
            "id": "a86bc9e7-4fc1-4019-915b-2076c5922a0a",
            "description": "Maintain Operational Security"
          },
          {
            "id": "61039071-99af-4d3a-8627-93938a461258",
            "description": "Provide Regular Intelligence Updates"
          },
          {
            "id": "8c2757e2-9079-4a66-b9e3-7f8354d985c6",
            "description": "Monitor and Adapt to Changing Circumstances"
          }
        ]
      },
      {
        "id": "1a02f6f2-2c32-43bb-ab9a-153ea528385a",
        "description": "Risk Management and Mitigation",
        "task_children": [
          {
            "id": "11294219-584f-4af7-ac50-f542c61f2f2f",
            "description": "Monitor Legal and Geopolitical Risks"
          },
          {
            "id": "aa4eb050-cb7c-4951-8e97-acce5d4f1375",
            "description": "Implement Security Protocols"
          },
          {
            "id": "4f8cf2d1-b2b5-4427-8809-d16a9c3c01ca",
            "description": "Develop Contingency Plans for Military Responses"
          },
          {
            "id": "f19a4fbd-2ce2-4d8b-8c87-650b0afbca78",
            "description": "Address Ethical Concerns and Public Relations"
          },
          {
            "id": "897f9a8c-d6a9-4626-bbe6-3c4541bd4646",
            "description": "Manage Supply Chain Disruptions"
          }
        ]
      },
      {
        "id": "ada2bdea-70ca-4a98-9b94-155e33bcab57",
        "description": "Reporting and Documentation",
        "task_children": [
          {
            "id": "121ffc67-d207-4528-b1f5-59d8c4a10b31",
            "description": "Prepare Regular Progress Reports"
          },
          {
            "id": "eecc06e5-053d-4662-894b-a3d40288e8ce",
            "description": "Document Intelligence Findings"
          },
          {
            "id": "108a6065-5af5-4026-b6f3-6cb2a5e328e6",
            "description": "Maintain Legal Documentation"
          },
          {
            "id": "5b54404d-d041-4257-b066-a2e47b94e44c",
            "description": "Document Risk Assessments and Mitigation Strategies"
          },
          {
            "id": "e5e1b202-00f5-4caa-9d68-f7dd6cb3156e",
            "description": "Prepare Final Actionable Intelligence Report"
          }
        ]
      }
    ]
  }
}