Level 1;Level 2;Level 3;Level 4;Task ID
Operation Falcon;;;;f802d1ed-8143-4490-9b52-918dd43da12a
;Strategic Decision Making;;;b8e54324-7f89-44f5-aa54-5c6cead68906
;;Define Operational Footprint Strategy;;23f3933b-3094-413a-b215-019a08371bf7
;;;Identify Key Operational Areas;ba185519-f2b8-4763-b294-b44476f96e95
;;;Assess Local Infrastructure and Support;9f9b3a13-0325-48cf-9868-211567aab559
;;;Evaluate Threat Landscape and Countermeasures;2a2e7837-a4ef-44f4-8a66-2f7d3ca5da60
;;;Define Rules of Engagement within Footprint;78c1cfb4-98cf-4dea-a8f8-1507d268be31
;;;Develop Contingency Plans for Footprint Compromise;53b60537-e2b2-4a0d-b896-4347be06208d
;;Determine Risk Tolerance Threshold;;7f9b59fe-5081-40a7-9506-faf689df684e
;;;Identify all potential project risks;08a6f135-18c8-410d-8a45-47e6fdc387fd
;;;Assess the likelihood and impact of risks;5327cba5-09c0-440d-8ff6-8caeeb0561d0
;;;Prioritize risks based on severity;6561b0a8-f231-4a3d-922c-4898bc52e81e
;;;Define acceptable risk tolerance levels;c011482c-92a8-4d41-aa75-b85bd166a7f6
;;Establish Resource Allocation Strategy;;21c6470b-62ec-472d-aa51-d96fd7b7453a
;;;Identify critical resource requirements;53dde5ee-32f3-43e6-bf64-7428fec3aee0
;;;Prioritize resource allocation based on criticality;84211855-fb84-4eec-836f-643e592ca514
;;;Develop a resource allocation plan;2d2c6462-9c5c-4d24-ad13-9106f6e7daec
;;;Secure resource commitments from stakeholders;587c5865-e363-43ca-9eab-f826801cb8cd
;;;Monitor and adjust resource allocation;37b5b5cf-9037-4180-aa74-46923d2888a2
;;Define Force Posture Strategy;;8efae737-4ea8-464a-b524-da9beb2f0b04
;;;Analyze Venezuelan military capabilities and disposition;c8096dc1-c0fe-413d-8195-5e339fdb68d3
;;;Evaluate potential Venezuelan response scenarios;7b049613-98f2-461f-9b7f-2cb7c04322da
;;;Determine optimal US force deployment options;81c497e0-9947-4229-867d-d313155ec4f9
;;;Assess regional implications of force posture;61eb0329-594b-4fb2-8c5e-e2420b65231e
;;;Develop contingency plans for escalation;7983d897-2bcf-4852-9064-3c11beab5c8f
;;Develop Intelligence Collection Strategy;;e0a596de-e4fb-4e4a-9b17-cb47451392b1
;;;Identify Key Intelligence Requirements;fe3e9634-1afa-48ed-835a-fdaaa93a420f
;;;Develop Collection Plan and Tasking;46d37033-3b82-42aa-91a2-7427da9de37c
;;;Establish Secure Communication Channels;f0b42dc1-b685-40ff-a2df-5bcc1f0ffb88
;;;Implement Data Integration and Analysis;fa4d1642-e04b-4df2-b792-0d2b52238470
;;;Disseminate Intelligence to Stakeholders;90c430c7-372c-4a2d-b80b-0c74b58167af
;;Establish Information Warfare Posture;;82aeaaba-bd54-4a09-97ca-b362a3cac735
;;;Assess current information warfare capabilities;44936537-c9b5-4942-b9b1-2663bfc1a2a2
;;;Identify target audiences and influence vectors;55507edc-eb00-4afd-bef4-a0539a97566c
;;;Develop offensive information warfare plans;9301880f-7950-4764-be35-1682340173f1
;;;Establish defensive information warfare posture;a33b4e8d-68ec-4814-9fa8-c653d57b91bb
;;;Coordinate with partner nations on information sharing;0a0d490a-a4e8-4c25-b6ed-d23470514788
;;Develop External Support Network;;04386c2a-24ad-4093-b820-f9e42e9910d5
;;;Identify potential external support contacts;5c4ada65-ef0f-448d-be07-d74ab5341983
;;;Vet potential contacts for reliability;3312aade-3e17-4f23-a770-3130ff338df7
;;;Establish secure communication channels;86e9e5b2-2707-47ef-9d8d-e3e633f16ee2
;;;Develop protocols for information sharing;24babd18-9ddf-4ad4-b61d-e50d47f63346
;;;Maintain operational security with contacts;21a3abd5-7612-4769-843d-a6388bdd2817
;;Define Intervention Threshold Strategy;;dab55b63-f6cc-446a-ade9-e4efe34944a5
;;;Define Key Indicators for Intervention Threshold;6a39d7d8-2412-4c4d-adbd-ec0f71e747d6
;;;Develop Escalation and De-escalation Protocols;17a4641d-3c68-4816-8690-a9b94c9c3d5d
;;;Establish Communication Channels with Key Stakeholders;39427ce7-fef9-4180-9da6-b48aacc9a458
;;;Simulate Intervention Scenarios and Refine Thresholds;3aec4856-b150-472c-bf61-1a2d1e691a93
;;Develop Denial and Deception Strategy;;43b3bad0-b4fa-4808-a32b-1573a6ce65f4
;;;Identify key deception targets and objectives;568c87d1-7e02-44a0-ac97-90b1d3780d12
;;;Develop plausible false narratives and scenarios;7f235259-084e-4530-83f9-8ea21c89b8d1
;;;Craft and disseminate deceptive information;b15f44ad-b9e1-477c-93e8-d0915728fad4
;;;Monitor target response and adjust strategy;53fa50cf-44d6-4adb-b832-a8645c50618b
;;;Implement counter-deception measures;d14cec5d-1391-4e50-b552-02756e38f522
;;Establish Partner Engagement Strategy;;90356735-b9fc-4fec-bee4-6ca777609d86
;;;Identify potential partner organizations;49e48864-2e2a-4662-b35b-35c0f8ea7567
;;;Assess partner capabilities and motivations;60e4ef78-3529-479d-8e4e-86f7f9cbe614
;;;Establish secure communication channels;f5a43d5e-cc09-4e0a-8c99-6710d1f20a13
;;;Negotiate and formalize agreements;f4a1addc-c65c-403e-bf2d-ef315a0defcb
;;;Maintain partner relationships and monitor activities;6464026e-55f5-499c-9f3c-dfaf5dd96384
;;Develop Political Contingency Strategy;;37f5c4ed-47fa-4e97-aeb4-4a265d943848
;;;Identify potential political scenarios;8d838bd4-bf46-45cd-b011-1c340eadb500
;;;Develop contingency plans for each scenario;538a95f1-4161-4ca2-b616-c7ba57e885f2
;;;Establish communication protocols;31628b54-e11b-4d59-8fd1-b7ef3af0ba4c
;;;Monitor political landscape continuously;a11cdea2-4f20-49a0-a321-aad863ebe027
;Data Collection and Analysis;;;86e53522-d87d-46c2-9f40-60e30dc14c27
;;Collect Data for Legal Justification and International Law Compliance;;2a38f257-6264-412f-8a57-78b38339f32a
;;;Research international laws on intervention;d9cde1c3-0b59-4a97-a404-41308bdb5627
;;;Analyze legal precedents for similar operations;a39521e2-e3bb-4f9e-bdfc-7281a3cb1183
;;;Develop justification based on self-defense;613e981d-81d0-4912-8964-bd9fa0ef9e7a
;;;Assess potential legal challenges in courts;64e95acb-bf3d-4756-a97f-f428d56ced3a
;;;Define rules of engagement minimizing legal risks;8efc65f5-f0f6-4f6b-a2c7-03d2f43163a2
;;Collect Data on Venezuelan Military Response and Regional Stability;;2fb1b510-4070-4382-9bde-ca0f348d203a
;;;Assess Venezuelan military equipment and personnel;d32af66c-cdee-4e94-9b0c-f85824b02119
;;;Analyze Venezuelan military doctrine and strategy;3fbf8092-e99a-4c5c-b21f-2d30afb329a7
;;;Evaluate regional allies' capabilities and willingness;467fc6dc-1367-487b-b82e-9dd0af2d662c
;;;Determine potential for Russian/Chinese intervention;348728db-5ed5-467f-a094-edd0af2a39f0
;;;Model potential refugee flows and humanitarian needs;145a13e4-6117-49fe-95f5-a9a5ec8fe1ca
;;Collect Data on Ethical Implications and Public Opinion;;aa7f50f2-c63f-482e-b38f-37470d48aa63
;;;Identify potential ethical violations;950bdda0-6d08-487b-a54b-856311c69f1f
;;;Assess public opinion in US and Venezuela;087af127-e050-4a03-b796-e78b273018cc
;;;Analyze potential for international condemnation;5e73df4e-10b0-4094-aa54-b9419f00ba5c
;;;Evaluate impact on US reputation;dcd5c41a-0112-423e-af8f-35bf86c82309
;;;Review guidelines on use of force;5d74dcba-449e-4994-a65a-91d90b9442a0
;;Collect Data on Operational Systems Security;;6332de12-29ba-40be-97e5-84fe41f57684
;;;Assess cybersecurity risks and vulnerabilities;48ed5a60-ccc0-4c2d-89ef-5e8c8eed5638
;;;Implement multi-factor authentication;20de0fe9-448f-4cac-8345-7f2b31577aee
;;;Conduct regular security audits and testing;9a6e32e9-3839-4521-bbca-c67cba8038bc
;;;Establish insider threat detection program;3c428b93-bf0d-4268-b40b-17f09440f5dd
;;Collect Data on Logistics and Supply Chain Feasibility;;fdfedad6-2287-42f5-b1a5-915cf241778c
;;;Identify critical supply chain vulnerabilities;31a52c6e-46f4-41b4-afa6-62348983be03
;;;Assess potential for supply chain disruptions;5618ec66-9b4d-4ff9-87c4-c6d538d02b81
;;;Analyze procurement processes for efficiency;c9b2adb4-7228-4841-98e5-82436b106409
;;;Evaluate transportation logistics and security;a65c29ee-7eb9-4b09-8256-32af2e086d58
;;;Determine resource availability and contingency plans;8dfb3578-345d-489f-a5e4-eff0ea037f1c
;;Analyze Collected Data;;e7e22f38-88bc-40a8-9b9a-f538418ee6ed
;;;Cleanse and Preprocess Collected Data;1a6befaf-5865-4265-a50b-3bb1f8f1fdac
;;;Identify Key Trends and Patterns;c4e5f2bb-36b6-47ed-95ba-aaf0c30370bb
;;;Assess Data Reliability and Validity;d9c53e16-f95d-4a29-9578-4bc3f18f9073
;;;Synthesize Findings into Actionable Intelligence;11baa0b8-50e5-44a0-b25e-a15f23c36038
;Operational Planning and Preparation;;;d36ba96e-8ee6-432b-9677-aabea84bfe40
;;Establish Covert Surveillance Teams in Colombia;;0038c1c6-6327-47a5-9ba6-aefddcf71a20
;;;Identify potential surveillance team members;91019d29-3558-465b-a1dc-ad5aefe916c9
;;;Acquire necessary equipment for surveillance;0bda0500-3f98-4f4f-a6cb-187624f8a20a
;;;Establish safe houses and operational bases;66e6a26a-542b-413b-b9b7-86270fc8f0b9
;;;Train surveillance teams in Colombia;b69bd738-4627-477d-9aa1-9c2aeade314b
;;;Coordinate with local contacts in Colombia;3b320e5c-4325-48a2-8e64-841b3b8ad327
;;Deploy US Naval Vessels to the Caribbean Sea;;de3f8df4-6464-48dd-8fe5-55c11909501c
;;;Identify suitable Caribbean Sea deployment zones;08ffd6fa-faec-4d3b-9699-802cefc4f4d8
;;;Assess regional political sensitivities;b856477d-b942-4fd7-92b2-5d7f712c09fb
;;;Prepare deployment logistics and support;73a0a1cc-f305-4f84-98f7-7cdf348e98db
;;;Coordinate with US Navy Fleet Command;c2accaf6-ffae-41ac-84a0-aac95bf83003
;;;Establish secure communication channels;c0664747-a202-4797-831e-d6073249750f
;;Establish Legal Team for Oversight and Justification;;24845ff1-f34e-4852-82aa-935305d1e31b
;;;Identify and Recruit Legal Experts;a5d672f3-907e-4088-b86d-e5e6bbe6fd0a
;;;Establish Ethical Framework for Legal Operations;e294343b-379e-43b3-913c-99daa8dc1b48
;;;Secure Necessary Clearances and Approvals;653712e8-5b99-44e3-9c92-1898388b510c
;;;Develop Legal Justification Strategy;fd76b057-d7cc-4c89-9137-b6bb83e34d1b
;;;Provide Real-time Legal Oversight;77699900-7b22-451b-9421-fbf4e1ce01a3
;;Develop Comprehensive Operational Plan;;e288c1be-06d7-4253-a741-5ce911701ab2
;;;Define Objectives and Scope of Operation;24fa9492-a0e0-45dc-a2be-acac09305507
;;;Develop Surveillance and Evasion Tactics;55b2d6f3-0127-4efa-be51-5e04e406341b
;;;Establish Communication and Reporting Protocols;0f2ec67b-fe6e-4b01-8d1b-4937abd3f817
;;;Identify and Assess Potential Risks;da066001-d18d-4c7c-9cdd-59f06c457d10
;;;Create Contingency Plans for Various Scenarios;de992bcc-c78e-4bac-b7fe-41b795d9ac51
;;Establish Secure Communication Networks;;8fdf2b4c-2937-49be-936b-d0c35bed4fa8
;;;Identify secure communication technology needs;778201ac-2f23-41ec-8093-3338032afa68
;;;Evaluate and select secure communication technologies;f046d838-24d8-48a9-81fa-78cc8dcd1315
;;;Procure and configure communication equipment;3b453c65-9b80-499f-a6bb-0c75782b0bec
;;;Establish redundant communication channels;c5099d87-823c-40be-9c72-b16165750c3d
;;;Train personnel on secure communication protocols;1ea1728d-654c-42dc-b860-b93be0edffe3
;;Coordinate with Military Assets;;91dc6219-3d96-4a86-af5d-65fdf51762c5
;;;Identify Key Military Liaison Personnel;58af049e-66bb-4b10-b09b-62dfc484fcd4
;;;Establish Secure Communication Protocols;a912bf4a-518f-44d6-bc4d-94b218e2c03b
;;;Coordinate Movement of Military Assets;fbc283e7-a111-4c9c-83bc-f5f478ad2cb4
;;;Develop Contingency Plans with Military;c85772a2-ef48-41f6-aeb8-a726bf3854e0
;;;Define Rules of Engagement with Military;4f75d873-2387-4293-b078-43a2216a41a9
;;Secure Safe Houses;;fe6d7a06-c20b-4117-acf8-ab5796ef6728
;;;Identify surveillance equipment needs;8f4da9fa-0187-4452-8182-596ecfb9383a
;;;Research and evaluate potential vendors;3deb6644-bc22-4e26-833f-da9377135178
;;;Prepare procurement documentation;460859b9-81aa-44b3-b476-69f353fcea34
;;;Submit purchase orders and track delivery;231bf710-c3ec-449a-afaf-feb5e194e839
;;;Test and configure surveillance equipment;44414eb3-d253-4260-ba7d-e2cb52dfd527
;;Procure Surveillance Equipment;;4f1bda3c-acf6-450f-807f-5681eb5d0e3f
;;;Define surveillance equipment requirements;7c9e783f-af82-4424-9a87-89149568c283
;;;Identify potential surveillance equipment vendors;b8fb9f31-d5b7-4189-bfbf-2bae59c53545
;;;Evaluate and select surveillance equipment;6e7b1ba9-7f2c-4044-a64d-17f69b5ec416
;;;Procure and test surveillance equipment;4ba746e5-4b0e-4fe5-92c5-d33f76d43f36
;;;Coordinate equipment delivery and storage;6c38a921-5e7b-4815-bb09-991c415b7a09
;;Recruit and Train Personnel;;7d6b92c1-4ead-48d5-a69f-6d07214fca3a
;;;Define Personnel Requirements and Skill Sets;887373a9-b939-4dda-a168-b1ad17d12f37
;;;Develop Recruitment and Vetting Strategy;d5bfb50d-b4cb-419b-b8b6-849a7bb30467
;;;Design Training Program and Curriculum;1f9e299d-6f2d-4d64-a24f-4bffe0df65b2
;;;Conduct Background Checks and Security Clearances;603aae21-1710-4e6f-98f6-9ec329da9f88
;;;Implement Ongoing Training and Evaluation;775bb48c-054a-4179-9f01-bbbe567bca8f
;Surveillance Operation;;;b58ba16a-80da-4477-bdc4-e25a0c493173
;;Conduct Surveillance of Nicolás Maduro;;d4c54faa-5943-4385-94ef-1937ebacc36e
;;;Establish static surveillance posts;0473e8c5-de14-405a-af2e-a902418f7cc5
;;;Conduct mobile surveillance of Maduro;c83bd56a-edc3-49a4-9700-6b20804c1223
;;;Employ technical surveillance methods;c88892cd-625c-41d5-90cd-c7aa2b4c109c
;;;Analyze surveillance data and report;2b59dd3a-8390-444c-8b9a-fad3a6c5869f
;;;Counter Venezuelan counter-surveillance;a557845f-4f02-4a19-8f6a-8f5da26a878b
;;Gather Intelligence on Maduro's Movements, Habits, and Contacts;;d686d094-5ef9-49b1-84c0-fa0517ffb4c5
;;;Track Maduro's daily routines and habits;ded7e45d-0f8b-4bfe-87ae-b376d704b65f
;;;Identify Maduro's residences and hideouts;e7cc2dfd-52bc-4924-a5b1-55eed8c178e8
;;;Map Maduro's key contacts and associates;9edf1927-ffd2-4fcc-81d4-dce0f3ead022
;;;Analyze communication patterns of Maduro;4fea5243-f9b0-454f-8b55-fc73d45aaf70
;;;Document security protocols around Maduro;fff5b3c1-9795-42a4-b32f-8ac45c0bcdb0
;;Maintain Operational Security;;a86bc9e7-4fc1-4019-915b-2076c5922a0a
;;;Identify key contacts and their routines;02492f82-0322-4880-87c7-64ff07de06a1
;;;Document Maduro's daily activities and habits;d884612b-291f-41b5-9ebf-ce368d0faa3f
;;;Analyze communication patterns and networks;e8c0ca3c-124d-47cf-a205-1d9be84ba522
;;;Assess security measures and vulnerabilities;fcde2731-266a-44e5-bf95-e230a6bfb6c3
;;Provide Regular Intelligence Updates;;61039071-99af-4d3a-8627-93938a461258
;;;Gather Raw Intelligence Data;bb17f37e-3462-4a2e-a81e-eda5e1c841cc
;;;Analyze and Validate Intelligence Data;02954a19-d313-4bc3-b041-2627e9f03fd9
;;;Prepare Initial Intelligence Reports;535e34af-df9b-410d-9be6-cb2f3c95c66c
;;;Disseminate Intelligence Reports;1b54740d-2341-43f9-9d59-43ef82d93fac
;;;Solicit Feedback and Refine Reports;ecf47067-90c0-4459-a7b7-ddcfada80944
;;Monitor and Adapt to Changing Circumstances;;8c2757e2-9079-4a66-b9e3-7f8354d985c6
;;;Analyze Maduro's behavior patterns;09d2b1b1-84d8-4170-84ad-ed60258cda5f
;;;Assess Venezuelan security measures;8847ed98-608c-4ff3-84dc-ab746b26566e
;;;Adjust surveillance plans accordingly;bdf3fb58-d750-420b-960d-a9033f7fe871
;;;Monitor for counter-surveillance activity;c7c54264-faf9-4e86-a804-881832753fce
;;;Develop alternative surveillance strategies;80fabdfc-cd59-4e9d-b0e2-87b3cafb462c
;Risk Management and Mitigation;;;1a02f6f2-2c32-43bb-ab9a-153ea528385a
;;Monitor Legal and Geopolitical Risks;;11294219-584f-4af7-ac50-f542c61f2f2f
;;;Monitor international court activity;a9a40464-2f40-4acc-a19e-4c0f8a88ef9b
;;;Track geopolitical events and alliances;891fa1bf-7a50-47df-ba32-5449458f2ab6
;;;Review legal justification documents;273ca22e-e024-4e32-a324-49fcbbba953e
;;;Assess potential legal challenges;2b7e18d8-5347-4673-864e-2d186dc4f2eb
;;Implement Security Protocols;;aa4eb050-cb7c-4951-8e97-acce5d4f1375
;;;Implement network segmentation and access controls;beb3855e-a479-4118-9e53-cb069e256d50
;;;Deploy intrusion detection and prevention systems;5d7f38f6-440e-4f99-9676-4b8a67d58147
;;;Conduct regular vulnerability assessments and penetration testing;591c1001-be08-4885-8ff3-256abff21ec2
;;;Implement multi-factor authentication for all users;29714490-5b8b-446d-9300-0ae79c04ff95
;;;Establish incident response plan and conduct training;7cb37262-d415-4dae-aecc-0ce53bab3a05
;;Develop Contingency Plans for Military Responses;;4f8cf2d1-b2b5-4427-8809-d16a9c3c01ca
;;;Establish Rules of Engagement (ROE);67988af8-0011-4e09-a59c-e909301afe05
;;;Develop De-escalation Strategies;de76d69d-acbb-4cd6-89db-988122e9db34
;;;Plan for Civilian Protection;b80a79e1-2835-4490-a153-8bfba9ada1c6
;;;Simulate Military Response Scenarios;b946555a-0c93-47a9-be7a-6e6967dd165d
;;;Coordinate with Military Assets;22f02eec-2e0e-4249-83f5-49cde05896fd
;;Address Ethical Concerns and Public Relations;;f19a4fbd-2ce2-4d8b-8c87-650b0afbca78
;;;Establish Ethical Review Board;12960548-11f8-4884-a0e8-72a790652c74
;;;Develop Ethical Guidelines and Protocols;f4f04207-9ee1-4212-9ba8-3a35631c6b76
;;;Prepare Public Relations Strategy;a3c421ae-0204-4bc7-9223-cf079b6ed4b5
;;;Conduct Media Training for Key Personnel;ca8c05ba-02ca-49ca-b6a9-a10a90b805f4
;;;Monitor Public Sentiment and Media Coverage;da780ebb-dba4-4209-bb30-3aea804292a7
;;Manage Supply Chain Disruptions;;897f9a8c-d6a9-4626-bbe6-3c4541bd4646
;;;Identify potential supply chain vulnerabilities;9336f543-82dd-4687-9156-6586deef14e5
;;;Develop alternative supply chain routes;abe7e752-2d28-4167-901a-eb10a4bad820
;;;Establish buffer stocks of critical supplies;3e02f653-becc-48ba-beda-d8b8b64eed53
;;;Monitor global events impacting supply chain;86865c4d-a956-41dd-8a34-8012e10734d8
;Reporting and Documentation;;;ada2bdea-70ca-4a98-9b94-155e33bcab57
;;Prepare Regular Progress Reports;;121ffc67-d207-4528-b1f5-59d8c4a10b31
;;;Define reporting requirements and templates;6ffb18ef-0a0d-45cf-aaa2-afe8316fe604
;;;Collect and validate data from field teams;3a7d46b2-c741-4cc1-8a2b-9c07f4a4d8ff
;;;Compile and analyze progress data;bc53999b-33a5-40b5-9311-a6485d0782f3
;;;Draft and review progress reports;2721900b-8f27-4620-ac50-a98ac0c49e8b
;;;Obtain stakeholder approvals;a8b84df5-4960-444b-8a97-2094462ce918
;;Document Intelligence Findings;;eecc06e5-053d-4662-894b-a3d40288e8ce
;;;Validate intelligence data accuracy and reliability;b840929b-bf18-4dae-adf4-1812f9160496
;;;Synthesize intelligence findings into coherent narratives;17bc57c0-ee72-4eac-80b5-ca21fa75cfdb
;;;Prepare detailed intelligence reports;1ae6f3e1-0fdd-4475-8799-27cc2e22d0da
;;;Securely store and transmit intelligence reports;537f3c8e-1789-4397-9414-ff56b04ea4e3
;;Maintain Legal Documentation;;108a6065-5af5-4026-b6f3-6cb2a5e328e6
;;;Identify relevant legal documents;005a143b-ec7c-497b-ad26-b83a46f88266
;;;Organize and index legal documentation;38948c22-6084-47e1-9ec0-9637390a6b00
;;;Securely store legal documentation;d1b7f801-dbaf-471d-b87e-3503e360b43e
;;;Establish version control for legal documents;42b82835-1423-489a-b5bf-5c869d33cd03
;;Document Risk Assessments and Mitigation Strategies;;5b54404d-d041-4257-b066-a2e47b94e44c
;;;Define risk assessment documentation standards;9c777b67-6c5e-4189-bb11-e2f619415cff
;;;Gather existing risk assessments;17fb2086-c6ec-490c-a077-d61d65316d07
;;;Identify gaps in risk assessments;151ba623-c38c-41b1-9c32-86f6d3a5fd46
;;;Develop mitigation strategy documentation;2fdd8ce2-b1b8-4164-a7e4-65b17110d910
;;;Review and approve documentation;85894bc9-54f4-40e0-b4e7-7eb3434327aa
;;Prepare Final Actionable Intelligence Report;;e5e1b202-00f5-4caa-9d68-f7dd6cb3156e
;;;Synthesize intelligence data into a cohesive narrative;a0f12089-039c-49e4-afad-d3bca1c0c207
;;;Analyze Maduro's patterns and vulnerabilities;25c46a22-d1f2-46d2-a347-4a79dabde103
;;;Assess operational risks and legal implications;deb60b3c-b980-421c-b434-03e4345d5de7
;;;Draft actionable intelligence report;f2ae2ae5-0fb2-49d8-8830-6dabdbf515bf
;;;Legal review and final report approval;6018b00c-e0c5-411c-9cff-f7fc93e58a6a