{
  "go_no_go_recommendation": "Proceed with Caution. The project presents significant risks related to regulatory compliance, public acceptance, and potential health consequences. Before full execution, the project team must: 1) Obtain a legal opinion on the 'Crisis-Resilience' classification. 2) Conduct a thorough wastewater analysis. 3) Develop a detailed security incident response plan. These actions are essential to mitigate the most immediate and critical risks. If these initial steps reveal insurmountable legal or safety hurdles, the project should be re-evaluated or terminated. Proceeding without these precautions would be irresponsible and potentially harmful.",
  "combined_summary": "The three most critical, immediate actions are: 1) Conduct a comprehensive chemical analysis of Berlin's wastewater to assess potential health risks associated with the 'Basis-Nahrung', as this directly addresses the risk of long-term health issues from chemical residues. 2) Obtain a written legal opinion confirming the legal basis of the 'Crisis-Resilience' regulatory category, as this is essential to determine the project's legal viability and mitigate the risk of regulatory challenges. 3) Determine the average daily wastewater volume processed by Berlin's sewer network to ensure the BRZ facility's capacity aligns with the available input, as this is needed to validate the feasibility of the project's goals.",
  "feedback": [
    {
      "title": "Quantify Wastewater Input Requirements",
      "description": "To initiate this project, you must:\n*   Determine the average daily wastewater volume processed by Berlin's sewer network, expressed in cubic meters, by 2026-01-27 17:00. This is needed to ensure the BRZ facility's capacity aligns with the available input.\n*   Analyze the protein content of the wastewater, expressed in grams per cubic meter, by 2026-01-27 17:00. This is needed to estimate the potential yield of 'Basis-Nahrung'.\n*   Calculate the required wastewater processing rate, expressed in cubic meters per hour, to meet the nutritional needs of the B\u00fcrgergeld recipients, assuming a specific caloric target per person, by 2026-01-27 17:00. This is needed to validate the feasibility of the project's goals.\n*   Establish a protocol for continuous monitoring of wastewater composition, including protein content and potential contaminants, with samples taken every 4 hours, starting 2026-01-28 08:00. This is needed to ensure consistent product quality and safety."
    },
    {
      "title": "Define Nutrient Block Production Process",
      "description": "To initiate this project, you must:\n*   Establish the precise parameters for the hydrothermal carbonization process, including temperature (in degrees Celsius), pressure (in Pascals), and duration (in minutes), by 2026-01-29 17:00. This is needed to optimize protein extraction and sterilization.\n*   Define the specifications for the high-pressure filtration system, including filter pore size (in micrometers) and operating pressure (in Pascals), by 2026-01-29 17:00. This is needed to remove contaminants and achieve the desired product purity.\n*   Determine the exact composition of the 'Basis-Nahrung' blocks, including the percentage of protein, carbohydrates, and fats, by 2026-01-29 17:00. This is needed to meet nutritional requirements and regulatory standards.\n*   Develop a detailed flowchart of the entire production process, from wastewater intake to nutrient block packaging, including all equipment and process steps, by 2026-01-30 17:00. This is needed to ensure efficient and consistent production."
    },
    {
      "title": "Map Jobcenter Distribution Logistics",
      "description": "To initiate this project, you must:\n*   Identify the exact locations of all Jobcenter collection points in Berlin, including their addresses and operating hours, by 2026-01-28 17:00. This is needed to plan the distribution network.\n*   Determine the number of B\u00fcrgergeld recipients assigned to each Jobcenter collection point, by 2026-01-28 17:00. This is needed to estimate the required supply for each location.\n*   Calculate the required daily delivery volume, expressed in number of nutrient blocks, for each Jobcenter collection point, based on the number of recipients and the daily ration size, by 2026-01-28 17:00. This is needed to optimize delivery schedules.\n*   Establish a transportation plan, including the number of vehicles, routes, and delivery schedules, to ensure timely delivery of nutrient blocks to all Jobcenter collection points, by 2026-01-29 17:00. This is needed to minimize delays and ensure equitable access."
    },
    {
      "title": "Establish Block Quality Control Metrics",
      "description": "To initiate this project, you must:\n*   Define the acceptable range for key quality parameters of the 'Basis-Nahrung' blocks, including protein content (in grams per block), moisture content (as a percentage), and microbial contamination levels (in colony-forming units per gram), by 2026-01-30 17:00. This is needed to ensure product safety and nutritional value.\n*   Establish a sampling plan for quality control, including the number of samples to be taken per batch and the frequency of testing, by 2026-01-30 17:00. This is needed to detect and address any deviations from the quality standards.\n*   Procure the necessary equipment for quality control testing, including protein analyzers, moisture meters, and microbial incubators, by 2026-01-31 17:00. This is needed to perform the required tests.\n*   Develop a procedure for handling and disposing of non-compliant nutrient blocks, including documentation and reporting requirements, by 2026-01-31 17:00. This is needed to prevent the distribution of substandard products."
    },
    {
      "title": "Assess Wastewater Contaminant Levels",
      "description": "To initiate this project, you must:\n*   Conduct a comprehensive chemical analysis of Berlin's wastewater, identifying and quantifying at least 50 common contaminants, including heavy metals, pharmaceuticals, and industrial chemicals, by 2026-01-27 17:00. This is needed to assess potential health risks associated with the 'Basis-Nahrung'.\n*   Establish maximum allowable concentration limits for each identified contaminant in the final 'Basis-Nahrung' product, based on established toxicological data and regulatory guidelines, by 2026-01-28 17:00. This is needed to ensure product safety.\n*   Implement a validated analytical method for detecting and quantifying each contaminant in the 'Basis-Nahrung' product, with a detection limit at least 10 times lower than the established maximum allowable concentration, by 2026-01-29 17:00. This is needed to ensure accurate and reliable monitoring of product safety.\n*   Establish a procedure for regularly auditing the wastewater analysis and the 'Basis-Nahrung' testing results, with audits conducted at least monthly, starting 2026-02-01 09:00. This is needed to ensure ongoing compliance with safety standards."
    },
    {
      "title": "Define Crisis-Resilience Regulatory Requirements",
      "description": "To initiate this project, you must:\n*   Obtain a written legal opinion from a qualified EU law expert, by 2026-01-28 17:00, confirming the legal basis and scope of the 'Crisis-Resilience' regulatory category and its applicability to the 'Basis-Nahrung' product. This is needed to assess the legal risks associated with bypassing standard food safety laws.\n*   Document the specific criteria that must be met to qualify 'Basis-Nahrung' under the 'Crisis-Resilience' category, including the level of food scarcity or economic hardship that justifies its use, by 2026-01-29 17:00. This is needed to ensure compliance with the regulatory requirements.\n*   Establish a protocol for continuously monitoring and documenting the relevant crisis indicators, such as food prices, unemployment rates, and social unrest, to justify the ongoing use of the 'Crisis-Resilience' exemption, with reports generated weekly, starting 2026-02-01 09:00. This is needed to maintain legal justification for the program.\n*   Develop a contingency plan for transitioning 'Basis-Nahrung' to full compliance with standard EU food safety laws, including a timeline and budget for implementing the necessary changes, by 2026-01-30 17:00. This is needed to mitigate the risk of the 'Crisis-Resilience' exemption being revoked."
    },
    {
      "title": "Establish B\u00fcrgergeld Recipient Consent Protocol",
      "description": "To initiate this project, you must:\n*   Develop a legally sound informed consent form, in at least 5 languages commonly spoken in Berlin, that clearly explains the composition, potential risks, and benefits of 'Basis-Nahrung', as well as the consequences of refusing to accept it, by 2026-01-29 17:00. This is needed to ensure that recipients understand the implications of their decision.\n*   Implement a process for obtaining documented consent from each B\u00fcrgergeld recipient before they are required to accept 'Basis-Nahrung', including a verbal explanation of the consent form by a trained social worker, by 2026-01-30 17:00. This is needed to ensure that consent is freely given and informed.\n*   Establish a system for tracking and managing recipient consent forms, including secure storage and retrieval, by 2026-01-31 17:00. This is needed to demonstrate compliance with ethical and legal requirements.\n*   Develop an alternative plan for providing food assistance to B\u00fcrgergeld recipients who refuse to consent to the 'Basis-Nahrung' program, ensuring that their basic nutritional needs are met without coercion, by 2026-01-31 17:00. This is needed to respect individual autonomy and prevent discrimination."
    },
    {
      "title": "Implement Security Incident Response Plan",
      "description": "To initiate this project, you must:\n*   Conduct a comprehensive security risk assessment of the BRZ facility and the distribution network, identifying potential vulnerabilities to sabotage, theft, or contamination, by 2026-01-28 17:00. This is needed to prioritize security measures.\n*   Develop a detailed security incident response plan, outlining the steps to be taken in the event of a security breach, including procedures for containment, investigation, and communication, by 2026-01-29 17:00. This is needed to minimize the impact of security incidents.\n*   Implement physical security measures at the BRZ facility and distribution centers, including access control systems, surveillance cameras, and intrusion detection alarms, by 2026-01-30 17:00. This is needed to deter and detect security threats.\n*   Conduct regular security drills and training exercises for all personnel, including procedures for responding to sabotage, theft, and contamination incidents, with drills conducted at least quarterly, starting 2026-02-01 10:00. This is needed to ensure that personnel are prepared to respond effectively to security incidents."
    }
  ]
}