[
  {
    "id": 1,
    "category": "Regulatory Compliance Specialist",
    "explanation": "Ensures the project adheres to all relevant EU and German regulations, particularly concerning food safety, environmental impact, and social welfare programs.",
    "consequences": "Significant delays, legal challenges, fines, and potential project shutdown due to non-compliance.",
    "count": "min 1, max 2, depending on the complexity of regulatory negotiations and potential legal challenges."
  },
  {
    "id": 2,
    "category": "Public Engagement Coordinator",
    "explanation": "Manages communication with the public, addresses concerns, and builds support for the project, especially regarding the acceptance of Basis-Nahrung.",
    "consequences": "Public backlash, protests, reduced program participation, and potential political opposition.",
    "count": "min 2, max 4, depending on the intensity of public scrutiny and the need for community outreach."
  },
  {
    "id": 3,
    "category": "Process Engineer",
    "explanation": "Optimizes the hydrothermal carbonization and high-pressure filtration processes to ensure efficient and safe production of Basis-Nahrung.",
    "consequences": "Inefficient production, inconsistent product quality, equipment failures, and increased costs.",
    "count": "min 2, max 3, depending on the complexity of the technology and the need for continuous improvement."
  },
  {
    "id": 4,
    "category": "Nutritional Scientist",
    "explanation": "Analyzes the nutritional content of Basis-Nahrung, ensures it meets dietary requirements, and addresses potential health concerns related to chemical residues.",
    "consequences": "Nutritional deficiencies, health problems for recipients, reputational damage, and potential legal liabilities.",
    "count": "min 1, max 2, depending on the need for specialized testing and analysis."
  },
  {
    "id": 5,
    "category": "Logistics and Distribution Manager",
    "explanation": "Oversees the distribution of Basis-Nahrung to Jobcenter collection points, ensuring timely and efficient delivery.",
    "consequences": "Distribution delays, logistical inefficiencies, unequal access to Basis-Nahrung, and increased costs.",
    "count": "min 2, max 3, depending on the scale of the distribution network and the need for route optimization."
  },
  {
    "id": 6,
    "category": "Social Welfare Integration Specialist",
    "explanation": "Manages the integration of Basis-Nahrung into the B\u00fcrgergeld system, addressing ethical concerns and ensuring fair implementation.",
    "consequences": "Social unrest, ethical concerns, legal challenges, and potential failure of the welfare system restructuring.",
    "count": "min 1, max 2, depending on the complexity of the welfare system restructuring and the need for recipient support."
  },
  {
    "id": 7,
    "category": "Security and Safety Officer",
    "explanation": "Develops and implements security protocols to protect the facility and distribution network from sabotage, theft, and contamination.",
    "consequences": "Facility damage, product contamination, distribution disruptions, and potential harm to recipients.",
    "count": "min 2, max 5, depending on the perceived threat level and the need for 24/7 surveillance."
  },
  {
    "id": 8,
    "category": "Waste Stream Analyst",
    "explanation": "Monitors and analyzes the composition of incoming wastewater to optimize the production process and ensure product safety.",
    "consequences": "Inconsistent product quality, potential contamination, and inefficient resource utilization.",
    "count": "min 1, max 2, depending on the variability of the waste stream and the need for specialized testing."
  }
]