[
  {
    "id": "50f83fce-6f33-404e-806a-8c6a08e3dd53",
    "document_name": "Project Charter",
    "description": "Formal document authorizing the BRZ project, outlining its objectives, scope, stakeholders, and governance structure. Establishes the project manager's authority and provides a high-level roadmap. Includes project goals, success criteria, and key assumptions.",
    "responsible_role_type": "Project Manager",
    "document_template_primary": "PMI Project Charter Template",
    "document_template_secondary": null,
    "steps_to_create": [
      "Define project objectives and scope based on the project plan.",
      "Identify key stakeholders and their roles.",
      "Outline project governance structure and decision-making processes.",
      "Define project success criteria and key performance indicators.",
      "Obtain approval from the Berlin Senate and other relevant authorities."
    ],
    "approval_authorities": "Berlin Senate, EU Commission (if applicable)"
  },
  {
    "id": "13b231de-c1cb-435c-826d-77e6984a6eb2",
    "document_name": "Risk Register",
    "description": "A comprehensive log of identified project risks, their potential impact, likelihood, and mitigation strategies. Includes risk owners and tracking mechanisms. Based on the initial risk assessment in 'assumptions.md' and expert reviews.",
    "responsible_role_type": "Risk Manager",
    "document_template_primary": "PMI Risk Register Template",
    "document_template_secondary": null,
    "steps_to_create": [
      "Review the initial risk assessment in 'assumptions.md' and expert reviews.",
      "Identify additional potential risks through brainstorming and expert consultation.",
      "Assess the impact and likelihood of each risk.",
      "Develop mitigation strategies for high-priority risks.",
      "Assign risk owners and establish monitoring mechanisms."
    ],
    "approval_authorities": "Project Manager, Steering Committee"
  },
  {
    "id": "ff6eb1af-dd21-49d2-bb57-5ce1ff4fd3bc",
    "document_name": "High-Level Budget/Funding Framework",
    "description": "Outlines the project's overall budget, funding sources, and financial management strategy. Includes contingency funds and mechanisms for cost control. Addresses potential funding gaps and alternative funding models.",
    "responsible_role_type": "Financial Analyst",
    "document_template_primary": null,
    "document_template_secondary": null,
    "steps_to_create": [
      "Develop a detailed cost breakdown for all project activities.",
      "Identify potential funding sources, including municipal funds, private investment, and grants.",
      "Establish a financial management strategy, including budgeting, forecasting, and reporting.",
      "Allocate contingency funds for unforeseen expenses.",
      "Obtain approval from the Berlin Senate and other funding agencies."
    ],
    "approval_authorities": "Berlin Senate, Ministry of Finance"
  },
  {
    "id": "7e9c42a7-2ed9-4994-b5d9-502f43909e51",
    "document_name": "Current State Assessment of Wastewater Composition in Berlin",
    "description": "A baseline report detailing the current chemical and biological composition of Berlin's wastewater, including levels of contaminants, nutrients, and other relevant parameters. Serves as a benchmark for measuring the project's impact on wastewater quality. Informs the Nutrient Composition Strategy and Risk Register.",
    "responsible_role_type": "Waste Stream Analyst",
    "document_template_primary": null,
    "document_template_secondary": null,
    "steps_to_create": [
      "Collect existing data on wastewater composition from Berlin's wastewater treatment plants.",
      "Conduct additional sampling and analysis to fill data gaps.",
      "Analyze the data to identify key contaminants and their concentrations.",
      "Prepare a report summarizing the findings."
    ],
    "approval_authorities": "Process Engineer, Nutritional Scientist"
  },
  {
    "id": "8d2e3189-65a8-4517-b122-321a4805668b",
    "document_name": "Regulatory Compliance Strategy Framework",
    "description": "A high-level plan outlining the project's approach to regulatory compliance, including strategies for navigating EU and German regulations, seeking exemptions, and lobbying for new regulatory frameworks. Addresses food safety, environmental impact, and social welfare. Based on the chosen strategic path ('The Builder's Foundation').",
    "responsible_role_type": "Regulatory Compliance Specialist",
    "document_template_primary": null,
    "document_template_secondary": null,
    "steps_to_create": [
      "Review relevant EU and German regulations.",
      "Assess the project's compliance with existing regulations.",
      "Identify potential regulatory hurdles and develop mitigation strategies.",
      "Define the project's approach to seeking exemptions and lobbying for new regulations.",
      "Obtain legal review and approval."
    ],
    "approval_authorities": "Legal Counsel, Berlin Senate"
  },
  {
    "id": "bf8aacd9-886f-4814-84b8-9fc285d678d6",
    "document_name": "Nutrient Composition Strategy Framework",
    "description": "A high-level plan defining the nutritional content of the Basis-Nahrung blocks, considering cost, palatability, and health outcomes. Addresses macronutrients, micronutrients, and potential supplements. Based on the chosen strategic path ('The Builder's Foundation').",
    "responsible_role_type": "Nutritional Scientist",
    "document_template_primary": null,
    "document_template_secondary": null,
    "steps_to_create": [
      "Define the nutritional requirements of the target population.",
      "Assess the nutritional content of the wastewater.",
      "Identify potential supplements to meet dietary needs.",
      "Develop a nutrient composition strategy that balances cost, palatability, and health outcomes.",
      "Obtain approval from health authorities."
    ],
    "approval_authorities": "Nutritional Scientist, Process Engineer"
  },
  {
    "id": "1db5a127-984c-4c41-83c4-14848cb76035",
    "document_name": "Distribution Network Design Framework",
    "description": "A high-level plan determining how Basis-Nahrung will be delivered to the target population, considering accessibility, cost-effectiveness, and user satisfaction. Addresses the location of distribution points, mode of transportation, and level of personalization. Based on the chosen strategic path ('The Builder's Foundation').",
    "responsible_role_type": "Logistics and Distribution Manager",
    "document_template_primary": null,
    "document_template_secondary": null,
    "steps_to_create": [
      "Identify the target population and their geographic distribution.",
      "Assess existing distribution infrastructure and identify potential distribution points.",
      "Develop a distribution network design that balances accessibility, cost-effectiveness, and user satisfaction.",
      "Negotiate agreements with distribution partners.",
      "Obtain approval from the Berlin Senate."
    ],
    "approval_authorities": "Logistics and Distribution Manager, Social Welfare Integration Specialist"
  },
  {
    "id": "5881802a-13f6-4696-8267-d8bb198c8de2",
    "document_name": "Public Acceptance Campaign Strategy",
    "description": "A high-level plan for shaping public perception and fostering acceptance of Basis-Nahrung, including messaging, communication channels, and engagement strategies. Addresses concerns, builds trust, and encourages adoption. Based on the chosen strategic path ('The Builder's Foundation').",
    "responsible_role_type": "Public Engagement Coordinator",
    "document_template_primary": null,
    "document_template_secondary": null,
    "steps_to_create": [
      "Conduct public opinion research to identify key concerns and attitudes.",
      "Develop key messages that address public concerns and highlight the benefits of Basis-Nahrung.",
      "Identify communication channels to reach the target audience.",
      "Develop engagement strategies to build trust and encourage adoption.",
      "Monitor and evaluate the effectiveness of the campaign."
    ],
    "approval_authorities": "Public Engagement Coordinator, Berlin Senate"
  },
  {
    "id": "46568c23-82bf-486f-966c-67a2d6ef7ffa",
    "document_name": "Welfare Integration Scope Framework",
    "description": "A high-level plan determining the scope of integration between the Basis-Nahrung program and the existing welfare system, including the target population and conditions for receiving the nutrient blocks. Addresses ethical concerns and ensures fair implementation. Based on the chosen strategic path ('The Builder's Foundation').",
    "responsible_role_type": "Social Welfare Integration Specialist",
    "document_template_primary": null,
    "document_template_secondary": null,
    "steps_to_create": [
      "Define the target population for the Basis-Nahrung program.",
      "Establish the conditions under which individuals will receive the nutrient blocks.",
      "Address ethical concerns related to mandatory acceptance and individual autonomy.",
      "Ensure fair implementation of the program.",
      "Obtain approval from the Berlin Senate."
    ],
    "approval_authorities": "Social Welfare Integration Specialist, Legal Counsel"
  }
]