Level 1;Level 2;Level 3;Level 4;Task ID
Circular Berlin;;;;e84e27a7-64bd-454e-bcd8-576d0c4073d4
;Project Initiation & Planning;;;c27dd7bf-14d9-4910-be8c-336e2a8e5f9c
;;Define Project Scope and Objectives;;eda39851-5150-4fd6-a584-76c3e1dde2c7
;;;Identify Key Stakeholder Needs;691c84c2-8a42-486a-98f7-8e0950df5eb9
;;;Define Measurable Project Objectives;65a36e6d-1d39-4d23-b87d-cdd5ef69916f
;;;Establish Project Scope Boundaries;0b13e2f7-0f0c-460c-983a-d66306602b79
;;;Document Scope and Objectives;71c46b3a-e778-4814-b7d0-62c3751ac68c
;;Develop Project Management Plan;;ab52e866-d280-44b8-92d3-09dd31d38a2c
;;;Define Project Management Methodology;e2aee9e7-83b9-4652-ba92-a9189024b0ae
;;;Create Communication Management Plan;2be5dddf-a388-4e4f-a572-ca9f60aa90f8
;;;Develop Risk Management Plan;dccc8356-e52a-4e23-b209-d6fcde71ec68
;;;Establish Project Schedule and Budget;dca81897-c636-45b8-a833-47f805159c1a
;;;Define Resource Allocation Strategy;4c5b4c9e-f38e-47f1-955d-0f10b90694b5
;;Conduct Stakeholder Analysis;;f5c84145-1b38-48c9-918c-2fc5f71becf0
;;;Identify Key Stakeholders;2ae6cdf6-9e03-43b7-a3fc-65523925d3f4
;;;Assess Stakeholder Interests and Needs;aa7486e5-c268-40d6-af5c-ed0819356d14
;;;Analyze Stakeholder Influence and Impact;91be2c11-8705-400a-b0bb-f678f7b3d62b
;;;Develop Stakeholder Engagement Strategy;7c4368f4-8fcf-4631-b15a-84393060bb6a
;;;Document Stakeholder Analysis Findings;d0b36dd5-7e20-4c22-ae14-bdb9d90ffc82
;;Establish Project Governance Structure;;462b15bb-f6b6-4737-93f3-ed81c03009c4
;;;Define Decision-Making Authority;c503fbd6-03da-45f3-870c-fcbe98aed900
;;;Establish Roles and Responsibilities;1f66eaca-e1af-4638-b458-5987d7822d47
;;;Develop Communication Protocols;8e0cbcd4-2ebc-4f01-93a7-42f6ab2aa6de
;;;Implement Conflict Resolution Process;d33549a3-e9b4-4783-aba7-4bc1f5d01b61
;;;Document Governance Structure;921d4f0b-e23b-4a63-944d-1ddcad623f25
;;Secure Initial Funding;;bd375389-0dec-4141-ae77-beab07fffb6b
;;;Identify Funding Sources and Requirements;375bf9d2-8e65-45cd-8c62-c1ca8ede44c1
;;;Prepare Funding Proposal and Documentation;d31ce209-1eac-4628-90a7-bff70c26dde4
;;;Submit Funding Application and Follow Up;520c77f5-7379-4525-9968-4afe113fb585
;;;Negotiate Funding Terms and Agreements;557bd20a-0492-48d3-98da-e5649978bc5a
;Regulatory Compliance & Permitting;;;a3490d3e-8b4e-41ad-b706-03df1745fb34
;;Identify Applicable Regulations;;e7384fc6-8209-440e-bc20-a793de7ec90c
;;;Research EU Food Safety Regulations;97549d4b-0b15-43a0-bf61-5afc835cfc0d
;;;Research German Food Safety Regulations;59b11f59-6ba3-4723-968f-f13164344941
;;;Analyze 'Crisis-Resilience' Applicability;ce8f0f0d-2ac9-4fce-8d99-df00c76d4b99
;;;Identify Alternative Compliance Pathways;d4eed899-1071-43f4-b8cb-87dcd1a0b61e
;;Prepare Permit Applications;;e35667ed-82c4-425b-9b02-c0fb01a2ade0
;;;Gather required documentation for applications;fd3186fe-2b5f-454c-a6bf-913a486b7b69
;;;Complete application forms accurately;c4c9a2e9-e52b-4c36-bdbe-feb1b0f8b17c
;;;Review applications for completeness and accuracy;182b5274-e879-4b0f-8e47-61ae48c8e566
;;;Translate documents if needed;9b72ae09-309b-44d3-b6cf-620d9c3a9b63
;;Submit Permit Applications;;b3c8bde4-0be2-4ec5-9a84-7d23df8facab
;;;Gather all required documents for applications;25d0cb4c-c505-41a4-8607-4c7d3afa428c
;;;Review applications for completeness and accuracy;ce0b855b-4f6a-43a6-82a0-94fd938e5fc5
;;;Prepare electronic and physical application packages;ae932350-8726-40c5-b2f0-de31197e1613
;;;Coordinate internal approvals for submissions;a42eed00-5fd7-4c09-b196-a358f6a72a8c
;;;Track submission status and confirm receipt;9ab00fd6-d7db-4f98-98f1-b3e6ffd07437
;;Negotiate with Regulatory Bodies;;5f24bb91-ec73-4672-bcc9-6a1f2d718dd1
;;;Prepare for regulatory body meetings;6cc071ce-b6eb-46bf-abe1-078130c478c7
;;;Schedule meetings with regulatory bodies;1b8dbc71-636f-40c3-9403-41de7af4cbe8
;;;Conduct pre-meeting internal reviews;3a5558f8-89a5-493e-83c0-6e24eccb680e
;;;Document meeting outcomes and action items;0bea3171-f915-486c-93b7-42ffacf0b76b
;;Obtain Required Permits and Licenses;;75dba63c-ae58-4e7e-992b-7d5fc4c342a8
;;;Final Regulatory Review and Sign-off;050f6e40-1fad-4012-9da7-ae8c76125c6e
;;;Address Outstanding Regulatory Concerns;467878e0-7222-418e-a751-eeeb714c08e6
;;;Document Permit and License Acquisition;9b9842d0-c11f-42e1-bb09-93e839578896
;;;Communicate Permit Status to Stakeholders;4428b2f3-9e72-42c4-ade5-0a7349351c6d
;BRZ Facility Design & Construction;;;3da1d2ae-6544-4bfd-bce9-9a3020931b1a
;;Develop Detailed Facility Design;;eb9881a0-b8c0-4e45-bfda-9df622e6d101
;;;Gather Facility Requirements and Specifications;6d5153eb-c652-442e-bdab-fcb84af59a70
;;;Develop Conceptual Design Alternatives;54abccc7-704b-4ddf-99b7-0b77cef9c086
;;;Select Preferred Design Concept;96b9bcf2-d962-4065-b90d-922a8455e270
;;;Create Detailed Engineering Drawings;6275efbf-10ec-4072-8f25-18298cd58811
;;;Obtain Design Approvals and Permits;8ca50288-aca2-49d3-bb1d-b01b370ffa9b
;;Procure Equipment and Materials;;76d09e51-e328-4e76-bd6e-5919562e142b
;;;Identify Equipment and Material Needs;f5c27d80-dabd-4d8c-9359-e067b3e32af0
;;;Research and Evaluate Potential Suppliers;22a3f721-ca7c-406d-9971-6d62c1851a13
;;;Prepare and Issue Requests for Quotation (RFQs);6241e62d-1694-45f5-96a6-f630ba446a00
;;;Analyze Quotations and Select Suppliers;ae711a9a-8e46-46cd-8de7-fbf93dd5f15c
;;;Issue Purchase Orders and Manage Deliveries;e68bdb5c-e0bd-4806-9a8f-7a8926a9abe2
;;Construct BRZ Facility;;3c8f851a-f6ff-440b-b3ba-6795370e6d14
;;;Prepare site for construction;978af3a5-71ea-4bdd-bfee-53ab91e2f01a
;;;Erect building structure;7a3a2081-7f91-43fd-a0f3-624cd8829bb1
;;;Install utilities and infrastructure;198918c9-2cab-4171-b37c-196668580bc0
;;;Complete interior and exterior finishes;b0388cbc-ba93-4345-9ea0-0ffe73252af5
;;;Implement safety protocols;a4776bc2-82d6-4f47-8e13-da7231677701
;;Install and Test Equipment;;f47e6a5a-ca95-4a26-939b-75f12a57dbdb
;;;Prepare equipment installation site;23fda1fe-a742-4f46-b637-dc9498114b04
;;;Install hydrothermal carbonization unit;d5efe4ac-89f2-4653-9ae3-b7df9fb99f49
;;;Install high-pressure filtration system;7e56e854-af10-4aa1-bb19-ddd7671716bd
;;;Conduct initial equipment testing;a1f15330-16f4-4288-8907-8887aeaea842
;;;Calibrate and optimize equipment settings;3409e6a6-cea6-4bc2-97d5-f40c1588bd4e
;;Commission BRZ Facility;;af0985e0-303f-471a-9b2b-17da8bb7acc1
;;;Verify Equipment Installation and Connections;b09fe70d-3151-487e-b421-a327c587664c
;;;Conduct Initial System Startup and Testing;778cb022-be35-49e9-b75c-4f01d349517e
;;;Optimize Process Parameters for Performance;1d95c1b9-f4eb-41af-8de4-35bbd9cdae5d
;;;Train Operators on System Operation;fdab9644-14eb-4258-a7d8-26328148cec1
;;;Finalize Commissioning Report and Documentation;dc7816bf-eb2b-42d9-a28c-a4af229adda8
;Basis-Nahrung Production & Quality Control;;;84f8a0db-754e-4f95-928a-be6378761792
;;Establish Production Processes;;f2264f33-0473-4dbc-9b26-a20c4de6a508
;;;Optimize Hydrothermal Carbonization Process;0bd60fcd-6166-4d76-8f13-8da5689ce114
;;;Optimize High-Pressure Filtration Process;7e664add-bf4e-45c1-9df1-815a3fa1eb85
;;;Develop Standard Operating Procedures (SOPs);3e499acc-9111-4a30-aa83-b2ec156a304d
;;;Train Personnel on Production Processes;099b4a4b-a1ce-4ddf-b46a-2c70e796479c
;;Source Wastewater and Other Waste Streams;;4f0f965c-cee0-478c-b000-7caa596e392c
;;;Map wastewater sources and volumes;53ab6c87-debe-408e-ae0e-e54caaf454d9
;;;Assess wastewater composition variability;7e043f3b-7280-400d-aaef-3b08c9a63674
;;;Negotiate wastewater supply agreements;45f4e0b8-f8ff-4d3a-8066-5d68ed15cd52
;;;Develop wastewater storage strategy;2d70a488-7997-4614-ae07-6255c518555e
;;;Evaluate alternative waste stream integration;482d8985-638d-4185-9ba7-b2e1cc9ee25c
;;Produce Basis-Nahrung Blocks;;a3e24827-aec1-4d56-964e-38680f20fc17
;;;Prepare wastewater for processing;1679a355-0487-4664-820d-07c305855e37
;;;Operate hydrothermal carbonization unit;589c13d4-0b46-45bd-aeac-6993da0f5933
;;;Perform high-pressure filtration of hydrochar;5bc7837e-5f8e-466d-bb52-b8c820a55bb7
;;;Shape and package Basis-Nahrung blocks;c4882a5f-b207-411b-a167-f839128de0d3
;;Implement Quality Control Procedures;;46427088-50bb-4cf6-9bc7-5f16fc6609bd
;;;Define Critical Quality Parameters;d1824951-0ccd-4d04-aaef-87df38215c7d
;;;Develop Sampling and Testing Protocols;0cd8aa41-7d3d-4129-ad6b-001b47cb4c70
;;;Train Personnel on QC Procedures;f4495dcb-4d9f-4e97-882d-d98399084b3d
;;;Implement Data Recording and Analysis;af6dfd9a-51c9-4e40-be09-929d3263aaf0
;;;Establish Corrective Action Procedures;fd9cb9db-f594-4613-a3e0-1f702ccddecf
;;Conduct Nutritional and Safety Testing;;60e8aff2-4c4b-41ba-84cc-726e1b971a20
;;;Prepare samples for lab analysis;2821ad33-77e5-4c6c-888a-a73cb34a470d
;;;Coordinate with certified testing laboratories;36eb8e75-274f-4371-b90f-7070cc203ee0
;;;Analyze nutritional content of Basis-Nahrung;8d21a252-a0fc-4dbd-b710-ecd8f964d92b
;;;Assess safety and identify contaminants;84b037d2-acbf-42c9-bd2c-bfd96c0d3f64
;;;Review test results and generate reports;87594901-8428-44e2-a4e9-54b674deba94
;Distribution Network & Logistics;;;b362d8f6-3e93-4eff-955e-82d3782295e4
;;Design Distribution Network;;cc0db917-8cde-4777-a6ed-f3da78228be5
;;;Identify potential distribution center locations;bb5555b1-0138-44a4-93a6-af098c25d1da
;;;Negotiate lease agreements or purchase options;1844fad3-8509-41ab-9678-0fb6a5d564f0
;;;Obtain necessary permits and approvals;d7407e8f-efd9-431c-98ca-f2b3012936bf
;;;Design distribution center layouts;1e022234-c430-4286-af30-37c032be0764
;;;Prepare sites for construction or renovation;29a6a995-290e-4c3b-8247-591694d2b9bb
;;Establish Distribution Centers;;e6f31e67-709c-440f-b313-37e725e7b5b0
;;;Identify potential distribution center locations;8fa682b1-2231-41b8-b66d-2c016134ece6
;;;Negotiate lease agreements or purchase properties;5ceeca2a-ebb1-496d-9c19-ce78b44c5196
;;;Renovate or construct distribution centers;87d4de63-78bc-4ab6-89dc-e9c9c27bbb53
;;;Procure and install necessary equipment;70eac144-83e5-4d8f-8941-eb3b85f9e7a8
;;;Obtain necessary permits and licenses;f78fcb7c-f349-4001-8c68-8254f26f1879
;;Develop Logistics Plan;;1ebd85b7-275f-43a0-b47d-928029ae69c3
;;;Define delivery routes and schedules;0dda2a60-e9d9-447e-bfb3-6b119b7d9b28
;;;Select transportation methods and vehicles;98240ba9-e417-4c67-805b-02fa784bdb31
;;;Establish warehousing and storage protocols;815fad56-1c34-464e-9a73-a2c7cebeebe1
;;;Develop tracking and monitoring system;1d22c6f5-6851-4254-a4f9-85e85240322b
;;;Create contingency plans for disruptions;b528b25a-face-4b74-aced-8335b9ef5a1c
;;Implement Distribution System;;a4680131-ddff-4e2d-be18-83f92d50b516
;;;Train Jobcenter staff on distribution system;5f243565-1904-4ed7-9bb3-632c5cf7e0c2
;;;Set up recipient data in distribution system;98f71d9f-a612-447e-9dc3-abb1fad92d64
;;;Test distribution system with pilot group;941b3295-7a82-4379-8dbe-6f04af2b8dfa
;;;Establish communication channels with recipients;eab5891f-5bd2-4e88-8712-f8913f8151a3
;;;Refine distribution system based on feedback;fea30d87-0d35-419b-946c-2bd63ec399d7
;;Monitor Distribution Performance;;93aa2b54-a7fb-40ec-afa9-107ed445014b
;;;Track Basis-Nahrung distribution data;aaf81ce4-94c8-489e-a351-898bbd080cfb
;;;Gather recipient feedback on distribution;49ffdf71-f47e-4c22-b544-02afea7ad058
;;;Analyze distribution efficiency and bottlenecks;1ed6a111-6966-40f3-bbd0-9d66b90e4397
;;;Report distribution performance to stakeholders;50ec9a4e-e39d-4c15-971c-433dcaeb0c98
;Welfare System Integration & Public Acceptance;;;4af7b0aa-fa49-4851-9361-ef3be65bc2c4
;;Restructure Bürgergeld System;;d19305aa-6234-409a-9ea1-2c319f95f613
;;;Analyze Current Bürgergeld System;dc9f992a-3bfd-4e44-b61a-35b6d3ee4a34
;;;Design New Bürgergeld System Structure;cfd27b92-bc3e-4ce3-a041-5f036951d3dc
;;;Develop Legal Framework for Restructuring;cb6dfa0f-4558-4346-864b-808847867edc
;;;Pilot Test Restructured System;a2be0f1a-6da3-4cff-907a-439c122d9600
;;;Implement Restructured System Statewide;d4454b83-e86a-4f14-b8e1-617e19e05d59
;;Develop Public Acceptance Campaign;;e031d88d-6eeb-4fc7-89a1-f8de4787d525
;;;Define Target Audiences and Key Messages;4da16cd9-fc55-493f-b173-93da1e872991
;;;Develop Communication Channels and Materials;2c82300d-5706-4ef0-a816-a66cc6c66fd9
;;;Engage Community Leaders and Influencers;ec1bd194-3b69-4135-9225-9a7e2ba93528
;;;Monitor Media Coverage and Public Sentiment;ad6f4d79-3c9e-42d6-9126-7131ab48cf3f
;;;Evaluate Campaign Effectiveness and Adjust Strategy;fdcbaed5-b5d5-4897-ac42-d22eded146d3
;;Implement Public Awareness Programs;;ffbf822d-c06e-4cab-99a1-f74e013a574f
;;;Design Awareness Program Content;b16639ac-06aa-4424-8066-6592cc3e2a4b
;;;Select Program Delivery Channels;459e71a7-30bf-4c4f-b845-d93cfade50da
;;;Train Program Facilitators;2e519c52-c06d-40b8-8a4c-070b6ce854d5
;;;Conduct Awareness Program Events;0a82dc32-b243-40c1-8147-955bdedc9480
;;;Gather Feedback and Evaluate Programs;2b799ae4-7a0d-4e4a-8099-c1895a4722a7
;;Monitor Public Opinion;;ba88e35d-7a0e-47cb-bbc7-1f146b42a759
;;;Define Public Opinion Metrics;62c31e41-a8b6-49f9-af54-cbdd302af592
;;;Conduct Baseline Public Opinion Survey;23a6d415-3097-440d-9255-9aa3d6c908c3
;;;Monitor Social Media Sentiment;371693e5-abff-40e9-af68-9366d4473f60
;;;Track Media Coverage and Tone;00639d29-7a13-4f0b-b19d-896be03f5472
;;;Analyze Feedback from Public Forums;7c7cbeb5-f62f-4c5f-a3d0-3429c59ff34d
;;Address Public Concerns and Feedback;;57b59c9f-9150-463f-8bcc-a0abd680c0f6
;;;Categorize Public Feedback and Concerns;af1cf76f-6d4e-4a3b-86e9-4fe67528a823
;;;Prioritize Addressing Critical Public Concerns;82158835-0599-45f4-a2b2-1bf652609313
;;;Develop Response Strategies for Each Concern;6de2358d-601c-4090-a33b-4adfd3d226b9
;;;Implement Communication Plan and Address Feedback;cffaa19a-70b8-4d97-baf6-6ef6e3da9402
;;;Evaluate Effectiveness of Response Strategies;0fdea4ab-1ffd-4276-a118-567e5a169647
;Monitoring, Evaluation, and Reporting;;;6279e2a4-c9a8-4a9c-a2a8-c8f7dad83ff5
;;Establish Key Performance Indicators (KPIs);;a3b95995-203d-4c0a-b1e0-a169c88f313d
;;;Identify relevant project performance areas;9cb57e4d-91c7-468d-8552-296540fced87
;;;Define specific, measurable KPI targets;962c73d9-4f03-4739-ae90-98897340b314
;;;Establish data collection methods;b8c7dd27-d8a8-4915-a936-774e10cf3e44
;;;Document KPI definitions and methodology;4e015597-ebdc-4275-a8dc-97a0d2770ff9
;;Collect and Analyze Project Data;;f0a465d7-66ae-4b58-b07a-fcd29d718802
;;;Define Data Collection Methods;90ae1546-9b87-439d-8377-e0f9bce5755d
;;;Develop Data Collection Instruments;89eefb07-82e8-4e42-8be3-5b5ea9e48ef5
;;;Collect Raw Project Data;f4e2aa17-421a-4cdb-a351-d780f45e1cd5
;;;Clean and Validate Data;d1c22385-7475-4edf-975b-32ca79076a70
;;;Analyze Collected Project Data;eab96f11-91f2-4e85-9974-849eca23ee89
;;Prepare Progress Reports;;7530d461-34a7-4ee4-9305-152aac7727f3
;;;Gather data from project teams;a51998bf-a93f-4dca-a4a3-b21e55a5e444
;;;Analyze collected project data;ab3a9ae4-0b43-4902-8fa6-dda2496db7f2
;;;Draft initial progress report;6d3fefc5-773d-424d-a74c-9c6617890398
;;;Review and revise report draft;b8527882-f1ed-4baf-9239-9fc3e2bff30b
;;;Finalize and submit progress report;e3ff107b-e029-4da0-9247-baaa8e8646d1
;;Conduct Project Evaluations;;c36dc815-a8b9-4856-a422-5ba2a48cd267
;;;Define Evaluation Criteria;cfd8c12c-1435-4fd5-bc33-eef1001f042f
;;;Select Evaluation Methodology;a13ba3e6-f32d-40c6-900f-e7dcd033de9e
;;;Collect Evaluation Data;c01b9457-0c61-41a4-b2d0-8601b1ca926c
;;;Analyze Evaluation Data;aa555474-b206-47b4-9364-4e6b1379d147
;;;Develop Evaluation Report;b0042e01-944d-4179-b712-ce510104bd92
;;Disseminate Project Findings;;9af5d159-df4d-47e1-a532-5f09e8529f5e
;;;Identify Target Audiences;ec3e9d05-9233-4a23-9052-346c2e9276d2
;;;Tailor Findings for Each Audience;eb12ce0b-2444-48d1-a250-b40a8a4f5b1d
;;;Select Dissemination Channels;df8ad1de-cf8e-4bd3-a81c-493a9ddfd783
;;;Distribute Project Findings;f6b349f8-c96d-48e8-b7ea-afc3059231b2
;;;Track Dissemination Effectiveness;c6c38f02-12e2-4914-88b1-98a7b44b4906