[
  {
    "id": "691c84c2-8a42-486a-98f7-8e0950df5eb9",
    "name": "Identify Key Stakeholder Needs",
    "description": "Determine the specific requirements and expectations of all relevant stakeholders regarding the project's scope and objectives. This involves conducting interviews, surveys, and workshops to gather detailed information about their needs, priorities, and concerns.",
    "resources_needed": [
      "Project Manager",
      "Stakeholder Engagement Specialist",
      "Business Analyst"
    ],
    "parent_id": "eda39851-5150-4fd6-a584-76c3e1dde2c7"
  },
  {
    "id": "65a36e6d-1d39-4d23-b87d-cdd5ef69916f",
    "name": "Define Measurable Project Objectives",
    "description": "Establish clear, measurable, achievable, relevant, and time-bound (SMART) objectives for the project. This includes defining specific targets for wastewater processing capacity, nutrient block production, and social welfare system improvements.",
    "resources_needed": [
      "Project Manager",
      "Technical Experts",
      "Data Analyst"
    ],
    "parent_id": "eda39851-5150-4fd6-a584-76c3e1dde2c7"
  },
  {
    "id": "0b13e2f7-0f0c-460c-983a-d66306602b79",
    "name": "Establish Project Scope Boundaries",
    "description": "Clearly define the boundaries of the project, including what is included and excluded from the project's scope. This involves documenting the specific deliverables, activities, and resources that will be required to achieve the project objectives.",
    "resources_needed": [
      "Project Manager",
      "Technical Experts",
      "Legal Counsel"
    ],
    "parent_id": "eda39851-5150-4fd6-a584-76c3e1dde2c7"
  },
  {
    "id": "71c46b3a-e778-4814-b7d0-62c3751ac68c",
    "name": "Document Scope and Objectives",
    "description": "Create a comprehensive document outlining the project's scope, objectives, and key performance indicators (KPIs). This document will serve as a reference point for all stakeholders and will be used to track progress and ensure that the project stays on track.",
    "resources_needed": [
      "Project Manager",
      "Technical Writer",
      "Stakeholder Representatives"
    ],
    "parent_id": "eda39851-5150-4fd6-a584-76c3e1dde2c7"
  },
  {
    "id": "e2aee9e7-83b9-4652-ba92-a9189024b0ae",
    "name": "Define Project Management Methodology",
    "description": "Select and document the project management methodology (e.g., Agile, Waterfall) to be used throughout the project. This includes defining processes, templates, and tools.",
    "resources_needed": [
      "Project Manager",
      "Project Management Consultant"
    ],
    "parent_id": "ab52e866-d280-44b8-92d3-09dd31d38a2c"
  },
  {
    "id": "2be5dddf-a388-4e4f-a572-ca9f60aa90f8",
    "name": "Create Communication Management Plan",
    "description": "Develop a plan for effective communication among stakeholders, including frequency, channels, and responsible parties. This ensures everyone is informed and aligned.",
    "resources_needed": [
      "Project Manager",
      "Stakeholder Representatives"
    ],
    "parent_id": "ab52e866-d280-44b8-92d3-09dd31d38a2c"
  },
  {
    "id": "dccc8356-e52a-4e23-b209-d6fcde71ec68",
    "name": "Develop Risk Management Plan",
    "description": "Identify potential risks, assess their impact and probability, and define mitigation strategies. This plan helps proactively address potential issues.",
    "resources_needed": [
      "Project Manager",
      "Risk Management Specialist",
      "Subject Matter Experts"
    ],
    "parent_id": "ab52e866-d280-44b8-92d3-09dd31d38a2c"
  },
  {
    "id": "dca81897-c636-45b8-a833-47f805159c1a",
    "name": "Establish Project Schedule and Budget",
    "description": "Create a detailed project schedule with tasks, dependencies, and timelines. Develop a comprehensive budget that includes all project costs.",
    "resources_needed": [
      "Project Manager",
      "Financial Analyst",
      "Team Leads"
    ],
    "parent_id": "ab52e866-d280-44b8-92d3-09dd31d38a2c"
  },
  {
    "id": "4c5b4c9e-f38e-47f1-955d-0f10b90694b5",
    "name": "Define Resource Allocation Strategy",
    "description": "Determine how resources (personnel, equipment, funding) will be allocated across different project tasks and phases. This ensures efficient resource utilization.",
    "resources_needed": [
      "Project Manager",
      "Resource Manager",
      "Team Leads"
    ],
    "parent_id": "ab52e866-d280-44b8-92d3-09dd31d38a2c"
  },
  {
    "id": "2ae6cdf6-9e03-43b7-a3fc-65523925d3f4",
    "name": "Identify Key Stakeholders",
    "description": "Identify all individuals, groups, and organizations that have an interest in or are affected by the project. This includes internal teams, external partners, regulatory bodies, and community members. Document their roles, responsibilities, and levels of influence.",
    "resources_needed": [
      "Project Manager",
      "Communication Specialist",
      "Stakeholder Database"
    ],
    "parent_id": "f5c84145-1b38-48c9-918c-2fc5f71becf0"
  },
  {
    "id": "aa7486e5-c268-40d6-af5c-ed0819356d14",
    "name": "Assess Stakeholder Interests and Needs",
    "description": "Determine the specific interests, needs, and expectations of each stakeholder group. Conduct interviews, surveys, and focus groups to gather information. Analyze the data to identify common themes and potential conflicts.",
    "resources_needed": [
      "Project Manager",
      "Communication Specialist",
      "Survey Tools",
      "Interview Guides"
    ],
    "parent_id": "f5c84145-1b38-48c9-918c-2fc5f71becf0"
  },
  {
    "id": "91be2c11-8705-400a-b0bb-f678f7b3d62b",
    "name": "Analyze Stakeholder Influence and Impact",
    "description": "Evaluate the level of influence each stakeholder group has on the project's success. Assess the potential impact of their support or opposition. Prioritize stakeholders based on their influence and impact.",
    "resources_needed": [
      "Project Manager",
      "Stakeholder Analysis Matrix",
      "Influence Mapping Tools"
    ],
    "parent_id": "f5c84145-1b38-48c9-918c-2fc5f71becf0"
  },
  {
    "id": "7c4368f4-8fcf-4631-b15a-84393060bb6a",
    "name": "Develop Stakeholder Engagement Strategy",
    "description": "Create a plan for engaging with each stakeholder group throughout the project lifecycle. Define communication channels, frequency of updates, and methods for addressing concerns. Tailor the engagement strategy to the specific needs and preferences of each group.",
    "resources_needed": [
      "Project Manager",
      "Communication Specialist",
      "Engagement Plan Template"
    ],
    "parent_id": "f5c84145-1b38-48c9-918c-2fc5f71becf0"
  },
  {
    "id": "d0b36dd5-7e20-4c22-ae14-bdb9d90ffc82",
    "name": "Document Stakeholder Analysis Findings",
    "description": "Compile all stakeholder analysis data into a comprehensive report. Include stakeholder profiles, interest assessments, influence maps, and engagement strategies. Share the report with the project team and key stakeholders.",
    "resources_needed": [
      "Project Manager",
      "Documentation Specialist",
      "Stakeholder Analysis Report Template"
    ],
    "parent_id": "f5c84145-1b38-48c9-918c-2fc5f71becf0"
  },
  {
    "id": "c503fbd6-03da-45f3-870c-fcbe98aed900",
    "name": "Define Decision-Making Authority",
    "description": "Clearly outline who has the authority to make decisions at different levels of the project. This includes identifying the key decision-makers and their respective areas of responsibility. Deliverable: Documented decision-making matrix.",
    "resources_needed": [
      "Project Manager",
      "Stakeholder Representatives",
      "Legal Counsel"
    ],
    "parent_id": "462b15bb-f6b6-4737-93f3-ed81c03009c4"
  },
  {
    "id": "1f66eaca-e1af-4638-b458-5987d7822d47",
    "name": "Establish Roles and Responsibilities",
    "description": "Define the roles and responsibilities of each team member and stakeholder involved in the project. This includes creating a RACI (Responsible, Accountable, Consulted, Informed) matrix to ensure clarity and accountability. Deliverable: RACI matrix.",
    "resources_needed": [
      "Project Manager",
      "Team Leads",
      "Stakeholder Representatives"
    ],
    "parent_id": "462b15bb-f6b6-4737-93f3-ed81c03009c4"
  },
  {
    "id": "8e0cbcd4-2ebc-4f01-93a7-42f6ab2aa6de",
    "name": "Develop Communication Protocols",
    "description": "Establish clear communication protocols for internal and external stakeholders. This includes defining the frequency, channels, and content of communication. Deliverable: Communication plan.",
    "resources_needed": [
      "Project Manager",
      "Communication Specialist",
      "Stakeholder Representatives"
    ],
    "parent_id": "462b15bb-f6b6-4737-93f3-ed81c03009c4"
  },
  {
    "id": "d33549a3-e9b4-4783-aba7-4bc1f5d01b61",
    "name": "Implement Conflict Resolution Process",
    "description": "Establish a process for resolving conflicts that may arise during the project. This includes defining the steps for escalation and the individuals responsible for mediating disputes. Deliverable: Conflict resolution procedure.",
    "resources_needed": [
      "Project Manager",
      "HR Representative",
      "Legal Counsel"
    ],
    "parent_id": "462b15bb-f6b6-4737-93f3-ed81c03009c4"
  },
  {
    "id": "921d4f0b-e23b-4a63-944d-1ddcad623f25",
    "name": "Document Governance Structure",
    "description": "Create a document that outlines the project governance structure, including the decision-making authority, roles and responsibilities, communication protocols, and conflict resolution process. Deliverable: Project governance document.",
    "resources_needed": [
      "Project Manager",
      "Document Controller",
      "Stakeholder Representatives"
    ],
    "parent_id": "462b15bb-f6b6-4737-93f3-ed81c03009c4"
  },
  {
    "id": "375bf9d2-8e65-45cd-8c62-c1ca8ede44c1",
    "name": "Identify Funding Sources and Requirements",
    "description": "Objective: Identify potential funding sources (government grants, private investors, loans) and their specific application requirements.\nScope: Research and document all available funding options, including eligibility criteria, application deadlines, and required documentation.\nSteps: 1. Conduct online research. 2. Consult with financial advisors. 3. Review past successful funding applications. 4. Document findings in a comprehensive report.\nDeliverables: A detailed report outlining potential funding sources and their requirements.",
    "resources_needed": [
      "Financial Analyst",
      "Grant Writer",
      "Project Manager"
    ],
    "parent_id": "bd375389-0dec-4141-ae77-beab07fffb6b"
  },
  {
    "id": "d31ce209-1eac-4628-90a7-bff70c26dde4",
    "name": "Prepare Funding Proposal and Documentation",
    "description": "Objective: Develop a compelling funding proposal and gather all necessary supporting documentation.\nScope: Create a detailed project budget, write a persuasive narrative outlining the project's benefits, and compile all required supporting documents (e.g., financial statements, permits, feasibility studies).\nSteps: 1. Develop a detailed project budget. 2. Write a compelling project narrative. 3. Gather supporting documentation. 4. Review and revise the proposal.\nDeliverables: A complete funding proposal package, including all required documentation.",
    "resources_needed": [
      "Project Manager",
      "Financial Analyst",
      "Grant Writer",
      "Legal Counsel"
    ],
    "parent_id": "bd375389-0dec-4141-ae77-beab07fffb6b"
  },
  {
    "id": "520c77f5-7379-4525-9968-4afe113fb585",
    "name": "Submit Funding Application and Follow Up",
    "description": "Objective: Submit the funding application to the identified sources and actively follow up on its progress.\nScope: Ensure timely submission of the application, respond to any inquiries from the funding source, and track the application's status.\nSteps: 1. Submit the application. 2. Track application status. 3. Respond to inquiries. 4. Attend meetings with funding representatives.\nDeliverables: Confirmation of application submission and regular updates on its status.",
    "resources_needed": [
      "Project Manager",
      "Administrative Assistant"
    ],
    "parent_id": "bd375389-0dec-4141-ae77-beab07fffb6b"
  },
  {
    "id": "557bd20a-0492-48d3-98da-e5649978bc5a",
    "name": "Negotiate Funding Terms and Agreements",
    "description": "Objective: Negotiate favorable funding terms and finalize the funding agreement.\nScope: Review the funding agreement, negotiate key terms (e.g., interest rates, repayment schedules, reporting requirements), and finalize the agreement.\nSteps: 1. Review the funding agreement. 2. Negotiate terms. 3. Obtain legal review. 4. Finalize the agreement.\nDeliverables: A signed funding agreement with favorable terms.",
    "resources_needed": [
      "Project Manager",
      "Financial Analyst",
      "Legal Counsel"
    ],
    "parent_id": "bd375389-0dec-4141-ae77-beab07fffb6b"
  },
  {
    "id": "97549d4b-0b15-43a0-bf61-5afc835cfc0d",
    "name": "Research EU Food Safety Regulations",
    "description": "Objective: Identify all relevant EU food safety regulations applicable to the Basis-Nahrung product. Scope: Review directives, regulations, and guidelines related to food production, processing, and distribution. Steps: 1. Access EUR-Lex database. 2. Search for relevant regulations. 3. Document findings. Deliverables: Comprehensive list of EU food safety regulations.",
    "resources_needed": [
      "Regulatory Compliance Specialist",
      "Legal Counsel",
      "EUR-Lex Access"
    ],
    "parent_id": "e7384fc6-8209-440e-bc20-a793de7ec90c"
  },
  {
    "id": "59b11f59-6ba3-4723-968f-f13164344941",
    "name": "Research German Food Safety Regulations",
    "description": "Objective: Identify all relevant German food safety regulations applicable to the Basis-Nahrung product. Scope: Review laws, ordinances, and guidelines related to food production, processing, and distribution. Steps: 1. Access German legal databases. 2. Search for relevant regulations. 3. Document findings. Deliverables: Comprehensive list of German food safety regulations.",
    "resources_needed": [
      "Regulatory Compliance Specialist",
      "Legal Counsel",
      "German Legal Database Access"
    ],
    "parent_id": "e7384fc6-8209-440e-bc20-a793de7ec90c"
  },
  {
    "id": "ce8f0f0d-2ac9-4fce-8d99-df00c76d4b99",
    "name": "Analyze 'Crisis-Resilience' Applicability",
    "description": "Objective: Determine the applicability of the 'Crisis-Resilience' regulatory category to the Basis-Nahrung product. Scope: Review the legal basis for the category and assess its relevance to the project. Steps: 1. Research the definition and criteria for 'Crisis-Resilience'. 2. Analyze whether Basis-Nahrung meets these criteria. 3. Document findings. Deliverables: Report on the applicability of the 'Crisis-Resilience' category.",
    "resources_needed": [
      "Regulatory Compliance Specialist",
      "Legal Counsel",
      "EU Regulatory Expert"
    ],
    "parent_id": "e7384fc6-8209-440e-bc20-a793de7ec90c"
  },
  {
    "id": "d4eed899-1071-43f4-b8cb-87dcd1a0b61e",
    "name": "Identify Alternative Compliance Pathways",
    "description": "Objective: Identify alternative compliance pathways if the 'Crisis-Resilience' category is not applicable. Scope: Research alternative regulatory options for food safety compliance. Steps: 1. Research standard EU food safety compliance. 2. Identify potential alternative pathways. 3. Document findings. Deliverables: Report on alternative compliance pathways.",
    "resources_needed": [
      "Regulatory Compliance Specialist",
      "Legal Counsel",
      "Food Safety Consultant"
    ],
    "parent_id": "e7384fc6-8209-440e-bc20-a793de7ec90c"
  },
  {
    "id": "fd3186fe-2b5f-454c-a6bf-913a486b7b69",
    "name": "Gather required documentation for applications",
    "description": "Objective: Collect all necessary documents for permit applications.\nScope: Identify and gather documents such as site plans, environmental impact assessments, technical specifications, and legal documents.\nSteps: Review regulatory requirements, contact relevant departments, and compile documents.\nDeliverables: Complete set of required documentation.",
    "resources_needed": [
      "Regulatory Compliance Specialist",
      "Legal Counsel",
      "Technical Experts"
    ],
    "parent_id": "e35667ed-82c4-425b-9b02-c0fb01a2ade0"
  },
  {
    "id": "c4c9a2e9-e52b-4c36-bdbe-feb1b0f8b17c",
    "name": "Complete application forms accurately",
    "description": "Objective: Fill out all permit application forms with accurate and complete information.\nScope: Ensure all sections of the application forms are filled out correctly and that all required attachments are included.\nSteps: Review application instructions, gather necessary data, and complete forms.\nDeliverables: Completed and accurate permit application forms.",
    "resources_needed": [
      "Regulatory Compliance Specialist",
      "Project Manager",
      "Technical Experts"
    ],
    "parent_id": "e35667ed-82c4-425b-9b02-c0fb01a2ade0"
  },
  {
    "id": "182b5274-e879-4b0f-8e47-61ae48c8e566",
    "name": "Review applications for completeness and accuracy",
    "description": "Objective: Ensure all permit applications are complete, accurate, and compliant with regulatory requirements.\nScope: Review all application materials, including forms, documentation, and attachments.\nSteps: Conduct a thorough review, identify any errors or omissions, and make necessary corrections.\nDeliverables: Verified and validated permit applications.",
    "resources_needed": [
      "Regulatory Compliance Specialist",
      "Legal Counsel",
      "Technical Experts"
    ],
    "parent_id": "e35667ed-82c4-425b-9b02-c0fb01a2ade0"
  },
  {
    "id": "9b72ae09-309b-44d3-b6cf-620d9c3a9b63",
    "name": "Translate documents if needed",
    "description": "Objective: Translate all documents into the required language for submission.\nScope: Identify documents needing translation, engage qualified translators, and ensure accurate translation.\nSteps: Review document language requirements, select translators, and verify translation accuracy.\nDeliverables: Translated documents.",
    "resources_needed": [
      "Project Manager",
      "Qualified Translators",
      "Regulatory Compliance Specialist"
    ],
    "parent_id": "e35667ed-82c4-425b-9b02-c0fb01a2ade0"
  },
  {
    "id": "25d0cb4c-c505-41a4-8607-4c7d3afa428c",
    "name": "Gather all required documents for applications",
    "description": "Collect all necessary documents, including technical specifications, environmental impact assessments, and site plans, required for each permit application.",
    "resources_needed": [
      "Project Manager",
      "Environmental Consultant",
      "Legal Counsel",
      "Technical Staff"
    ],
    "parent_id": "b3c8bde4-0be2-4ec5-9a84-7d23df8facab"
  },
  {
    "id": "ce0b855b-4f6a-43a6-82a0-94fd938e5fc5",
    "name": "Review applications for completeness and accuracy",
    "description": "Thoroughly review each permit application to ensure all required information is included and accurate, minimizing the risk of rejection or delays.",
    "resources_needed": [
      "Project Manager",
      "Legal Counsel",
      "Permitting Specialist"
    ],
    "parent_id": "b3c8bde4-0be2-4ec5-9a84-7d23df8facab"
  },
  {
    "id": "ae932350-8726-40c5-b2f0-de31197e1613",
    "name": "Prepare electronic and physical application packages",
    "description": "Compile all application materials into both electronic and physical formats, ensuring compliance with the specific submission requirements of each regulatory agency.",
    "resources_needed": [
      "Administrative Assistant",
      "Permitting Specialist",
      "IT Support"
    ],
    "parent_id": "b3c8bde4-0be2-4ec5-9a84-7d23df8facab"
  },
  {
    "id": "a42eed00-5fd7-4c09-b196-a358f6a72a8c",
    "name": "Coordinate internal approvals for submissions",
    "description": "Obtain all necessary internal approvals from relevant stakeholders before submitting the permit applications to regulatory agencies.",
    "resources_needed": [
      "Project Manager",
      "Senior Management",
      "Legal Counsel"
    ],
    "parent_id": "b3c8bde4-0be2-4ec5-9a84-7d23df8facab"
  },
  {
    "id": "9ab00fd6-d7db-4f98-98f1-b3e6ffd07437",
    "name": "Track submission status and confirm receipt",
    "description": "Monitor the status of each permit application after submission and confirm receipt by the relevant regulatory agency to ensure timely processing.",
    "resources_needed": [
      "Permitting Specialist",
      "Administrative Assistant"
    ],
    "parent_id": "b3c8bde4-0be2-4ec5-9a84-7d23df8facab"
  },
  {
    "id": "6cc071ce-b6eb-46bf-abe1-078130c478c7",
    "name": "Prepare for regulatory body meetings",
    "description": "Objective: Thoroughly prepare for meetings with regulatory bodies to ensure effective communication and address potential concerns.\nScope: Includes gathering all relevant project documentation, anticipating potential questions, and developing clear and concise responses.\nSteps: Review project plans, identify key regulatory requirements, prepare presentation materials, and conduct mock Q&A sessions.\nDeliverables: Comprehensive briefing package for the project team.",
    "resources_needed": [
      "Project Manager",
      "Legal Counsel",
      "Regulatory Compliance Specialist"
    ],
    "parent_id": "5f24bb91-ec73-4672-bcc9-6a1f2d718dd1"
  },
  {
    "id": "1b8dbc71-636f-40c3-9403-41de7af4cbe8",
    "name": "Schedule meetings with regulatory bodies",
    "description": "Objective: Schedule meetings with relevant regulatory bodies to discuss project compliance and address any concerns.\nScope: Includes identifying key contacts, coordinating schedules, and confirming meeting logistics.\nSteps: Identify key regulatory contacts, draft meeting requests, coordinate schedules, and confirm meeting logistics.\nDeliverables: Confirmed meeting schedule with regulatory bodies.",
    "resources_needed": [
      "Project Manager",
      "Administrative Assistant"
    ],
    "parent_id": "5f24bb91-ec73-4672-bcc9-6a1f2d718dd1"
  },
  {
    "id": "3a5558f8-89a5-493e-83c0-6e24eccb680e",
    "name": "Conduct pre-meeting internal reviews",
    "description": "Objective: Conduct internal reviews of all materials and talking points to ensure accuracy and consistency.\nScope: Includes reviewing project documentation, presentation materials, and anticipated responses to regulatory inquiries.\nSteps: Distribute materials to internal stakeholders, schedule review meetings, and incorporate feedback.\nDeliverables: Finalized meeting materials and talking points.",
    "resources_needed": [
      "Project Manager",
      "Legal Counsel",
      "Regulatory Compliance Specialist",
      "Technical Experts"
    ],
    "parent_id": "5f24bb91-ec73-4672-bcc9-6a1f2d718dd1"
  },
  {
    "id": "0bea3171-f915-486c-93b7-42ffacf0b76b",
    "name": "Document meeting outcomes and action items",
    "description": "Objective: Accurately document the outcomes of meetings with regulatory bodies and identify any resulting action items.\nScope: Includes taking detailed notes during meetings, summarizing key discussion points, and assigning responsibility for action items.\nSteps: Take detailed notes during meetings, summarize key discussion points, assign responsibility for action items, and distribute meeting minutes.\nDeliverables: Meeting minutes and action item list.",
    "resources_needed": [
      "Project Manager",
      "Administrative Assistant"
    ],
    "parent_id": "5f24bb91-ec73-4672-bcc9-6a1f2d718dd1"
  },
  {
    "id": "050f6e40-1fad-4012-9da7-ae8c76125c6e",
    "name": "Final Regulatory Review and Sign-off",
    "description": "Objective: Ensure all permit applications meet final regulatory requirements and obtain official sign-off.\nScope: Review all submitted permit applications, address any outstanding queries from regulatory bodies, and secure final approval.\nSteps: 1. Conduct a final review of all permit applications. 2. Address any outstanding queries from regulatory bodies. 3. Obtain official sign-off from relevant authorities.\nDeliverables: Approved permits and licenses.",
    "resources_needed": [
      "Regulatory Compliance Specialist",
      "Legal Counsel",
      "Permitting Authority Representatives"
    ],
    "parent_id": "75dba63c-ae58-4e7e-992b-7d5fc4c342a8"
  },
  {
    "id": "467878e0-7222-418e-a751-eeeb714c08e6",
    "name": "Address Outstanding Regulatory Concerns",
    "description": "Objective: Resolve any remaining concerns or objections raised by regulatory bodies regarding the project's compliance.\nScope: Identify and address all outstanding regulatory concerns, negotiate mutually acceptable solutions, and obtain written confirmation of resolution.\nSteps: 1. Identify all outstanding regulatory concerns. 2. Develop and propose solutions to address these concerns. 3. Negotiate with regulatory bodies to reach mutually acceptable solutions. 4. Obtain written confirmation of resolution.\nDeliverables: Written agreements or modifications to permits addressing regulatory concerns.",
    "resources_needed": [
      "Regulatory Compliance Specialist",
      "Legal Counsel",
      "Technical Experts",
      "Permitting Authority Representatives"
    ],
    "parent_id": "75dba63c-ae58-4e7e-992b-7d5fc4c342a8"
  },
  {
    "id": "9b9842d0-c11f-42e1-bb09-93e839578896",
    "name": "Document Permit and License Acquisition",
    "description": "Objective: Maintain a comprehensive record of all permits and licenses obtained for the project.\nScope: Collect and organize all approved permits and licenses, create a central repository for easy access, and ensure proper documentation for future reference.\nSteps: 1. Collect all approved permits and licenses. 2. Organize the documents in a central repository. 3. Ensure proper documentation for future reference.\nDeliverables: A complete and organized record of all permits and licenses.",
    "resources_needed": [
      "Project Administrator",
      "Regulatory Compliance Specialist"
    ],
    "parent_id": "75dba63c-ae58-4e7e-992b-7d5fc4c342a8"
  },
  {
    "id": "4428b2f3-9e72-42c4-ade5-0a7349351c6d",
    "name": "Communicate Permit Status to Stakeholders",
    "description": "Objective: Keep all relevant stakeholders informed about the status of permit and license acquisition.\nScope: Prepare regular updates on permit status, disseminate information to stakeholders through appropriate channels, and address any questions or concerns.\nSteps: 1. Prepare regular updates on permit status. 2. Disseminate information to stakeholders through appropriate channels. 3. Address any questions or concerns.\nDeliverables: Regular updates on permit status to stakeholders.",
    "resources_needed": [
      "Project Manager",
      "Communications Specialist"
    ],
    "parent_id": "75dba63c-ae58-4e7e-992b-7d5fc4c342a8"
  },
  {
    "id": "6d5153eb-c652-442e-bdab-fcb84af59a70",
    "name": "Gather Facility Requirements and Specifications",
    "description": "Collect detailed information on the facility's functional, operational, and regulatory requirements. This includes defining space needs, equipment specifications, utility requirements, and environmental considerations. Deliverables: Requirements document, specifications document.",
    "resources_needed": [
      "Project Manager",
      "Process Engineer",
      "Environmental Engineer",
      "Operations Team"
    ],
    "parent_id": "eb9881a0-b8c0-4e45-bfda-9df622e6d101"
  },
  {
    "id": "54abccc7-704b-4ddf-99b7-0b77cef9c086",
    "name": "Develop Conceptual Design Alternatives",
    "description": "Generate several conceptual design options for the BRZ facility, exploring different layouts, process configurations, and technology choices. Evaluate the pros and cons of each alternative based on cost, performance, and feasibility. Deliverables: Conceptual design reports, comparative analysis.",
    "resources_needed": [
      "Architect",
      "Process Engineer",
      "Civil Engineer",
      "Cost Estimator"
    ],
    "parent_id": "eb9881a0-b8c0-4e45-bfda-9df622e6d101"
  },
  {
    "id": "96b9bcf2-d962-4065-b90d-922a8455e270",
    "name": "Select Preferred Design Concept",
    "description": "Evaluate the conceptual design alternatives based on established criteria, such as cost-effectiveness, environmental impact, and operational efficiency. Select the preferred design concept for further development. Deliverables: Design selection report, stakeholder approval.",
    "resources_needed": [
      "Project Manager",
      "Engineering Team",
      "Stakeholders",
      "Decision Makers"
    ],
    "parent_id": "eb9881a0-b8c0-4e45-bfda-9df622e6d101"
  },
  {
    "id": "6275efbf-10ec-4072-8f25-18298cd58811",
    "name": "Create Detailed Engineering Drawings",
    "description": "Develop detailed engineering drawings and specifications for all aspects of the BRZ facility, including architectural, structural, mechanical, electrical, and plumbing systems. Ensure compliance with all applicable codes and regulations. Deliverables: Engineering drawings, specifications.",
    "resources_needed": [
      "Architect",
      "Structural Engineer",
      "Mechanical Engineer",
      "Electrical Engineer",
      "Plumbing Engineer"
    ],
    "parent_id": "eb9881a0-b8c0-4e45-bfda-9df622e6d101"
  },
  {
    "id": "8ca50288-aca2-49d3-bb1d-b01b370ffa9b",
    "name": "Obtain Design Approvals and Permits",
    "description": "Submit the detailed design drawings and specifications to relevant regulatory agencies for review and approval. Obtain all necessary permits and licenses for construction. Deliverables: Approved design documents, construction permits.",
    "resources_needed": [
      "Permitting Specialist",
      "Legal Counsel",
      "Project Manager",
      "Regulatory Agencies"
    ],
    "parent_id": "eb9881a0-b8c0-4e45-bfda-9df622e6d101"
  },
  {
    "id": "f5c27d80-dabd-4d8c-9359-e067b3e32af0",
    "name": "Identify Equipment and Material Needs",
    "description": "Define the specific equipment and materials required for the BRZ facility, including hydrothermal carbonization units, filtration systems, pumps, pipes, and construction materials. This involves reviewing the facility design and specifications to create a comprehensive list of items needed.",
    "resources_needed": [
      "Process Engineer",
      "Facility Designer",
      "Procurement Specialist"
    ],
    "parent_id": "76d09e51-e328-4e76-bd6e-5919562e142b"
  },
  {
    "id": "22a3f721-ca7c-406d-9971-6d62c1851a13",
    "name": "Research and Evaluate Potential Suppliers",
    "description": "Identify potential suppliers for the required equipment and materials. This includes researching suppliers' reputations, product quality, pricing, and delivery timelines. Evaluate suppliers based on predefined criteria to create a shortlist of qualified vendors.",
    "resources_needed": [
      "Procurement Specialist",
      "Quality Control Engineer",
      "Market Analyst"
    ],
    "parent_id": "76d09e51-e328-4e76-bd6e-5919562e142b"
  },
  {
    "id": "6241e62d-1694-45f5-96a6-f630ba446a00",
    "name": "Prepare and Issue Requests for Quotation (RFQs)",
    "description": "Develop detailed RFQs that clearly specify the required equipment and materials, including technical specifications, quantities, delivery requirements, and payment terms. Issue the RFQs to the shortlisted suppliers and manage the quotation process.",
    "resources_needed": [
      "Procurement Specialist",
      "Contract Administrator",
      "Technical Writer"
    ],
    "parent_id": "76d09e51-e328-4e76-bd6e-5919562e142b"
  },
  {
    "id": "ae711a9a-8e46-46cd-8de7-fbf93dd5f15c",
    "name": "Analyze Quotations and Select Suppliers",
    "description": "Evaluate the quotations received from suppliers based on predefined criteria, including price, quality, delivery timelines, and supplier reputation. Conduct negotiations with suppliers to secure the best possible terms and conditions. Select the suppliers for each item based on the evaluation results.",
    "resources_needed": [
      "Procurement Specialist",
      "Cost Accountant",
      "Legal Counsel"
    ],
    "parent_id": "76d09e51-e328-4e76-bd6e-5919562e142b"
  },
  {
    "id": "e68bdb5c-e0bd-4806-9a8f-7a8926a9abe2",
    "name": "Issue Purchase Orders and Manage Deliveries",
    "description": "Prepare and issue purchase orders to the selected suppliers, specifying the agreed-upon terms and conditions. Track the progress of deliveries and coordinate with suppliers to ensure timely arrival of equipment and materials at the BRZ facility construction site. Manage any issues or discrepancies that arise during the delivery process.",
    "resources_needed": [
      "Procurement Specialist",
      "Logistics Coordinator",
      "Warehouse Manager"
    ],
    "parent_id": "76d09e51-e328-4e76-bd6e-5919562e142b"
  },
  {
    "id": "978af3a5-71ea-4bdd-bfee-53ab91e2f01a",
    "name": "Prepare site for construction",
    "description": "Clear the site, perform necessary soil testing, and prepare the foundation for the BRZ facility.",
    "resources_needed": [
      "Construction crew",
      "Heavy equipment operators",
      "Surveyors",
      "Geotechnical engineers"
    ],
    "parent_id": "3c8f851a-f6ff-440b-b3ba-6795370e6d14"
  },
  {
    "id": "7a3a2081-7f91-43fd-a0f3-624cd8829bb1",
    "name": "Erect building structure",
    "description": "Construct the main building framework, including walls, roof, and support structures, according to the approved design plans.",
    "resources_needed": [
      "Construction crew",
      "Steelworkers",
      "Carpenters",
      "Crane operators",
      "Building inspectors"
    ],
    "parent_id": "3c8f851a-f6ff-440b-b3ba-6795370e6d14"
  },
  {
    "id": "198918c9-2cab-4171-b37c-196668580bc0",
    "name": "Install utilities and infrastructure",
    "description": "Install essential utilities such as water, electricity, gas, and wastewater connections, ensuring compliance with local regulations.",
    "resources_needed": [
      "Plumbers",
      "Electricians",
      "HVAC technicians",
      "Civil engineers",
      "Utility company representatives"
    ],
    "parent_id": "3c8f851a-f6ff-440b-b3ba-6795370e6d14"
  },
  {
    "id": "b0388cbc-ba93-4345-9ea0-0ffe73252af5",
    "name": "Complete interior and exterior finishes",
    "description": "Install interior walls, flooring, ceilings, and exterior cladding, ensuring aesthetic appeal and functionality.",
    "resources_needed": [
      "Carpenters",
      "Painters",
      "Tile setters",
      "Landscapers",
      "Interior designers"
    ],
    "parent_id": "3c8f851a-f6ff-440b-b3ba-6795370e6d14"
  },
  {
    "id": "a4776bc2-82d6-4f47-8e13-da7231677701",
    "name": "Implement safety protocols",
    "description": "Establish and enforce safety protocols throughout the construction process to minimize risks and ensure worker well-being.",
    "resources_needed": [
      "Safety officers",
      "Construction supervisors",
      "First aid personnel",
      "Personal protective equipment (PPE)"
    ],
    "parent_id": "3c8f851a-f6ff-440b-b3ba-6795370e6d14"
  },
  {
    "id": "23fda1fe-a742-4f46-b637-dc9498114b04",
    "name": "Prepare equipment installation site",
    "description": "Objective: Ensure the BRZ facility is ready for equipment installation.\nScope: Site preparation, safety checks, and necessary infrastructure adjustments.\nSteps: Clear the area, verify power and water connections, conduct safety inspections.\nDeliverables: A prepared and safe installation site.",
    "resources_needed": [
      "Construction crew",
      "Site supervisor",
      "Safety inspector"
    ],
    "parent_id": "f47e6a5a-ca95-4a26-939b-75f12a57dbdb"
  },
  {
    "id": "d5efe4ac-89f2-4653-9ae3-b7df9fb99f49",
    "name": "Install hydrothermal carbonization unit",
    "description": "Objective: Install the hydrothermal carbonization equipment according to manufacturer specifications.\nScope: Unpacking, positioning, and connecting the unit.\nSteps: Unpack the unit, position it in the designated area, connect to power and water, verify connections.\nDeliverables: A correctly installed hydrothermal carbonization unit.",
    "resources_needed": [
      "Hydrothermal carbonization technician",
      "Equipment supplier representative",
      "Electrician",
      "Plumber"
    ],
    "parent_id": "f47e6a5a-ca95-4a26-939b-75f12a57dbdb"
  },
  {
    "id": "7e56e854-af10-4aa1-bb19-ddd7671716bd",
    "name": "Install high-pressure filtration system",
    "description": "Objective: Install the high-pressure filtration system according to manufacturer specifications.\nScope: Unpacking, positioning, and connecting the system.\nSteps: Unpack the system, position it in the designated area, connect to power and water, verify connections.\nDeliverables: A correctly installed high-pressure filtration system.",
    "resources_needed": [
      "Filtration system technician",
      "Equipment supplier representative",
      "Electrician",
      "Plumber"
    ],
    "parent_id": "f47e6a5a-ca95-4a26-939b-75f12a57dbdb"
  },
  {
    "id": "a1f15330-16f4-4288-8907-8887aeaea842",
    "name": "Conduct initial equipment testing",
    "description": "Objective: Verify the functionality of the installed equipment.\nScope: Running initial tests, checking for leaks, and calibrating sensors.\nSteps: Power on the equipment, run initial tests, check for leaks, calibrate sensors, record results.\nDeliverables: A report detailing the results of the initial equipment testing.",
    "resources_needed": [
      "Process engineer",
      "Equipment technicians",
      "Data analyst"
    ],
    "parent_id": "f47e6a5a-ca95-4a26-939b-75f12a57dbdb"
  },
  {
    "id": "3409e6a6-cea6-4bc2-97d5-f40c1588bd4e",
    "name": "Calibrate and optimize equipment settings",
    "description": "Objective: Fine-tune equipment settings for optimal performance.\nScope: Adjusting parameters, monitoring output, and documenting changes.\nSteps: Adjust equipment parameters, monitor output, document changes, repeat until optimal performance is achieved.\nDeliverables: Optimized equipment settings and documentation.",
    "resources_needed": [
      "Process engineer",
      "Equipment technicians",
      "Data analyst"
    ],
    "parent_id": "f47e6a5a-ca95-4a26-939b-75f12a57dbdb"
  },
  {
    "id": "b09fe70d-3151-487e-b421-a327c587664c",
    "name": "Verify Equipment Installation and Connections",
    "description": "Objective: Ensure all equipment is correctly installed and connected according to specifications.\nScope: Includes all mechanical, electrical, and plumbing connections for each piece of equipment.\nSteps: Visually inspect connections, perform continuity tests, and verify pressure ratings.\nDeliverables: Signed checklist confirming proper installation.",
    "resources_needed": [
      "Engineers",
      "Technicians",
      "Installation Manuals",
      "Testing Equipment"
    ],
    "parent_id": "af0985e0-303f-471a-9b2b-17da8bb7acc1"
  },
  {
    "id": "778cb022-be35-49e9-b75c-4f01d349517e",
    "name": "Conduct Initial System Startup and Testing",
    "description": "Objective: Perform initial startup of the system and conduct basic functionality tests.\nScope: Includes powering up equipment, verifying basic operations, and identifying any immediate issues.\nSteps: Follow startup procedures, monitor system parameters, and record test results.\nDeliverables: Startup report with test results and identified issues.",
    "resources_needed": [
      "Engineers",
      "Operators",
      "Startup Procedures",
      "Monitoring Equipment"
    ],
    "parent_id": "af0985e0-303f-471a-9b2b-17da8bb7acc1"
  },
  {
    "id": "1d95c1b9-f4eb-41af-8de4-35bbd9cdae5d",
    "name": "Optimize Process Parameters for Performance",
    "description": "Objective: Fine-tune process parameters to achieve optimal performance and efficiency.\nScope: Includes adjusting flow rates, temperatures, pressures, and other relevant parameters.\nSteps: Conduct experiments, analyze data, and adjust parameters based on results.\nDeliverables: Optimized parameter settings and performance data.",
    "resources_needed": [
      "Process Engineers",
      "Data Analysis Tools",
      "Experimental Setup",
      "Wastewater Samples"
    ],
    "parent_id": "af0985e0-303f-471a-9b2b-17da8bb7acc1"
  },
  {
    "id": "fdab9644-14eb-4258-a7d8-26328148cec1",
    "name": "Train Operators on System Operation",
    "description": "Objective: Provide comprehensive training to operators on the proper operation of the system.\nScope: Includes classroom instruction, hands-on training, and on-the-job mentoring.\nSteps: Develop training materials, conduct training sessions, and assess operator competency.\nDeliverables: Trained operators and training records.",
    "resources_needed": [
      "Trainers",
      "Training Materials",
      "System Documentation",
      "Operators"
    ],
    "parent_id": "af0985e0-303f-471a-9b2b-17da8bb7acc1"
  },
  {
    "id": "dc7816bf-eb2b-42d9-a28c-a4af229adda8",
    "name": "Finalize Commissioning Report and Documentation",
    "description": "Objective: Prepare a comprehensive commissioning report documenting the entire process and results.\nScope: Includes compiling all test data, reports, and documentation.\nSteps: Review all data, prepare the report, and obtain necessary approvals.\nDeliverables: Final commissioning report and documentation package.",
    "resources_needed": [
      "Engineers",
      "Technical Writers",
      "Project Manager",
      "All Test Data"
    ],
    "parent_id": "af0985e0-303f-471a-9b2b-17da8bb7acc1"
  },
  {
    "id": "0bd60fcd-6166-4d76-8f13-8da5689ce114",
    "name": "Optimize Hydrothermal Carbonization Process",
    "description": "Refine the hydrothermal carbonization process to maximize efficiency and nutrient extraction. This includes adjusting temperature, pressure, and residence time to achieve optimal results. Deliverables: Optimized process parameters and documented procedures.",
    "resources_needed": [
      "Process Engineer",
      "Chemical Engineer",
      "Hydrothermal Carbonization Equipment",
      "Lab Technicians"
    ],
    "parent_id": "f2264f33-0473-4dbc-9b26-a20c4de6a508"
  },
  {
    "id": "7e664add-bf4e-45c1-9df1-815a3fa1eb85",
    "name": "Optimize High-Pressure Filtration Process",
    "description": "Refine the high-pressure filtration process to maximize solid-liquid separation and nutrient concentration. This includes selecting appropriate filter media, optimizing pressure settings, and implementing backwashing procedures. Deliverables: Optimized filtration parameters and documented procedures.",
    "resources_needed": [
      "Process Engineer",
      "Mechanical Engineer",
      "High-Pressure Filtration Equipment",
      "Lab Technicians"
    ],
    "parent_id": "f2264f33-0473-4dbc-9b26-a20c4de6a508"
  },
  {
    "id": "3e499acc-9111-4a30-aa83-b2ec156a304d",
    "name": "Develop Standard Operating Procedures (SOPs)",
    "description": "Create detailed SOPs for operating and maintaining the hydrothermal carbonization and high-pressure filtration equipment. These SOPs should cover all aspects of the process, from startup to shutdown, and include safety precautions and troubleshooting guidelines. Deliverables: Comprehensive SOP documentation.",
    "resources_needed": [
      "Process Engineer",
      "Operations Manager",
      "Safety Officer",
      "Technical Writer"
    ],
    "parent_id": "f2264f33-0473-4dbc-9b26-a20c4de6a508"
  },
  {
    "id": "099b4a4b-a1ce-4ddf-b46a-2c70e796479c",
    "name": "Train Personnel on Production Processes",
    "description": "Provide comprehensive training to operators and maintenance staff on the optimized production processes and SOPs. This training should include both classroom instruction and hands-on experience. Deliverables: Trained and certified personnel.",
    "resources_needed": [
      "Training Manager",
      "Process Engineer",
      "Experienced Operators",
      "Training Materials"
    ],
    "parent_id": "f2264f33-0473-4dbc-9b26-a20c4de6a508"
  },
  {
    "id": "53ab6c87-debe-408e-ae0e-e54caaf454d9",
    "name": "Map wastewater sources and volumes",
    "description": "Identify all potential wastewater sources in Berlin and estimate their daily/weekly/monthly volumes. This includes wastewater treatment plants, industrial facilities, and other relevant sources. Create a detailed map showing the locations and capacities of each source.",
    "resources_needed": [
      "GIS specialist",
      "Data analyst",
      "Wastewater engineer"
    ],
    "parent_id": "4f0f965c-cee0-478c-b000-7caa596e392c"
  },
  {
    "id": "7e043f3b-7280-400d-aaef-3b08c9a63674",
    "name": "Assess wastewater composition variability",
    "description": "Analyze historical data and conduct sampling to determine the variability in wastewater composition across different sources and seasons. Identify key parameters such as nutrient levels, organic matter content, and potential contaminants. This will inform the design of the treatment process.",
    "resources_needed": [
      "Chemist",
      "Laboratory technicians",
      "Sampling equipment"
    ],
    "parent_id": "4f0f965c-cee0-478c-b000-7caa596e392c"
  },
  {
    "id": "45f4e0b8-f8ff-4d3a-8066-5d68ed15cd52",
    "name": "Negotiate wastewater supply agreements",
    "description": "Establish formal agreements with wastewater treatment plants and other sources to secure a reliable and consistent supply of wastewater for the BRZ facility. Define terms related to volume, quality, pricing, and delivery schedules.",
    "resources_needed": [
      "Legal counsel",
      "Contract specialist",
      "Project manager"
    ],
    "parent_id": "4f0f965c-cee0-478c-b000-7caa596e392c"
  },
  {
    "id": "2d70a488-7997-4614-ae07-6255c518555e",
    "name": "Develop wastewater storage strategy",
    "description": "Design a wastewater storage system to buffer against fluctuations in supply and ensure a continuous feed to the BRZ facility. Determine the required storage capacity, tank design, and operational procedures.",
    "resources_needed": [
      "Civil engineer",
      "Process engineer",
      "Environmental engineer"
    ],
    "parent_id": "4f0f965c-cee0-478c-b000-7caa596e392c"
  },
  {
    "id": "482d8985-638d-4185-9ba7-b2e1cc9ee25c",
    "name": "Evaluate alternative waste stream integration",
    "description": "Investigate the potential for integrating other waste streams (e.g., food waste, agricultural residues) into the BRZ process to enhance nutrient recovery and reduce reliance on wastewater alone. Assess the feasibility and benefits of co-digestion or other integrated treatment approaches.",
    "resources_needed": [
      "Waste management specialist",
      "Process engineer",
      "Environmental scientist"
    ],
    "parent_id": "4f0f965c-cee0-478c-b000-7caa596e392c"
  },
  {
    "id": "1679a355-0487-4664-820d-07c305855e37",
    "name": "Prepare wastewater for processing",
    "description": "Objective: Ensure wastewater meets required quality standards for Basis-Nahrung production.\nScope: Includes pre-treatment steps like screening, grit removal, and primary clarification.\nSteps: 1. Collect wastewater samples. 2. Analyze wastewater composition. 3. Adjust pH levels. 4. Remove large debris and solids.\nDeliverables: Treated wastewater ready for hydrothermal carbonization.",
    "resources_needed": [
      "Wastewater treatment technicians",
      "Pre-treatment equipment",
      "Chemicals for pH adjustment",
      "Testing laboratory"
    ],
    "parent_id": "a3e24827-aec1-4d56-964e-38680f20fc17"
  },
  {
    "id": "589c13d4-0b46-45bd-aeac-6993da0f5933",
    "name": "Operate hydrothermal carbonization unit",
    "description": "Objective: Convert wastewater sludge into hydrochar.\nScope: Includes operating and maintaining the hydrothermal carbonization equipment.\nSteps: 1. Load pre-treated wastewater sludge into the reactor. 2. Monitor temperature and pressure. 3. Collect hydrochar. 4. Clean the reactor.\nDeliverables: Hydrochar ready for filtration.",
    "resources_needed": [
      "Hydrothermal carbonization operators",
      "Hydrothermal carbonization equipment",
      "Safety equipment",
      "Maintenance personnel"
    ],
    "parent_id": "a3e24827-aec1-4d56-964e-38680f20fc17"
  },
  {
    "id": "5bc7837e-5f8e-466d-bb52-b8c820a55bb7",
    "name": "Perform high-pressure filtration of hydrochar",
    "description": "Objective: Separate solids from liquid after hydrothermal carbonization.\nScope: Includes operating and maintaining the high-pressure filtration equipment.\nSteps: 1. Load hydrochar slurry into the filter press. 2. Apply high pressure to separate solids. 3. Collect solid Basis-Nahrung. 4. Dispose of filtrate.\nDeliverables: Solid Basis-Nahrung blocks.",
    "resources_needed": [
      "Filtration technicians",
      "High-pressure filtration equipment",
      "Filtration membranes",
      "Waste disposal services"
    ],
    "parent_id": "a3e24827-aec1-4d56-964e-38680f20fc17"
  },
  {
    "id": "c4882a5f-b207-411b-a167-f839128de0d3",
    "name": "Shape and package Basis-Nahrung blocks",
    "description": "Objective: Prepare Basis-Nahrung blocks for distribution.\nScope: Includes shaping the filtered solids into uniform blocks and packaging them for storage and transport.\nSteps: 1. Mold the filtered solids into blocks. 2. Weigh and inspect each block. 3. Package the blocks in food-grade wrapping. 4. Label the packages.\nDeliverables: Packaged Basis-Nahrung blocks ready for distribution.",
    "resources_needed": [
      "Packaging technicians",
      "Molding equipment",
      "Packaging materials",
      "Labeling equipment"
    ],
    "parent_id": "a3e24827-aec1-4d56-964e-38680f20fc17"
  },
  {
    "id": "d1824951-0ccd-4d04-aaef-87df38215c7d",
    "name": "Define Critical Quality Parameters",
    "description": "Identify key nutritional and safety parameters for Basis-Nahrung, including nutrient levels, contaminant limits, and physical characteristics. This involves reviewing relevant regulations, scientific literature, and expert opinions.",
    "resources_needed": [
      "Nutritional Scientist",
      "Food Safety Expert",
      "Regulatory Specialist"
    ],
    "parent_id": "46427088-50bb-4cf6-9bc7-5f16fc6609bd"
  },
  {
    "id": "0cd8aa41-7d3d-4129-ad6b-001b47cb4c70",
    "name": "Develop Sampling and Testing Protocols",
    "description": "Establish standardized procedures for collecting samples of Basis-Nahrung at various stages of production. Define testing methods for each critical quality parameter, including frequency, sample size, and acceptance criteria.",
    "resources_needed": [
      "Quality Control Manager",
      "Laboratory Technician",
      "Process Engineer"
    ],
    "parent_id": "46427088-50bb-4cf6-9bc7-5f16fc6609bd"
  },
  {
    "id": "f4495dcb-4d9f-4e97-882d-d98399084b3d",
    "name": "Train Personnel on QC Procedures",
    "description": "Provide comprehensive training to production staff and quality control personnel on the established sampling and testing protocols. Ensure they understand the importance of accurate data collection and adherence to procedures.",
    "resources_needed": [
      "Training Coordinator",
      "Quality Control Manager",
      "Experienced Technicians"
    ],
    "parent_id": "46427088-50bb-4cf6-9bc7-5f16fc6609bd"
  },
  {
    "id": "af6dfd9a-51c9-4e40-be09-929d3263aaf0",
    "name": "Implement Data Recording and Analysis",
    "description": "Establish a system for recording and analyzing quality control data. This includes developing data entry forms, creating databases, and implementing statistical analysis methods to identify trends and deviations.",
    "resources_needed": [
      "Data Analyst",
      "IT Specialist",
      "Quality Control Manager"
    ],
    "parent_id": "46427088-50bb-4cf6-9bc7-5f16fc6609bd"
  },
  {
    "id": "fd9cb9db-f594-4613-a3e0-1f702ccddecf",
    "name": "Establish Corrective Action Procedures",
    "description": "Define procedures for addressing any deviations from quality standards. This includes identifying root causes, implementing corrective actions, and verifying the effectiveness of those actions.",
    "resources_needed": [
      "Quality Control Manager",
      "Process Engineer",
      "Production Supervisor"
    ],
    "parent_id": "46427088-50bb-4cf6-9bc7-5f16fc6609bd"
  },
  {
    "id": "2821ad33-77e5-4c6c-888a-a73cb34a470d",
    "name": "Prepare samples for lab analysis",
    "description": "Collect representative samples of Basis-Nahrung for nutritional and safety testing. Ensure proper labeling and storage to maintain sample integrity.",
    "resources_needed": [
      "Lab technicians",
      "Sampling equipment",
      "Storage containers"
    ],
    "parent_id": "60e8aff2-4c4b-41ba-84cc-726e1b971a20"
  },
  {
    "id": "36eb8e75-274f-4371-b90f-7070cc203ee0",
    "name": "Coordinate with certified testing laboratories",
    "description": "Establish communication with certified laboratories. Schedule testing appointments and ensure timely delivery of samples.",
    "resources_needed": [
      "Project coordinator",
      "Testing laboratory personnel"
    ],
    "parent_id": "60e8aff2-4c4b-41ba-84cc-726e1b971a20"
  },
  {
    "id": "8d21a252-a0fc-4dbd-b710-ecd8f964d92b",
    "name": "Analyze nutritional content of Basis-Nahrung",
    "description": "Determine the levels of essential vitamins, minerals, and macronutrients in Basis-Nahrung. Compare results against recommended daily allowances.",
    "resources_needed": [
      "Nutritional scientist",
      "Laboratory equipment"
    ],
    "parent_id": "60e8aff2-4c4b-41ba-84cc-726e1b971a20"
  },
  {
    "id": "84b037d2-acbf-42c9-bd2c-bfd96c0d3f64",
    "name": "Assess safety and identify contaminants",
    "description": "Test for the presence of harmful chemicals, heavy metals, and pathogens in Basis-Nahrung. Compare results against established safety limits.",
    "resources_needed": [
      "Food safety toxicologist",
      "Laboratory equipment"
    ],
    "parent_id": "60e8aff2-4c4b-41ba-84cc-726e1b971a20"
  },
  {
    "id": "87594901-8428-44e2-a4e9-54b674deba94",
    "name": "Review test results and generate reports",
    "description": "Analyze the test results and prepare comprehensive reports summarizing the nutritional content and safety of Basis-Nahrung. Identify any potential risks or areas for improvement.",
    "resources_needed": [
      "Nutritional scientist",
      "Food safety toxicologist",
      "Report writer"
    ],
    "parent_id": "60e8aff2-4c4b-41ba-84cc-726e1b971a20"
  },
  {
    "id": "bb5555b1-0138-44a4-93a6-af098c25d1da",
    "name": "Identify potential distribution center locations",
    "description": "Objective: Identify suitable locations for distribution centers based on proximity to target population, transportation infrastructure, and zoning regulations.\nScope: Conduct site surveys, analyze demographic data, and assess transportation networks.\nSteps: 1. Define selection criteria. 2. Identify potential sites. 3. Evaluate sites based on criteria. 4. Rank sites based on suitability.\nDeliverables: List of potential distribution center locations with detailed site assessments.",
    "resources_needed": [
      "Real estate analyst",
      "GIS specialist",
      "Transportation planner"
    ],
    "parent_id": "cc0db917-8cde-4777-a6ed-f3da78228be5"
  },
  {
    "id": "1844fad3-8509-41ab-9678-0fb6a5d564f0",
    "name": "Negotiate lease agreements or purchase options",
    "description": "Objective: Secure lease agreements or purchase options for selected distribution center locations.\nScope: Negotiate terms and conditions with property owners, conduct due diligence, and finalize legal agreements.\nSteps: 1. Contact property owners. 2. Negotiate lease or purchase terms. 3. Conduct due diligence. 4. Finalize legal agreements.\nDeliverables: Signed lease agreements or purchase options for distribution center locations.",
    "resources_needed": [
      "Real estate lawyer",
      "Negotiator",
      "Financial analyst"
    ],
    "parent_id": "cc0db917-8cde-4777-a6ed-f3da78228be5"
  },
  {
    "id": "d7407e8f-efd9-431c-98ca-f2b3012936bf",
    "name": "Obtain necessary permits and approvals",
    "description": "Objective: Obtain all necessary permits and approvals for the construction or renovation of distribution centers.\nScope: Prepare permit applications, submit to relevant authorities, and address any concerns or requirements.\nSteps: 1. Identify required permits. 2. Prepare permit applications. 3. Submit applications. 4. Address any concerns. 5. Obtain approvals.\nDeliverables: All necessary permits and approvals for distribution center construction or renovation.",
    "resources_needed": [
      "Permitting specialist",
      "Environmental consultant",
      "Legal counsel"
    ],
    "parent_id": "cc0db917-8cde-4777-a6ed-f3da78228be5"
  },
  {
    "id": "1e022234-c430-4286-af30-37c032be0764",
    "name": "Design distribution center layouts",
    "description": "Objective: Design efficient and functional layouts for distribution centers to optimize storage, handling, and distribution of Basis-Nahrung.\nScope: Develop detailed floor plans, specify equipment requirements, and ensure compliance with safety regulations.\nSteps: 1. Define layout requirements. 2. Develop preliminary layouts. 3. Refine layouts based on feedback. 4. Finalize layout designs.\nDeliverables: Detailed distribution center layout designs with equipment specifications.",
    "resources_needed": [
      "Logistics engineer",
      "Architect",
      "Warehouse designer"
    ],
    "parent_id": "cc0db917-8cde-4777-a6ed-f3da78228be5"
  },
  {
    "id": "29a6a995-290e-4c3b-8247-591694d2b9bb",
    "name": "Prepare sites for construction or renovation",
    "description": "Objective: Prepare selected sites for construction or renovation of distribution centers, including demolition, site clearing, and infrastructure upgrades.\nScope: Conduct site assessments, develop construction plans, and manage construction activities.\nSteps: 1. Conduct site assessments. 2. Develop construction plans. 3. Manage construction activities. 4. Ensure site readiness.\nDeliverables: Sites prepared for construction or renovation of distribution centers.",
    "resources_needed": [
      "Construction manager",
      "Civil engineer",
      "Construction crew"
    ],
    "parent_id": "cc0db917-8cde-4777-a6ed-f3da78228be5"
  },
  {
    "id": "8fa682b1-2231-41b8-b66d-2c016134ece6",
    "name": "Identify potential distribution center locations",
    "description": "Research and identify suitable locations for establishing distribution centers, considering factors like accessibility, proximity to target population, and zoning regulations.",
    "resources_needed": [
      "Real estate agent",
      "GIS specialist",
      "Urban planner"
    ],
    "parent_id": "e6f31e67-709c-440f-b313-37e725e7b5b0"
  },
  {
    "id": "5ceeca2a-ebb1-496d-9c19-ce78b44c5196",
    "name": "Negotiate lease agreements or purchase properties",
    "description": "Negotiate lease agreements or purchase properties for the selected distribution center locations, ensuring favorable terms and conditions.",
    "resources_needed": [
      "Lawyer",
      "Real estate negotiator",
      "Financial analyst"
    ],
    "parent_id": "e6f31e67-709c-440f-b313-37e725e7b5b0"
  },
  {
    "id": "87d4de63-78bc-4ab6-89dc-e9c9c27bbb53",
    "name": "Renovate or construct distribution centers",
    "description": "Oversee the renovation or construction of the distribution centers, ensuring compliance with building codes and safety regulations.",
    "resources_needed": [
      "Construction manager",
      "Architect",
      "Contractors",
      "Engineers"
    ],
    "parent_id": "e6f31e67-709c-440f-b313-37e725e7b5b0"
  },
  {
    "id": "70eac144-83e5-4d8f-8941-eb3b85f9e7a8",
    "name": "Procure and install necessary equipment",
    "description": "Procure and install necessary equipment for the distribution centers, such as refrigeration units, storage racks, and transportation vehicles.",
    "resources_needed": [
      "Procurement specialist",
      "Logistics coordinator",
      "Installation technicians"
    ],
    "parent_id": "e6f31e67-709c-440f-b313-37e725e7b5b0"
  },
  {
    "id": "f78fcb7c-f349-4001-8c68-8254f26f1879",
    "name": "Obtain necessary permits and licenses",
    "description": "Obtain all necessary permits and licenses for operating the distribution centers, ensuring compliance with local regulations.",
    "resources_needed": [
      "Permitting specialist",
      "Legal counsel"
    ],
    "parent_id": "e6f31e67-709c-440f-b313-37e725e7b5b0"
  },
  {
    "id": "0dda2a60-e9d9-447e-bfb3-6b119b7d9b28",
    "name": "Define delivery routes and schedules",
    "description": "Establish optimal delivery routes considering factors like distance, traffic, and recipient locations. Create delivery schedules that ensure timely and efficient distribution of Basis-Nahrung.",
    "resources_needed": [
      "Logistics Coordinator",
      "Transportation Planner",
      "GIS Software"
    ],
    "parent_id": "1ebd85b7-275f-43a0-b47d-928029ae69c3"
  },
  {
    "id": "98240ba9-e417-4c67-805b-02fa784bdb31",
    "name": "Select transportation methods and vehicles",
    "description": "Determine the most suitable transportation methods (e.g., trucks, vans, bicycles) and vehicle types based on factors like volume, distance, and accessibility. Consider refrigerated transport if needed.",
    "resources_needed": [
      "Logistics Coordinator",
      "Transportation Specialist",
      "Vehicle Procurement Team"
    ],
    "parent_id": "1ebd85b7-275f-43a0-b47d-928029ae69c3"
  },
  {
    "id": "815fad56-1c34-464e-9a73-a2c7cebeebe1",
    "name": "Establish warehousing and storage protocols",
    "description": "Develop protocols for warehousing and storage of Basis-Nahrung, including temperature control, inventory management, and security measures. Ensure compliance with food safety regulations.",
    "resources_needed": [
      "Warehouse Manager",
      "Food Safety Specialist",
      "Inventory Management System"
    ],
    "parent_id": "1ebd85b7-275f-43a0-b47d-928029ae69c3"
  },
  {
    "id": "1d22c6f5-6851-4254-a4f9-85e85240322b",
    "name": "Develop tracking and monitoring system",
    "description": "Implement a system for tracking and monitoring the movement of Basis-Nahrung from distribution centers to recipients. This system should provide real-time visibility and enable proactive issue resolution.",
    "resources_needed": [
      "IT Specialist",
      "Logistics Coordinator",
      "Tracking Software"
    ],
    "parent_id": "1ebd85b7-275f-43a0-b47d-928029ae69c3"
  },
  {
    "id": "b528b25a-face-4b74-aced-8335b9ef5a1c",
    "name": "Create contingency plans for disruptions",
    "description": "Develop contingency plans to address potential disruptions in the logistics plan, such as transportation delays, vehicle breakdowns, or warehouse closures. These plans should ensure continuity of distribution.",
    "resources_needed": [
      "Logistics Coordinator",
      "Risk Management Specialist",
      "Emergency Response Team"
    ],
    "parent_id": "1ebd85b7-275f-43a0-b47d-928029ae69c3"
  },
  {
    "id": "5f243565-1904-4ed7-9bb3-632c5cf7e0c2",
    "name": "Train Jobcenter staff on distribution system",
    "description": "Provide comprehensive training to Jobcenter staff on the new distribution system, including software usage, data entry, and troubleshooting procedures. This ensures efficient and accurate distribution of Basis-Nahrung.",
    "resources_needed": [
      "Training materials",
      "Trainers",
      "Jobcenter staff",
      "Distribution software"
    ],
    "parent_id": "a4680131-ddff-4e2d-be18-83f92d50b516"
  },
  {
    "id": "98f71d9f-a612-447e-9dc3-abb1fad92d64",
    "name": "Set up recipient data in distribution system",
    "description": "Import and validate recipient data from the B\u00fcrgergeld system into the distribution software. This includes verifying addresses, contact information, and eligibility status to ensure accurate delivery of Basis-Nahrung.",
    "resources_needed": [
      "Recipient data",
      "Data entry personnel",
      "Distribution software",
      "Data validation tools"
    ],
    "parent_id": "a4680131-ddff-4e2d-be18-83f92d50b516"
  },
  {
    "id": "941b3295-7a82-4379-8dbe-6f04af2b8dfa",
    "name": "Test distribution system with pilot group",
    "description": "Conduct a pilot test of the distribution system with a small group of B\u00fcrgergeld recipients to identify and resolve any technical issues or logistical challenges before full-scale implementation. Gather feedback from participants.",
    "resources_needed": [
      "Pilot group participants",
      "Distribution software",
      "Logistics personnel",
      "Feedback forms"
    ],
    "parent_id": "a4680131-ddff-4e2d-be18-83f92d50b516"
  },
  {
    "id": "eab5891f-5bd2-4e88-8712-f8913f8151a3",
    "name": "Establish communication channels with recipients",
    "description": "Set up communication channels (e.g., phone hotline, email support, online portal) to provide recipients with information about the distribution system, answer questions, and address any concerns they may have. Ensure accessibility for all recipients.",
    "resources_needed": [
      "Communication infrastructure",
      "Support staff",
      "Information materials",
      "Translation services"
    ],
    "parent_id": "a4680131-ddff-4e2d-be18-83f92d50b516"
  },
  {
    "id": "fea30d87-0d35-419b-946c-2bd63ec399d7",
    "name": "Refine distribution system based on feedback",
    "description": "Analyze feedback from the pilot test and initial implementation to identify areas for improvement in the distribution system. Implement necessary changes to optimize efficiency, user-friendliness, and recipient satisfaction.",
    "resources_needed": [
      "Feedback data",
      "System developers",
      "Logistics personnel",
      "Project manager"
    ],
    "parent_id": "a4680131-ddff-4e2d-be18-83f92d50b516"
  },
  {
    "id": "aaf81ce4-94c8-489e-a351-898bbd080cfb",
    "name": "Track Basis-Nahrung distribution data",
    "description": "Objective: Collect and record data on the quantity of Basis-Nahrung distributed to recipients. Scope: Implement a system for tracking distribution data at each distribution point. Steps: 1. Design a data collection form or system. 2. Train distribution staff on data collection procedures. 3. Regularly collect and compile distribution data. Deliverables: A database or spreadsheet containing distribution data.",
    "resources_needed": [
      "Distribution staff",
      "Data collection forms/system",
      "Database software"
    ],
    "parent_id": "93aa2b54-a7fb-40ec-afa9-107ed445014b"
  },
  {
    "id": "49ffdf71-f47e-4c22-b544-02afea7ad058",
    "name": "Gather recipient feedback on distribution",
    "description": "Objective: Collect feedback from recipients regarding their experience with the distribution process. Scope: Implement a system for gathering feedback from recipients. Steps: 1. Develop a feedback questionnaire or interview guide. 2. Conduct surveys or interviews with recipients. 3. Analyze feedback data to identify areas for improvement. Deliverables: A report summarizing recipient feedback and recommendations.",
    "resources_needed": [
      "Survey/interview staff",
      "Feedback questionnaires/interview guides",
      "Data analysis software"
    ],
    "parent_id": "93aa2b54-a7fb-40ec-afa9-107ed445014b"
  },
  {
    "id": "1ed6a111-6966-40f3-bbd0-9d66b90e4397",
    "name": "Analyze distribution efficiency and bottlenecks",
    "description": "Objective: Identify inefficiencies and bottlenecks in the distribution process. Scope: Analyze distribution data and recipient feedback to identify areas for improvement. Steps: 1. Analyze distribution data to identify trends and patterns. 2. Review recipient feedback to identify common complaints or concerns. 3. Conduct process mapping to identify bottlenecks. Deliverables: A report identifying distribution inefficiencies and bottlenecks.",
    "resources_needed": [
      "Data analysts",
      "Process mapping software",
      "Distribution data",
      "Recipient feedback"
    ],
    "parent_id": "93aa2b54-a7fb-40ec-afa9-107ed445014b"
  },
  {
    "id": "50ec9a4e-e39d-4c15-971c-433dcaeb0c98",
    "name": "Report distribution performance to stakeholders",
    "description": "Objective: Communicate distribution performance to relevant stakeholders. Scope: Prepare and distribute regular reports on distribution performance. Steps: 1. Develop a reporting template. 2. Compile distribution data and recipient feedback. 3. Prepare and distribute reports to stakeholders. Deliverables: Regular reports on distribution performance.",
    "resources_needed": [
      "Report writers",
      "Reporting template",
      "Distribution data",
      "Recipient feedback"
    ],
    "parent_id": "93aa2b54-a7fb-40ec-afa9-107ed445014b"
  },
  {
    "id": "dc9f992a-3bfd-4e44-b61a-35b6d3ee4a34",
    "name": "Analyze Current B\u00fcrgergeld System",
    "description": "Objective: Understand the existing structure, processes, and challenges of the current B\u00fcrgergeld system.\nScope: Review relevant legislation, regulations, and operational procedures. Identify key stakeholders and their roles.\nSteps: Gather documentation, conduct interviews with Jobcenter staff and recipients, analyze data on benefit distribution and outcomes.\nDeliverables: A comprehensive report outlining the strengths and weaknesses of the current system.",
    "resources_needed": [
      "Social policy analyst",
      "Data analyst",
      "Legal counsel"
    ],
    "parent_id": "d19305aa-6234-409a-9ea1-2c319f95f613"
  },
  {
    "id": "cfd27b92-bc3e-4ce3-a041-5f036951d3dc",
    "name": "Design New B\u00fcrgergeld System Structure",
    "description": "Objective: Develop a revised system structure that integrates Basis-Nahrung distribution and addresses identified weaknesses.\nScope: Define eligibility criteria, benefit levels, distribution mechanisms, and monitoring procedures.\nSteps: Develop system models, conduct simulations, and consult with stakeholders.\nDeliverables: A detailed blueprint of the restructured B\u00fcrgergeld system.",
    "resources_needed": [
      "Social policy analyst",
      "Economist",
      "System architect",
      "Legal counsel"
    ],
    "parent_id": "d19305aa-6234-409a-9ea1-2c319f95f613"
  },
  {
    "id": "cb6dfa0f-4558-4346-864b-808847867edc",
    "name": "Develop Legal Framework for Restructuring",
    "description": "Objective: Ensure the restructured system complies with all applicable laws and regulations.\nScope: Draft necessary amendments to existing legislation and regulations.\nSteps: Conduct legal research, draft legal documents, and obtain legal approvals.\nDeliverables: A legally sound framework for the restructured B\u00fcrgergeld system.",
    "resources_needed": [
      "Legal counsel",
      "Legislative drafter"
    ],
    "parent_id": "d19305aa-6234-409a-9ea1-2c319f95f613"
  },
  {
    "id": "a2be0f1a-6da3-4cff-907a-439c122d9600",
    "name": "Pilot Test Restructured System",
    "description": "Objective: Evaluate the feasibility and effectiveness of the restructured system in a controlled environment.\nScope: Implement the system in a limited number of Jobcenters and monitor its performance.\nSteps: Recruit participants, train staff, distribute Basis-Nahrung, collect data, and analyze results.\nDeliverables: A comprehensive evaluation report with recommendations for further refinement.",
    "resources_needed": [
      "Project manager",
      "Jobcenter staff",
      "Data analyst",
      "Social workers"
    ],
    "parent_id": "d19305aa-6234-409a-9ea1-2c319f95f613"
  },
  {
    "id": "d4454b83-e86a-4f14-b8e1-617e19e05d59",
    "name": "Implement Restructured System Statewide",
    "description": "Objective: Roll out the restructured system across all Jobcenters in Berlin.\nScope: Train staff, establish distribution networks, and monitor system performance.\nSteps: Develop implementation plans, conduct training sessions, and provide ongoing support.\nDeliverables: A fully operational restructured B\u00fcrgergeld system.",
    "resources_needed": [
      "Project manager",
      "Training staff",
      "IT support",
      "Jobcenter staff"
    ],
    "parent_id": "d19305aa-6234-409a-9ea1-2c319f95f613"
  },
  {
    "id": "4da16cd9-fc55-493f-b173-93da1e872991",
    "name": "Define Target Audiences and Key Messages",
    "description": "Identify specific demographic groups and tailor messaging to resonate with their concerns and values. Develop core messages about Basis-Nahrung's benefits, safety, and necessity.",
    "resources_needed": [
      "Marketing Specialist",
      "Public Relations Manager",
      "Sociologist"
    ],
    "parent_id": "e031d88d-6eeb-4fc7-89a1-f8de4787d525"
  },
  {
    "id": "2c82300d-5706-4ef0-a816-a66cc6c66fd9",
    "name": "Develop Communication Channels and Materials",
    "description": "Create a multi-channel communication strategy including online platforms, print media, community events, and partnerships with local organizations. Produce informative brochures, videos, and website content.",
    "resources_needed": [
      "Graphic Designer",
      "Web Developer",
      "Content Writer",
      "Video Producer"
    ],
    "parent_id": "e031d88d-6eeb-4fc7-89a1-f8de4787d525"
  },
  {
    "id": "ec1bd194-3b69-4135-9225-9a7e2ba93528",
    "name": "Engage Community Leaders and Influencers",
    "description": "Build relationships with trusted community leaders, healthcare professionals, and social media influencers to promote Basis-Nahrung and address misinformation. Organize town hall meetings and Q&A sessions.",
    "resources_needed": [
      "Public Relations Manager",
      "Community Outreach Coordinator"
    ],
    "parent_id": "e031d88d-6eeb-4fc7-89a1-f8de4787d525"
  },
  {
    "id": "ad6f4d79-3c9e-42d6-9126-7131ab48cf3f",
    "name": "Monitor Media Coverage and Public Sentiment",
    "description": "Track media coverage and social media conversations to identify emerging concerns and address negative narratives. Implement a crisis communication plan to respond to misinformation or public backlash.",
    "resources_needed": [
      "Media Monitoring Service",
      "Social Media Analyst",
      "Public Relations Manager"
    ],
    "parent_id": "e031d88d-6eeb-4fc7-89a1-f8de4787d525"
  },
  {
    "id": "fdcbaed5-b5d5-4897-ac42-d22eded146d3",
    "name": "Evaluate Campaign Effectiveness and Adjust Strategy",
    "description": "Measure the impact of the public acceptance campaign through surveys, focus groups, and website analytics. Adapt the communication strategy based on feedback and performance data.",
    "resources_needed": [
      "Marketing Analyst",
      "Survey Administrator",
      "Public Relations Manager"
    ],
    "parent_id": "e031d88d-6eeb-4fc7-89a1-f8de4787d525"
  },
  {
    "id": "b16639ac-06aa-4424-8066-6592cc3e2a4b",
    "name": "Design Awareness Program Content",
    "description": "Develop engaging and informative content for public awareness programs, including brochures, presentations, and online resources. The content should clearly explain the benefits of Basis-Nahrung and address common concerns.",
    "resources_needed": [
      "Communication Specialist",
      "Graphic Designer",
      "Nutritional Scientist"
    ],
    "parent_id": "ffbf822d-c06e-4cab-99a1-f74e013a574f"
  },
  {
    "id": "459e71a7-30bf-4c4f-b845-d93cfade50da",
    "name": "Select Program Delivery Channels",
    "description": "Identify the most effective channels for delivering public awareness programs, such as community events, workshops, online webinars, and social media campaigns. Consider the target audience and their preferred communication methods.",
    "resources_needed": [
      "Public Engagement Coordinator",
      "Marketing Specialist",
      "Community Outreach Team"
    ],
    "parent_id": "ffbf822d-c06e-4cab-99a1-f74e013a574f"
  },
  {
    "id": "2e519c52-c06d-40b8-8a4c-070b6ce854d5",
    "name": "Train Program Facilitators",
    "description": "Provide training to program facilitators on how to effectively deliver the awareness program content, answer questions, and address concerns. Ensure facilitators are knowledgeable about Basis-Nahrung and the welfare system integration.",
    "resources_needed": [
      "Training Specialist",
      "Subject Matter Experts",
      "Communication Specialist"
    ],
    "parent_id": "ffbf822d-c06e-4cab-99a1-f74e013a574f"
  },
  {
    "id": "0a82dc32-b243-40c1-8147-955bdedc9480",
    "name": "Conduct Awareness Program Events",
    "description": "Organize and conduct public awareness program events in various locations throughout Berlin. Promote the events through local media and community networks to maximize attendance.",
    "resources_needed": [
      "Event Coordinator",
      "Community Outreach Team",
      "Volunteers"
    ],
    "parent_id": "ffbf822d-c06e-4cab-99a1-f74e013a574f"
  },
  {
    "id": "2b799ae4-7a0d-4e4a-8099-c1895a4722a7",
    "name": "Gather Feedback and Evaluate Programs",
    "description": "Collect feedback from program participants through surveys, focus groups, and online forums. Analyze the feedback to evaluate the effectiveness of the programs and identify areas for improvement.",
    "resources_needed": [
      "Evaluation Specialist",
      "Data Analyst",
      "Community Outreach Team"
    ],
    "parent_id": "ffbf822d-c06e-4cab-99a1-f74e013a574f"
  },
  {
    "id": "62c31e41-a8b6-49f9-af54-cbdd302af592",
    "name": "Define Public Opinion Metrics",
    "description": "Establish specific, measurable, achievable, relevant, and time-bound (SMART) metrics to gauge public sentiment regarding the BRZ project and Basis-Nahrung.",
    "resources_needed": [
      "Public Relations Specialist",
      "Data Analyst",
      "Stakeholder Engagement Coordinator"
    ],
    "parent_id": "ba88e35d-7a0e-47cb-bbc7-1f146b42a759"
  },
  {
    "id": "23a6d415-3097-440d-9255-9aa3d6c908c3",
    "name": "Conduct Baseline Public Opinion Survey",
    "description": "Administer a comprehensive survey to a representative sample of the Berlin population to establish a baseline understanding of public attitudes towards wastewater reuse, social welfare programs, and the proposed Basis-Nahrung initiative.",
    "resources_needed": [
      "Survey Design Expert",
      "Data Collection Team",
      "Statistical Analyst"
    ],
    "parent_id": "ba88e35d-7a0e-47cb-bbc7-1f146b42a759"
  },
  {
    "id": "371693e5-abff-40e9-af68-9366d4473f60",
    "name": "Monitor Social Media Sentiment",
    "description": "Utilize social listening tools and techniques to continuously monitor online conversations and sentiment related to the BRZ project, Basis-Nahrung, and related topics.",
    "resources_needed": [
      "Social Media Analyst",
      "Sentiment Analysis Software",
      "Community Manager"
    ],
    "parent_id": "ba88e35d-7a0e-47cb-bbc7-1f146b42a759"
  },
  {
    "id": "00639d29-7a13-4f0b-b19d-896be03f5472",
    "name": "Track Media Coverage and Tone",
    "description": "Monitor news articles, blog posts, and other media coverage to assess the tone and framing of the BRZ project and Basis-Nahrung in the public discourse.",
    "resources_needed": [
      "Media Monitoring Service",
      "Public Relations Specialist",
      "Communications Manager"
    ],
    "parent_id": "ba88e35d-7a0e-47cb-bbc7-1f146b42a759"
  },
  {
    "id": "7c7cbeb5-f62f-4c5f-a3d0-3429c59ff34d",
    "name": "Analyze Feedback from Public Forums",
    "description": "Collect and analyze feedback from public forums, town hall meetings, and online Q&A sessions to identify key concerns and areas of misunderstanding regarding the BRZ project and Basis-Nahrung.",
    "resources_needed": [
      "Community Engagement Coordinator",
      "Feedback Analysis Team",
      "Public Relations Specialist"
    ],
    "parent_id": "ba88e35d-7a0e-47cb-bbc7-1f146b42a759"
  },
  {
    "id": "af1cf76f-6d4e-4a3b-86e9-4fe67528a823",
    "name": "Categorize Public Feedback and Concerns",
    "description": "Establish a system for categorizing public feedback and concerns based on topic, sentiment, and source. This will involve setting up a database or spreadsheet to track feedback and developing a coding scheme to categorize the data.",
    "resources_needed": [
      "Public Relations Specialist",
      "Data Analyst"
    ],
    "parent_id": "57b59c9f-9150-463f-8bcc-a0abd680c0f6"
  },
  {
    "id": "82158835-0599-45f4-a2b2-1bf652609313",
    "name": "Prioritize Addressing Critical Public Concerns",
    "description": "Identify the most pressing and widespread public concerns related to the BRZ project and Basis-Nahrung. This will involve analyzing the categorized feedback data and consulting with experts to assess the potential impact of different concerns.",
    "resources_needed": [
      "Public Relations Specialist",
      "Project Manager",
      "Ethicist"
    ],
    "parent_id": "57b59c9f-9150-463f-8bcc-a0abd680c0f6"
  },
  {
    "id": "6de2358d-601c-4090-a33b-4adfd3d226b9",
    "name": "Develop Response Strategies for Each Concern",
    "description": "Create tailored response strategies for each of the prioritized public concerns. This will involve developing key messages, identifying appropriate communication channels, and preparing materials such as FAQs, presentations, and social media posts.",
    "resources_needed": [
      "Public Relations Specialist",
      "Communication Specialist",
      "Subject Matter Experts"
    ],
    "parent_id": "57b59c9f-9150-463f-8bcc-a0abd680c0f6"
  },
  {
    "id": "cffaa19a-70b8-4d97-baf6-6ef6e3da9402",
    "name": "Implement Communication Plan and Address Feedback",
    "description": "Execute the communication plan by disseminating information through various channels and actively engaging with the public to address their concerns. This will involve monitoring online forums, responding to inquiries, and conducting public meetings.",
    "resources_needed": [
      "Public Relations Specialist",
      "Communication Specialist",
      "Community Liaison"
    ],
    "parent_id": "57b59c9f-9150-463f-8bcc-a0abd680c0f6"
  },
  {
    "id": "0fdea4ab-1ffd-4276-a118-567e5a169647",
    "name": "Evaluate Effectiveness of Response Strategies",
    "description": "Assess the effectiveness of the response strategies by tracking public sentiment, monitoring media coverage, and gathering feedback from stakeholders. This will involve analyzing data, conducting surveys, and holding focus groups.",
    "resources_needed": [
      "Public Relations Specialist",
      "Data Analyst",
      "Evaluation Specialist"
    ],
    "parent_id": "57b59c9f-9150-463f-8bcc-a0abd680c0f6"
  },
  {
    "id": "9cb57e4d-91c7-468d-8552-296540fced87",
    "name": "Identify relevant project performance areas",
    "description": "Determine the key areas of the project that need to be measured, such as BRZ facility efficiency, Basis-Nahrung production volume, distribution effectiveness, public acceptance, and cost-effectiveness.",
    "resources_needed": [
      "Project Manager",
      "Stakeholders",
      "Data Analyst"
    ],
    "parent_id": "a3b95995-203d-4c0a-b1e0-a169c88f313d"
  },
  {
    "id": "962c73d9-4f03-4739-ae90-98897340b314",
    "name": "Define specific, measurable KPI targets",
    "description": "Establish concrete targets for each performance area. For example, a specific target for BRZ facility efficiency could be 'achieve 90% wastewater processing efficiency within 12 months of commissioning'.",
    "resources_needed": [
      "Project Manager",
      "Subject Matter Experts",
      "Data Analyst"
    ],
    "parent_id": "a3b95995-203d-4c0a-b1e0-a169c88f313d"
  },
  {
    "id": "b8c7dd27-d8a8-4915-a936-774e10cf3e44",
    "name": "Establish data collection methods",
    "description": "Determine how data will be collected to measure the KPIs. This includes identifying data sources, defining data collection frequency, and establishing data quality control procedures.",
    "resources_needed": [
      "Data Analyst",
      "Process Engineer",
      "IT Support"
    ],
    "parent_id": "a3b95995-203d-4c0a-b1e0-a169c88f313d"
  },
  {
    "id": "4e015597-ebdc-4275-a8dc-97a0d2770ff9",
    "name": "Document KPI definitions and methodology",
    "description": "Create a comprehensive document that outlines the definition of each KPI, the target value, the data collection method, and the responsible parties. This document will serve as a reference for the entire project team.",
    "resources_needed": [
      "Project Manager",
      "Technical Writer",
      "Stakeholders"
    ],
    "parent_id": "a3b95995-203d-4c0a-b1e0-a169c88f313d"
  },
  {
    "id": "90ae1546-9b87-439d-8377-e0f9bce5755d",
    "name": "Define Data Collection Methods",
    "description": "Determine the specific methods for collecting project data, including surveys, interviews, document reviews, and sensor readings. Outline the data sources and collection frequency for each method.",
    "resources_needed": [
      "Data Analyst",
      "Project Manager",
      "Subject Matter Experts"
    ],
    "parent_id": "f0a465d7-66ae-4b58-b07a-fcd29d718802"
  },
  {
    "id": "89eefb07-82e8-4e42-8be3-5b5ea9e48ef5",
    "name": "Develop Data Collection Instruments",
    "description": "Create the necessary instruments for data collection, such as survey questionnaires, interview protocols, data extraction templates, and sensor calibration procedures. Ensure instruments are aligned with KPIs.",
    "resources_needed": [
      "Data Analyst",
      "Survey Specialist",
      "Technical Writer"
    ],
    "parent_id": "f0a465d7-66ae-4b58-b07a-fcd29d718802"
  },
  {
    "id": "f4e2aa17-421a-4cdb-a351-d780f45e1cd5",
    "name": "Collect Raw Project Data",
    "description": "Execute the data collection plan by gathering raw data from identified sources using the developed instruments. Ensure data is collected accurately and consistently, adhering to ethical guidelines.",
    "resources_needed": [
      "Data Collectors",
      "Field Staff",
      "Data Entry Clerks"
    ],
    "parent_id": "f0a465d7-66ae-4b58-b07a-fcd29d718802"
  },
  {
    "id": "d1c22385-7475-4edf-975b-32ca79076a70",
    "name": "Clean and Validate Data",
    "description": "Clean the collected data by identifying and correcting errors, inconsistencies, and missing values. Validate the data to ensure its accuracy and reliability for analysis.",
    "resources_needed": [
      "Data Analyst",
      "Data Quality Specialist"
    ],
    "parent_id": "f0a465d7-66ae-4b58-b07a-fcd29d718802"
  },
  {
    "id": "eab96f11-91f2-4e85-9974-849eca23ee89",
    "name": "Analyze Collected Project Data",
    "description": "Perform statistical analysis and data visualization to extract meaningful insights from the cleaned data. Identify trends, patterns, and correlations relevant to project KPIs and objectives.",
    "resources_needed": [
      "Data Analyst",
      "Statistician",
      "Data Visualization Expert"
    ],
    "parent_id": "f0a465d7-66ae-4b58-b07a-fcd29d718802"
  },
  {
    "id": "a51998bf-a93f-4dca-a4a3-b21e55a5e444",
    "name": "Gather data from project teams",
    "description": "Collect relevant data from various project teams, including progress updates, financial information, and risk assessments.",
    "resources_needed": [
      "Project managers",
      "Data analysts",
      "Communication tools"
    ],
    "parent_id": "7530d461-34a7-4ee4-9305-152aac7727f3"
  },
  {
    "id": "ab3a9ae4-0b43-4902-8fa6-dda2496db7f2",
    "name": "Analyze collected project data",
    "description": "Analyze the collected data to identify trends, patterns, and potential issues that may impact project progress.",
    "resources_needed": [
      "Data analysts",
      "Reporting software",
      "Spreadsheet software"
    ],
    "parent_id": "7530d461-34a7-4ee4-9305-152aac7727f3"
  },
  {
    "id": "6d3fefc5-773d-424d-a74c-9c6617890398",
    "name": "Draft initial progress report",
    "description": "Prepare a draft progress report summarizing the project's achievements, challenges, and key performance indicators (KPIs).",
    "resources_needed": [
      "Report writers",
      "Project managers",
      "Data analysts"
    ],
    "parent_id": "7530d461-34a7-4ee4-9305-152aac7727f3"
  },
  {
    "id": "b8527882-f1ed-4baf-9239-9fc3e2bff30b",
    "name": "Review and revise report draft",
    "description": "Review the draft report with relevant stakeholders, incorporate feedback, and revise the report to ensure accuracy and completeness.",
    "resources_needed": [
      "Project managers",
      "Stakeholders",
      "Report writers"
    ],
    "parent_id": "7530d461-34a7-4ee4-9305-152aac7727f3"
  },
  {
    "id": "e3ff107b-e029-4da0-9247-baaa8e8646d1",
    "name": "Finalize and submit progress report",
    "description": "Finalize the progress report, obtain necessary approvals, and submit the report to the appropriate recipients.",
    "resources_needed": [
      "Project managers",
      "Approving authorities",
      "Distribution channels"
    ],
    "parent_id": "7530d461-34a7-4ee4-9305-152aac7727f3"
  },
  {
    "id": "cfd8c12c-1435-4fd5-bc33-eef1001f042f",
    "name": "Define Evaluation Criteria",
    "description": "Establish clear and measurable criteria for evaluating the project's success, including environmental impact, social benefits, and economic viability. This involves reviewing project goals, identifying key performance indicators (KPIs), and setting targets for each criterion.",
    "resources_needed": [
      "Evaluation Specialist",
      "Project Manager",
      "Stakeholder Representatives"
    ],
    "parent_id": "c36dc815-a8b9-4856-a422-5ba2a48cd267"
  },
  {
    "id": "a13ba3e6-f32d-40c6-900f-e7dcd033de9e",
    "name": "Select Evaluation Methodology",
    "description": "Choose appropriate evaluation methods, such as surveys, interviews, focus groups, data analysis, and site visits, to gather relevant information. Consider the strengths and limitations of each method and select a combination that provides a comprehensive assessment.",
    "resources_needed": [
      "Evaluation Specialist",
      "Data Analyst",
      "Survey Design Expert"
    ],
    "parent_id": "c36dc815-a8b9-4856-a422-5ba2a48cd267"
  },
  {
    "id": "c01b9457-0c61-41a4-b2d0-8601b1ca926c",
    "name": "Collect Evaluation Data",
    "description": "Gather data according to the selected methodology, ensuring data quality and reliability. This may involve administering surveys, conducting interviews, analyzing project data, and observing project activities.",
    "resources_needed": [
      "Data Collectors",
      "Interviewers",
      "Data Entry Personnel"
    ],
    "parent_id": "c36dc815-a8b9-4856-a422-5ba2a48cd267"
  },
  {
    "id": "aa555474-b206-47b4-9364-4e6b1379d147",
    "name": "Analyze Evaluation Data",
    "description": "Analyze the collected data to assess the project's performance against the established evaluation criteria. This involves using statistical techniques, qualitative analysis methods, and comparative analysis to identify strengths, weaknesses, and areas for improvement.",
    "resources_needed": [
      "Data Analyst",
      "Statistician",
      "Evaluation Specialist"
    ],
    "parent_id": "c36dc815-a8b9-4856-a422-5ba2a48cd267"
  },
  {
    "id": "b0042e01-944d-4179-b712-ce510104bd92",
    "name": "Develop Evaluation Report",
    "description": "Prepare a comprehensive evaluation report summarizing the findings, conclusions, and recommendations. The report should be clear, concise, and evidence-based, providing actionable insights for project improvement and future planning.",
    "resources_needed": [
      "Evaluation Specialist",
      "Report Writer",
      "Editor"
    ],
    "parent_id": "c36dc815-a8b9-4856-a422-5ba2a48cd267"
  },
  {
    "id": "ec3e9d05-9233-4a23-9052-346c2e9276d2",
    "name": "Identify Target Audiences",
    "description": "Determine the key stakeholders and groups who should receive the project findings. This includes government officials, community leaders, and the general public. Consider their specific interests and information needs.",
    "resources_needed": [
      "Communication Specialist",
      "Stakeholder Engagement Coordinator"
    ],
    "parent_id": "9af5d159-df4d-47e1-a532-5f09e8529f5e"
  },
  {
    "id": "eb12ce0b-2444-48d1-a250-b40a8a4f5b1d",
    "name": "Tailor Findings for Each Audience",
    "description": "Adapt the project findings into formats suitable for each target audience. This may involve creating summaries, infographics, presentations, or reports with varying levels of detail and technical language.",
    "resources_needed": [
      "Communication Specialist",
      "Graphic Designer",
      "Report Writer"
    ],
    "parent_id": "9af5d159-df4d-47e1-a532-5f09e8529f5e"
  },
  {
    "id": "df8ad1de-cf8e-4bd3-a81c-493a9ddfd783",
    "name": "Select Dissemination Channels",
    "description": "Choose the most effective channels for reaching each target audience. Options include press releases, social media, websites, community meetings, and direct mail. Consider the reach and cost-effectiveness of each channel.",
    "resources_needed": [
      "Communication Specialist",
      "Marketing Coordinator"
    ],
    "parent_id": "9af5d159-df4d-47e1-a532-5f09e8529f5e"
  },
  {
    "id": "f6b349f8-c96d-48e8-b7ea-afc3059231b2",
    "name": "Distribute Project Findings",
    "description": "Execute the dissemination plan by distributing the tailored findings through the selected channels. This includes scheduling press conferences, posting on social media, presenting at meetings, and sending out reports.",
    "resources_needed": [
      "Communication Specialist",
      "Marketing Coordinator",
      "Project Team"
    ],
    "parent_id": "9af5d159-df4d-47e1-a532-5f09e8529f5e"
  },
  {
    "id": "c6c38f02-12e2-4914-88b1-98a7b44b4906",
    "name": "Track Dissemination Effectiveness",
    "description": "Monitor the reach and impact of the dissemination efforts. This may involve tracking website traffic, social media engagement, media coverage, and feedback from stakeholders. Use this data to improve future dissemination efforts.",
    "resources_needed": [
      "Communication Specialist",
      "Data Analyst"
    ],
    "parent_id": "9af5d159-df4d-47e1-a532-5f09e8529f5e"
  }
]