project_key,project_name,project_description,project_start_date,project_end_date,project_progress,project_parent,originating_department
e84e27a7-64bd-454e-bcd8-576d0c4073d4,Circular Berlin,"Circular Berlin

Final deliverable:
Nutrient Blocks",1/20/2026,7/19/2031,0,,PlanExe
c27dd7bf-14d9-4910-be8c-336e2a8e5f9c,Project Initiation & Planning,,1/20/2026,4/21/2026,0,e84e27a7-64bd-454e-bcd8-576d0c4073d4,PlanExe
eda39851-5150-4fd6-a584-76c3e1dde2c7,Define Project Scope and Objectives,,1/20/2026,1/28/2026,0,c27dd7bf-14d9-4910-be8c-336e2a8e5f9c,PlanExe
691c84c2-8a42-486a-98f7-8e0950df5eb9,Identify Key Stakeholder Needs,"Identify Key Stakeholder Needs

Description:
Determine the specific requirements and expectations of all relevant stakeholders regarding the project's scope and objectives. This involves conducting interviews, surveys, and workshops to gather detailed information about their needs, priorities, and concerns.

Resources needed:
• Project Manager
• Stakeholder Engagement Specialist
• Business Analyst",1/20/2026,1/22/2026,0,eda39851-5150-4fd6-a584-76c3e1dde2c7,PlanExe
65a36e6d-1d39-4d23-b87d-cdd5ef69916f,Define Measurable Project Objectives,"Define Measurable Project Objectives

Description:
Establish clear, measurable, achievable, relevant, and time-bound (SMART) objectives for the project. This includes defining specific targets for wastewater processing capacity, nutrient block production, and social welfare system improvements.

Resources needed:
• Project Manager
• Technical Experts
• Data Analyst",1/22/2026,1/24/2026,0,691c84c2-8a42-486a-98f7-8e0950df5eb9,PlanExe
0b13e2f7-0f0c-460c-983a-d66306602b79,Establish Project Scope Boundaries,"Establish Project Scope Boundaries

Description:
Clearly define the boundaries of the project, including what is included and excluded from the project's scope. This involves documenting the specific deliverables, activities, and resources that will be required to achieve the project objectives.

Resources needed:
• Project Manager
• Technical Experts
• Legal Counsel",1/24/2026,1/26/2026,0,65a36e6d-1d39-4d23-b87d-cdd5ef69916f,PlanExe
71c46b3a-e778-4814-b7d0-62c3751ac68c,Document Scope and Objectives,"Document Scope and Objectives

Description:
Create a comprehensive document outlining the project's scope, objectives, and key performance indicators (KPIs). This document will serve as a reference point for all stakeholders and will be used to track progress and ensure that the project stays on track.

Resources needed:
• Project Manager
• Technical Writer
• Stakeholder Representatives",1/26/2026,1/28/2026,0,eda39851-5150-4fd6-a584-76c3e1dde2c7,PlanExe
ab52e866-d280-44b8-92d3-09dd31d38a2c,Develop Project Management Plan,,1/28/2026,2/12/2026,0,eda39851-5150-4fd6-a584-76c3e1dde2c7,PlanExe
e2aee9e7-83b9-4652-ba92-a9189024b0ae,Define Project Management Methodology,"Define Project Management Methodology

Description:
Select and document the project management methodology (e.g., Agile, Waterfall) to be used throughout the project. This includes defining processes, templates, and tools.

Resources needed:
• Project Manager
• Project Management Consultant",1/28/2026,1/31/2026,0,ab52e866-d280-44b8-92d3-09dd31d38a2c,PlanExe
2be5dddf-a388-4e4f-a572-ca9f60aa90f8,Create Communication Management Plan,"Create Communication Management Plan

Description:
Develop a plan for effective communication among stakeholders, including frequency, channels, and responsible parties. This ensures everyone is informed and aligned.

Resources needed:
• Project Manager
• Stakeholder Representatives",1/31/2026,2/3/2026,0,e2aee9e7-83b9-4652-ba92-a9189024b0ae,PlanExe
dccc8356-e52a-4e23-b209-d6fcde71ec68,Develop Risk Management Plan,"Develop Risk Management Plan

Description:
Identify potential risks, assess their impact and probability, and define mitigation strategies. This plan helps proactively address potential issues.

Resources needed:
• Project Manager
• Risk Management Specialist
• Subject Matter Experts",2/3/2026,2/6/2026,0,2be5dddf-a388-4e4f-a572-ca9f60aa90f8,PlanExe
dca81897-c636-45b8-a833-47f805159c1a,Establish Project Schedule and Budget,"Establish Project Schedule and Budget

Description:
Create a detailed project schedule with tasks, dependencies, and timelines. Develop a comprehensive budget that includes all project costs.

Resources needed:
• Project Manager
• Financial Analyst
• Team Leads",2/6/2026,2/9/2026,0,dccc8356-e52a-4e23-b209-d6fcde71ec68,PlanExe
4c5b4c9e-f38e-47f1-955d-0f10b90694b5,Define Resource Allocation Strategy,"Define Resource Allocation Strategy

Description:
Determine how resources (personnel, equipment, funding) will be allocated across different project tasks and phases. This ensures efficient resource utilization.

Resources needed:
• Project Manager
• Resource Manager
• Team Leads",2/9/2026,2/12/2026,0,ab52e866-d280-44b8-92d3-09dd31d38a2c,PlanExe
f5c84145-1b38-48c9-918c-2fc5f71becf0,Conduct Stakeholder Analysis,,2/12/2026,2/22/2026,0,ab52e866-d280-44b8-92d3-09dd31d38a2c,PlanExe
2ae6cdf6-9e03-43b7-a3fc-65523925d3f4,Identify Key Stakeholders,"Identify Key Stakeholders

Description:
Identify all individuals, groups, and organizations that have an interest in or are affected by the project. This includes internal teams, external partners, regulatory bodies, and community members. Document their roles, responsibilities, and levels of influence.

Resources needed:
• Project Manager
• Communication Specialist
• Stakeholder Database",2/12/2026,2/14/2026,0,f5c84145-1b38-48c9-918c-2fc5f71becf0,PlanExe
aa7486e5-c268-40d6-af5c-ed0819356d14,Assess Stakeholder Interests and Needs,"Assess Stakeholder Interests and Needs

Description:
Determine the specific interests, needs, and expectations of each stakeholder group. Conduct interviews, surveys, and focus groups to gather information. Analyze the data to identify common themes and potential conflicts.

Resources needed:
• Project Manager
• Communication Specialist
• Survey Tools
• Interview Guides",2/14/2026,2/16/2026,0,2ae6cdf6-9e03-43b7-a3fc-65523925d3f4,PlanExe
91be2c11-8705-400a-b0bb-f678f7b3d62b,Analyze Stakeholder Influence and Impact,"Analyze Stakeholder Influence and Impact

Description:
Evaluate the level of influence each stakeholder group has on the project's success. Assess the potential impact of their support or opposition. Prioritize stakeholders based on their influence and impact.

Resources needed:
• Project Manager
• Stakeholder Analysis Matrix
• Influence Mapping Tools",2/16/2026,2/18/2026,0,aa7486e5-c268-40d6-af5c-ed0819356d14,PlanExe
7c4368f4-8fcf-4631-b15a-84393060bb6a,Develop Stakeholder Engagement Strategy,"Develop Stakeholder Engagement Strategy

Description:
Create a plan for engaging with each stakeholder group throughout the project lifecycle. Define communication channels, frequency of updates, and methods for addressing concerns. Tailor the engagement strategy to the specific needs and preferences of each group.

Resources needed:
• Project Manager
• Communication Specialist
• Engagement Plan Template",2/18/2026,2/20/2026,0,91be2c11-8705-400a-b0bb-f678f7b3d62b,PlanExe
d0b36dd5-7e20-4c22-ae14-bdb9d90ffc82,Document Stakeholder Analysis Findings,"Document Stakeholder Analysis Findings

Description:
Compile all stakeholder analysis data into a comprehensive report. Include stakeholder profiles, interest assessments, influence maps, and engagement strategies. Share the report with the project team and key stakeholders.

Resources needed:
• Project Manager
• Documentation Specialist
• Stakeholder Analysis Report Template",2/20/2026,2/22/2026,0,f5c84145-1b38-48c9-918c-2fc5f71becf0,PlanExe
462b15bb-f6b6-4737-93f3-ed81c03009c4,Establish Project Governance Structure,,2/22/2026,3/4/2026,0,f5c84145-1b38-48c9-918c-2fc5f71becf0,PlanExe
c503fbd6-03da-45f3-870c-fcbe98aed900,Define Decision-Making Authority,"Define Decision-Making Authority

Description:
Clearly outline who has the authority to make decisions at different levels of the project. This includes identifying the key decision-makers and their respective areas of responsibility. Deliverable: Documented decision-making matrix.

Resources needed:
• Project Manager
• Stakeholder Representatives
• Legal Counsel",2/22/2026,2/24/2026,0,462b15bb-f6b6-4737-93f3-ed81c03009c4,PlanExe
1f66eaca-e1af-4638-b458-5987d7822d47,Establish Roles and Responsibilities,"Establish Roles and Responsibilities

Description:
Define the roles and responsibilities of each team member and stakeholder involved in the project. This includes creating a RACI (Responsible, Accountable, Consulted, Informed) matrix to ensure clarity and accountability. Deliverable: RACI matrix.

Resources needed:
• Project Manager
• Team Leads
• Stakeholder Representatives",2/24/2026,2/26/2026,0,c503fbd6-03da-45f3-870c-fcbe98aed900,PlanExe
8e0cbcd4-2ebc-4f01-93a7-42f6ab2aa6de,Develop Communication Protocols,"Develop Communication Protocols

Description:
Establish clear communication protocols for internal and external stakeholders. This includes defining the frequency, channels, and content of communication. Deliverable: Communication plan.

Resources needed:
• Project Manager
• Communication Specialist
• Stakeholder Representatives",2/26/2026,2/28/2026,0,1f66eaca-e1af-4638-b458-5987d7822d47,PlanExe
d33549a3-e9b4-4783-aba7-4bc1f5d01b61,Implement Conflict Resolution Process,"Implement Conflict Resolution Process

Description:
Establish a process for resolving conflicts that may arise during the project. This includes defining the steps for escalation and the individuals responsible for mediating disputes. Deliverable: Conflict resolution procedure.

Resources needed:
• Project Manager
• HR Representative
• Legal Counsel",2/28/2026,3/2/2026,0,8e0cbcd4-2ebc-4f01-93a7-42f6ab2aa6de,PlanExe
921d4f0b-e23b-4a63-944d-1ddcad623f25,Document Governance Structure,"Document Governance Structure

Description:
Create a document that outlines the project governance structure, including the decision-making authority, roles and responsibilities, communication protocols, and conflict resolution process. Deliverable: Project governance document.

Resources needed:
• Project Manager
• Document Controller
• Stakeholder Representatives",3/2/2026,3/4/2026,0,462b15bb-f6b6-4737-93f3-ed81c03009c4,PlanExe
bd375389-0dec-4141-ae77-beab07fffb6b,Secure Initial Funding,,3/4/2026,4/21/2026,0,c27dd7bf-14d9-4910-be8c-336e2a8e5f9c,PlanExe
375bf9d2-8e65-45cd-8c62-c1ca8ede44c1,Identify Funding Sources and Requirements,"Identify Funding Sources and Requirements

Description:
Objective: Identify potential funding sources (government grants, private investors, loans) and their specific application requirements.
Scope: Research and document all available funding options, including eligibility criteria, application deadlines, and required documentation.
Steps: 1. Conduct online research. 2. Consult with financial advisors. 3. Review past successful funding applications. 4. Document findings in a comprehensive report.
Deliverables: A detailed report outlining potential funding sources and their requirements.

Resources needed:
• Financial Analyst
• Grant Writer
• Project Manager",3/4/2026,3/16/2026,0,bd375389-0dec-4141-ae77-beab07fffb6b,PlanExe
d31ce209-1eac-4628-90a7-bff70c26dde4,Prepare Funding Proposal and Documentation,"Prepare Funding Proposal and Documentation

Description:
Objective: Develop a compelling funding proposal and gather all necessary supporting documentation.
Scope: Create a detailed project budget, write a persuasive narrative outlining the project's benefits, and compile all required supporting documents (e.g., financial statements, permits, feasibility studies).
Steps: 1. Develop a detailed project budget. 2. Write a compelling project narrative. 3. Gather supporting documentation. 4. Review and revise the proposal.
Deliverables: A complete funding proposal package, including all required documentation.

Resources needed:
• Project Manager
• Financial Analyst
• Grant Writer
• Legal Counsel",3/16/2026,3/28/2026,0,375bf9d2-8e65-45cd-8c62-c1ca8ede44c1,PlanExe
520c77f5-7379-4525-9968-4afe113fb585,Submit Funding Application and Follow Up,"Submit Funding Application and Follow Up

Description:
Objective: Submit the funding application to the identified sources and actively follow up on its progress.
Scope: Ensure timely submission of the application, respond to any inquiries from the funding source, and track the application's status.
Steps: 1. Submit the application. 2. Track application status. 3. Respond to inquiries. 4. Attend meetings with funding representatives.
Deliverables: Confirmation of application submission and regular updates on its status.

Resources needed:
• Project Manager
• Administrative Assistant",3/28/2026,4/9/2026,0,d31ce209-1eac-4628-90a7-bff70c26dde4,PlanExe
557bd20a-0492-48d3-98da-e5649978bc5a,Negotiate Funding Terms and Agreements,"Negotiate Funding Terms and Agreements

Description:
Objective: Negotiate favorable funding terms and finalize the funding agreement.
Scope: Review the funding agreement, negotiate key terms (e.g., interest rates, repayment schedules, reporting requirements), and finalize the agreement.
Steps: 1. Review the funding agreement. 2. Negotiate terms. 3. Obtain legal review. 4. Finalize the agreement.
Deliverables: A signed funding agreement with favorable terms.

Resources needed:
• Project Manager
• Financial Analyst
• Legal Counsel",4/9/2026,4/21/2026,0,bd375389-0dec-4141-ae77-beab07fffb6b,PlanExe
a3490d3e-8b4e-41ad-b706-03df1745fb34,Regulatory Compliance & Permitting,,4/21/2026,12/11/2026,0,c27dd7bf-14d9-4910-be8c-336e2a8e5f9c,PlanExe
e7384fc6-8209-440e-bc20-a793de7ec90c,Identify Applicable Regulations,,4/21/2026,4/29/2026,0,a3490d3e-8b4e-41ad-b706-03df1745fb34,PlanExe
97549d4b-0b15-43a0-bf61-5afc835cfc0d,Research EU Food Safety Regulations,"Research EU Food Safety Regulations

Description:
Objective: Identify all relevant EU food safety regulations applicable to the Basis-Nahrung product. Scope: Review directives, regulations, and guidelines related to food production, processing, and distribution. Steps: 1. Access EUR-Lex database. 2. Search for relevant regulations. 3. Document findings. Deliverables: Comprehensive list of EU food safety regulations.

Resources needed:
• Regulatory Compliance Specialist
• Legal Counsel
• EUR-Lex Access",4/21/2026,4/23/2026,0,e7384fc6-8209-440e-bc20-a793de7ec90c,PlanExe
59b11f59-6ba3-4723-968f-f13164344941,Research German Food Safety Regulations,"Research German Food Safety Regulations

Description:
Objective: Identify all relevant German food safety regulations applicable to the Basis-Nahrung product. Scope: Review laws, ordinances, and guidelines related to food production, processing, and distribution. Steps: 1. Access German legal databases. 2. Search for relevant regulations. 3. Document findings. Deliverables: Comprehensive list of German food safety regulations.

Resources needed:
• Regulatory Compliance Specialist
• Legal Counsel
• German Legal Database Access",4/23/2026,4/25/2026,0,97549d4b-0b15-43a0-bf61-5afc835cfc0d,PlanExe
ce8f0f0d-2ac9-4fce-8d99-df00c76d4b99,Analyze 'Crisis-Resilience' Applicability,"Analyze 'Crisis-Resilience' Applicability

Description:
Objective: Determine the applicability of the 'Crisis-Resilience' regulatory category to the Basis-Nahrung product. Scope: Review the legal basis for the category and assess its relevance to the project. Steps: 1. Research the definition and criteria for 'Crisis-Resilience'. 2. Analyze whether Basis-Nahrung meets these criteria. 3. Document findings. Deliverables: Report on the applicability of the 'Crisis-Resilience' category.

Resources needed:
• Regulatory Compliance Specialist
• Legal Counsel
• EU Regulatory Expert",4/25/2026,4/27/2026,0,59b11f59-6ba3-4723-968f-f13164344941,PlanExe
d4eed899-1071-43f4-b8cb-87dcd1a0b61e,Identify Alternative Compliance Pathways,"Identify Alternative Compliance Pathways

Description:
Objective: Identify alternative compliance pathways if the 'Crisis-Resilience' category is not applicable. Scope: Research alternative regulatory options for food safety compliance. Steps: 1. Research standard EU food safety compliance. 2. Identify potential alternative pathways. 3. Document findings. Deliverables: Report on alternative compliance pathways.

Resources needed:
• Regulatory Compliance Specialist
• Legal Counsel
• Food Safety Consultant",4/27/2026,4/29/2026,0,e7384fc6-8209-440e-bc20-a793de7ec90c,PlanExe
e35667ed-82c4-425b-9b02-c0fb01a2ade0,Prepare Permit Applications,,4/29/2026,5/15/2026,0,e7384fc6-8209-440e-bc20-a793de7ec90c,PlanExe
fd3186fe-2b5f-454c-a6bf-913a486b7b69,Gather required documentation for applications,"Gather required documentation for applications

Description:
Objective: Collect all necessary documents for permit applications.
Scope: Identify and gather documents such as site plans, environmental impact assessments, technical specifications, and legal documents.
Steps: Review regulatory requirements, contact relevant departments, and compile documents.
Deliverables: Complete set of required documentation.

Resources needed:
• Regulatory Compliance Specialist
• Legal Counsel
• Technical Experts",4/29/2026,5/3/2026,0,e35667ed-82c4-425b-9b02-c0fb01a2ade0,PlanExe
c4c9a2e9-e52b-4c36-bdbe-feb1b0f8b17c,Complete application forms accurately,"Complete application forms accurately

Description:
Objective: Fill out all permit application forms with accurate and complete information.
Scope: Ensure all sections of the application forms are filled out correctly and that all required attachments are included.
Steps: Review application instructions, gather necessary data, and complete forms.
Deliverables: Completed and accurate permit application forms.

Resources needed:
• Regulatory Compliance Specialist
• Project Manager
• Technical Experts",5/3/2026,5/7/2026,0,fd3186fe-2b5f-454c-a6bf-913a486b7b69,PlanExe
182b5274-e879-4b0f-8e47-61ae48c8e566,Review applications for completeness and accuracy (1),"Review applications for completeness and accuracy

Description:
Objective: Ensure all permit applications are complete, accurate, and compliant with regulatory requirements.
Scope: Review all application materials, including forms, documentation, and attachments.
Steps: Conduct a thorough review, identify any errors or omissions, and make necessary corrections.
Deliverables: Verified and validated permit applications.

Resources needed:
• Regulatory Compliance Specialist
• Legal Counsel
• Technical Experts",5/7/2026,5/11/2026,0,c4c9a2e9-e52b-4c36-bdbe-feb1b0f8b17c,PlanExe
9b72ae09-309b-44d3-b6cf-620d9c3a9b63,Translate documents if needed,"Translate documents if needed

Description:
Objective: Translate all documents into the required language for submission.
Scope: Identify documents needing translation, engage qualified translators, and ensure accurate translation.
Steps: Review document language requirements, select translators, and verify translation accuracy.
Deliverables: Translated documents.

Resources needed:
• Project Manager
• Qualified Translators
• Regulatory Compliance Specialist",5/11/2026,5/15/2026,0,e35667ed-82c4-425b-9b02-c0fb01a2ade0,PlanExe
b3c8bde4-0be2-4ec5-9a84-7d23df8facab,Submit Permit Applications,,5/15/2026,6/14/2026,0,e35667ed-82c4-425b-9b02-c0fb01a2ade0,PlanExe
25d0cb4c-c505-41a4-8607-4c7d3afa428c,Gather all required documents for applications,"Gather all required documents for applications

Description:
Collect all necessary documents, including technical specifications, environmental impact assessments, and site plans, required for each permit application.

Resources needed:
• Project Manager
• Environmental Consultant
• Legal Counsel
• Technical Staff",5/15/2026,5/21/2026,0,b3c8bde4-0be2-4ec5-9a84-7d23df8facab,PlanExe
ce0b855b-4f6a-43a6-82a0-94fd938e5fc5,Review applications for completeness and accuracy (2),"Review applications for completeness and accuracy

Description:
Thoroughly review each permit application to ensure all required information is included and accurate, minimizing the risk of rejection or delays.

Resources needed:
• Project Manager
• Legal Counsel
• Permitting Specialist",5/21/2026,5/27/2026,0,25d0cb4c-c505-41a4-8607-4c7d3afa428c,PlanExe
ae932350-8726-40c5-b2f0-de31197e1613,Prepare electronic and physical application packages,"Prepare electronic and physical application packages

Description:
Compile all application materials into both electronic and physical formats, ensuring compliance with the specific submission requirements of each regulatory agency.

Resources needed:
• Administrative Assistant
• Permitting Specialist
• IT Support",5/27/2026,6/2/2026,0,ce0b855b-4f6a-43a6-82a0-94fd938e5fc5,PlanExe
a42eed00-5fd7-4c09-b196-a358f6a72a8c,Coordinate internal approvals for submissions,"Coordinate internal approvals for submissions

Description:
Obtain all necessary internal approvals from relevant stakeholders before submitting the permit applications to regulatory agencies.

Resources needed:
• Project Manager
• Senior Management
• Legal Counsel",6/2/2026,6/8/2026,0,ae932350-8726-40c5-b2f0-de31197e1613,PlanExe
9ab00fd6-d7db-4f98-98f1-b3e6ffd07437,Track submission status and confirm receipt,"Track submission status and confirm receipt

Description:
Monitor the status of each permit application after submission and confirm receipt by the relevant regulatory agency to ensure timely processing.

Resources needed:
• Permitting Specialist
• Administrative Assistant",6/8/2026,6/14/2026,0,b3c8bde4-0be2-4ec5-9a84-7d23df8facab,PlanExe
5f24bb91-ec73-4672-bcc9-6a1f2d718dd1,Negotiate with Regulatory Bodies,,6/14/2026,8/13/2026,0,b3c8bde4-0be2-4ec5-9a84-7d23df8facab,PlanExe
6cc071ce-b6eb-46bf-abe1-078130c478c7,Prepare for regulatory body meetings,"Prepare for regulatory body meetings

Description:
Objective: Thoroughly prepare for meetings with regulatory bodies to ensure effective communication and address potential concerns.
Scope: Includes gathering all relevant project documentation, anticipating potential questions, and developing clear and concise responses.
Steps: Review project plans, identify key regulatory requirements, prepare presentation materials, and conduct mock Q&A sessions.
Deliverables: Comprehensive briefing package for the project team.

Resources needed:
• Project Manager
• Legal Counsel
• Regulatory Compliance Specialist",6/14/2026,6/29/2026,0,5f24bb91-ec73-4672-bcc9-6a1f2d718dd1,PlanExe
1b8dbc71-636f-40c3-9403-41de7af4cbe8,Schedule meetings with regulatory bodies,"Schedule meetings with regulatory bodies

Description:
Objective: Schedule meetings with relevant regulatory bodies to discuss project compliance and address any concerns.
Scope: Includes identifying key contacts, coordinating schedules, and confirming meeting logistics.
Steps: Identify key regulatory contacts, draft meeting requests, coordinate schedules, and confirm meeting logistics.
Deliverables: Confirmed meeting schedule with regulatory bodies.

Resources needed:
• Project Manager
• Administrative Assistant",6/29/2026,7/14/2026,0,6cc071ce-b6eb-46bf-abe1-078130c478c7,PlanExe
3a5558f8-89a5-493e-83c0-6e24eccb680e,Conduct pre-meeting internal reviews,"Conduct pre-meeting internal reviews

Description:
Objective: Conduct internal reviews of all materials and talking points to ensure accuracy and consistency.
Scope: Includes reviewing project documentation, presentation materials, and anticipated responses to regulatory inquiries.
Steps: Distribute materials to internal stakeholders, schedule review meetings, and incorporate feedback.
Deliverables: Finalized meeting materials and talking points.

Resources needed:
• Project Manager
• Legal Counsel
• Regulatory Compliance Specialist
• Technical Experts",7/14/2026,7/29/2026,0,1b8dbc71-636f-40c3-9403-41de7af4cbe8,PlanExe
0bea3171-f915-486c-93b7-42ffacf0b76b,Document meeting outcomes and action items,"Document meeting outcomes and action items

Description:
Objective: Accurately document the outcomes of meetings with regulatory bodies and identify any resulting action items.
Scope: Includes taking detailed notes during meetings, summarizing key discussion points, and assigning responsibility for action items.
Steps: Take detailed notes during meetings, summarize key discussion points, assign responsibility for action items, and distribute meeting minutes.
Deliverables: Meeting minutes and action item list.

Resources needed:
• Project Manager
• Administrative Assistant",7/29/2026,8/13/2026,0,5f24bb91-ec73-4672-bcc9-6a1f2d718dd1,PlanExe
75dba63c-ae58-4e7e-992b-7d5fc4c342a8,Obtain Required Permits and Licenses,,8/13/2026,12/11/2026,0,a3490d3e-8b4e-41ad-b706-03df1745fb34,PlanExe
050f6e40-1fad-4012-9da7-ae8c76125c6e,Final Regulatory Review and Sign-off,"Final Regulatory Review and Sign-off

Description:
Objective: Ensure all permit applications meet final regulatory requirements and obtain official sign-off.
Scope: Review all submitted permit applications, address any outstanding queries from regulatory bodies, and secure final approval.
Steps: 1. Conduct a final review of all permit applications. 2. Address any outstanding queries from regulatory bodies. 3. Obtain official sign-off from relevant authorities.
Deliverables: Approved permits and licenses.

Resources needed:
• Regulatory Compliance Specialist
• Legal Counsel
• Permitting Authority Representatives",8/13/2026,9/12/2026,0,75dba63c-ae58-4e7e-992b-7d5fc4c342a8,PlanExe
467878e0-7222-418e-a751-eeeb714c08e6,Address Outstanding Regulatory Concerns,"Address Outstanding Regulatory Concerns

Description:
Objective: Resolve any remaining concerns or objections raised by regulatory bodies regarding the project's compliance.
Scope: Identify and address all outstanding regulatory concerns, negotiate mutually acceptable solutions, and obtain written confirmation of resolution.
Steps: 1. Identify all outstanding regulatory concerns. 2. Develop and propose solutions to address these concerns. 3. Negotiate with regulatory bodies to reach mutually acceptable solutions. 4. Obtain written confirmation of resolution.
Deliverables: Written agreements or modifications to permits addressing regulatory concerns.

Resources needed:
• Regulatory Compliance Specialist
• Legal Counsel
• Technical Experts
• Permitting Authority Representatives",9/12/2026,10/12/2026,0,050f6e40-1fad-4012-9da7-ae8c76125c6e,PlanExe
9b9842d0-c11f-42e1-bb09-93e839578896,Document Permit and License Acquisition,"Document Permit and License Acquisition

Description:
Objective: Maintain a comprehensive record of all permits and licenses obtained for the project.
Scope: Collect and organize all approved permits and licenses, create a central repository for easy access, and ensure proper documentation for future reference.
Steps: 1. Collect all approved permits and licenses. 2. Organize the documents in a central repository. 3. Ensure proper documentation for future reference.
Deliverables: A complete and organized record of all permits and licenses.

Resources needed:
• Project Administrator
• Regulatory Compliance Specialist",10/12/2026,11/11/2026,0,467878e0-7222-418e-a751-eeeb714c08e6,PlanExe
4428b2f3-9e72-42c4-ade5-0a7349351c6d,Communicate Permit Status to Stakeholders,"Communicate Permit Status to Stakeholders

Description:
Objective: Keep all relevant stakeholders informed about the status of permit and license acquisition.
Scope: Prepare regular updates on permit status, disseminate information to stakeholders through appropriate channels, and address any questions or concerns.
Steps: 1. Prepare regular updates on permit status. 2. Disseminate information to stakeholders through appropriate channels. 3. Address any questions or concerns.
Deliverables: Regular updates on permit status to stakeholders.

Resources needed:
• Project Manager
• Communications Specialist",11/11/2026,12/11/2026,0,75dba63c-ae58-4e7e-992b-7d5fc4c342a8,PlanExe
3da1d2ae-6544-4bfd-bce9-9a3020931b1a,BRZ Facility Design & Construction,,12/11/2026,4/19/2028,0,a3490d3e-8b4e-41ad-b706-03df1745fb34,PlanExe
eb9881a0-b8c0-4e45-bfda-9df622e6d101,Develop Detailed Facility Design,,12/11/2026,2/9/2027,0,3da1d2ae-6544-4bfd-bce9-9a3020931b1a,PlanExe
6d5153eb-c652-442e-bdab-fcb84af59a70,Gather Facility Requirements and Specifications,"Gather Facility Requirements and Specifications

Description:
Collect detailed information on the facility's functional, operational, and regulatory requirements. This includes defining space needs, equipment specifications, utility requirements, and environmental considerations. Deliverables: Requirements document, specifications document.

Resources needed:
• Project Manager
• Process Engineer
• Environmental Engineer
• Operations Team",12/11/2026,12/23/2026,0,eb9881a0-b8c0-4e45-bfda-9df622e6d101,PlanExe
54abccc7-704b-4ddf-99b7-0b77cef9c086,Develop Conceptual Design Alternatives,"Develop Conceptual Design Alternatives

Description:
Generate several conceptual design options for the BRZ facility, exploring different layouts, process configurations, and technology choices. Evaluate the pros and cons of each alternative based on cost, performance, and feasibility. Deliverables: Conceptual design reports, comparative analysis.

Resources needed:
• Architect
• Process Engineer
• Civil Engineer
• Cost Estimator",12/23/2026,1/4/2027,0,6d5153eb-c652-442e-bdab-fcb84af59a70,PlanExe
96b9bcf2-d962-4065-b90d-922a8455e270,Select Preferred Design Concept,"Select Preferred Design Concept

Description:
Evaluate the conceptual design alternatives based on established criteria, such as cost-effectiveness, environmental impact, and operational efficiency. Select the preferred design concept for further development. Deliverables: Design selection report, stakeholder approval.

Resources needed:
• Project Manager
• Engineering Team
• Stakeholders
• Decision Makers",1/4/2027,1/16/2027,0,54abccc7-704b-4ddf-99b7-0b77cef9c086,PlanExe
6275efbf-10ec-4072-8f25-18298cd58811,Create Detailed Engineering Drawings,"Create Detailed Engineering Drawings

Description:
Develop detailed engineering drawings and specifications for all aspects of the BRZ facility, including architectural, structural, mechanical, electrical, and plumbing systems. Ensure compliance with all applicable codes and regulations. Deliverables: Engineering drawings, specifications.

Resources needed:
• Architect
• Structural Engineer
• Mechanical Engineer
• Electrical Engineer
• Plumbing Engineer",1/16/2027,1/28/2027,0,96b9bcf2-d962-4065-b90d-922a8455e270,PlanExe
8ca50288-aca2-49d3-bb1d-b01b370ffa9b,Obtain Design Approvals and Permits,"Obtain Design Approvals and Permits

Description:
Submit the detailed design drawings and specifications to relevant regulatory agencies for review and approval. Obtain all necessary permits and licenses for construction. Deliverables: Approved design documents, construction permits.

Resources needed:
• Permitting Specialist
• Legal Counsel
• Project Manager
• Regulatory Agencies",1/28/2027,2/9/2027,0,eb9881a0-b8c0-4e45-bfda-9df622e6d101,PlanExe
76d09e51-e328-4e76-bd6e-5919562e142b,Procure Equipment and Materials,,2/9/2027,5/10/2027,0,eb9881a0-b8c0-4e45-bfda-9df622e6d101,PlanExe
f5c27d80-dabd-4d8c-9359-e067b3e32af0,Identify Equipment and Material Needs,"Identify Equipment and Material Needs

Description:
Define the specific equipment and materials required for the BRZ facility, including hydrothermal carbonization units, filtration systems, pumps, pipes, and construction materials. This involves reviewing the facility design and specifications to create a comprehensive list of items needed.

Resources needed:
• Process Engineer
• Facility Designer
• Procurement Specialist",2/9/2027,2/27/2027,0,76d09e51-e328-4e76-bd6e-5919562e142b,PlanExe
22a3f721-ca7c-406d-9971-6d62c1851a13,Research and Evaluate Potential Suppliers,"Research and Evaluate Potential Suppliers

Description:
Identify potential suppliers for the required equipment and materials. This includes researching suppliers' reputations, product quality, pricing, and delivery timelines. Evaluate suppliers based on predefined criteria to create a shortlist of qualified vendors.

Resources needed:
• Procurement Specialist
• Quality Control Engineer
• Market Analyst",2/27/2027,3/17/2027,0,f5c27d80-dabd-4d8c-9359-e067b3e32af0,PlanExe
6241e62d-1694-45f5-96a6-f630ba446a00,Prepare and Issue Requests for Quotation (RFQs),"Prepare and Issue Requests for Quotation (RFQs)

Description:
Develop detailed RFQs that clearly specify the required equipment and materials, including technical specifications, quantities, delivery requirements, and payment terms. Issue the RFQs to the shortlisted suppliers and manage the quotation process.

Resources needed:
• Procurement Specialist
• Contract Administrator
• Technical Writer",3/17/2027,4/4/2027,0,22a3f721-ca7c-406d-9971-6d62c1851a13,PlanExe
ae711a9a-8e46-46cd-8de7-fbf93dd5f15c,Analyze Quotations and Select Suppliers,"Analyze Quotations and Select Suppliers

Description:
Evaluate the quotations received from suppliers based on predefined criteria, including price, quality, delivery timelines, and supplier reputation. Conduct negotiations with suppliers to secure the best possible terms and conditions. Select the suppliers for each item based on the evaluation results.

Resources needed:
• Procurement Specialist
• Cost Accountant
• Legal Counsel",4/4/2027,4/22/2027,0,6241e62d-1694-45f5-96a6-f630ba446a00,PlanExe
e68bdb5c-e0bd-4806-9a8f-7a8926a9abe2,Issue Purchase Orders and Manage Deliveries,"Issue Purchase Orders and Manage Deliveries

Description:
Prepare and issue purchase orders to the selected suppliers, specifying the agreed-upon terms and conditions. Track the progress of deliveries and coordinate with suppliers to ensure timely arrival of equipment and materials at the BRZ facility construction site. Manage any issues or discrepancies that arise during the delivery process.

Resources needed:
• Procurement Specialist
• Logistics Coordinator
• Warehouse Manager",4/22/2027,5/10/2027,0,76d09e51-e328-4e76-bd6e-5919562e142b,PlanExe
3c8f851a-f6ff-440b-b3ba-6795370e6d14,Construct BRZ Facility,,5/10/2027,12/21/2027,0,76d09e51-e328-4e76-bd6e-5919562e142b,PlanExe
978af3a5-71ea-4bdd-bfee-53ab91e2f01a,Prepare site for construction,"Prepare site for construction

Description:
Clear the site, perform necessary soil testing, and prepare the foundation for the BRZ facility.

Resources needed:
• Construction crew
• Heavy equipment operators
• Surveyors
• Geotechnical engineers",5/10/2027,6/24/2027,0,3c8f851a-f6ff-440b-b3ba-6795370e6d14,PlanExe
7a3a2081-7f91-43fd-a0f3-624cd8829bb1,Erect building structure,"Erect building structure

Description:
Construct the main building framework, including walls, roof, and support structures, according to the approved design plans.

Resources needed:
• Construction crew
• Steelworkers
• Carpenters
• Crane operators
• Building inspectors",6/24/2027,8/8/2027,0,978af3a5-71ea-4bdd-bfee-53ab91e2f01a,PlanExe
198918c9-2cab-4171-b37c-196668580bc0,Install utilities and infrastructure,"Install utilities and infrastructure

Description:
Install essential utilities such as water, electricity, gas, and wastewater connections, ensuring compliance with local regulations.

Resources needed:
• Plumbers
• Electricians
• HVAC technicians
• Civil engineers
• Utility company representatives",8/8/2027,9/22/2027,0,7a3a2081-7f91-43fd-a0f3-624cd8829bb1,PlanExe
b0388cbc-ba93-4345-9ea0-0ffe73252af5,Complete interior and exterior finishes,"Complete interior and exterior finishes

Description:
Install interior walls, flooring, ceilings, and exterior cladding, ensuring aesthetic appeal and functionality.

Resources needed:
• Carpenters
• Painters
• Tile setters
• Landscapers
• Interior designers",9/22/2027,11/6/2027,0,198918c9-2cab-4171-b37c-196668580bc0,PlanExe
a4776bc2-82d6-4f47-8e13-da7231677701,Implement safety protocols,"Implement safety protocols

Description:
Establish and enforce safety protocols throughout the construction process to minimize risks and ensure worker well-being.

Resources needed:
• Safety officers
• Construction supervisors
• First aid personnel
• Personal protective equipment (PPE)",11/6/2027,12/21/2027,0,3c8f851a-f6ff-440b-b3ba-6795370e6d14,PlanExe
f47e6a5a-ca95-4a26-939b-75f12a57dbdb,Install and Test Equipment,,12/21/2027,3/5/2028,0,3c8f851a-f6ff-440b-b3ba-6795370e6d14,PlanExe
23fda1fe-a742-4f46-b637-dc9498114b04,Prepare equipment installation site,"Prepare equipment installation site

Description:
Objective: Ensure the BRZ facility is ready for equipment installation.
Scope: Site preparation, safety checks, and necessary infrastructure adjustments.
Steps: Clear the area, verify power and water connections, conduct safety inspections.
Deliverables: A prepared and safe installation site.

Resources needed:
• Construction crew
• Site supervisor
• Safety inspector",12/21/2027,1/5/2028,0,f47e6a5a-ca95-4a26-939b-75f12a57dbdb,PlanExe
d5efe4ac-89f2-4653-9ae3-b7df9fb99f49,Install hydrothermal carbonization unit,"Install hydrothermal carbonization unit

Description:
Objective: Install the hydrothermal carbonization equipment according to manufacturer specifications.
Scope: Unpacking, positioning, and connecting the unit.
Steps: Unpack the unit, position it in the designated area, connect to power and water, verify connections.
Deliverables: A correctly installed hydrothermal carbonization unit.

Resources needed:
• Hydrothermal carbonization technician
• Equipment supplier representative
• Electrician
• Plumber",1/5/2028,1/20/2028,0,23fda1fe-a742-4f46-b637-dc9498114b04,PlanExe
7e56e854-af10-4aa1-bb19-ddd7671716bd,Install high-pressure filtration system,"Install high-pressure filtration system

Description:
Objective: Install the high-pressure filtration system according to manufacturer specifications.
Scope: Unpacking, positioning, and connecting the system.
Steps: Unpack the system, position it in the designated area, connect to power and water, verify connections.
Deliverables: A correctly installed high-pressure filtration system.

Resources needed:
• Filtration system technician
• Equipment supplier representative
• Electrician
• Plumber",1/20/2028,2/4/2028,0,d5efe4ac-89f2-4653-9ae3-b7df9fb99f49,PlanExe
a1f15330-16f4-4288-8907-8887aeaea842,Conduct initial equipment testing,"Conduct initial equipment testing

Description:
Objective: Verify the functionality of the installed equipment.
Scope: Running initial tests, checking for leaks, and calibrating sensors.
Steps: Power on the equipment, run initial tests, check for leaks, calibrate sensors, record results.
Deliverables: A report detailing the results of the initial equipment testing.

Resources needed:
• Process engineer
• Equipment technicians
• Data analyst",2/4/2028,2/19/2028,0,7e56e854-af10-4aa1-bb19-ddd7671716bd,PlanExe
3409e6a6-cea6-4bc2-97d5-f40c1588bd4e,Calibrate and optimize equipment settings,"Calibrate and optimize equipment settings

Description:
Objective: Fine-tune equipment settings for optimal performance.
Scope: Adjusting parameters, monitoring output, and documenting changes.
Steps: Adjust equipment parameters, monitor output, document changes, repeat until optimal performance is achieved.
Deliverables: Optimized equipment settings and documentation.

Resources needed:
• Process engineer
• Equipment technicians
• Data analyst",2/19/2028,3/5/2028,0,f47e6a5a-ca95-4a26-939b-75f12a57dbdb,PlanExe
af0985e0-303f-471a-9b2b-17da8bb7acc1,Commission BRZ Facility,,3/5/2028,4/19/2028,0,3da1d2ae-6544-4bfd-bce9-9a3020931b1a,PlanExe
b09fe70d-3151-487e-b421-a327c587664c,Verify Equipment Installation and Connections,"Verify Equipment Installation and Connections

Description:
Objective: Ensure all equipment is correctly installed and connected according to specifications.
Scope: Includes all mechanical, electrical, and plumbing connections for each piece of equipment.
Steps: Visually inspect connections, perform continuity tests, and verify pressure ratings.
Deliverables: Signed checklist confirming proper installation.

Resources needed:
• Engineers
• Technicians
• Installation Manuals
• Testing Equipment",3/5/2028,3/14/2028,0,af0985e0-303f-471a-9b2b-17da8bb7acc1,PlanExe
778cb022-be35-49e9-b75c-4f01d349517e,Conduct Initial System Startup and Testing,"Conduct Initial System Startup and Testing

Description:
Objective: Perform initial startup of the system and conduct basic functionality tests.
Scope: Includes powering up equipment, verifying basic operations, and identifying any immediate issues.
Steps: Follow startup procedures, monitor system parameters, and record test results.
Deliverables: Startup report with test results and identified issues.

Resources needed:
• Engineers
• Operators
• Startup Procedures
• Monitoring Equipment",3/14/2028,3/23/2028,0,b09fe70d-3151-487e-b421-a327c587664c,PlanExe
1d95c1b9-f4eb-41af-8de4-35bbd9cdae5d,Optimize Process Parameters for Performance,"Optimize Process Parameters for Performance

Description:
Objective: Fine-tune process parameters to achieve optimal performance and efficiency.
Scope: Includes adjusting flow rates, temperatures, pressures, and other relevant parameters.
Steps: Conduct experiments, analyze data, and adjust parameters based on results.
Deliverables: Optimized parameter settings and performance data.

Resources needed:
• Process Engineers
• Data Analysis Tools
• Experimental Setup
• Wastewater Samples",3/23/2028,4/1/2028,0,778cb022-be35-49e9-b75c-4f01d349517e,PlanExe
fdab9644-14eb-4258-a7d8-26328148cec1,Train Operators on System Operation,"Train Operators on System Operation

Description:
Objective: Provide comprehensive training to operators on the proper operation of the system.
Scope: Includes classroom instruction, hands-on training, and on-the-job mentoring.
Steps: Develop training materials, conduct training sessions, and assess operator competency.
Deliverables: Trained operators and training records.

Resources needed:
• Trainers
• Training Materials
• System Documentation
• Operators",4/1/2028,4/10/2028,0,1d95c1b9-f4eb-41af-8de4-35bbd9cdae5d,PlanExe
dc7816bf-eb2b-42d9-a28c-a4af229adda8,Finalize Commissioning Report and Documentation,"Finalize Commissioning Report and Documentation

Description:
Objective: Prepare a comprehensive commissioning report documenting the entire process and results.
Scope: Includes compiling all test data, reports, and documentation.
Steps: Review all data, prepare the report, and obtain necessary approvals.
Deliverables: Final commissioning report and documentation package.

Resources needed:
• Engineers
• Technical Writers
• Project Manager
• All Test Data",4/10/2028,4/19/2028,0,af0985e0-303f-471a-9b2b-17da8bb7acc1,PlanExe
84f8a0db-754e-4f95-928a-be6378761792,Basis-Nahrung Production & Quality Control,,4/19/2028,11/1/2028,0,3da1d2ae-6544-4bfd-bce9-9a3020931b1a,PlanExe
f2264f33-0473-4dbc-9b26-a20c4de6a508,Establish Production Processes,,4/19/2028,6/6/2028,0,84f8a0db-754e-4f95-928a-be6378761792,PlanExe
0bd60fcd-6166-4d76-8f13-8da5689ce114,Optimize Hydrothermal Carbonization Process,"Optimize Hydrothermal Carbonization Process

Description:
Refine the hydrothermal carbonization process to maximize efficiency and nutrient extraction. This includes adjusting temperature, pressure, and residence time to achieve optimal results. Deliverables: Optimized process parameters and documented procedures.

Resources needed:
• Process Engineer
• Chemical Engineer
• Hydrothermal Carbonization Equipment
• Lab Technicians",4/19/2028,5/1/2028,0,f2264f33-0473-4dbc-9b26-a20c4de6a508,PlanExe
7e664add-bf4e-45c1-9df1-815a3fa1eb85,Optimize High-Pressure Filtration Process,"Optimize High-Pressure Filtration Process

Description:
Refine the high-pressure filtration process to maximize solid-liquid separation and nutrient concentration. This includes selecting appropriate filter media, optimizing pressure settings, and implementing backwashing procedures. Deliverables: Optimized filtration parameters and documented procedures.

Resources needed:
• Process Engineer
• Mechanical Engineer
• High-Pressure Filtration Equipment
• Lab Technicians",5/1/2028,5/13/2028,0,0bd60fcd-6166-4d76-8f13-8da5689ce114,PlanExe
3e499acc-9111-4a30-aa83-b2ec156a304d,Develop Standard Operating Procedures (SOPs),"Develop Standard Operating Procedures (SOPs)

Description:
Create detailed SOPs for operating and maintaining the hydrothermal carbonization and high-pressure filtration equipment. These SOPs should cover all aspects of the process, from startup to shutdown, and include safety precautions and troubleshooting guidelines. Deliverables: Comprehensive SOP documentation.

Resources needed:
• Process Engineer
• Operations Manager
• Safety Officer
• Technical Writer",5/13/2028,5/25/2028,0,7e664add-bf4e-45c1-9df1-815a3fa1eb85,PlanExe
099b4a4b-a1ce-4ddf-b46a-2c70e796479c,Train Personnel on Production Processes,"Train Personnel on Production Processes

Description:
Provide comprehensive training to operators and maintenance staff on the optimized production processes and SOPs. This training should include both classroom instruction and hands-on experience. Deliverables: Trained and certified personnel.

Resources needed:
• Training Manager
• Process Engineer
• Experienced Operators
• Training Materials",5/25/2028,6/6/2028,0,f2264f33-0473-4dbc-9b26-a20c4de6a508,PlanExe
4f0f965c-cee0-478c-b000-7caa596e392c,Source Wastewater and Other Waste Streams,,6/6/2028,6/21/2028,0,f2264f33-0473-4dbc-9b26-a20c4de6a508,PlanExe
53ab6c87-debe-408e-ae0e-e54caaf454d9,Map wastewater sources and volumes,"Map wastewater sources and volumes

Description:
Identify all potential wastewater sources in Berlin and estimate their daily/weekly/monthly volumes. This includes wastewater treatment plants, industrial facilities, and other relevant sources. Create a detailed map showing the locations and capacities of each source.

Resources needed:
• GIS specialist
• Data analyst
• Wastewater engineer",6/6/2028,6/9/2028,0,4f0f965c-cee0-478c-b000-7caa596e392c,PlanExe
7e043f3b-7280-400d-aaef-3b08c9a63674,Assess wastewater composition variability,"Assess wastewater composition variability

Description:
Analyze historical data and conduct sampling to determine the variability in wastewater composition across different sources and seasons. Identify key parameters such as nutrient levels, organic matter content, and potential contaminants. This will inform the design of the treatment process.

Resources needed:
• Chemist
• Laboratory technicians
• Sampling equipment",6/9/2028,6/12/2028,0,53ab6c87-debe-408e-ae0e-e54caaf454d9,PlanExe
45f4e0b8-f8ff-4d3a-8066-5d68ed15cd52,Negotiate wastewater supply agreements,"Negotiate wastewater supply agreements

Description:
Establish formal agreements with wastewater treatment plants and other sources to secure a reliable and consistent supply of wastewater for the BRZ facility. Define terms related to volume, quality, pricing, and delivery schedules.

Resources needed:
• Legal counsel
• Contract specialist
• Project manager",6/12/2028,6/15/2028,0,7e043f3b-7280-400d-aaef-3b08c9a63674,PlanExe
2d70a488-7997-4614-ae07-6255c518555e,Develop wastewater storage strategy,"Develop wastewater storage strategy

Description:
Design a wastewater storage system to buffer against fluctuations in supply and ensure a continuous feed to the BRZ facility. Determine the required storage capacity, tank design, and operational procedures.

Resources needed:
• Civil engineer
• Process engineer
• Environmental engineer",6/15/2028,6/18/2028,0,45f4e0b8-f8ff-4d3a-8066-5d68ed15cd52,PlanExe
482d8985-638d-4185-9ba7-b2e1cc9ee25c,Evaluate alternative waste stream integration,"Evaluate alternative waste stream integration

Description:
Investigate the potential for integrating other waste streams (e.g., food waste, agricultural residues) into the BRZ process to enhance nutrient recovery and reduce reliance on wastewater alone. Assess the feasibility and benefits of co-digestion or other integrated treatment approaches.

Resources needed:
• Waste management specialist
• Process engineer
• Environmental scientist",6/18/2028,6/21/2028,0,4f0f965c-cee0-478c-b000-7caa596e392c,PlanExe
a3e24827-aec1-4d56-964e-38680f20fc17,Produce Basis-Nahrung Blocks,,6/21/2028,8/8/2028,0,4f0f965c-cee0-478c-b000-7caa596e392c,PlanExe
1679a355-0487-4664-820d-07c305855e37,Prepare wastewater for processing,"Prepare wastewater for processing

Description:
Objective: Ensure wastewater meets required quality standards for Basis-Nahrung production.
Scope: Includes pre-treatment steps like screening, grit removal, and primary clarification.
Steps: 1. Collect wastewater samples. 2. Analyze wastewater composition. 3. Adjust pH levels. 4. Remove large debris and solids.
Deliverables: Treated wastewater ready for hydrothermal carbonization.

Resources needed:
• Wastewater treatment technicians
• Pre-treatment equipment
• Chemicals for pH adjustment
• Testing laboratory",6/21/2028,7/3/2028,0,a3e24827-aec1-4d56-964e-38680f20fc17,PlanExe
589c13d4-0b46-45bd-aeac-6993da0f5933,Operate hydrothermal carbonization unit,"Operate hydrothermal carbonization unit

Description:
Objective: Convert wastewater sludge into hydrochar.
Scope: Includes operating and maintaining the hydrothermal carbonization equipment.
Steps: 1. Load pre-treated wastewater sludge into the reactor. 2. Monitor temperature and pressure. 3. Collect hydrochar. 4. Clean the reactor.
Deliverables: Hydrochar ready for filtration.

Resources needed:
• Hydrothermal carbonization operators
• Hydrothermal carbonization equipment
• Safety equipment
• Maintenance personnel",7/3/2028,7/15/2028,0,1679a355-0487-4664-820d-07c305855e37,PlanExe
5bc7837e-5f8e-466d-bb52-b8c820a55bb7,Perform high-pressure filtration of hydrochar,"Perform high-pressure filtration of hydrochar

Description:
Objective: Separate solids from liquid after hydrothermal carbonization.
Scope: Includes operating and maintaining the high-pressure filtration equipment.
Steps: 1. Load hydrochar slurry into the filter press. 2. Apply high pressure to separate solids. 3. Collect solid Basis-Nahrung. 4. Dispose of filtrate.
Deliverables: Solid Basis-Nahrung blocks.

Resources needed:
• Filtration technicians
• High-pressure filtration equipment
• Filtration membranes
• Waste disposal services",7/15/2028,7/27/2028,0,589c13d4-0b46-45bd-aeac-6993da0f5933,PlanExe
c4882a5f-b207-411b-a167-f839128de0d3,Shape and package Basis-Nahrung blocks,"Shape and package Basis-Nahrung blocks

Description:
Objective: Prepare Basis-Nahrung blocks for distribution.
Scope: Includes shaping the filtered solids into uniform blocks and packaging them for storage and transport.
Steps: 1. Mold the filtered solids into blocks. 2. Weigh and inspect each block. 3. Package the blocks in food-grade wrapping. 4. Label the packages.
Deliverables: Packaged Basis-Nahrung blocks ready for distribution.

Resources needed:
• Packaging technicians
• Molding equipment
• Packaging materials
• Labeling equipment",7/27/2028,8/8/2028,0,a3e24827-aec1-4d56-964e-38680f20fc17,PlanExe
46427088-50bb-4cf6-9bc7-5f16fc6609bd,Implement Quality Control Procedures,,8/8/2028,9/2/2028,0,a3e24827-aec1-4d56-964e-38680f20fc17,PlanExe
d1824951-0ccd-4d04-aaef-87df38215c7d,Define Critical Quality Parameters,"Define Critical Quality Parameters

Description:
Identify key nutritional and safety parameters for Basis-Nahrung, including nutrient levels, contaminant limits, and physical characteristics. This involves reviewing relevant regulations, scientific literature, and expert opinions.

Resources needed:
• Nutritional Scientist
• Food Safety Expert
• Regulatory Specialist",8/8/2028,8/13/2028,0,46427088-50bb-4cf6-9bc7-5f16fc6609bd,PlanExe
0cd8aa41-7d3d-4129-ad6b-001b47cb4c70,Develop Sampling and Testing Protocols,"Develop Sampling and Testing Protocols

Description:
Establish standardized procedures for collecting samples of Basis-Nahrung at various stages of production. Define testing methods for each critical quality parameter, including frequency, sample size, and acceptance criteria.

Resources needed:
• Quality Control Manager
• Laboratory Technician
• Process Engineer",8/13/2028,8/18/2028,0,d1824951-0ccd-4d04-aaef-87df38215c7d,PlanExe
f4495dcb-4d9f-4e97-882d-d98399084b3d,Train Personnel on QC Procedures,"Train Personnel on QC Procedures

Description:
Provide comprehensive training to production staff and quality control personnel on the established sampling and testing protocols. Ensure they understand the importance of accurate data collection and adherence to procedures.

Resources needed:
• Training Coordinator
• Quality Control Manager
• Experienced Technicians",8/18/2028,8/23/2028,0,0cd8aa41-7d3d-4129-ad6b-001b47cb4c70,PlanExe
af6dfd9a-51c9-4e40-be09-929d3263aaf0,Implement Data Recording and Analysis,"Implement Data Recording and Analysis

Description:
Establish a system for recording and analyzing quality control data. This includes developing data entry forms, creating databases, and implementing statistical analysis methods to identify trends and deviations.

Resources needed:
• Data Analyst
• IT Specialist
• Quality Control Manager",8/23/2028,8/28/2028,0,f4495dcb-4d9f-4e97-882d-d98399084b3d,PlanExe
fd9cb9db-f594-4613-a3e0-1f702ccddecf,Establish Corrective Action Procedures,"Establish Corrective Action Procedures

Description:
Define procedures for addressing any deviations from quality standards. This includes identifying root causes, implementing corrective actions, and verifying the effectiveness of those actions.

Resources needed:
• Quality Control Manager
• Process Engineer
• Production Supervisor",8/28/2028,9/2/2028,0,46427088-50bb-4cf6-9bc7-5f16fc6609bd,PlanExe
60e8aff2-4c4b-41ba-84cc-726e1b971a20,Conduct Nutritional and Safety Testing,,9/2/2028,11/1/2028,0,84f8a0db-754e-4f95-928a-be6378761792,PlanExe
2821ad33-77e5-4c6c-888a-a73cb34a470d,Prepare samples for lab analysis,"Prepare samples for lab analysis

Description:
Collect representative samples of Basis-Nahrung for nutritional and safety testing. Ensure proper labeling and storage to maintain sample integrity.

Resources needed:
• Lab technicians
• Sampling equipment
• Storage containers",9/2/2028,9/14/2028,0,60e8aff2-4c4b-41ba-84cc-726e1b971a20,PlanExe
36eb8e75-274f-4371-b90f-7070cc203ee0,Coordinate with certified testing laboratories,"Coordinate with certified testing laboratories

Description:
Establish communication with certified laboratories. Schedule testing appointments and ensure timely delivery of samples.

Resources needed:
• Project coordinator
• Testing laboratory personnel",9/14/2028,9/26/2028,0,2821ad33-77e5-4c6c-888a-a73cb34a470d,PlanExe
8d21a252-a0fc-4dbd-b710-ecd8f964d92b,Analyze nutritional content of Basis-Nahrung,"Analyze nutritional content of Basis-Nahrung

Description:
Determine the levels of essential vitamins, minerals, and macronutrients in Basis-Nahrung. Compare results against recommended daily allowances.

Resources needed:
• Nutritional scientist
• Laboratory equipment",9/26/2028,10/8/2028,0,36eb8e75-274f-4371-b90f-7070cc203ee0,PlanExe
84b037d2-acbf-42c9-bd2c-bfd96c0d3f64,Assess safety and identify contaminants,"Assess safety and identify contaminants

Description:
Test for the presence of harmful chemicals, heavy metals, and pathogens in Basis-Nahrung. Compare results against established safety limits.

Resources needed:
• Food safety toxicologist
• Laboratory equipment",10/8/2028,10/20/2028,0,8d21a252-a0fc-4dbd-b710-ecd8f964d92b,PlanExe
87594901-8428-44e2-a4e9-54b674deba94,Review test results and generate reports,"Review test results and generate reports

Description:
Analyze the test results and prepare comprehensive reports summarizing the nutritional content and safety of Basis-Nahrung. Identify any potential risks or areas for improvement.

Resources needed:
• Nutritional scientist
• Food safety toxicologist
• Report writer",10/20/2028,11/1/2028,0,60e8aff2-4c4b-41ba-84cc-726e1b971a20,PlanExe
b362d8f6-3e93-4eff-955e-82d3782295e4,Distribution Network & Logistics,,11/1/2028,5/27/2029,0,84f8a0db-754e-4f95-928a-be6378761792,PlanExe
cc0db917-8cde-4777-a6ed-f3da78228be5,Design Distribution Network,,11/1/2028,12/16/2028,0,b362d8f6-3e93-4eff-955e-82d3782295e4,PlanExe
bb5555b1-0138-44a4-93a6-af098c25d1da,Identify potential distribution center locations (1),"Identify potential distribution center locations

Description:
Objective: Identify suitable locations for distribution centers based on proximity to target population, transportation infrastructure, and zoning regulations.
Scope: Conduct site surveys, analyze demographic data, and assess transportation networks.
Steps: 1. Define selection criteria. 2. Identify potential sites. 3. Evaluate sites based on criteria. 4. Rank sites based on suitability.
Deliverables: List of potential distribution center locations with detailed site assessments.

Resources needed:
• Real estate analyst
• GIS specialist
• Transportation planner",11/1/2028,11/10/2028,0,cc0db917-8cde-4777-a6ed-f3da78228be5,PlanExe
1844fad3-8509-41ab-9678-0fb6a5d564f0,Negotiate lease agreements or purchase options,"Negotiate lease agreements or purchase options

Description:
Objective: Secure lease agreements or purchase options for selected distribution center locations.
Scope: Negotiate terms and conditions with property owners, conduct due diligence, and finalize legal agreements.
Steps: 1. Contact property owners. 2. Negotiate lease or purchase terms. 3. Conduct due diligence. 4. Finalize legal agreements.
Deliverables: Signed lease agreements or purchase options for distribution center locations.

Resources needed:
• Real estate lawyer
• Negotiator
• Financial analyst",11/10/2028,11/19/2028,0,bb5555b1-0138-44a4-93a6-af098c25d1da,PlanExe
d7407e8f-efd9-431c-98ca-f2b3012936bf,Obtain necessary permits and approvals,"Obtain necessary permits and approvals

Description:
Objective: Obtain all necessary permits and approvals for the construction or renovation of distribution centers.
Scope: Prepare permit applications, submit to relevant authorities, and address any concerns or requirements.
Steps: 1. Identify required permits. 2. Prepare permit applications. 3. Submit applications. 4. Address any concerns. 5. Obtain approvals.
Deliverables: All necessary permits and approvals for distribution center construction or renovation.

Resources needed:
• Permitting specialist
• Environmental consultant
• Legal counsel",11/19/2028,11/28/2028,0,1844fad3-8509-41ab-9678-0fb6a5d564f0,PlanExe
1e022234-c430-4286-af30-37c032be0764,Design distribution center layouts,"Design distribution center layouts

Description:
Objective: Design efficient and functional layouts for distribution centers to optimize storage, handling, and distribution of Basis-Nahrung.
Scope: Develop detailed floor plans, specify equipment requirements, and ensure compliance with safety regulations.
Steps: 1. Define layout requirements. 2. Develop preliminary layouts. 3. Refine layouts based on feedback. 4. Finalize layout designs.
Deliverables: Detailed distribution center layout designs with equipment specifications.

Resources needed:
• Logistics engineer
• Architect
• Warehouse designer",11/28/2028,12/7/2028,0,d7407e8f-efd9-431c-98ca-f2b3012936bf,PlanExe
29a6a995-290e-4c3b-8247-591694d2b9bb,Prepare sites for construction or renovation,"Prepare sites for construction or renovation

Description:
Objective: Prepare selected sites for construction or renovation of distribution centers, including demolition, site clearing, and infrastructure upgrades.
Scope: Conduct site assessments, develop construction plans, and manage construction activities.
Steps: 1. Conduct site assessments. 2. Develop construction plans. 3. Manage construction activities. 4. Ensure site readiness.
Deliverables: Sites prepared for construction or renovation of distribution centers.

Resources needed:
• Construction manager
• Civil engineer
• Construction crew",12/7/2028,12/16/2028,0,cc0db917-8cde-4777-a6ed-f3da78228be5,PlanExe
e6f31e67-709c-440f-b313-37e725e7b5b0,Establish Distribution Centers,,12/16/2028,2/14/2029,0,cc0db917-8cde-4777-a6ed-f3da78228be5,PlanExe
8fa682b1-2231-41b8-b66d-2c016134ece6,Identify potential distribution center locations (2),"Identify potential distribution center locations

Description:
Research and identify suitable locations for establishing distribution centers, considering factors like accessibility, proximity to target population, and zoning regulations.

Resources needed:
• Real estate agent
• GIS specialist
• Urban planner",12/16/2028,12/28/2028,0,e6f31e67-709c-440f-b313-37e725e7b5b0,PlanExe
5ceeca2a-ebb1-496d-9c19-ce78b44c5196,Negotiate lease agreements or purchase properties,"Negotiate lease agreements or purchase properties

Description:
Negotiate lease agreements or purchase properties for the selected distribution center locations, ensuring favorable terms and conditions.

Resources needed:
• Lawyer
• Real estate negotiator
• Financial analyst",12/28/2028,1/9/2029,0,8fa682b1-2231-41b8-b66d-2c016134ece6,PlanExe
87d4de63-78bc-4ab6-89dc-e9c9c27bbb53,Renovate or construct distribution centers,"Renovate or construct distribution centers

Description:
Oversee the renovation or construction of the distribution centers, ensuring compliance with building codes and safety regulations.

Resources needed:
• Construction manager
• Architect
• Contractors
• Engineers",1/9/2029,1/21/2029,0,5ceeca2a-ebb1-496d-9c19-ce78b44c5196,PlanExe
70eac144-83e5-4d8f-8941-eb3b85f9e7a8,Procure and install necessary equipment,"Procure and install necessary equipment

Description:
Procure and install necessary equipment for the distribution centers, such as refrigeration units, storage racks, and transportation vehicles.

Resources needed:
• Procurement specialist
• Logistics coordinator
• Installation technicians",1/21/2029,2/2/2029,0,87d4de63-78bc-4ab6-89dc-e9c9c27bbb53,PlanExe
f78fcb7c-f349-4001-8c68-8254f26f1879,Obtain necessary permits and licenses,"Obtain necessary permits and licenses

Description:
Obtain all necessary permits and licenses for operating the distribution centers, ensuring compliance with local regulations.

Resources needed:
• Permitting specialist
• Legal counsel",2/2/2029,2/14/2029,0,e6f31e67-709c-440f-b313-37e725e7b5b0,PlanExe
1ebd85b7-275f-43a0-b47d-928029ae69c3,Develop Logistics Plan,,2/14/2029,3/11/2029,0,e6f31e67-709c-440f-b313-37e725e7b5b0,PlanExe
0dda2a60-e9d9-447e-bfb3-6b119b7d9b28,Define delivery routes and schedules,"Define delivery routes and schedules

Description:
Establish optimal delivery routes considering factors like distance, traffic, and recipient locations. Create delivery schedules that ensure timely and efficient distribution of Basis-Nahrung.

Resources needed:
• Logistics Coordinator
• Transportation Planner
• GIS Software",2/14/2029,2/19/2029,0,1ebd85b7-275f-43a0-b47d-928029ae69c3,PlanExe
98240ba9-e417-4c67-805b-02fa784bdb31,Select transportation methods and vehicles,"Select transportation methods and vehicles

Description:
Determine the most suitable transportation methods (e.g., trucks, vans, bicycles) and vehicle types based on factors like volume, distance, and accessibility. Consider refrigerated transport if needed.

Resources needed:
• Logistics Coordinator
• Transportation Specialist
• Vehicle Procurement Team",2/19/2029,2/24/2029,0,0dda2a60-e9d9-447e-bfb3-6b119b7d9b28,PlanExe
815fad56-1c34-464e-9a73-a2c7cebeebe1,Establish warehousing and storage protocols,"Establish warehousing and storage protocols

Description:
Develop protocols for warehousing and storage of Basis-Nahrung, including temperature control, inventory management, and security measures. Ensure compliance with food safety regulations.

Resources needed:
• Warehouse Manager
• Food Safety Specialist
• Inventory Management System",2/24/2029,3/1/2029,0,98240ba9-e417-4c67-805b-02fa784bdb31,PlanExe
1d22c6f5-6851-4254-a4f9-85e85240322b,Develop tracking and monitoring system,"Develop tracking and monitoring system

Description:
Implement a system for tracking and monitoring the movement of Basis-Nahrung from distribution centers to recipients. This system should provide real-time visibility and enable proactive issue resolution.

Resources needed:
• IT Specialist
• Logistics Coordinator
• Tracking Software",3/1/2029,3/6/2029,0,815fad56-1c34-464e-9a73-a2c7cebeebe1,PlanExe
b528b25a-face-4b74-aced-8335b9ef5a1c,Create contingency plans for disruptions,"Create contingency plans for disruptions

Description:
Develop contingency plans to address potential disruptions in the logistics plan, such as transportation delays, vehicle breakdowns, or warehouse closures. These plans should ensure continuity of distribution.

Resources needed:
• Logistics Coordinator
• Risk Management Specialist
• Emergency Response Team",3/6/2029,3/11/2029,0,1ebd85b7-275f-43a0-b47d-928029ae69c3,PlanExe
a4680131-ddff-4e2d-be18-83f92d50b516,Implement Distribution System,,3/11/2029,4/25/2029,0,1ebd85b7-275f-43a0-b47d-928029ae69c3,PlanExe
5f243565-1904-4ed7-9bb3-632c5cf7e0c2,Train Jobcenter staff on distribution system,"Train Jobcenter staff on distribution system

Description:
Provide comprehensive training to Jobcenter staff on the new distribution system, including software usage, data entry, and troubleshooting procedures. This ensures efficient and accurate distribution of Basis-Nahrung.

Resources needed:
• Training materials
• Trainers
• Jobcenter staff
• Distribution software",3/11/2029,3/20/2029,0,a4680131-ddff-4e2d-be18-83f92d50b516,PlanExe
98f71d9f-a612-447e-9dc3-abb1fad92d64,Set up recipient data in distribution system,"Set up recipient data in distribution system

Description:
Import and validate recipient data from the Bürgergeld system into the distribution software. This includes verifying addresses, contact information, and eligibility status to ensure accurate delivery of Basis-Nahrung.

Resources needed:
• Recipient data
• Data entry personnel
• Distribution software
• Data validation tools",3/20/2029,3/29/2029,0,5f243565-1904-4ed7-9bb3-632c5cf7e0c2,PlanExe
941b3295-7a82-4379-8dbe-6f04af2b8dfa,Test distribution system with pilot group,"Test distribution system with pilot group

Description:
Conduct a pilot test of the distribution system with a small group of Bürgergeld recipients to identify and resolve any technical issues or logistical challenges before full-scale implementation. Gather feedback from participants.

Resources needed:
• Pilot group participants
• Distribution software
• Logistics personnel
• Feedback forms",3/29/2029,4/7/2029,0,98f71d9f-a612-447e-9dc3-abb1fad92d64,PlanExe
eab5891f-5bd2-4e88-8712-f8913f8151a3,Establish communication channels with recipients,"Establish communication channels with recipients

Description:
Set up communication channels (e.g., phone hotline, email support, online portal) to provide recipients with information about the distribution system, answer questions, and address any concerns they may have. Ensure accessibility for all recipients.

Resources needed:
• Communication infrastructure
• Support staff
• Information materials
• Translation services",4/7/2029,4/16/2029,0,941b3295-7a82-4379-8dbe-6f04af2b8dfa,PlanExe
fea30d87-0d35-419b-946c-2bd63ec399d7,Refine distribution system based on feedback,"Refine distribution system based on feedback

Description:
Analyze feedback from the pilot test and initial implementation to identify areas for improvement in the distribution system. Implement necessary changes to optimize efficiency, user-friendliness, and recipient satisfaction.

Resources needed:
• Feedback data
• System developers
• Logistics personnel
• Project manager",4/16/2029,4/25/2029,0,a4680131-ddff-4e2d-be18-83f92d50b516,PlanExe
93aa2b54-a7fb-40ec-afa9-107ed445014b,Monitor Distribution Performance,,4/25/2029,5/27/2029,0,b362d8f6-3e93-4eff-955e-82d3782295e4,PlanExe
aaf81ce4-94c8-489e-a351-898bbd080cfb,Track Basis-Nahrung distribution data,"Track Basis-Nahrung distribution data

Description:
Objective: Collect and record data on the quantity of Basis-Nahrung distributed to recipients. Scope: Implement a system for tracking distribution data at each distribution point. Steps: 1. Design a data collection form or system. 2. Train distribution staff on data collection procedures. 3. Regularly collect and compile distribution data. Deliverables: A database or spreadsheet containing distribution data.

Resources needed:
• Distribution staff
• Data collection forms/system
• Database software",4/25/2029,5/3/2029,0,93aa2b54-a7fb-40ec-afa9-107ed445014b,PlanExe
49ffdf71-f47e-4c22-b544-02afea7ad058,Gather recipient feedback on distribution,"Gather recipient feedback on distribution

Description:
Objective: Collect feedback from recipients regarding their experience with the distribution process. Scope: Implement a system for gathering feedback from recipients. Steps: 1. Develop a feedback questionnaire or interview guide. 2. Conduct surveys or interviews with recipients. 3. Analyze feedback data to identify areas for improvement. Deliverables: A report summarizing recipient feedback and recommendations.

Resources needed:
• Survey/interview staff
• Feedback questionnaires/interview guides
• Data analysis software",5/3/2029,5/11/2029,0,aaf81ce4-94c8-489e-a351-898bbd080cfb,PlanExe
1ed6a111-6966-40f3-bbd0-9d66b90e4397,Analyze distribution efficiency and bottlenecks,"Analyze distribution efficiency and bottlenecks

Description:
Objective: Identify inefficiencies and bottlenecks in the distribution process. Scope: Analyze distribution data and recipient feedback to identify areas for improvement. Steps: 1. Analyze distribution data to identify trends and patterns. 2. Review recipient feedback to identify common complaints or concerns. 3. Conduct process mapping to identify bottlenecks. Deliverables: A report identifying distribution inefficiencies and bottlenecks.

Resources needed:
• Data analysts
• Process mapping software
• Distribution data
• Recipient feedback",5/11/2029,5/19/2029,0,49ffdf71-f47e-4c22-b544-02afea7ad058,PlanExe
50ec9a4e-e39d-4c15-971c-433dcaeb0c98,Report distribution performance to stakeholders,"Report distribution performance to stakeholders

Description:
Objective: Communicate distribution performance to relevant stakeholders. Scope: Prepare and distribute regular reports on distribution performance. Steps: 1. Develop a reporting template. 2. Compile distribution data and recipient feedback. 3. Prepare and distribute reports to stakeholders. Deliverables: Regular reports on distribution performance.

Resources needed:
• Report writers
• Reporting template
• Distribution data
• Recipient feedback",5/19/2029,5/27/2029,0,93aa2b54-a7fb-40ec-afa9-107ed445014b,PlanExe
4af7b0aa-fa49-4851-9361-ef3be65bc2c4,Welfare System Integration & Public Acceptance,,5/27/2029,5/17/2031,0,b362d8f6-3e93-4eff-955e-82d3782295e4,PlanExe
d19305aa-6234-409a-9ea1-2c319f95f613,Restructure Bürgergeld System,,5/27/2029,2/21/2030,0,4af7b0aa-fa49-4851-9361-ef3be65bc2c4,PlanExe
dc9f992a-3bfd-4e44-b61a-35b6d3ee4a34,Analyze Current Bürgergeld System,"Analyze Current Bürgergeld System

Description:
Objective: Understand the existing structure, processes, and challenges of the current Bürgergeld system.
Scope: Review relevant legislation, regulations, and operational procedures. Identify key stakeholders and their roles.
Steps: Gather documentation, conduct interviews with Jobcenter staff and recipients, analyze data on benefit distribution and outcomes.
Deliverables: A comprehensive report outlining the strengths and weaknesses of the current system.

Resources needed:
• Social policy analyst
• Data analyst
• Legal counsel",5/27/2029,7/20/2029,0,d19305aa-6234-409a-9ea1-2c319f95f613,PlanExe
cfd27b92-bc3e-4ce3-a041-5f036951d3dc,Design New Bürgergeld System Structure,"Design New Bürgergeld System Structure

Description:
Objective: Develop a revised system structure that integrates Basis-Nahrung distribution and addresses identified weaknesses.
Scope: Define eligibility criteria, benefit levels, distribution mechanisms, and monitoring procedures.
Steps: Develop system models, conduct simulations, and consult with stakeholders.
Deliverables: A detailed blueprint of the restructured Bürgergeld system.

Resources needed:
• Social policy analyst
• Economist
• System architect
• Legal counsel",7/20/2029,9/12/2029,0,dc9f992a-3bfd-4e44-b61a-35b6d3ee4a34,PlanExe
cb6dfa0f-4558-4346-864b-808847867edc,Develop Legal Framework for Restructuring,"Develop Legal Framework for Restructuring

Description:
Objective: Ensure the restructured system complies with all applicable laws and regulations.
Scope: Draft necessary amendments to existing legislation and regulations.
Steps: Conduct legal research, draft legal documents, and obtain legal approvals.
Deliverables: A legally sound framework for the restructured Bürgergeld system.

Resources needed:
• Legal counsel
• Legislative drafter",9/12/2029,11/5/2029,0,cfd27b92-bc3e-4ce3-a041-5f036951d3dc,PlanExe
a2be0f1a-6da3-4cff-907a-439c122d9600,Pilot Test Restructured System,"Pilot Test Restructured System

Description:
Objective: Evaluate the feasibility and effectiveness of the restructured system in a controlled environment.
Scope: Implement the system in a limited number of Jobcenters and monitor its performance.
Steps: Recruit participants, train staff, distribute Basis-Nahrung, collect data, and analyze results.
Deliverables: A comprehensive evaluation report with recommendations for further refinement.

Resources needed:
• Project manager
• Jobcenter staff
• Data analyst
• Social workers",11/5/2029,12/29/2029,0,cb6dfa0f-4558-4346-864b-808847867edc,PlanExe
d4454b83-e86a-4f14-b8e1-617e19e05d59,Implement Restructured System Statewide,"Implement Restructured System Statewide

Description:
Objective: Roll out the restructured system across all Jobcenters in Berlin.
Scope: Train staff, establish distribution networks, and monitor system performance.
Steps: Develop implementation plans, conduct training sessions, and provide ongoing support.
Deliverables: A fully operational restructured Bürgergeld system.

Resources needed:
• Project manager
• Training staff
• IT support
• Jobcenter staff",12/29/2029,2/21/2030,0,d19305aa-6234-409a-9ea1-2c319f95f613,PlanExe
e031d88d-6eeb-4fc7-89a1-f8de4787d525,Develop Public Acceptance Campaign,,2/21/2030,8/20/2030,0,d19305aa-6234-409a-9ea1-2c319f95f613,PlanExe
4da16cd9-fc55-493f-b173-93da1e872991,Define Target Audiences and Key Messages,"Define Target Audiences and Key Messages

Description:
Identify specific demographic groups and tailor messaging to resonate with their concerns and values. Develop core messages about Basis-Nahrung's benefits, safety, and necessity.

Resources needed:
• Marketing Specialist
• Public Relations Manager
• Sociologist",2/21/2030,3/29/2030,0,e031d88d-6eeb-4fc7-89a1-f8de4787d525,PlanExe
2c82300d-5706-4ef0-a816-a66cc6c66fd9,Develop Communication Channels and Materials,"Develop Communication Channels and Materials

Description:
Create a multi-channel communication strategy including online platforms, print media, community events, and partnerships with local organizations. Produce informative brochures, videos, and website content.

Resources needed:
• Graphic Designer
• Web Developer
• Content Writer
• Video Producer",3/29/2030,5/4/2030,0,4da16cd9-fc55-493f-b173-93da1e872991,PlanExe
ec1bd194-3b69-4135-9225-9a7e2ba93528,Engage Community Leaders and Influencers,"Engage Community Leaders and Influencers

Description:
Build relationships with trusted community leaders, healthcare professionals, and social media influencers to promote Basis-Nahrung and address misinformation. Organize town hall meetings and Q&A sessions.

Resources needed:
• Public Relations Manager
• Community Outreach Coordinator",5/4/2030,6/9/2030,0,2c82300d-5706-4ef0-a816-a66cc6c66fd9,PlanExe
ad6f4d79-3c9e-42d6-9126-7131ab48cf3f,Monitor Media Coverage and Public Sentiment,"Monitor Media Coverage and Public Sentiment

Description:
Track media coverage and social media conversations to identify emerging concerns and address negative narratives. Implement a crisis communication plan to respond to misinformation or public backlash.

Resources needed:
• Media Monitoring Service
• Social Media Analyst
• Public Relations Manager",6/9/2030,7/15/2030,0,ec1bd194-3b69-4135-9225-9a7e2ba93528,PlanExe
fdcbaed5-b5d5-4897-ac42-d22eded146d3,Evaluate Campaign Effectiveness and Adjust Strategy,"Evaluate Campaign Effectiveness and Adjust Strategy

Description:
Measure the impact of the public acceptance campaign through surveys, focus groups, and website analytics. Adapt the communication strategy based on feedback and performance data.

Resources needed:
• Marketing Analyst
• Survey Administrator
• Public Relations Manager",7/15/2030,8/20/2030,0,e031d88d-6eeb-4fc7-89a1-f8de4787d525,PlanExe
ffbf822d-c06e-4cab-99a1-f74e013a574f,Implement Public Awareness Programs,,8/20/2030,12/18/2030,0,e031d88d-6eeb-4fc7-89a1-f8de4787d525,PlanExe
b16639ac-06aa-4424-8066-6592cc3e2a4b,Design Awareness Program Content,"Design Awareness Program Content

Description:
Develop engaging and informative content for public awareness programs, including brochures, presentations, and online resources. The content should clearly explain the benefits of Basis-Nahrung and address common concerns.

Resources needed:
• Communication Specialist
• Graphic Designer
• Nutritional Scientist",8/20/2030,9/13/2030,0,ffbf822d-c06e-4cab-99a1-f74e013a574f,PlanExe
459e71a7-30bf-4c4f-b845-d93cfade50da,Select Program Delivery Channels,"Select Program Delivery Channels

Description:
Identify the most effective channels for delivering public awareness programs, such as community events, workshops, online webinars, and social media campaigns. Consider the target audience and their preferred communication methods.

Resources needed:
• Public Engagement Coordinator
• Marketing Specialist
• Community Outreach Team",9/13/2030,10/7/2030,0,b16639ac-06aa-4424-8066-6592cc3e2a4b,PlanExe
2e519c52-c06d-40b8-8a4c-070b6ce854d5,Train Program Facilitators,"Train Program Facilitators

Description:
Provide training to program facilitators on how to effectively deliver the awareness program content, answer questions, and address concerns. Ensure facilitators are knowledgeable about Basis-Nahrung and the welfare system integration.

Resources needed:
• Training Specialist
• Subject Matter Experts
• Communication Specialist",10/7/2030,10/31/2030,0,459e71a7-30bf-4c4f-b845-d93cfade50da,PlanExe
0a82dc32-b243-40c1-8147-955bdedc9480,Conduct Awareness Program Events,"Conduct Awareness Program Events

Description:
Organize and conduct public awareness program events in various locations throughout Berlin. Promote the events through local media and community networks to maximize attendance.

Resources needed:
• Event Coordinator
• Community Outreach Team
• Volunteers",10/31/2030,11/24/2030,0,2e519c52-c06d-40b8-8a4c-070b6ce854d5,PlanExe
2b799ae4-7a0d-4e4a-8099-c1895a4722a7,Gather Feedback and Evaluate Programs,"Gather Feedback and Evaluate Programs

Description:
Collect feedback from program participants through surveys, focus groups, and online forums. Analyze the feedback to evaluate the effectiveness of the programs and identify areas for improvement.

Resources needed:
• Evaluation Specialist
• Data Analyst
• Community Outreach Team",11/24/2030,12/18/2030,0,ffbf822d-c06e-4cab-99a1-f74e013a574f,PlanExe
ba88e35d-7a0e-47cb-bbc7-1f146b42a759,Monitor Public Opinion,,12/18/2030,2/16/2031,0,ffbf822d-c06e-4cab-99a1-f74e013a574f,PlanExe
62c31e41-a8b6-49f9-af54-cbdd302af592,Define Public Opinion Metrics,"Define Public Opinion Metrics

Description:
Establish specific, measurable, achievable, relevant, and time-bound (SMART) metrics to gauge public sentiment regarding the BRZ project and Basis-Nahrung.

Resources needed:
• Public Relations Specialist
• Data Analyst
• Stakeholder Engagement Coordinator",12/18/2030,12/30/2030,0,ba88e35d-7a0e-47cb-bbc7-1f146b42a759,PlanExe
23a6d415-3097-440d-9255-9aa3d6c908c3,Conduct Baseline Public Opinion Survey,"Conduct Baseline Public Opinion Survey

Description:
Administer a comprehensive survey to a representative sample of the Berlin population to establish a baseline understanding of public attitudes towards wastewater reuse, social welfare programs, and the proposed Basis-Nahrung initiative.

Resources needed:
• Survey Design Expert
• Data Collection Team
• Statistical Analyst",12/30/2030,1/11/2031,0,62c31e41-a8b6-49f9-af54-cbdd302af592,PlanExe
371693e5-abff-40e9-af68-9366d4473f60,Monitor Social Media Sentiment,"Monitor Social Media Sentiment

Description:
Utilize social listening tools and techniques to continuously monitor online conversations and sentiment related to the BRZ project, Basis-Nahrung, and related topics.

Resources needed:
• Social Media Analyst
• Sentiment Analysis Software
• Community Manager",1/11/2031,1/23/2031,0,23a6d415-3097-440d-9255-9aa3d6c908c3,PlanExe
00639d29-7a13-4f0b-b19d-896be03f5472,Track Media Coverage and Tone,"Track Media Coverage and Tone

Description:
Monitor news articles, blog posts, and other media coverage to assess the tone and framing of the BRZ project and Basis-Nahrung in the public discourse.

Resources needed:
• Media Monitoring Service
• Public Relations Specialist
• Communications Manager",1/23/2031,2/4/2031,0,371693e5-abff-40e9-af68-9366d4473f60,PlanExe
7c7cbeb5-f62f-4c5f-a3d0-3429c59ff34d,Analyze Feedback from Public Forums,"Analyze Feedback from Public Forums

Description:
Collect and analyze feedback from public forums, town hall meetings, and online Q&A sessions to identify key concerns and areas of misunderstanding regarding the BRZ project and Basis-Nahrung.

Resources needed:
• Community Engagement Coordinator
• Feedback Analysis Team
• Public Relations Specialist",2/4/2031,2/16/2031,0,ba88e35d-7a0e-47cb-bbc7-1f146b42a759,PlanExe
57b59c9f-9150-463f-8bcc-a0abd680c0f6,Address Public Concerns and Feedback,,2/16/2031,5/17/2031,0,4af7b0aa-fa49-4851-9361-ef3be65bc2c4,PlanExe
af1cf76f-6d4e-4a3b-86e9-4fe67528a823,Categorize Public Feedback and Concerns,"Categorize Public Feedback and Concerns

Description:
Establish a system for categorizing public feedback and concerns based on topic, sentiment, and source. This will involve setting up a database or spreadsheet to track feedback and developing a coding scheme to categorize the data.

Resources needed:
• Public Relations Specialist
• Data Analyst",2/16/2031,3/6/2031,0,57b59c9f-9150-463f-8bcc-a0abd680c0f6,PlanExe
82158835-0599-45f4-a2b2-1bf652609313,Prioritize Addressing Critical Public Concerns,"Prioritize Addressing Critical Public Concerns

Description:
Identify the most pressing and widespread public concerns related to the BRZ project and Basis-Nahrung. This will involve analyzing the categorized feedback data and consulting with experts to assess the potential impact of different concerns.

Resources needed:
• Public Relations Specialist
• Project Manager
• Ethicist",3/6/2031,3/24/2031,0,af1cf76f-6d4e-4a3b-86e9-4fe67528a823,PlanExe
6de2358d-601c-4090-a33b-4adfd3d226b9,Develop Response Strategies for Each Concern,"Develop Response Strategies for Each Concern

Description:
Create tailored response strategies for each of the prioritized public concerns. This will involve developing key messages, identifying appropriate communication channels, and preparing materials such as FAQs, presentations, and social media posts.

Resources needed:
• Public Relations Specialist
• Communication Specialist
• Subject Matter Experts",3/24/2031,4/11/2031,0,82158835-0599-45f4-a2b2-1bf652609313,PlanExe
cffaa19a-70b8-4d97-baf6-6ef6e3da9402,Implement Communication Plan and Address Feedback,"Implement Communication Plan and Address Feedback

Description:
Execute the communication plan by disseminating information through various channels and actively engaging with the public to address their concerns. This will involve monitoring online forums, responding to inquiries, and conducting public meetings.

Resources needed:
• Public Relations Specialist
• Communication Specialist
• Community Liaison",4/11/2031,4/29/2031,0,6de2358d-601c-4090-a33b-4adfd3d226b9,PlanExe
0fdea4ab-1ffd-4276-a118-567e5a169647,Evaluate Effectiveness of Response Strategies,"Evaluate Effectiveness of Response Strategies

Description:
Assess the effectiveness of the response strategies by tracking public sentiment, monitoring media coverage, and gathering feedback from stakeholders. This will involve analyzing data, conducting surveys, and holding focus groups.

Resources needed:
• Public Relations Specialist
• Data Analyst
• Evaluation Specialist",4/29/2031,5/17/2031,0,57b59c9f-9150-463f-8bcc-a0abd680c0f6,PlanExe
6279e2a4-c9a8-4a9c-a2a8-c8f7dad83ff5,"Monitoring, Evaluation, and Reporting",,5/17/2031,7/19/2031,0,e84e27a7-64bd-454e-bcd8-576d0c4073d4,PlanExe
a3b95995-203d-4c0a-b1e0-a169c88f313d,Establish Key Performance Indicators (KPIs),,5/17/2031,5/25/2031,0,6279e2a4-c9a8-4a9c-a2a8-c8f7dad83ff5,PlanExe
9cb57e4d-91c7-468d-8552-296540fced87,Identify relevant project performance areas,"Identify relevant project performance areas

Description:
Determine the key areas of the project that need to be measured, such as BRZ facility efficiency, Basis-Nahrung production volume, distribution effectiveness, public acceptance, and cost-effectiveness.

Resources needed:
• Project Manager
• Stakeholders
• Data Analyst",5/17/2031,5/19/2031,0,a3b95995-203d-4c0a-b1e0-a169c88f313d,PlanExe
962c73d9-4f03-4739-ae90-98897340b314,"Define specific, measurable KPI targets","Define specific, measurable KPI targets

Description:
Establish concrete targets for each performance area. For example, a specific target for BRZ facility efficiency could be 'achieve 90% wastewater processing efficiency within 12 months of commissioning'.

Resources needed:
• Project Manager
• Subject Matter Experts
• Data Analyst",5/19/2031,5/21/2031,0,9cb57e4d-91c7-468d-8552-296540fced87,PlanExe
b8c7dd27-d8a8-4915-a936-774e10cf3e44,Establish data collection methods,"Establish data collection methods

Description:
Determine how data will be collected to measure the KPIs. This includes identifying data sources, defining data collection frequency, and establishing data quality control procedures.

Resources needed:
• Data Analyst
• Process Engineer
• IT Support",5/21/2031,5/23/2031,0,962c73d9-4f03-4739-ae90-98897340b314,PlanExe
4e015597-ebdc-4275-a8dc-97a0d2770ff9,Document KPI definitions and methodology,"Document KPI definitions and methodology

Description:
Create a comprehensive document that outlines the definition of each KPI, the target value, the data collection method, and the responsible parties. This document will serve as a reference for the entire project team.

Resources needed:
• Project Manager
• Technical Writer
• Stakeholders",5/23/2031,5/25/2031,0,a3b95995-203d-4c0a-b1e0-a169c88f313d,PlanExe
f0a465d7-66ae-4b58-b07a-fcd29d718802,Collect and Analyze Project Data,,5/25/2031,6/14/2031,0,a3b95995-203d-4c0a-b1e0-a169c88f313d,PlanExe
90ae1546-9b87-439d-8377-e0f9bce5755d,Define Data Collection Methods,"Define Data Collection Methods

Description:
Determine the specific methods for collecting project data, including surveys, interviews, document reviews, and sensor readings. Outline the data sources and collection frequency for each method.

Resources needed:
• Data Analyst
• Project Manager
• Subject Matter Experts",5/25/2031,5/29/2031,0,f0a465d7-66ae-4b58-b07a-fcd29d718802,PlanExe
89eefb07-82e8-4e42-8be3-5b5ea9e48ef5,Develop Data Collection Instruments,"Develop Data Collection Instruments

Description:
Create the necessary instruments for data collection, such as survey questionnaires, interview protocols, data extraction templates, and sensor calibration procedures. Ensure instruments are aligned with KPIs.

Resources needed:
• Data Analyst
• Survey Specialist
• Technical Writer",5/29/2031,6/2/2031,0,90ae1546-9b87-439d-8377-e0f9bce5755d,PlanExe
f4e2aa17-421a-4cdb-a351-d780f45e1cd5,Collect Raw Project Data,"Collect Raw Project Data

Description:
Execute the data collection plan by gathering raw data from identified sources using the developed instruments. Ensure data is collected accurately and consistently, adhering to ethical guidelines.

Resources needed:
• Data Collectors
• Field Staff
• Data Entry Clerks",6/2/2031,6/6/2031,0,89eefb07-82e8-4e42-8be3-5b5ea9e48ef5,PlanExe
d1c22385-7475-4edf-975b-32ca79076a70,Clean and Validate Data,"Clean and Validate Data

Description:
Clean the collected data by identifying and correcting errors, inconsistencies, and missing values. Validate the data to ensure its accuracy and reliability for analysis.

Resources needed:
• Data Analyst
• Data Quality Specialist",6/6/2031,6/10/2031,0,f4e2aa17-421a-4cdb-a351-d780f45e1cd5,PlanExe
eab96f11-91f2-4e85-9974-849eca23ee89,Analyze Collected Project Data (1),"Analyze Collected Project Data

Description:
Perform statistical analysis and data visualization to extract meaningful insights from the cleaned data. Identify trends, patterns, and correlations relevant to project KPIs and objectives.

Resources needed:
• Data Analyst
• Statistician
• Data Visualization Expert",6/10/2031,6/14/2031,0,f0a465d7-66ae-4b58-b07a-fcd29d718802,PlanExe
7530d461-34a7-4ee4-9305-152aac7727f3,Prepare Progress Reports,,6/14/2031,6/24/2031,0,f0a465d7-66ae-4b58-b07a-fcd29d718802,PlanExe
a51998bf-a93f-4dca-a4a3-b21e55a5e444,Gather data from project teams,"Gather data from project teams

Description:
Collect relevant data from various project teams, including progress updates, financial information, and risk assessments.

Resources needed:
• Project managers
• Data analysts
• Communication tools",6/14/2031,6/16/2031,0,7530d461-34a7-4ee4-9305-152aac7727f3,PlanExe
ab3a9ae4-0b43-4902-8fa6-dda2496db7f2,Analyze collected project data (2),"Analyze collected project data

Description:
Analyze the collected data to identify trends, patterns, and potential issues that may impact project progress.

Resources needed:
• Data analysts
• Reporting software
• Spreadsheet software",6/16/2031,6/18/2031,0,a51998bf-a93f-4dca-a4a3-b21e55a5e444,PlanExe
6d3fefc5-773d-424d-a74c-9c6617890398,Draft initial progress report,"Draft initial progress report

Description:
Prepare a draft progress report summarizing the project's achievements, challenges, and key performance indicators (KPIs).

Resources needed:
• Report writers
• Project managers
• Data analysts",6/18/2031,6/20/2031,0,ab3a9ae4-0b43-4902-8fa6-dda2496db7f2,PlanExe
b8527882-f1ed-4baf-9239-9fc3e2bff30b,Review and revise report draft,"Review and revise report draft

Description:
Review the draft report with relevant stakeholders, incorporate feedback, and revise the report to ensure accuracy and completeness.

Resources needed:
• Project managers
• Stakeholders
• Report writers",6/20/2031,6/22/2031,0,6d3fefc5-773d-424d-a74c-9c6617890398,PlanExe
e3ff107b-e029-4da0-9247-baaa8e8646d1,Finalize and submit progress report,"Finalize and submit progress report

Description:
Finalize the progress report, obtain necessary approvals, and submit the report to the appropriate recipients.

Resources needed:
• Project managers
• Approving authorities
• Distribution channels",6/22/2031,6/24/2031,0,7530d461-34a7-4ee4-9305-152aac7727f3,PlanExe
c36dc815-a8b9-4856-a422-5ba2a48cd267,Conduct Project Evaluations,,6/24/2031,7/9/2031,0,7530d461-34a7-4ee4-9305-152aac7727f3,PlanExe
cfd8c12c-1435-4fd5-bc33-eef1001f042f,Define Evaluation Criteria,"Define Evaluation Criteria

Description:
Establish clear and measurable criteria for evaluating the project's success, including environmental impact, social benefits, and economic viability. This involves reviewing project goals, identifying key performance indicators (KPIs), and setting targets for each criterion.

Resources needed:
• Evaluation Specialist
• Project Manager
• Stakeholder Representatives",6/24/2031,6/27/2031,0,c36dc815-a8b9-4856-a422-5ba2a48cd267,PlanExe
a13ba3e6-f32d-40c6-900f-e7dcd033de9e,Select Evaluation Methodology,"Select Evaluation Methodology

Description:
Choose appropriate evaluation methods, such as surveys, interviews, focus groups, data analysis, and site visits, to gather relevant information. Consider the strengths and limitations of each method and select a combination that provides a comprehensive assessment.

Resources needed:
• Evaluation Specialist
• Data Analyst
• Survey Design Expert",6/27/2031,6/30/2031,0,cfd8c12c-1435-4fd5-bc33-eef1001f042f,PlanExe
c01b9457-0c61-41a4-b2d0-8601b1ca926c,Collect Evaluation Data,"Collect Evaluation Data

Description:
Gather data according to the selected methodology, ensuring data quality and reliability. This may involve administering surveys, conducting interviews, analyzing project data, and observing project activities.

Resources needed:
• Data Collectors
• Interviewers
• Data Entry Personnel",6/30/2031,7/3/2031,0,a13ba3e6-f32d-40c6-900f-e7dcd033de9e,PlanExe
aa555474-b206-47b4-9364-4e6b1379d147,Analyze Evaluation Data,"Analyze Evaluation Data

Description:
Analyze the collected data to assess the project's performance against the established evaluation criteria. This involves using statistical techniques, qualitative analysis methods, and comparative analysis to identify strengths, weaknesses, and areas for improvement.

Resources needed:
• Data Analyst
• Statistician
• Evaluation Specialist",7/3/2031,7/6/2031,0,c01b9457-0c61-41a4-b2d0-8601b1ca926c,PlanExe
b0042e01-944d-4179-b712-ce510104bd92,Develop Evaluation Report,"Develop Evaluation Report

Description:
Prepare a comprehensive evaluation report summarizing the findings, conclusions, and recommendations. The report should be clear, concise, and evidence-based, providing actionable insights for project improvement and future planning.

Resources needed:
• Evaluation Specialist
• Report Writer
• Editor",7/6/2031,7/9/2031,0,c36dc815-a8b9-4856-a422-5ba2a48cd267,PlanExe
9af5d159-df4d-47e1-a532-5f09e8529f5e,Disseminate Project Findings,,7/9/2031,7/19/2031,0,6279e2a4-c9a8-4a9c-a2a8-c8f7dad83ff5,PlanExe
ec3e9d05-9233-4a23-9052-346c2e9276d2,Identify Target Audiences,"Identify Target Audiences

Description:
Determine the key stakeholders and groups who should receive the project findings. This includes government officials, community leaders, and the general public. Consider their specific interests and information needs.

Resources needed:
• Communication Specialist
• Stakeholder Engagement Coordinator",7/9/2031,7/11/2031,0,9af5d159-df4d-47e1-a532-5f09e8529f5e,PlanExe
eb12ce0b-2444-48d1-a250-b40a8a4f5b1d,Tailor Findings for Each Audience,"Tailor Findings for Each Audience

Description:
Adapt the project findings into formats suitable for each target audience. This may involve creating summaries, infographics, presentations, or reports with varying levels of detail and technical language.

Resources needed:
• Communication Specialist
• Graphic Designer
• Report Writer",7/11/2031,7/13/2031,0,ec3e9d05-9233-4a23-9052-346c2e9276d2,PlanExe
df8ad1de-cf8e-4bd3-a81c-493a9ddfd783,Select Dissemination Channels,"Select Dissemination Channels

Description:
Choose the most effective channels for reaching each target audience. Options include press releases, social media, websites, community meetings, and direct mail. Consider the reach and cost-effectiveness of each channel.

Resources needed:
• Communication Specialist
• Marketing Coordinator",7/13/2031,7/15/2031,0,eb12ce0b-2444-48d1-a250-b40a8a4f5b1d,PlanExe
f6b349f8-c96d-48e8-b7ea-afc3059231b2,Distribute Project Findings,"Distribute Project Findings

Description:
Execute the dissemination plan by distributing the tailored findings through the selected channels. This includes scheduling press conferences, posting on social media, presenting at meetings, and sending out reports.

Resources needed:
• Communication Specialist
• Marketing Coordinator
• Project Team",7/15/2031,7/17/2031,0,df8ad1de-cf8e-4bd3-a81c-493a9ddfd783,PlanExe
c6c38f02-12e2-4914-88b1-98a7b44b4906,Track Dissemination Effectiveness,"Track Dissemination Effectiveness

Description:
Monitor the reach and impact of the dissemination efforts. This may involve tracking website traffic, social media engagement, media coverage, and feedback from stakeholders. Use this data to improve future dissemination efforts.

Resources needed:
• Communication Specialist
• Data Analyst",7/17/2031,7/19/2031,0,9af5d159-df4d-47e1-a532-5f09e8529f5e,PlanExe
