[
  {
    "question": "What is the total budget allocated for 'Operation Caldera Evac,' and what are the primary sources of funding (federal, state, private)?",
    "assumptions": "Assumption: The initial budget for 'Operation Caldera Evac' is $50 million USD, primarily sourced from a combination of federal FEMA disaster relief funds (70%) and state emergency funds from Wyoming, Montana, and Idaho (30%). This is based on typical funding models for large-scale disaster response operations.",
    "assessments": "Title: Financial Feasibility Assessment\nDescription: Evaluation of the adequacy and sustainability of the allocated budget.\nDetails: A $50 million budget may be insufficient given the scale of the evacuation and potential long-term recovery needs. Risks include cost overruns due to unforeseen expenses (e.g., increased fuel costs, emergency repairs). Mitigation strategies include establishing a contingency fund (10% of the total budget), securing pre-negotiated contracts with suppliers, and implementing strict cost control measures. Opportunity: Explore private sector partnerships for additional funding and resource contributions. Quantifiable Metric: Track actual expenditures against the budget on a daily basis."
  },
  {
    "question": "Beyond the initial 24 hours, what are the key milestones and timelines for Phase 3 (Recovery) and Phase 4 (Long-Term Monitoring) of 'Operation Caldera Evac,' including estimated durations?",
    "assumptions": "Assumption: Phase 3 (Recovery) will focus on ash removal and infrastructure repair, lasting approximately 3 months. Phase 4 (Long-Term Monitoring) will involve ongoing USGS monitoring of volcanic activity and public health surveillance, lasting at least 5 years. These durations are based on recovery timelines from past volcanic eruptions.",
    "assessments": "Title: Timeline & Milestones Assessment\nDescription: Evaluation of the feasibility and realism of the proposed timeline.\nDetails: A 3-month recovery phase may be optimistic given the potential for widespread infrastructure damage. Risks include delays due to ashfall, supply chain disruptions, and regulatory hurdles. Mitigation strategies include pre-planning ash removal operations, securing contracts with construction companies, and establishing streamlined permitting processes. Opportunity: Leverage technology (e.g., drones) for rapid damage assessment and infrastructure monitoring. Quantifiable Metric: Track progress against milestones on a weekly basis."
  },
  {
    "question": "What specific personnel and equipment resources are required for each phase of 'Operation Caldera Evac,' including quantities, skillsets, and deployment locations?",
    "assumptions": "Assumption: Phase 1 requires 500 LE Rangers, 200 Wyoming Highway Patrol officers, and 100 National Guard personnel for traffic control and security. Phase 2 requires an additional 500 National Guard personnel for exclusion zone enforcement and anti-looting patrols. These numbers are based on typical staffing levels for similar emergency response operations.",
    "assessments": "Title: Resources & Personnel Assessment\nDescription: Evaluation of the availability and adequacy of required resources and personnel.\nDetails: The availability of sufficient personnel and equipment may be a constraint, especially given the potential for concurrent emergencies. Risks include personnel shortages, equipment failures, and logistical bottlenecks. Mitigation strategies include establishing mutual aid agreements with neighboring states, pre-positioning equipment in strategic locations, and implementing a robust maintenance program. Opportunity: Utilize volunteer organizations (e.g., Red Cross) to supplement staffing levels. Quantifiable Metric: Track resource utilization rates and identify potential shortages."
  },
  {
    "question": "What specific legal agreements or memoranda of understanding (MOUs) are in place to formalize the transfer of authority from NPS to State Governors and to ensure inter-agency cooperation during 'Operation Caldera Evac'?",
    "assumptions": "Assumption: Existing inter-agency agreements between NPS, FEMA, and the states of Wyoming, Montana, and Idaho provide a framework for cooperation, but specific MOUs detailing the transfer of authority from NPS to State Governors upon evacuees crossing park boundaries need to be formalized within 24 hours of activation. This is based on standard emergency management protocols.",
    "assessments": "Title: Governance & Regulations Assessment\nDescription: Evaluation of the legal and regulatory framework governing the operation.\nDetails: Lack of clear legal agreements could lead to jurisdictional disputes and delays in decision-making. Risks include conflicting priorities, bureaucratic bottlenecks, and legal challenges. Mitigation strategies include establishing pre-approved emergency protocols, designating a dedicated legal liaison, and conducting regular inter-agency coordination meetings. Opportunity: Streamline permitting processes and regulatory waivers through executive orders. Quantifiable Metric: Track the number of legal challenges or disputes arising during the operation."
  },
  {
    "question": "What are the specific safety protocols and risk mitigation measures in place to protect first responders and evacuees from volcanic hazards (ashfall, seismic activity, toxic gases) during 'Operation Caldera Evac'?",
    "assumptions": "Assumption: All first responders will be equipped with appropriate personal protective equipment (PPE), including N95 respirators, eye protection, and protective clothing. Evacuees will be provided with N95 respirators at evacuation centers. This is based on standard safety protocols for volcanic eruptions.",
    "assessments": "Title: Safety & Risk Management Assessment\nDescription: Evaluation of the safety protocols and risk mitigation measures.\nDetails: Inadequate safety protocols could lead to injuries or fatalities among first responders and evacuees. Risks include exposure to ashfall, seismic activity, and toxic gases. Mitigation strategies include providing appropriate PPE, establishing safe evacuation routes, and monitoring air quality. Opportunity: Utilize technology (e.g., drones with gas sensors) for real-time hazard monitoring. Quantifiable Metric: Track the number of injuries or fatalities among first responders and evacuees."
  },
  {
    "question": "What specific measures will be taken to minimize the environmental impact of 'Operation Caldera Evac,' including ash disposal, fuel spills, and habitat disruption?",
    "assumptions": "Assumption: Ash disposal will be conducted in designated landfills or ash disposal sites, following EPA guidelines. Fuel spills will be contained and cleaned up immediately. Habitat disruption will be minimized by avoiding sensitive areas and using established roads and trails. This is based on standard environmental protection practices.",
    "assessments": "Title: Environmental Impact Assessment\nDescription: Evaluation of the potential environmental consequences of the operation.\nDetails: Inadequate environmental protection measures could lead to long-term ecological damage. Risks include ash contamination of water sources, fuel spills, and habitat disruption. Mitigation strategies include implementing best management practices for ash disposal, fuel handling, and habitat protection. Opportunity: Utilize sustainable technologies (e.g., electric vehicles) to reduce emissions. Quantifiable Metric: Track the volume of ash disposed of and the number of environmental incidents."
  },
  {
    "question": "What specific strategies will be used to engage and communicate with diverse stakeholder groups (local communities, tribal nations, businesses, tourists) during 'Operation Caldera Evac,' ensuring their needs and concerns are addressed?",
    "assumptions": "Assumption: A multi-channel communication strategy will be used to reach diverse stakeholder groups, including social media, local news, emergency broadcast systems, and community meetings. Information will be translated into multiple languages to ensure accessibility. This is based on best practices for stakeholder engagement.",
    "assessments": "Title: Stakeholder Involvement Assessment\nDescription: Evaluation of the effectiveness of stakeholder engagement strategies.\nDetails: Inadequate stakeholder engagement could lead to mistrust, resistance, and delays in evacuation. Risks include misinformation, conflicting priorities, and lack of coordination. Mitigation strategies include establishing a stakeholder advisory group, conducting regular community meetings, and providing clear and timely information. Opportunity: Utilize social media to disseminate information and gather feedback from stakeholders. Quantifiable Metric: Track the level of public trust and satisfaction with the operation."
  },
  {
    "question": "What specific operational systems (e.g., traffic management, resource tracking, communication networks) will be used to support 'Operation Caldera Evac,' and how will they be integrated to ensure seamless coordination?",
    "assumptions": "Assumption: A unified incident management system (e.g., WebEOC) will be used to track resources, manage communication, and coordinate operations. Traffic management will be coordinated using real-time traffic data and predictive modeling. Communication networks will be integrated using interoperability protocols. This is based on standard emergency management practices.",
    "assessments": "Title: Operational Systems Assessment\nDescription: Evaluation of the effectiveness and integration of operational systems.\nDetails: Inadequate operational systems could lead to inefficiencies, delays, and communication breakdowns. Risks include system failures, data silos, and lack of interoperability. Mitigation strategies include conducting regular system testing, establishing data sharing agreements, and providing training to personnel. Opportunity: Utilize cloud-based platforms for data storage and collaboration. Quantifiable Metric: Track system uptime and data accuracy."
  }
]