[
  {
    "id": 1,
    "category": "Evacuation Coordinator",
    "explanation": "Responsible for planning, coordinating, and executing the evacuation of Zone Zero and Zone One, ensuring the safe and efficient movement of people to designated shelters.",
    "consequences": "Uncoordinated evacuation, traffic bottlenecks, increased risk of injuries and fatalities, and failure to meet evacuation timelines.",
    "count": "min 2, max 5, depending on the scale of the evacuation and the number of zones to manage.",
    "contract_type": "full_time_employee",
    "contract_type_justification": "This role is critical for the entire duration of the project and requires dedicated focus and expertise. A full-time employee ensures consistent availability and commitment.",
    "typical_job_activities": "Developing evacuation plans, coordinating with local and federal agencies, managing evacuation routes, ensuring the safety and well-being of evacuees, and adapting plans to changing circumstances.",
    "background_story": "Amelia \"Amy\" Chen grew up in the shadow of Mount Rainier in Washington State, fostering a lifelong respect for the power of nature. She earned a degree in Emergency Management from the University of Washington, followed by a decade of experience with FEMA, specializing in large-scale evacuation planning. Amy has worked on hurricane responses in the Gulf Coast and wildfire evacuations in California, giving her a deep understanding of the logistical and human challenges involved. Her familiarity with Incident Command Systems and her calm demeanor under pressure make her ideally suited to lead the evacuation efforts for Operation Caldera Evac."
  },
  {
    "id": 2,
    "category": "Logistics and Resource Manager",
    "explanation": "Oversees the procurement, storage, and distribution of essential resources (water, medical supplies, respiratory protection, fuel) to evacuation centers and first responders.",
    "consequences": "Resource shortages, delays in delivery, inadequate supplies at evacuation centers, and increased suffering among evacuees.",
    "count": "min 2, max 4, depending on the complexity of the supply chain and the number of distribution points.",
    "contract_type": "full_time_employee",
    "contract_type_justification": "This role is critical for the entire duration of the project and requires dedicated focus and expertise. A full-time employee ensures consistent availability and commitment.",
    "typical_job_activities": "Procuring essential resources, managing inventory, coordinating transportation logistics, negotiating with vendors, ensuring timely delivery of supplies to evacuation centers, and adapting to supply chain disruptions.",
    "background_story": "Ricardo \"Rick\" Rodriguez hails from Miami, Florida, where he witnessed firsthand the devastation caused by hurricanes. He holds a Master's degree in Supply Chain Management from MIT and has spent the last 15 years working in disaster relief logistics for the Red Cross and Doctors Without Borders. Rick has experience in procuring, storing, and distributing essential resources in challenging environments, from earthquake-stricken Haiti to refugee camps in Africa. His expertise in inventory management, transportation logistics, and vendor negotiations makes him an invaluable asset for ensuring the timely delivery of critical supplies during Operation Caldera Evac."
  },
  {
    "id": 3,
    "category": "Communications and Public Information Officer",
    "explanation": "Manages the flow of information to the public, ensuring timely and accurate updates on the situation, evacuation orders, and safety guidelines, while combating misinformation.",
    "consequences": "Public panic, confusion, resistance to evacuation orders, spread of misinformation, and reduced effectiveness of emergency response efforts.",
    "count": "min 2, max 3, to handle multiple communication channels and languages.",
    "contract_type": "full_time_employee",
    "contract_type_justification": "This role is critical for the entire duration of the project and requires dedicated focus and expertise. A full-time employee ensures consistent availability and commitment.",
    "typical_job_activities": "Crafting clear and concise messages, managing social media channels, monitoring news coverage, responding to media inquiries, combating misinformation, and ensuring that the public receives timely and accurate information.",
    "background_story": "Sarah Johnson, a native of Oklahoma City, Oklahoma, experienced the power of misinformation during a series of severe weather events. She holds a degree in Journalism and Mass Communication from the University of Oklahoma and has spent the last eight years working as a public information officer for the National Weather Service. Sarah is skilled in crafting clear and concise messages, managing social media channels, and combating misinformation during crises. Her experience in communicating with the public during emergencies makes her the ideal person to lead the communications efforts for Operation Caldera Evac, ensuring that accurate information reaches the public in a timely manner."
  },
  {
    "id": 4,
    "category": "Medical Response Coordinator",
    "explanation": "Coordinates medical support at evacuation centers and regional hospitals, ensuring adequate staffing, supplies, and treatment for evacuees with medical needs.",
    "consequences": "Overwhelmed medical facilities, inadequate treatment for injuries and illnesses, increased mortality rates, and spread of disease.",
    "count": "min 2, max 4, depending on the number of intake centers and the anticipated medical needs of evacuees.",
    "contract_type": "full_time_employee",
    "contract_type_justification": "This role is critical for the entire duration of the project and requires dedicated focus and expertise. A full-time employee ensures consistent availability and commitment.",
    "typical_job_activities": "Coordinating medical support at evacuation centers, managing medical supplies, ensuring adequate staffing, treating injuries and illnesses, and preventing the spread of disease.",
    "background_story": "Dr. Kenji Tanaka grew up in Kobe, Japan, and witnessed the aftermath of the Great Hanshin earthquake. This experience inspired him to pursue a career in emergency medicine. He holds an MD from Johns Hopkins University and has spent the last 12 years working as an emergency physician and disaster response specialist. Kenji has deployed to numerous disaster zones around the world, from earthquake-stricken Nepal to Ebola-affected West Africa. His expertise in triage, mass casualty management, and infectious disease control makes him well-suited to coordinate medical support during Operation Caldera Evac."
  },
  {
    "id": 5,
    "category": "Traffic Management Specialist",
    "explanation": "Develops and implements traffic control plans, including contraflow lanes and rerouting strategies, to maximize the efficiency of evacuation routes and minimize congestion.",
    "consequences": "Traffic bottlenecks, delays in evacuation, increased fuel consumption, and increased risk of accidents and injuries.",
    "count": "min 3, max 6, to manage multiple routes and coordinate with law enforcement agencies.",
    "contract_type": "full_time_employee",
    "contract_type_justification": "This role is critical for the entire duration of the project and requires dedicated focus and expertise. A full-time employee ensures consistent availability and commitment.",
    "typical_job_activities": "Developing traffic control plans, implementing contraflow lanes, rerouting traffic, monitoring traffic flow, coordinating with law enforcement agencies, and minimizing congestion.",
    "background_story": "Maria Rodriguez, born and raised in Los Angeles, California, has seen firsthand the impact of traffic congestion on emergency response times. She holds a degree in Civil Engineering from UCLA and has spent the last 10 years working as a traffic management specialist for the California Department of Transportation (Caltrans). Maria has experience in developing and implementing traffic control plans for large-scale events and emergency evacuations. Her expertise in traffic modeling, signal optimization, and incident management makes her an invaluable asset for optimizing traffic flow during Operation Caldera Evac."
  },
  {
    "id": 6,
    "category": "Security and Law Enforcement Liaison",
    "explanation": "Coordinates security measures to maintain order, prevent looting, and enforce the exclusion zone perimeter, working closely with law enforcement agencies and the National Guard.",
    "consequences": "Looting, civil unrest, breaches of the exclusion zone, diversion of resources, and increased risk of injuries and fatalities.",
    "count": "min 2, max 4, to coordinate security across multiple locations and agencies.",
    "contract_type": "full_time_employee",
    "contract_type_justification": "This role is critical for the entire duration of the project and requires dedicated focus and expertise. A full-time employee ensures consistent availability and commitment.",
    "typical_job_activities": "Developing security plans, managing security personnel, coordinating with law enforcement agencies, enforcing the exclusion zone perimeter, preventing looting, and maintaining order.",
    "background_story": "David \"Dave\" Miller, a former Marine Corps officer from rural Montana, understands the importance of security and order in chaotic situations. He has a background in law enforcement and has spent the last 15 years working as a security consultant for government agencies and private companies. Dave has experience in developing security plans, managing security personnel, and coordinating with law enforcement agencies. His expertise in crowd control, perimeter security, and risk assessment makes him well-suited to coordinate security measures during Operation Caldera Evac."
  },
  {
    "id": 7,
    "category": "Infrastructure and Utilities Coordinator",
    "explanation": "Works to ensure the continuity of essential infrastructure and utilities (power, water, communication) during and after the eruption, prioritizing critical facilities like hospitals and communication centers.",
    "consequences": "Power outages, water shortages, communication failures, disruption of essential services, and increased risk to public health and safety.",
    "count": "min 1, max 3, depending on the complexity of the infrastructure network and the number of utilities involved.",
    "contract_type": "full_time_employee",
    "contract_type_justification": "This role is critical for the entire duration of the project and requires dedicated focus and expertise. A full-time employee ensures consistent availability and commitment.",
    "typical_job_activities": "Ensuring the continuity of power, water, and communication services, prioritizing critical facilities, coordinating with utility companies, and restoring services after disruptions.",
    "background_story": "Emily Carter grew up in Houston, Texas, and experienced the devastating effects of Hurricane Harvey on critical infrastructure. She holds a degree in Electrical Engineering from Texas A&M University and has spent the last 8 years working as an infrastructure and utilities specialist for a major energy company. Emily has experience in ensuring the continuity of power, water, and communication services during emergencies. Her expertise in power grid management, water distribution systems, and communication networks makes her an invaluable asset for maintaining essential services during Operation Caldera Evac."
  },
  {
    "id": 8,
    "category": "Long-Term Recovery Planner",
    "explanation": "Focuses on the long-term recovery efforts, including infrastructure repair, economic revitalization, and community resilience, addressing the long-term economic and social consequences of the eruption.",
    "consequences": "Prolonged economic hardship, delayed infrastructure repair, inadequate support for affected communities, and failure to build long-term resilience.",
    "count": "min 1, max 3, depending on the scope of the recovery efforts and the number of stakeholders involved.",
    "contract_type": "full_time_employee",
    "contract_type_justification": "This role is critical for the entire duration of the project and requires dedicated focus and expertise. A full-time employee ensures consistent availability and commitment.",
    "typical_job_activities": "Developing long-term recovery plans, coordinating with government agencies and community stakeholders, securing funding for recovery projects, and addressing the long-term economic and social consequences of the eruption.",
    "background_story": "Dr. Hiroshi Nakamura, originally from Hiroshima, Japan, dedicated his life to long-term recovery after witnessing the aftermath of the atomic bombing. He holds a PhD in Urban Planning from Harvard University and has spent the last 20 years working as a recovery planner for international organizations and government agencies. Hiroshi has experience in developing long-term recovery plans for communities affected by natural disasters and armed conflicts. His expertise in infrastructure repair, economic revitalization, and community resilience makes him the ideal person to lead the long-term recovery efforts for Operation Caldera Evac."
  }
]