[
  {
    "id": "eb15b160-ca51-4d39-83f0-e9c763b9bf40",
    "title": "Volcanic Hazard Specialist",
    "knowledge": "Volcanology, hazard assessment, risk modeling, eruption forecasting",
    "why": "To refine the VEI-7 escalation trigger and assess lahar flow risks, addressing missing information in the SWOT analysis.",
    "what": "Review and enhance the VEI-7 escalation protocol based on latest USGS data and modeling.",
    "skills": "Geospatial analysis, statistical modeling, scientific communication, risk assessment",
    "search_query": "volcanic hazard specialist, Yellowstone, eruption forecasting"
  },
  {
    "id": "c0fb9760-8ab0-40e4-987f-e9a77a76df8e",
    "title": "Cybersecurity Risk Assessor",
    "knowledge": "Cybersecurity, risk assessment, incident response, network security, data protection",
    "why": "To conduct a cybersecurity risk assessment, addressing a weakness identified in the SWOT analysis and pre-project assessment.",
    "what": "Assess the cybersecurity vulnerabilities of communication and operational systems.",
    "skills": "Vulnerability scanning, penetration testing, security auditing, risk management",
    "search_query": "cybersecurity risk assessor, emergency response, critical infrastructure"
  },
  {
    "id": "88d9de72-7c4f-4f9f-be79-2a8782ca2e11",
    "title": "Logistics & Supply Chain Expert",
    "knowledge": "Supply chain management, logistics, emergency response, resource allocation, distribution networks",
    "why": "To optimize resource allocation and distribution, addressing supply chain disruption risks in the project plan and SWOT analysis.",
    "what": "Model resource needs and optimize distribution routes considering ashfall and road closures.",
    "skills": "Inventory management, transportation planning, data analysis, optimization algorithms",
    "search_query": "emergency logistics, supply chain, disaster relief, resource allocation"
  },
  {
    "id": "cc7906ef-2dfa-442c-9b2a-6f96a2fea7eb",
    "title": "Community Outreach Coordinator",
    "knowledge": "Community engagement, public health, vulnerable populations, disaster communication, social work",
    "why": "To develop targeted communication strategies for vulnerable populations, addressing a weakness in the SWOT analysis.",
    "what": "Design multilingual alerts and accessible transportation plans for tourists and non-English speakers.",
    "skills": "Intercultural communication, needs assessment, program development, advocacy",
    "search_query": "vulnerable populations, disaster communication, community outreach"
  },
  {
    "id": "1cba75b6-cf4a-4055-8905-1c27543762ed",
    "title": "Traffic Management Engineer",
    "knowledge": "Traffic engineering, evacuation planning, contraflow systems, simulation modeling, incident management",
    "why": "To refine the traffic control plan, addressing traffic bottleneck risks identified in the project plan and SWOT analysis.",
    "what": "Model evacuation routes under various ashfall scenarios and optimize contraflow implementation.",
    "skills": "Traffic simulation, route optimization, incident response, data analysis, GIS",
    "search_query": "traffic engineer, evacuation planning, contraflow, disaster response"
  },
  {
    "id": "fed55fb6-da9a-4ca0-9cd3-f114edba0c6e",
    "title": "Emergency Law Specialist",
    "knowledge": "Emergency law, disaster response, regulatory compliance, government contracts, liability",
    "why": "To expedite permit processes and address legal challenges, addressing regulatory compliance requirements in the project plan.",
    "what": "Establish pre-approved protocols for emergency declarations and right-of-way permits.",
    "skills": "Legal research, regulatory analysis, contract negotiation, risk management, policy drafting",
    "search_query": "emergency law, disaster response, FEMA, regulatory compliance"
  },
  {
    "id": "ffa8750d-c360-4efb-b21a-2ed18cadbcca",
    "title": "Mass Care Specialist",
    "knowledge": "Mass care, sheltering, refugee management, disaster relief, public health",
    "why": "To assess capacity and resource availability at intake centers, addressing missing information in the SWOT analysis.",
    "what": "Evaluate shelter locations and develop protocols for managing evacuee needs.",
    "skills": "Needs assessment, resource management, volunteer coordination, public health, crisis intervention",
    "search_query": "mass care, disaster relief, sheltering, refugee management"
  },
  {
    "id": "968c45a8-100e-430b-8b1a-25d1e8a2349f",
    "title": "Behavioral Psychologist",
    "knowledge": "Behavioral psychology, risk communication, crisis management, public perception, decision-making",
    "why": "To improve public trust and compliance with evacuation orders, addressing potential panic and resistance risks in the project plan.",
    "what": "Develop communication strategies to mitigate panic and address misinformation.",
    "skills": "Risk communication, persuasion, social influence, survey design, data analysis",
    "search_query": "behavioral psychology, risk communication, disaster response"
  }
]