[
  {
    "id": "9dbe6d41-75dc-4f26-8b45-b4f88942e43a",
    "document_name": "USGS Yellowstone Volcano Observatory Monitoring Data",
    "description": "Real-time and historical data from the USGS Yellowstone Volcano Observatory, including seismic activity, ground deformation, gas emissions, and thermal activity. This data is crucial for assessing volcanic activity and informing escalation and evacuation decisions. Intended audience: Volcanologists, emergency managers, and decision-makers.",
    "recency_requirement": "Near real-time (updated hourly or daily)",
    "responsible_role_type": "Volcanologist",
    "steps_to_find": [
      "Access the USGS Yellowstone Volcano Observatory website.",
      "Explore available data feeds and monitoring reports.",
      "Contact USGS scientists for specific data requests."
    ],
    "access_difficulty": "Easy: Publicly available data on the USGS website."
  },
  {
    "id": "ab24a710-8724-4ec7-a516-42a69166c72e",
    "document_name": "Historical Volcanic Eruption Data",
    "description": "Data on past volcanic eruptions, including VEI (Volcanic Explosivity Index), eruption type, ashfall distribution, and impact on infrastructure and public health. This data is used to inform risk assessments and develop mitigation strategies. Intended audience: Volcanologists, emergency managers, and risk analysts.",
    "recency_requirement": "Historical data acceptable, but focus on well-documented eruptions.",
    "responsible_role_type": "Volcanologist",
    "steps_to_find": [
      "Search the Smithsonian Institution's Global Volcanism Program database.",
      "Review scientific literature on past volcanic eruptions.",
      "Contact volcanologists for specific data requests."
    ],
    "access_difficulty": "Medium: Requires searching multiple databases and scientific publications."
  },
  {
    "id": "a7ea8e1e-d7b1-48c7-bf64-e38a293d4a87",
    "document_name": "National Weather Service Historical Weather Data",
    "description": "Historical weather data for the Yellowstone region, including wind patterns, precipitation, and temperature. This data is used to model ashfall dispersion and assess the impact of weather conditions on evacuation efforts. Intended audience: Atmospheric scientists, emergency managers, and transportation planners.",
    "recency_requirement": "At least 10 years of historical data.",
    "responsible_role_type": "Atmospheric Scientist",
    "steps_to_find": [
      "Access the National Weather Service website.",
      "Explore available historical weather data.",
      "Contact NWS meteorologists for specific data requests."
    ],
    "access_difficulty": "Easy: Publicly available data on the NWS website."
  },
  {
    "id": "d50b6e14-819a-44a0-98fb-b43502cc8659",
    "document_name": "FEMA IPAWS System Documentation",
    "description": "Documentation on the FEMA Integrated Public Alert and Warning System (IPAWS), including technical specifications, operational procedures, and training materials. This information is used to ensure effective use of IPAWS for emergency alerts. Intended audience: Communication specialists, emergency managers, and IT personnel.",
    "recency_requirement": "Current documentation.",
    "responsible_role_type": "Communication Specialist",
    "steps_to_find": [
      "Access the FEMA IPAWS website.",
      "Review available documentation and training materials.",
      "Contact FEMA IPAWS program office for specific information."
    ],
    "access_difficulty": "Medium: Requires navigating the FEMA website and potentially contacting FEMA personnel."
  },
  {
    "id": "d7ff2e03-7ff4-4125-b287-388609b1a7bb",
    "document_name": "State Emergency Management Plans (WY, MT, ID)",
    "description": "Emergency management plans for the states of Wyoming, Montana, and Idaho, outlining procedures for disaster response, evacuation, and resource allocation. This information is used to coordinate efforts across state lines. Intended audience: Emergency managers, state government officials, and FEMA personnel.",
    "recency_requirement": "Most recent versions.",
    "responsible_role_type": "Emergency Management Specialist",
    "steps_to_find": [
      "Access the websites of the state emergency management agencies.",
      "Review available plans and procedures.",
      "Contact state emergency management officials for specific information."
    ],
    "access_difficulty": "Medium: Requires navigating state government websites and potentially contacting state officials."
  },
  {
    "id": "db3aeb2c-52f9-4860-a300-dbdb36ba5be3",
    "document_name": "Local Evacuation Plans (West Yellowstone, Gardiner, Cody)",
    "description": "Evacuation plans for local communities in the Yellowstone region, including West Yellowstone, Gardiner, and Cody. This information is used to coordinate evacuation efforts at the local level. Intended audience: Emergency managers, local government officials, and community leaders.",
    "recency_requirement": "Most recent versions.",
    "responsible_role_type": "Emergency Management Specialist",
    "steps_to_find": [
      "Access the websites of the local governments.",
      "Review available plans and procedures.",
      "Contact local emergency management officials for specific information."
    ],
    "access_difficulty": "Medium: Requires navigating local government websites and potentially contacting local officials."
  },
  {
    "id": "d4052c93-80f1-4c99-afcc-0c7000cfc552",
    "document_name": "National Park Service Emergency Response Procedures",
    "description": "Emergency response procedures for Yellowstone National Park, outlining protocols for evacuation, search and rescue, and medical response. This information is used to coordinate emergency response within the park. Intended audience: NPS personnel, emergency responders, and park visitors.",
    "recency_requirement": "Most recent version.",
    "responsible_role_type": "NPS Ranger",
    "steps_to_find": [
      "Access the NPS website.",
      "Review available procedures and guidelines.",
      "Contact NPS emergency management officials for specific information."
    ],
    "access_difficulty": "Medium: Requires navigating the NPS website and potentially contacting NPS personnel."
  },
  {
    "id": "eedd80fe-09c1-40f8-9482-e9cd040700a8",
    "document_name": "Traffic Flow Data on US-191, US-20, US-89",
    "description": "Real-time and historical traffic flow data on major evacuation routes in the Yellowstone region, including US-191, US-20, and US-89. This data is used to model traffic patterns and optimize evacuation routes. Intended audience: Traffic engineers, transportation planners, and emergency managers.",
    "recency_requirement": "Near real-time (updated hourly or daily)",
    "responsible_role_type": "Traffic Engineer",
    "steps_to_find": [
      "Access state Department of Transportation websites (WYDOT, MDT, ITD).",
      "Explore available traffic data feeds and reports.",
      "Contact DOT traffic management centers for specific data requests."
    ],
    "access_difficulty": "Medium: Requires accessing state DOT websites and potentially contacting DOT personnel."
  },
  {
    "id": "aafac491-7fc1-4126-a8ef-046c86896268",
    "document_name": "List of Hospitals and Medical Facilities in the Region",
    "description": "A comprehensive list of hospitals and medical facilities in the Yellowstone region, including their capacity, specialties, and contact information. This information is used to coordinate medical response and allocate resources. Intended audience: Medical response coordinators, emergency managers, and healthcare providers.",
    "recency_requirement": "Most recent version.",
    "responsible_role_type": "Medical Response Coordinator",
    "steps_to_find": [
      "Access state Department of Health websites.",
      "Review available directories and databases.",
      "Contact state health officials for specific information."
    ],
    "access_difficulty": "Medium: Requires accessing state health department websites and potentially contacting state officials."
  },
  {
    "id": "e855514b-ac27-4d9f-932a-2b078b386618",
    "document_name": "List of Shelters and Evacuation Centers",
    "description": "A list of pre-designated shelters and evacuation centers in the Yellowstone region, including their capacity, amenities, and contact information. This information is used to direct evacuees and allocate resources. Intended audience: Emergency managers, shelter managers, and community leaders.",
    "recency_requirement": "Most recent version.",
    "responsible_role_type": "Emergency Management Specialist",
    "steps_to_find": [
      "Contact local emergency management agencies.",
      "Review available lists and directories.",
      "Verify the availability and suitability of each location."
    ],
    "access_difficulty": "Medium: Requires contacting local agencies and verifying information."
  },
  {
    "id": "557f058b-b2d0-4027-a6b7-72cc0c678e1c",
    "document_name": "EPA Guidelines for Ash Disposal",
    "description": "EPA guidelines for the safe disposal of volcanic ash, including recommendations for handling, storage, and transportation. This information is used to minimize the environmental impact of ash disposal. Intended audience: Environmental health specialists, waste management personnel, and government officials.",
    "recency_requirement": "Current guidelines.",
    "responsible_role_type": "Environmental Health Specialist",
    "steps_to_find": [
      "Access the EPA website.",
      "Review available guidelines and regulations.",
      "Contact EPA regional office for specific information."
    ],
    "access_difficulty": "Easy: Publicly available information on the EPA website."
  },
  {
    "id": "f3a5206f-5ef7-4365-96cd-809d9e8b65d8",
    "document_name": "Existing Inter-Agency Agreements and MOUs",
    "description": "Copies of existing inter-agency agreements and Memoranda of Understanding (MOUs) between federal, state, and local agencies involved in disaster response. These agreements define roles, responsibilities, and resource sharing protocols. Intended audience: Legal counsel, emergency managers, and government officials.",
    "recency_requirement": "Current agreements.",
    "responsible_role_type": "Legal Counsel",
    "steps_to_find": [
      "Contact FEMA, state emergency management agencies, and local governments.",
      "Request copies of relevant agreements and MOUs.",
      "Review the terms and conditions of each agreement."
    ],
    "access_difficulty": "Medium: Requires contacting multiple agencies and potentially submitting formal requests."
  },
  {
    "id": "ad6ca577-9e2c-444e-8b8c-8edd72f5a569",
    "document_name": "Vulnerable Population Demographic Data",
    "description": "Demographic data on vulnerable populations within the Yellowstone region, including tourists, non-English speakers, people with disabilities, and those with medical conditions. This data is used to develop targeted communication and assistance strategies. Intended audience: Community outreach coordinators, emergency managers, and social workers.",
    "recency_requirement": "Most recent census data and available surveys.",
    "responsible_role_type": "Community Outreach Coordinator",
    "steps_to_find": [
      "Access US Census Bureau data.",
      "Review available surveys and reports from local organizations.",
      "Contact community organizations for specific data requests."
    ],
    "access_difficulty": "Medium: Requires accessing census data and potentially contacting local organizations."
  },
  {
    "id": "451b8964-0483-4001-839b-19e8d0bf7c94",
    "document_name": "Cybersecurity Incident Response Plans for Critical Infrastructure",
    "description": "Existing cybersecurity incident response plans for critical infrastructure in the Yellowstone region, including power grids, communication networks, and water systems. These plans outline procedures for detecting, containing, and recovering from cyberattacks. Intended audience: Cybersecurity risk assessors, IT personnel, and infrastructure operators.",
    "recency_requirement": "Current plans.",
    "responsible_role_type": "Cybersecurity Risk Assessor",
    "steps_to_find": [
      "Contact infrastructure operators and utility companies.",
      "Request copies of their cybersecurity incident response plans.",
      "Review the plans for completeness and effectiveness."
    ],
    "access_difficulty": "Hard: Requires contacting private companies and potentially signing non-disclosure agreements."
  }
]