[
  {
    "id": "b89b6101-6588-4033-8d9c-ec0846252c7d",
    "document_name": "Project Charter",
    "description": "A formal document that initiates the Yellowstone Caldera Evacuation Plan project, defines its objectives, scope, and stakeholders, and authorizes the project manager to use organizational resources. It serves as a high-level overview and agreement among key stakeholders.",
    "responsible_role_type": "Project Manager",
    "document_template_primary": "PMI Project Charter Template",
    "document_template_secondary": null,
    "steps_to_create": [
      "Define project objectives and scope based on the goal statement.",
      "Identify key stakeholders and their roles.",
      "Outline high-level project deliverables and milestones.",
      "Define project governance and decision-making processes.",
      "Obtain approval from key stakeholders (FEMA, NPS, State Governors)."
    ],
    "approval_authorities": "FEMA Administrator, NPS Director, State Governors (WY, MT, ID)"
  },
  {
    "id": "3b519957-a6cf-47ce-9579-b9623a368804",
    "document_name": "Current State Assessment of Volcanic Threat and Preparedness",
    "description": "A report assessing the current state of volcanic threat in the Yellowstone region and the existing level of preparedness. It identifies gaps in monitoring, evacuation planning, resource allocation, and communication.",
    "responsible_role_type": "Emergency Management Specialist",
    "document_template_primary": null,
    "document_template_secondary": null,
    "steps_to_create": [
      "Review existing USGS monitoring data and reports.",
      "Assess current evacuation plans and resource allocation strategies.",
      "Identify gaps in communication and coordination.",
      "Conduct interviews with key stakeholders (FEMA, NPS, State Governments).",
      "Develop recommendations for improving preparedness."
    ],
    "approval_authorities": "Project Manager, FEMA Preparedness Division"
  },
  {
    "id": "75886d20-0e11-4167-9aa1-f8e7709a95c5",
    "document_name": "Escalation Trigger Protocol Framework",
    "description": "A framework defining the criteria and processes for escalating the response plan based on evolving volcanic activity. It outlines thresholds for expanding evacuation zones, increasing resource deployment, and activating contingency plans.",
    "responsible_role_type": "Emergency Management Specialist",
    "document_template_primary": null,
    "document_template_secondary": null,
    "steps_to_create": [
      "Define escalation triggers based on seismic activity, ground deformation, and gas emissions.",
      "Establish thresholds for expanding evacuation zones.",
      "Outline processes for increasing resource deployment.",
      "Define criteria for activating contingency plans.",
      "Establish communication protocols for escalating the response."
    ],
    "approval_authorities": "Project Manager, USGS Volcano Hazards Program"
  },
  {
    "id": "b1f25262-5358-4210-bf14-1360550fb27f",
    "document_name": "Public Communication Strategy Framework",
    "description": "A framework outlining the strategy for communicating with the public during the Yellowstone eruption crisis. It defines communication channels, frequency of updates, message content, and strategies for combating misinformation.",
    "responsible_role_type": "Communication Specialist",
    "document_template_primary": null,
    "document_template_secondary": null,
    "steps_to_create": [
      "Identify target audiences and their communication needs.",
      "Define communication channels (e.g., social media, local news, emergency broadcast systems).",
      "Establish communication frequency and timelines.",
      "Develop key messages and talking points.",
      "Develop strategies for combating misinformation."
    ],
    "approval_authorities": "Project Manager, FEMA Public Affairs Office"
  },
  {
    "id": "9218aead-e0c9-4660-9e0d-bf3d5031bc96",
    "document_name": "Evacuation Trigger Protocol Framework",
    "description": "A framework defining the criteria that initiate the evacuation process for the Yellowstone region. It outlines the timing and scope of evacuation orders, balancing speed and accuracy to minimize risk.",
    "responsible_role_type": "Emergency Management Specialist",
    "document_template_primary": null,
    "document_template_secondary": null,
    "steps_to_create": [
      "Define evacuation triggers based on USGS data, field reports, and expert consultation.",
      "Establish criteria for determining the scope of evacuation orders.",
      "Outline processes for issuing evacuation orders.",
      "Develop communication protocols for notifying the public.",
      "Establish procedures for coordinating evacuation efforts."
    ],
    "approval_authorities": "Project Manager, USGS Volcano Hazards Program"
  },
  {
    "id": "8ee60bca-3457-4bba-be8f-54edf08348b6",
    "document_name": "Ashfall Mitigation Strategy Framework",
    "description": "A framework outlining measures to reduce the impact of ashfall on infrastructure and public health in the Yellowstone region. It defines actions to protect critical infrastructure, manage ash removal, and provide respiratory protection.",
    "responsible_role_type": "Environmental Health Specialist",
    "document_template_primary": null,
    "document_template_secondary": null,
    "steps_to_create": [
      "Identify critical infrastructure vulnerable to ashfall.",
      "Develop strategies for protecting infrastructure (e.g., ash-resistant filters).",
      "Outline procedures for ash removal.",
      "Establish protocols for providing respiratory protection.",
      "Define measures for managing ash disposal."
    ],
    "approval_authorities": "Project Manager, EPA Regional Office"
  }
]