{
  "wbs_project": {
    "id": "f74a79bc-497f-4d79-9c7f-f968f50b2149",
    "description": "Yellowstone Evacuation",
    "extra_fields": {
      "final_deliverable": "Safe Evacuation"
    },
    "task_children": [
      {
        "id": "bee241f0-4aa5-41fc-8d68-ed3aeb9b7dc6",
        "description": "Project Initiation & Planning",
        "task_children": [
          {
            "id": "51e3aed6-132a-4ea5-b5d9-f4a7728cd9e4",
            "description": "Define Project Scope and Objectives"
          },
          {
            "id": "2335f00b-553d-4c79-ad84-e4e4a5ab231e",
            "description": "Identify Stakeholders"
          },
          {
            "id": "def25511-37e4-46ce-9202-4b80b896c7ef",
            "description": "Develop Communication Plan"
          },
          {
            "id": "2df0047f-b30e-4584-bca3-9242e29ee070",
            "description": "Establish Risk Management Plan"
          },
          {
            "id": "ee298cf4-e281-4b53-80e8-d593b0ef0cde",
            "description": "Secure Initial Funding"
          }
        ]
      },
      {
        "id": "9d73ef4d-6cb4-438d-bbc3-1a34384005a9",
        "description": "Data Collection & Analysis",
        "task_children": [
          {
            "id": "a0afb907-3fd6-4aaa-9f26-166f2563b46a",
            "description": "Collect VEI-7 Escalation Data"
          },
          {
            "id": "59c4b3ba-7780-4edc-a290-1983d97b748b",
            "description": "Conduct Cybersecurity Risk Assessment"
          },
          {
            "id": "bb2eee9c-cd94-455c-85bf-f74369afb9fa",
            "description": "Assess Vulnerable Population Needs"
          },
          {
            "id": "9ddce8db-fa90-457e-8290-b7657045dc77",
            "description": "Develop Long-Term Recovery Plan"
          },
          {
            "id": "968d2545-7ce4-4827-9664-c3681705efbd",
            "description": "Establish Authority Transfer Protocol"
          }
        ]
      },
      {
        "id": "05ade5fb-1a2d-4c8b-87fb-1d9978b63b3a",
        "description": "Resource Stockpiling & Distribution",
        "task_children": [
          {
            "id": "0641b1dd-8fff-4eec-9bb1-ea7169cb0a39",
            "description": "Procure Essential Resources"
          },
          {
            "id": "6e3fed11-92b6-4fe1-867a-b112e3350f8a",
            "description": "Establish Distribution Centers"
          },
          {
            "id": "ea5af904-a843-4fc6-86b9-7a199c10759c",
            "description": "Develop Resource Prioritization Framework"
          },
          {
            "id": "40b2d5e5-fe40-4bd4-869c-e0bfc5b04042",
            "description": "Coordinate Logistics and Transportation"
          }
        ]
      },
      {
        "id": "70665391-383d-4d47-879a-d6650db1950f",
        "description": "Evacuation Planning & Execution",
        "task_children": [
          {
            "id": "1fa5824f-19d6-4ae1-9453-3c3e01d1f1fe",
            "description": "Define Evacuation Zones"
          },
          {
            "id": "dc8066c0-3083-43e6-8d1d-2eefb88cde24",
            "description": "Establish Evacuation Trigger Protocol"
          },
          {
            "id": "ac17abf5-f7cf-4752-9b84-bdd796dad8d1",
            "description": "Develop Traffic Flow Optimization Strategy"
          },
          {
            "id": "5c9c360d-0d4e-4f4a-9220-18f4c4843246",
            "description": "Implement Public Communication Strategy"
          },
          {
            "id": "4ffa5915-6ff3-48f6-8366-e1fbb95b6994",
            "description": "Conduct Evacuation Drills"
          }
        ]
      },
      {
        "id": "e9f43038-8c65-4121-906a-ed59b4c85cea",
        "description": "Communication & Command Control",
        "task_children": [
          {
            "id": "2b4ed5fe-c723-4b20-9d9c-6bf65e47cb94",
            "description": "Establish Communication Redundancy Strategy"
          },
          {
            "id": "cc00671f-963e-41a6-b510-247c0eca7ebc",
            "description": "Define Command & Control Decentralization"
          },
          {
            "id": "cdb32941-90af-489c-a1bd-211c63bf52a1",
            "description": "Develop Command Structure Adaptability"
          }
        ]
      },
      {
        "id": "859f5ec2-01ce-4001-af46-c8721193063a",
        "description": "Ashfall Mitigation",
        "task_children": [
          {
            "id": "fbb0a579-0f12-455f-a70a-6e5fc18209b9",
            "description": "Develop Ashfall Mitigation Strategy"
          },
          {
            "id": "c4201650-9932-477f-8c20-b00a83a92cf2",
            "description": "Procure Ash Removal Equipment"
          },
          {
            "id": "fb262393-0577-4d64-bcb5-5b93ddddb6a4",
            "description": "Identify Critical Infrastructure for Protection"
          }
        ]
      },
      {
        "id": "bda5ac04-0e4f-449a-8a58-21083c4fca2f",
        "description": "Long-Term Recovery",
        "task_children": [
          {
            "id": "22424763-7e4d-452d-b942-5295d577a780",
            "description": "Implement Long-Term Recovery Plan"
          },
          {
            "id": "7d8001b9-0754-424b-aaf4-223feaba3ca9",
            "description": "Secure Funding for Recovery Projects"
          },
          {
            "id": "3a9eabfc-68fc-4744-b9f7-f8ec2a896325",
            "description": "Coordinate with Community Leaders"
          }
        ]
      }
    ]
  }
}