Level 1;Level 2;Level 3;Level 4;Task ID
Yellowstone Evacuation;;;;f74a79bc-497f-4d79-9c7f-f968f50b2149
;Project Initiation & Planning;;;bee241f0-4aa5-41fc-8d68-ed3aeb9b7dc6
;;Define Project Scope and Objectives;;51e3aed6-132a-4ea5-b5d9-f4a7728cd9e4
;;;Gather Stakeholder Requirements;ee690c20-6ce3-4bb5-836d-516e0ecb01f5
;;;Document Project Objectives;86568f7c-5ff6-4bc5-8a1e-585f0a094347
;;;Prioritize Project Objectives;2c31b8d1-9055-469e-8444-ed29c2e791ca
;;;Define Project Scope Boundaries;13d210ab-309d-4cda-bcc2-2acb7068a307
;;Identify Stakeholders;;2335f00b-553d-4c79-ad84-e4e4a5ab231e
;;;Identify Key Stakeholder Groups;c22264c2-4ea2-42a7-a83b-6c9cb5444d1e
;;;Map Stakeholder Communication Preferences;f8d01614-e3d5-4c4b-9f18-a5214c670552
;;;Prioritize Stakeholder Engagement;69e51038-7f4a-4650-80f8-74e83399eb70
;;;Document Stakeholder Information;9436308d-44a7-4b54-9dca-bfcf574af2d9
;;Develop Communication Plan;;def25511-37e4-46ce-9202-4b80b896c7ef
;;;Identify Communication Channels and Stakeholders;01a2e289-b319-449d-b417-c27f54a7111d
;;;Define Communication Objectives and Key Messages;43bda48f-5785-4316-ac8a-c1714a9a4993
;;;Develop Communication Schedule and Timeline;cfe07bdc-3612-4706-8fc6-091224a51a33
;;;Establish Feedback Mechanisms and Monitoring;0c7571ca-8c0c-4276-82d2-ab9aa1b3353d
;;Establish Risk Management Plan;;2df0047f-b30e-4584-bca3-9242e29ee070
;;;Identify Potential Risks;a498590a-00a9-4918-933e-cfca24d3ec94
;;;Assess Risk Probability and Impact;c6448065-076f-43f8-be41-e58d05700507
;;;Develop Mitigation Strategies;57aad278-b376-41aa-90e2-420ac5d0d080
;;;Document Risk Management Plan;b1b0141d-e22c-4b4c-86a9-fa78b6d48644
;;Secure Initial Funding;;ee298cf4-e281-4b53-80e8-d593b0ef0cde
;;;Identify potential funding sources;4348bd0b-f638-4ff5-ae08-eab07edae133
;;;Prepare budget proposal;c3193204-833a-49d7-ad1b-1b2d0deee7c6
;;;Submit funding applications;538694ea-3748-42f0-aeef-f7cfc7c763df
;;;Negotiate funding agreements;d2c393a7-80b5-496e-bd10-8bcce3a97dba
;Data Collection & Analysis;;;9d73ef4d-6cb4-438d-bbc3-1a34384005a9
;;Collect VEI-7 Escalation Data;;a0afb907-3fd6-4aaa-9f26-166f2563b46a
;;;Gather USGS Yellowstone monitoring data;eb2f4231-3869-4d2d-a256-d8ad8fb13d72
;;;Run probabilistic eruption models;a6b1dcb1-a6f5-4d6f-8aac-bc13519cca88
;;;Assess lahar flow paths;765ade08-cfd6-4090-b96e-70a925b099b6
;;;Map pyroclastic flow hazards;613f9ce4-8dc6-409b-908d-3d6d9fac5c1f
;;;Validate with expert volcanologists;d604fe04-0268-41f9-8149-acdc8b11e65a
;;Conduct Cybersecurity Risk Assessment;;59c4b3ba-7780-4edc-a290-1983d97b748b
;;;Identify Critical Systems and Data;4b5749b0-6a3b-4cda-8220-12b687a667cf
;;;Perform Vulnerability Scanning and Penetration Testing;07b56a15-5e40-4dc3-b415-fbe42f1da726
;;;Develop and Implement Security Measures;e12e3a6b-8eda-4a4e-8a66-e2cf51f3501e
;;;Establish Incident Response Plan;bdd261b9-d108-40d5-a271-b760ee3333f2
;;;Conduct Security Awareness Training;a7e5ee03-4ddc-4d84-b86f-55671253dbd6
;;Assess Vulnerable Population Needs;;bb2eee9c-cd94-455c-85bf-f74369afb9fa
;;;Identify vulnerable populations in Zone One;b3e64ca4-3cb7-474c-9ee5-d009300bd954
;;;Assess accessibility of evacuation routes;63d54618-1aaa-4acd-bca7-368426dc4816
;;;Develop multilingual communication strategies;bd93a5e1-0e70-4dd9-bd2d-a5314cf13c16
;;;Plan for specialized equipment needs;17c9f00f-29d6-4625-98d7-197cdb243f4e
;;;Establish accessible transportation options;5f7b2dea-83aa-4409-89b0-57060b20c258
;;Develop Long-Term Recovery Plan;;9ddce8db-fa90-457e-8290-b7657045dc77
;;;Assess economic impact of eruption;97209202-9831-4c55-be91-360fd3bd307c
;;;Evaluate infrastructure damage scenarios;48147737-6550-48b7-aefa-3fa7b37d6b2a
;;;Conduct community resilience assessments;ec51aaf0-7f24-4a43-bb7c-f434f8889d6e
;;;Identify funding sources for recovery;386d71cf-c713-4383-8661-f87c7016e93c
;;Establish Authority Transfer Protocol;;968d2545-7ce4-4827-9664-c3681705efbd
;;;Identify Legal Requirements for Authority Transfer;ce75a0e4-20ed-4f5e-92fb-c6fbdd42335c
;;;Draft Authority Transfer Protocols;a7ed400e-a568-4536-b744-4d8844f6e59e
;;;Secure Legal Liaison Contact Information;3d394f78-1e92-42ef-90c1-c48cd064787c
;;;Simulate Authority Transfer Scenarios;2a987d6e-1030-43c6-af24-fd30a6b5d737
;Resource Stockpiling & Distribution;;;05ade5fb-1a2d-4c8b-87fb-1d9978b63b3a
;;Procure Essential Resources;;0641b1dd-8fff-4eec-9bb1-ea7169cb0a39
;;;Identify Bottled Water Suppliers;37396c01-a2c7-48a9-b4bd-a68dd2b071e2
;;;Negotiate Bottled Water Contracts;175763ee-92cb-43da-803b-0f3d6a6fb35f
;;;Secure N95 Respirator Supply;015ec381-2dea-46db-a8d4-fb8d3234654e
;;;Finalize Respirator Contracts;9476144b-b8db-4e32-80a3-e90c02b1fdc9
;;;Establish Fuel Supply Agreements;54030f2d-c010-437d-88e6-ddbc389b4c03
;;Establish Distribution Centers;;6e3fed11-92b6-4fe1-867a-b112e3350f8a
;;;Identify potential distribution center locations;56626b3c-0aa9-44af-88d4-169dc77faabd
;;;Negotiate agreements for center usage;dd746f6d-a961-40b2-b14c-0adf98e2d491
;;;Prepare distribution center sites;696646d6-3d42-46b1-8891-e922117bb1a1
;;;Establish center staffing plan;a7df02f5-8740-4158-acf8-e3898c4f8f81
;;Develop Resource Prioritization Framework;;ea5af904-a843-4fc6-86b9-7a199c10759c
;;;Identify Critical Resource Needs;bbfeb28a-7b7b-4615-a76f-92ea6bd0157c
;;;Establish Prioritization Criteria;63bccb36-8fed-439f-bab6-31afcaa6f4c1
;;;Develop Allocation Workflow;f21d8429-9f23-46ef-b86a-7a35e46c7f40
;;;Document Prioritization Framework;609e6be6-7fcb-4745-a1af-0b8c3423319e
;;Coordinate Logistics and Transportation;;40b2d5e5-fe40-4bd4-869c-e0bfc5b04042
;;;Establish Real-Time Traffic Monitoring System;5b999bbc-7726-49d4-9a7c-5779265e42ac
;;;Develop Contingency Plans for Road Closures;1f216773-8929-4a3d-849c-f003ede18432
;;;Secure Priority Fuel Access for Emergency Vehicles;be31cebb-bd1a-4651-97df-858355d2f668
;;;Implement Centralized Logistics Management System;0e640711-9b7b-40cb-97d4-4c546f03f176
;Evacuation Planning & Execution;;;70665391-383d-4d47-879a-d6650db1950f
;;Define Evacuation Zones;;1fa5824f-19d6-4ae1-9453-3c3e01d1f1fe
;;;Gather geological data for zone mapping;2ee61c9e-49d6-4f2d-befe-a1fbee372db1
;;;Model ashfall dispersion for zone impact;49446a17-3fb5-423d-b485-9ec17546c6c2
;;;Define evacuation zone boundaries;50cb4f0e-744e-49ed-a1c2-008d4f2d79b0
;;;Review and validate zone definitions;5070781c-2a81-4540-87ea-6c5a080e24a4
;;Establish Evacuation Trigger Protocol;;dc8066c0-3083-43e6-8d1d-2eefb88cde24
;;;Define Eruption Intensity Thresholds;0ade58d2-75b3-45d6-bff3-ab8bd3a9d23e
;;;Establish Communication Channels Activation;48e8887b-a022-473e-a69f-fef910a59c11
;;;Formalize Authority Activation Chain;dcb17520-2deb-4485-a0cc-b55f5c47dfa9
;;;Develop Protocol for False Alarms;56edc134-3db2-4392-9c8e-7e285fc69099
;;;Document Evacuation Order Dissemination;6ed2a18c-1c29-44c4-b492-718f13856b28
;;Develop Traffic Flow Optimization Strategy;;ac17abf5-f7cf-4752-9b84-bdd796dad8d1
;;;Analyze current traffic patterns;9ab695ef-3b35-41f3-bd6c-dd4d0d8e25a1
;;;Identify alternative evacuation routes;f559778f-38a0-4318-90cf-b6853fecf0d9
;;;Implement contraflow lane management;5f8fc2f6-ecf5-416d-95cb-73b21abfdc43
;;;Coordinate traffic control personnel;befbfde5-6321-43ba-a936-024836cf842d
;;;Simulate traffic flow under evacuation conditions;1ab6b739-3ff5-4669-a8f9-5f085e6aeff3
;;Implement Public Communication Strategy;;5c9c360d-0d4e-4f4a-9220-18f4c4843246
;;;Identify Target Audiences;d320f252-27d5-4052-879a-d023dbfa4590
;;;Craft Key Messages;a2a2b811-1c3a-4ec8-839f-cb926e47f1bd
;;;Select Communication Channels;6b115bb3-98d1-4bdb-83f0-836a18c2c879
;;;Develop Multilingual Alerts;b623cfcc-604f-42f2-bd56-1bf3fb891ada
;;;Monitor and Address Misinformation;4cbc0f64-5066-44fc-8a2b-43d1cbfe2415
;;Conduct Evacuation Drills;;4ffa5915-6ff3-48f6-8366-e1fbb95b6994
;;;Plan Evacuation Drill Scenarios;fac5343f-11c1-4839-881c-2e9cb7dd58fc
;;;Secure Drill Participation;7e87cf12-f940-494a-b7c7-49fc34b352de
;;;Conduct Tabletop Exercise;87014429-83e3-43fe-9bc1-84194eb9bc64
;;;Execute Evacuation Drills;5ead3571-ef4d-4de1-b0ef-ab81f6b9694f
;;;Analyze Drill Results and Improve Plan;420ef8ea-97b9-41f4-8fa6-cbe4a8d962ab
;Communication & Command Control;;;e9f43038-8c65-4121-906a-ed59b4c85cea
;;Establish Communication Redundancy Strategy;;2b4ed5fe-c723-4b20-9d9c-6bf65e47cb94
;;;Identify Communication System Dependencies;380e299a-43ee-4eb5-9602-4a49e85bdbc5
;;;Assess System Interoperability;a898a644-8846-43b6-b024-71bf3be938d2
;;;Secure Satellite Phone Inventory;7bc06333-1d83-4cbe-984c-38c4f0490380
;;;Establish Backup Communication Protocols;f54e3f8d-1aae-4d50-8ecb-3435636f0c22
;;Define Command & Control Decentralization;;cc00671f-963e-41a6-b510-247c0eca7ebc
;;;Identify Key Decision-Makers;dd98842b-2646-42e2-a0d0-2beb1dc490f4
;;;Document Authority Transfer Scenarios;dd0fc9f4-b8aa-4cff-b661-1c639ca6059c
;;;Establish Communication Protocols;0fbc2659-4f3d-4897-be95-dcfdb92c4538
;;;Develop Delegation of Authority Matrix;4f346437-bb66-4932-b8b7-99af7ad98966
;;;Conduct Training on Decentralization;78dbaf86-cf24-4a4a-8933-51f9ebab5cb4
;;Develop Command Structure Adaptability;;cdb32941-90af-489c-a1bd-211c63bf52a1
;;;Identify potential adaptation triggers;52559213-b755-41ea-8bd6-352afff0e09d
;;;Develop adaptable command structure models;3101f9d6-3cac-4fac-ad2a-52eb10871f48
;;;Establish communication protocols for adaptation;de03c9ef-1c05-4f3d-9824-984b219edab3
;;;Conduct training on adaptable command structure;2897c237-73e2-4040-97e1-f8d83cb05fb3
;Ashfall Mitigation;;;859f5ec2-01ce-4001-af46-c8721193063a
;;Develop Ashfall Mitigation Strategy;;fbb0a579-0f12-455f-a70a-6e5fc18209b9
;;;Research ash removal equipment options;ee2226a6-aacf-4930-8bfe-12b20e16fc40
;;;Assess equipment specifications and capacity;e71d060a-780c-45e0-9e43-3f22b44fc832
;;;Evaluate vendor options and pricing;867afe69-25d0-4403-b89d-ed8b39bfdb9e
;;;Secure equipment contracts and agreements;47bd8fef-4602-462a-8305-852f244cd9d0
;;;Coordinate equipment delivery and staging;0fcbb183-fb38-492d-a0d6-42814000a531
;;Procure Ash Removal Equipment;;c4201650-9932-477f-8c20-b00a83a92cf2
;;;Identify Ash Removal Equipment Needs;ec2ac19c-28a0-4ab8-9012-2e96e415eda2
;;;Research and Evaluate Equipment Options;7c663b81-66ae-4cfc-808b-a0e92f53c520
;;;Assess Infrastructure Vulnerability to Ash;70bccb8c-8c4b-45b3-9c9a-9f5c29230652
;;;Prioritize Equipment Procurement;4a806d3a-74a1-4cc3-92ff-6302655522ba
;;;Secure Equipment Procurement Contracts;63e2452d-caf1-43f4-89f5-79f149a75979
;;Identify Critical Infrastructure for Protection;;fb262393-0577-4d64-bcb5-5b93ddddb6a4
;;;Gather Infrastructure Data;a10fcbd3-133b-4364-9a4b-41415d148f17
;;;Assess Infrastructure Vulnerability;32ae3ae1-36a7-4fce-8071-589134ddabb6
;;;Prioritize Infrastructure Protection;fe008065-9f81-41b5-8a44-c45c1244e33a
;;;Document Protection Strategies;81ecbb41-a449-4e53-9f9c-43b3b751f933
;Long-Term Recovery;;;bda5ac04-0e4f-449a-8a58-21083c4fca2f
;;Implement Long-Term Recovery Plan;;22424763-7e4d-452d-b942-5295d577a780
;;;Establish Recovery Task Force;b8aaac8d-646c-4208-b19a-d7916adf4f4d
;;;Prioritize Recovery Projects;31924e3a-345d-46c3-99ce-9886c42b1144
;;;Manage Resource Distribution;a955ea32-0213-4674-801c-10f898778ca7
;;;Monitor Progress and Adjust Plan;b0afaf75-eec3-4ee6-9d93-1f26e0222949
;;;Communicate Recovery Efforts;0aab6a44-f239-4ae5-a85d-3756cbf534c6
;;Secure Funding for Recovery Projects;;7d8001b9-0754-424b-aaf4-223feaba3ca9
;;;Identify Potential Funding Sources;a711a3ad-38c1-41de-85d6-2698b01e7b64
;;;Prepare Funding Proposals;e203d4a1-d189-44ef-b427-6c43f8c731c1
;;;Lobby Key Decision-Makers;807db08d-e864-4de7-83b2-1b1782dd55db
;;;Manage Funding Applications;a44750af-dfdb-4f2b-bbbf-0a21aa096639
;;;Negotiate Funding Agreements;b6b327d6-6480-4884-80e6-63950f9fc250
;;Coordinate with Community Leaders;;3a9eabfc-68fc-4744-b9f7-f8ec2a896325
;;;Identify Key Community Leaders;018ef0b7-c0d8-4b30-b3fa-9ee614fcb5df
;;;Establish Communication Channels;87b30bbc-2511-40be-9aab-e9b940617af3
;;;Schedule Initial Consultation Meetings;808b902a-3e8e-4225-bebb-797adad73371
;;;Gather Community Feedback;fff054e4-33bc-421b-ad1c-8375dcc324a3
;;;Incorporate Feedback into Recovery Plan;2bc89bd0-928b-4fed-8072-471b89b30ba9