project_key,project_name,project_description,project_start_date,project_end_date,project_progress,project_parent,originating_department
f74a79bc-497f-4d79-9c7f-f968f50b2149,Yellowstone Evacuation,"Yellowstone Evacuation

Final deliverable:
Safe Evacuation",2/1/2026,11/6/2028,0,,PlanExe
bee241f0-4aa5-41fc-8d68-ed3aeb9b7dc6,Project Initiation & Planning,,2/1/2026,3/1/2026,0,f74a79bc-497f-4d79-9c7f-f968f50b2149,PlanExe
51e3aed6-132a-4ea5-b5d9-f4a7728cd9e4,Define Project Scope and Objectives,,2/1/2026,2/5/2026,0,bee241f0-4aa5-41fc-8d68-ed3aeb9b7dc6,PlanExe
ee690c20-6ce3-4bb5-836d-516e0ecb01f5,Gather Stakeholder Requirements,"Gather Stakeholder Requirements

Description:
Collect detailed requirements from all key stakeholders regarding evacuation procedures, resource allocation, and communication protocols. This involves conducting interviews, surveys, and workshops to ensure a comprehensive understanding of their needs and expectations.

Resources needed:
• Project Manager
• Business Analyst
• Subject Matter Experts",2/1/2026,2/2/2026,0,51e3aed6-132a-4ea5-b5d9-f4a7728cd9e4,PlanExe
86568f7c-5ff6-4bc5-8a1e-585f0a094347,Document Project Objectives,"Document Project Objectives

Description:
Create a clear and concise document outlining the specific, measurable, achievable, relevant, and time-bound (SMART) objectives of the Yellowstone evacuation project. This document will serve as a guiding principle for all subsequent project activities.

Resources needed:
• Project Manager
• Technical Writer
• Stakeholder Representatives",2/2/2026,2/3/2026,0,ee690c20-6ce3-4bb5-836d-516e0ecb01f5,PlanExe
2c31b8d1-9055-469e-8444-ed29c2e791ca,Prioritize Project Objectives,"Prioritize Project Objectives

Description:
Rank the project objectives based on their importance and impact on the overall success of the evacuation effort. This prioritization will help to focus resources and efforts on the most critical aspects of the project.

Resources needed:
• Project Manager
• Stakeholder Representatives
• Risk Assessment Team",2/3/2026,2/4/2026,0,86568f7c-5ff6-4bc5-8a1e-585f0a094347,PlanExe
13d210ab-309d-4cda-bcc2-2acb7068a307,Define Project Scope Boundaries,"Define Project Scope Boundaries

Description:
Clearly define the boundaries of the project, including the geographic area covered, the types of activities included, and the resources allocated. This will help to prevent scope creep and ensure that the project remains focused on its core objectives.

Resources needed:
• Project Manager
• Geographic Information System (GIS) Specialist
• Emergency Management Expert",2/4/2026,2/5/2026,0,51e3aed6-132a-4ea5-b5d9-f4a7728cd9e4,PlanExe
2335f00b-553d-4c79-ad84-e4e4a5ab231e,Identify Stakeholders,,2/5/2026,2/9/2026,0,51e3aed6-132a-4ea5-b5d9-f4a7728cd9e4,PlanExe
c22264c2-4ea2-42a7-a83b-6c9cb5444d1e,Identify Key Stakeholder Groups,"Identify Key Stakeholder Groups

Description:
Identify all relevant stakeholder groups, including internal teams, external partners, regulatory bodies, and community representatives. Determine their roles, responsibilities, and levels of influence.

Resources needed:
• Project Manager
• Communication Specialist
• Stakeholder Analysis Template",2/5/2026,2/6/2026,0,2335f00b-553d-4c79-ad84-e4e4a5ab231e,PlanExe
f8d01614-e3d5-4c4b-9f18-a5214c670552,Map Stakeholder Communication Preferences,"Map Stakeholder Communication Preferences

Description:
Determine the preferred communication channels, frequency, and level of detail for each stakeholder group. Consider factors such as their technical expertise, time constraints, and cultural background.

Resources needed:
• Communication Specialist
• Survey Tools
• Stakeholder Contact List",2/6/2026,2/7/2026,0,c22264c2-4ea2-42a7-a83b-6c9cb5444d1e,PlanExe
69e51038-7f4a-4650-80f8-74e83399eb70,Prioritize Stakeholder Engagement,"Prioritize Stakeholder Engagement

Description:
Rank stakeholders based on their importance to the project's success and their level of influence. Focus engagement efforts on high-priority stakeholders to ensure their needs and concerns are addressed effectively.

Resources needed:
• Project Manager
• Stakeholder Analysis Template
• Decision-Making Framework",2/7/2026,2/8/2026,0,f8d01614-e3d5-4c4b-9f18-a5214c670552,PlanExe
9436308d-44a7-4b54-9dca-bfcf574af2d9,Document Stakeholder Information,"Document Stakeholder Information

Description:
Create a comprehensive stakeholder register that includes contact information, communication preferences, roles, responsibilities, and levels of influence. Maintain the register throughout the project lifecycle.

Resources needed:
• Project Manager
• Stakeholder Register Template
• Data Management System",2/8/2026,2/9/2026,0,2335f00b-553d-4c79-ad84-e4e4a5ab231e,PlanExe
def25511-37e4-46ce-9202-4b80b896c7ef,Develop Communication Plan,,2/9/2026,2/13/2026,0,2335f00b-553d-4c79-ad84-e4e4a5ab231e,PlanExe
01a2e289-b319-449d-b417-c27f54a7111d,Identify Communication Channels and Stakeholders,"Identify Communication Channels and Stakeholders

Description:
Objective: Determine the most effective communication channels for reaching different stakeholder groups.
Scope: Identify all relevant stakeholders and their preferred communication methods.
Steps: 1. Review stakeholder analysis. 2. Research available communication channels. 3. Map stakeholders to appropriate channels.
Deliverables: List of communication channels and stakeholder mapping.

Resources needed:
• Stakeholder analysis document
• Communication specialist
• Project manager",2/9/2026,2/10/2026,0,def25511-37e4-46ce-9202-4b80b896c7ef,PlanExe
43bda48f-5785-4316-ac8a-c1714a9a4993,Define Communication Objectives and Key Messages,"Define Communication Objectives and Key Messages

Description:
Objective: Establish clear communication objectives and craft key messages for each stakeholder group.
Scope: Define what needs to be communicated and the desired outcome of each communication.
Steps: 1. Review project objectives. 2. Develop key messages for each stakeholder group. 3. Ensure messages are consistent and accurate.
Deliverables: Communication objectives and key messages document.

Resources needed:
• Project objectives document
• Communication specialist
• Subject matter experts",2/10/2026,2/11/2026,0,01a2e289-b319-449d-b417-c27f54a7111d,PlanExe
cfe07bdc-3612-4706-8fc6-091224a51a33,Develop Communication Schedule and Timeline,"Develop Communication Schedule and Timeline

Description:
Objective: Create a detailed communication schedule and timeline to ensure timely and effective communication.
Scope: Define when and how each communication will be delivered.
Steps: 1. Identify key milestones and communication needs. 2. Develop a communication schedule. 3. Assign responsibilities for each communication task.
Deliverables: Communication schedule and timeline document.

Resources needed:
• Project schedule
• Communication specialist
• Project manager",2/11/2026,2/12/2026,0,43bda48f-5785-4316-ac8a-c1714a9a4993,PlanExe
0c7571ca-8c0c-4276-82d2-ab9aa1b3353d,Establish Feedback Mechanisms and Monitoring,"Establish Feedback Mechanisms and Monitoring

Description:
Objective: Implement feedback mechanisms to gather input from stakeholders and monitor the effectiveness of communication efforts.
Scope: Define how feedback will be collected and analyzed.
Steps: 1. Develop feedback surveys and questionnaires. 2. Establish a process for collecting and analyzing feedback. 3. Monitor communication channels for stakeholder responses.
Deliverables: Feedback mechanisms and monitoring plan.

Resources needed:
• Communication specialist
• Project manager
• Data analyst",2/12/2026,2/13/2026,0,def25511-37e4-46ce-9202-4b80b896c7ef,PlanExe
2df0047f-b30e-4584-bca3-9242e29ee070,Establish Risk Management Plan,,2/13/2026,2/21/2026,0,def25511-37e4-46ce-9202-4b80b896c7ef,PlanExe
a498590a-00a9-4918-933e-cfca24d3ec94,Identify Potential Risks,"Identify Potential Risks

Description:
Objective: Identify all potential risks that could impact the project.
Scope: Consider all aspects of the project, including technical, logistical, financial, and regulatory risks.
Steps: Conduct brainstorming sessions, review historical data, consult with experts.
Deliverables: A comprehensive list of potential risks.

Resources needed:
• Project Manager
• Subject Matter Experts
• Risk Management Software",2/13/2026,2/15/2026,0,2df0047f-b30e-4584-bca3-9242e29ee070,PlanExe
c6448065-076f-43f8-be41-e58d05700507,Assess Risk Probability and Impact,"Assess Risk Probability and Impact

Description:
Objective: Evaluate the likelihood and potential impact of each identified risk.
Scope: Quantify the probability and impact using a risk assessment matrix.
Steps: Assign probability and impact scores to each risk, prioritize risks based on their overall score.
Deliverables: A prioritized list of risks with associated probability and impact scores.

Resources needed:
• Risk Analyst
• Project Team
• Risk Assessment Matrix",2/15/2026,2/17/2026,0,a498590a-00a9-4918-933e-cfca24d3ec94,PlanExe
57aad278-b376-41aa-90e2-420ac5d0d080,Develop Mitigation Strategies,"Develop Mitigation Strategies

Description:
Objective: Develop strategies to mitigate or eliminate the identified risks.
Scope: Identify specific actions to reduce the probability or impact of each risk.
Steps: Brainstorm mitigation strategies, evaluate the cost and effectiveness of each strategy, assign responsibility for implementing each strategy.
Deliverables: A detailed mitigation plan for each identified risk.

Resources needed:
• Project Manager
• Subject Matter Experts
• Contingency Budget",2/17/2026,2/19/2026,0,c6448065-076f-43f8-be41-e58d05700507,PlanExe
b1b0141d-e22c-4b4c-86a9-fa78b6d48644,Document Risk Management Plan,"Document Risk Management Plan

Description:
Objective: Create a comprehensive risk management plan that documents all identified risks, their probability and impact, and the associated mitigation strategies.
Scope: The plan should be clear, concise, and easily accessible to all project stakeholders.
Steps: Compile all risk assessment data, document mitigation strategies, create a risk register, obtain approval from project stakeholders.
Deliverables: A complete and approved risk management plan.

Resources needed:
• Project Manager
• Technical Writer
• Document Management System",2/19/2026,2/21/2026,0,2df0047f-b30e-4584-bca3-9242e29ee070,PlanExe
ee298cf4-e281-4b53-80e8-d593b0ef0cde,Secure Initial Funding,,2/21/2026,3/1/2026,0,bee241f0-4aa5-41fc-8d68-ed3aeb9b7dc6,PlanExe
4348bd0b-f638-4ff5-ae08-eab07edae133,Identify potential funding sources (1),"Identify potential funding sources

Description:
Research and identify all potential funding sources, including government grants, private investors, and internal budget allocations. This involves reviewing eligibility criteria, application requirements, and funding timelines for each source.

Resources needed:
• Grant writer
• Financial analyst
• Project manager",2/21/2026,2/23/2026,0,ee298cf4-e281-4b53-80e8-d593b0ef0cde,PlanExe
c3193204-833a-49d7-ad1b-1b2d0deee7c6,Prepare budget proposal,"Prepare budget proposal

Description:
Develop a detailed budget proposal outlining all project expenses, including personnel costs, equipment purchases, resource procurement, and operational expenses. The proposal should include clear justifications for each expense and align with the project's scope and objectives.

Resources needed:
• Financial analyst
• Project manager
• Subject matter experts",2/23/2026,2/25/2026,0,4348bd0b-f638-4ff5-ae08-eab07edae133,PlanExe
538694ea-3748-42f0-aeef-f7cfc7c763df,Submit funding applications,"Submit funding applications

Description:
Prepare and submit funding applications to identified funding sources, ensuring all application requirements are met and deadlines are adhered to. This includes completing application forms, gathering supporting documentation, and addressing any questions or concerns raised by funding agencies.

Resources needed:
• Grant writer
• Project manager
• Legal counsel",2/25/2026,2/27/2026,0,c3193204-833a-49d7-ad1b-1b2d0deee7c6,PlanExe
d2c393a7-80b5-496e-bd10-8bcce3a97dba,Negotiate funding agreements (1),"Negotiate funding agreements

Description:
Negotiate funding agreements with selected funding sources, ensuring favorable terms and conditions for the project. This includes reviewing agreement documents, addressing any legal or financial concerns, and securing final approval from relevant stakeholders.

Resources needed:
• Legal counsel
• Financial analyst
• Project manager",2/27/2026,3/1/2026,0,ee298cf4-e281-4b53-80e8-d593b0ef0cde,PlanExe
9d73ef4d-6cb4-438d-bbc3-1a34384005a9,Data Collection & Analysis,,3/1/2026,5/11/2026,0,bee241f0-4aa5-41fc-8d68-ed3aeb9b7dc6,PlanExe
a0afb907-3fd6-4aaa-9f26-166f2563b46a,Collect VEI-7 Escalation Data,,3/1/2026,3/11/2026,0,9d73ef4d-6cb4-438d-bbc3-1a34384005a9,PlanExe
eb2f4231-3869-4d2d-a256-d8ad8fb13d72,Gather USGS Yellowstone monitoring data,"Gather USGS Yellowstone monitoring data

Description:
Collect the latest data from the USGS on Yellowstone's volcanic activity, including seismic data, gas emissions, and ground deformation measurements. This data will be used to assess the current state of the caldera and to inform probabilistic eruption models.

Resources needed:
• USGS Data Portal Access
• Data Analyst",3/1/2026,3/3/2026,0,a0afb907-3fd6-4aaa-9f26-166f2563b46a,PlanExe
a6b1dcb1-a6f5-4d6f-8aac-bc13519cca88,Run probabilistic eruption models,"Run probabilistic eruption models

Description:
Utilize VOLCALPUH or similar probabilistic hazard models to simulate VEI-7 eruption scenarios. Input the collected USGS data and generate probabilistic hazard maps showing potential ashfall dispersion, lahar flow paths, and pyroclastic flow hazard zones.

Resources needed:
• VOLCALPUH Software
• High-Performance Computing Resources
• Volcanologist
• GIS Specialist",3/3/2026,3/5/2026,0,eb2f4231-3869-4d2d-a256-d8ad8fb13d72,PlanExe
765ade08-cfd6-4090-b96e-70a925b099b6,Assess lahar flow paths,"Assess lahar flow paths

Description:
Conduct detailed assessments of potential lahar flow paths using GIS software. Overlay the generated lahar flow paths on evacuation routes to identify areas at high risk and to inform evacuation planning.

Resources needed:
• GIS Software
• Geologist
• Evacuation Route Maps",3/5/2026,3/7/2026,0,a6b1dcb1-a6f5-4d6f-8aac-bc13519cca88,PlanExe
613f9ce4-8dc6-409b-908d-3d6d9fac5c1f,Map pyroclastic flow hazards,"Map pyroclastic flow hazards

Description:
Create hazard maps showing potential pyroclastic flow hazard zones based on the probabilistic eruption models. These maps will be used to identify areas that need to be evacuated and to inform emergency response planning.

Resources needed:
• GIS Software
• Volcanologist
• Hazard Mapping Specialist",3/7/2026,3/9/2026,0,765ade08-cfd6-4090-b96e-70a925b099b6,PlanExe
d604fe04-0268-41f9-8149-acdc8b11e65a,Validate with expert volcanologists,"Validate with expert volcanologists

Description:
Consult with volcanologists experienced in probabilistic hazard modeling to validate the results of the simulations and assessments. Incorporate their feedback to refine the models and to ensure the accuracy of the hazard maps.

Resources needed:
• Volcanologist Consultants
• Expert Review Panel",3/9/2026,3/11/2026,0,a0afb907-3fd6-4aaa-9f26-166f2563b46a,PlanExe
59c4b3ba-7780-4edc-a290-1983d97b748b,Conduct Cybersecurity Risk Assessment,,3/11/2026,3/26/2026,0,a0afb907-3fd6-4aaa-9f26-166f2563b46a,PlanExe
4b5749b0-6a3b-4cda-8220-12b687a667cf,Identify Critical Systems and Data,"Identify Critical Systems and Data

Description:
Objective: Determine the most vital communication and operational systems and data that require protection. Scope: Includes all systems used for emergency communication, resource allocation, evacuation coordination, and public information dissemination. Steps: Inventory all systems, classify data based on sensitivity and criticality, and document system architecture. Deliverables: A comprehensive list of critical systems and data with assigned criticality levels.

Resources needed:
• IT Security Specialists
• System Administrators
• Data Analysts",3/11/2026,3/14/2026,0,59c4b3ba-7780-4edc-a290-1983d97b748b,PlanExe
07b56a15-5e40-4dc3-b415-fbe42f1da726,Perform Vulnerability Scanning and Penetration Testing,"Perform Vulnerability Scanning and Penetration Testing

Description:
Objective: Identify vulnerabilities in critical systems through automated scanning and manual penetration testing. Scope: Includes network infrastructure, servers, applications, and databases. Steps: Conduct vulnerability scans using tools like Nessus or OpenVAS, perform penetration testing using Metasploit or similar frameworks, and document identified vulnerabilities. Deliverables: A detailed report of identified vulnerabilities with severity ratings and recommended remediation steps.

Resources needed:
• Cybersecurity Experts
• Penetration Testers
• Vulnerability Assessment Tools",3/14/2026,3/17/2026,0,4b5749b0-6a3b-4cda-8220-12b687a667cf,PlanExe
e12e3a6b-8eda-4a4e-8a66-e2cf51f3501e,Develop and Implement Security Measures,"Develop and Implement Security Measures

Description:
Objective: Implement security measures to mitigate identified vulnerabilities and protect critical systems and data. Scope: Includes implementing firewalls, intrusion detection systems, access controls, encryption, and security awareness training. Steps: Prioritize remediation based on vulnerability severity, implement security measures, and document implemented controls. Deliverables: A documented set of security measures implemented to protect critical systems and data.

Resources needed:
• IT Security Specialists
• System Administrators
• Network Engineers",3/17/2026,3/20/2026,0,07b56a15-5e40-4dc3-b415-fbe42f1da726,PlanExe
bdd261b9-d108-40d5-a271-b760ee3333f2,Establish Incident Response Plan,"Establish Incident Response Plan

Description:
Objective: Develop a plan for responding to cybersecurity incidents. Scope: Includes procedures for detecting, analyzing, containing, eradicating, and recovering from incidents. Steps: Define roles and responsibilities, develop incident response procedures, and conduct tabletop exercises. Deliverables: A documented incident response plan with clear procedures and assigned responsibilities.

Resources needed:
• Cybersecurity Experts
• Incident Response Team
• Legal Counsel",3/20/2026,3/23/2026,0,e12e3a6b-8eda-4a4e-8a66-e2cf51f3501e,PlanExe
a7e5ee03-4ddc-4d84-b86f-55671253dbd6,Conduct Security Awareness Training,"Conduct Security Awareness Training

Description:
Objective: Train personnel on cybersecurity best practices and incident reporting procedures. Scope: Includes all personnel with access to critical systems and data. Steps: Develop training materials, conduct training sessions, and track training completion. Deliverables: A documented record of security awareness training completion for all relevant personnel.

Resources needed:
• Cybersecurity Trainers
• Training Materials
• HR Personnel",3/23/2026,3/26/2026,0,59c4b3ba-7780-4edc-a290-1983d97b748b,PlanExe
bb2eee9c-cd94-455c-85bf-f74369afb9fa,Assess Vulnerable Population Needs,,3/26/2026,4/5/2026,0,59c4b3ba-7780-4edc-a290-1983d97b748b,PlanExe
b3e64ca4-3cb7-474c-9ee5-d009300bd954,Identify vulnerable populations in Zone One,"Identify vulnerable populations in Zone One

Description:
Objective: Determine the number and location of vulnerable populations within Zone One.
Scope: Includes tourists, non-English speakers, people with disabilities, and those with medical needs.
Steps: Analyze census data, tourist statistics, and disability registries. Consult with local community organizations.
Deliverables: A detailed report on the distribution of vulnerable populations.

Resources needed:
• GIS software
• Demographic data
• Community outreach coordinator
• Translation services",3/26/2026,3/28/2026,0,bb2eee9c-cd94-455c-85bf-f74369afb9fa,PlanExe
63d54618-1aaa-4acd-bca7-368426dc4816,Assess accessibility of evacuation routes,"Assess accessibility of evacuation routes

Description:
Objective: Evaluate the accessibility of evacuation routes and shelters for people with disabilities.
Scope: Includes physical accessibility, communication accessibility, and transportation accessibility.
Steps: Conduct site visits, review evacuation plans, and consult with disability advocacy groups.
Deliverables: A report on the accessibility of evacuation routes and shelters, with recommendations for improvements.

Resources needed:
• Accessibility experts
• Transportation planners
• Disability advocacy groups
• GIS data",3/28/2026,3/30/2026,0,b3e64ca4-3cb7-474c-9ee5-d009300bd954,PlanExe
bd93a5e1-0e70-4dd9-bd2d-a5314cf13c16,Develop multilingual communication strategies,"Develop multilingual communication strategies

Description:
Objective: Create communication materials in multiple languages to reach non-English speakers.
Scope: Includes evacuation alerts, safety instructions, and resource information.
Steps: Translate existing materials, develop new materials, and test their effectiveness with target audiences.
Deliverables: Multilingual communication materials in print, audio, and video formats.

Resources needed:
• Translators
• Communication specialists
• Language experts
• Public address systems",3/30/2026,4/1/2026,0,63d54618-1aaa-4acd-bca7-368426dc4816,PlanExe
17c9f00f-29d6-4625-98d7-197cdb243f4e,Plan for specialized equipment needs,"Plan for specialized equipment needs

Description:
Objective: Identify and procure specialized equipment needed by vulnerable populations.
Scope: Includes wheelchairs, medical devices, and other assistive devices.
Steps: Conduct needs assessments, identify suppliers, and secure funding.
Deliverables: A stockpile of specialized equipment and a plan for its distribution.

Resources needed:
• Medical personnel
• Logistics specialists
• Procurement officers
• Funding sources",4/1/2026,4/3/2026,0,bd93a5e1-0e70-4dd9-bd2d-a5314cf13c16,PlanExe
5f7b2dea-83aa-4409-89b0-57060b20c258,Establish accessible transportation options,"Establish accessible transportation options

Description:
Objective: Ensure that transportation is available to all vulnerable populations.
Scope: Includes accessible buses, vans, and other vehicles.
Steps: Coordinate with transportation providers, secure funding, and train drivers.
Deliverables: A transportation plan that meets the needs of all vulnerable populations.

Resources needed:
• Transportation providers
• Logistics specialists
• Funding sources
• Trained drivers",4/3/2026,4/5/2026,0,bb2eee9c-cd94-455c-85bf-f74369afb9fa,PlanExe
9ddce8db-fa90-457e-8290-b7657045dc77,Develop Long-Term Recovery Plan,,4/5/2026,5/7/2026,0,bb2eee9c-cd94-455c-85bf-f74369afb9fa,PlanExe
97209202-9831-4c55-be91-360fd3bd307c,Assess economic impact of eruption,"Assess economic impact of eruption

Description:
Evaluate the potential economic losses to the region due to the eruption, including tourism, agriculture, and other industries. This involves gathering data on pre-eruption economic activity, modeling the potential impacts of ashfall and other hazards, and identifying potential mitigation strategies.

Resources needed:
• Economists
• Data analysts
• Economic modeling software
• Regional economic data",4/5/2026,4/13/2026,0,9ddce8db-fa90-457e-8290-b7657045dc77,PlanExe
48147737-6550-48b7-aefa-3fa7b37d6b2a,Evaluate infrastructure damage scenarios,"Evaluate infrastructure damage scenarios

Description:
Model potential damage to critical infrastructure, including roads, bridges, power grids, and water systems. This involves using GIS software to overlay hazard maps on infrastructure maps, assessing the vulnerability of different infrastructure components, and developing damage scenarios based on different eruption intensities.

Resources needed:
• GIS specialists
• Engineers
• Infrastructure maps
• Hazard maps
• Damage assessment models",4/13/2026,4/21/2026,0,97209202-9831-4c55-be91-360fd3bd307c,PlanExe
ec51aaf0-7f24-4a43-bb7c-f434f8889d6e,Conduct community resilience assessments,"Conduct community resilience assessments

Description:
Assess the ability of local communities to cope with and recover from the eruption. This involves conducting surveys, focus groups, and interviews with community members to identify their strengths, weaknesses, and needs. It also involves evaluating the availability of social support networks and community resources.

Resources needed:
• Social scientists
• Community outreach specialists
• Survey instruments
• Focus group facilitators
• Community resilience assessment tools",4/21/2026,4/29/2026,0,48147737-6550-48b7-aefa-3fa7b37d6b2a,PlanExe
386d71cf-c713-4383-8661-f87c7016e93c,Identify funding sources for recovery,"Identify funding sources for recovery

Description:
Research and identify potential funding sources for long-term recovery projects, including federal, state, and private sources. This involves reviewing grant programs, contacting funding agencies, and developing funding proposals.

Resources needed:
• Grant writers
• Fundraising specialists
• Funding databases
• Grant application guidelines",4/29/2026,5/7/2026,0,9ddce8db-fa90-457e-8290-b7657045dc77,PlanExe
968d2545-7ce4-4827-9664-c3681705efbd,Establish Authority Transfer Protocol,,5/7/2026,5/11/2026,0,9d73ef4d-6cb4-438d-bbc3-1a34384005a9,PlanExe
ce75a0e4-20ed-4f5e-92fb-c6fbdd42335c,Identify Legal Requirements for Authority Transfer,"Identify Legal Requirements for Authority Transfer

Description:
Objective: Determine all legal and regulatory requirements for transferring authority during the emergency.
Scope: Review federal, state, and local laws, regulations, and emergency declarations.
Steps: Research relevant legal frameworks, consult with legal experts, and document findings.
Deliverables: A comprehensive list of legal requirements for authority transfer.

Resources needed:
• Emergency Law Specialist
• Legal Researchers
• Legal Databases",5/7/2026,5/8/2026,0,968d2545-7ce4-4827-9664-c3681705efbd,PlanExe
a7ed400e-a568-4536-b744-4d8844f6e59e,Draft Authority Transfer Protocols,"Draft Authority Transfer Protocols

Description:
Objective: Create clear and concise protocols for transferring authority between agencies and individuals.
Scope: Develop step-by-step procedures for different scenarios, including incapacitation of key personnel.
Steps: Define trigger points for authority transfer, outline roles and responsibilities, and document communication procedures.
Deliverables: A written protocol document outlining the authority transfer process.

Resources needed:
• Emergency Law Specialist
• Emergency Management Personnel
• Legal Review Team",5/8/2026,5/9/2026,0,ce75a0e4-20ed-4f5e-92fb-c6fbdd42335c,PlanExe
3d394f78-1e92-42ef-90c1-c48cd064787c,Secure Legal Liaison Contact Information,"Secure Legal Liaison Contact Information

Description:
Objective: Compile a list of contact information for legal liaisons from relevant agencies.
Scope: Identify legal representatives from FEMA, state agencies, and local governments.
Steps: Contact agencies to obtain contact information, verify accuracy, and maintain an updated list.
Deliverables: A contact list of legal liaisons with phone numbers, email addresses, and agency affiliations.

Resources needed:
• Administrative Assistant
• Emergency Management Personnel
• Agency Contacts",5/9/2026,5/10/2026,0,a7ed400e-a568-4536-b744-4d8844f6e59e,PlanExe
2a987d6e-1030-43c6-af24-fd30a6b5d737,Simulate Authority Transfer Scenarios,"Simulate Authority Transfer Scenarios

Description:
Objective: Test the effectiveness of the authority transfer protocols through simulations.
Scope: Conduct tabletop exercises and drills to identify potential weaknesses and areas for improvement.
Steps: Develop realistic scenarios, involve key personnel, and evaluate the simulation results.
Deliverables: A report summarizing the simulation findings and recommendations for protocol revisions.

Resources needed:
• Emergency Law Specialist
• Emergency Management Personnel
• Simulation Facilitator",5/10/2026,5/11/2026,0,968d2545-7ce4-4827-9664-c3681705efbd,PlanExe
05ade5fb-1a2d-4c8b-87fb-1d9978b63b3a,Resource Stockpiling & Distribution,,5/11/2026,8/11/2026,0,9d73ef4d-6cb4-438d-bbc3-1a34384005a9,PlanExe
0641b1dd-8fff-4eec-9bb1-ea7169cb0a39,Procure Essential Resources,,5/11/2026,7/10/2026,0,05ade5fb-1a2d-4c8b-87fb-1d9978b63b3a,PlanExe
37396c01-a2c7-48a9-b4bd-a68dd2b071e2,Identify Bottled Water Suppliers,"Identify Bottled Water Suppliers

Description:
Identify and vet potential bottled water suppliers capable of providing the required volume within the specified timeframe. This includes assessing their production capacity, storage facilities, and transportation capabilities.

Resources needed:
• Procurement Specialist
• Logistics Coordinator",5/11/2026,5/23/2026,0,0641b1dd-8fff-4eec-9bb1-ea7169cb0a39,PlanExe
175763ee-92cb-43da-803b-0f3d6a6fb35f,Negotiate Bottled Water Contracts,"Negotiate Bottled Water Contracts

Description:
Negotiate contracts with selected bottled water suppliers, ensuring favorable pricing, delivery schedules, and quality standards. This includes defining payment terms, liability clauses, and contingency plans for supply disruptions.

Resources needed:
• Contract Lawyer
• Procurement Specialist",5/23/2026,6/4/2026,0,37396c01-a2c7-48a9-b4bd-a68dd2b071e2,PlanExe
015ec381-2dea-46db-a8d4-fb8d3234654e,Secure N95 Respirator Supply,"Secure N95 Respirator Supply

Description:
Identify and secure a reliable supply of N95 respirators, ensuring they meet NIOSH standards and are available in sufficient quantities for the entire evacuation zone. This includes verifying authenticity and storage conditions.

Resources needed:
• Medical Supply Specialist
• Procurement Specialist",6/4/2026,6/16/2026,0,175763ee-92cb-43da-803b-0f3d6a6fb35f,PlanExe
9476144b-b8db-4e32-80a3-e90c02b1fdc9,Finalize Respirator Contracts,"Finalize Respirator Contracts

Description:
Negotiate and finalize contracts with N95 respirator suppliers, ensuring timely delivery, appropriate sizing options, and clear instructions for proper usage. This includes addressing storage requirements and distribution logistics.

Resources needed:
• Contract Lawyer
• Medical Supply Specialist",6/16/2026,6/28/2026,0,015ec381-2dea-46db-a8d4-fb8d3234654e,PlanExe
54030f2d-c010-437d-88e6-ddbc389b4c03,Establish Fuel Supply Agreements,"Establish Fuel Supply Agreements

Description:
Establish agreements with fuel suppliers to ensure a continuous supply of fuel for generators, emergency vehicles, and other critical equipment. This includes securing priority access and establishing backup fuel storage locations.

Resources needed:
• Logistics Coordinator
• Fuel Supply Specialist",6/28/2026,7/10/2026,0,0641b1dd-8fff-4eec-9bb1-ea7169cb0a39,PlanExe
6e3fed11-92b6-4fe1-867a-b112e3350f8a,Establish Distribution Centers,,7/10/2026,7/26/2026,0,0641b1dd-8fff-4eec-9bb1-ea7169cb0a39,PlanExe
56626b3c-0aa9-44af-88d4-169dc77faabd,Identify potential distribution center locations,"Identify potential distribution center locations

Description:
Objective: Identify suitable locations for resource distribution centers.
Scope: Evaluate potential sites based on accessibility, size, security, and proximity to evacuation routes.
Steps: 1. Review existing infrastructure maps. 2. Conduct site visits. 3. Assess suitability based on pre-defined criteria.
Deliverables: List of potential distribution center locations with site assessments.

Resources needed:
• Logistics Coordinator
• GIS Specialist
• Transportation Planner",7/10/2026,7/14/2026,0,6e3fed11-92b6-4fe1-867a-b112e3350f8a,PlanExe
dd746f6d-a961-40b2-b14c-0adf98e2d491,Negotiate agreements for center usage,"Negotiate agreements for center usage

Description:
Objective: Secure agreements for the use of identified distribution center locations.
Scope: Negotiate terms with property owners or managers, including lease agreements, access rights, and security protocols.
Steps: 1. Contact property owners. 2. Present proposal for center usage. 3. Negotiate terms and conditions. 4. Finalize agreements.
Deliverables: Signed agreements for distribution center locations.

Resources needed:
• Legal Counsel
• Contract Negotiator
• Project Manager",7/14/2026,7/18/2026,0,56626b3c-0aa9-44af-88d4-169dc77faabd,PlanExe
696646d6-3d42-46b1-8891-e922117bb1a1,Prepare distribution center sites,"Prepare distribution center sites

Description:
Objective: Prepare distribution center sites for resource storage and distribution.
Scope: Set up storage areas, install security systems, and ensure adequate lighting and ventilation.
Steps: 1. Clear and organize storage areas. 2. Install security systems. 3. Ensure adequate lighting and ventilation. 4. Set up communication systems.
Deliverables: Fully operational distribution center sites.

Resources needed:
• Construction Crew
• Security Personnel
• IT Technician",7/18/2026,7/22/2026,0,dd746f6d-a961-40b2-b14c-0adf98e2d491,PlanExe
a7df02f5-8740-4158-acf8-e3898c4f8f81,Establish center staffing plan,"Establish center staffing plan

Description:
Objective: Develop a staffing plan for each distribution center.
Scope: Determine the number of personnel needed for each center, including managers, volunteers, and security staff.
Steps: 1. Estimate personnel needs. 2. Recruit and train volunteers. 3. Assign roles and responsibilities. 4. Develop a shift schedule.
Deliverables: Staffing plan for each distribution center.

Resources needed:
• Human Resources Coordinator
• Volunteer Coordinator
• Training Specialist",7/22/2026,7/26/2026,0,6e3fed11-92b6-4fe1-867a-b112e3350f8a,PlanExe
ea5af904-a843-4fc6-86b9-7a199c10759c,Develop Resource Prioritization Framework,,7/26/2026,8/3/2026,0,6e3fed11-92b6-4fe1-867a-b112e3350f8a,PlanExe
bbfeb28a-7b7b-4615-a76f-92ea6bd0157c,Identify Critical Resource Needs,"Identify Critical Resource Needs

Description:
Determine the specific resources required for different population segments (e.g., medical supplies, transportation, communication devices). This involves analyzing vulnerability assessments and historical data.

Resources needed:
• Vulnerability assessment reports
• Historical data on resource consumption
• Subject matter experts (medical, logistics, communication)",7/26/2026,7/28/2026,0,ea5af904-a843-4fc6-86b9-7a199c10759c,PlanExe
63bccb36-8fed-439f-bab6-31afcaa6f4c1,Establish Prioritization Criteria,"Establish Prioritization Criteria

Description:
Define the criteria for prioritizing resource allocation based on factors such as vulnerability, urgency, and impact. This includes developing a scoring system or decision-making framework.

Resources needed:
• Ethical framework for resource allocation
• Legal guidelines for emergency response
• Stakeholder input (community representatives, emergency responders)",7/28/2026,7/30/2026,0,bbfeb28a-7b7b-4615-a76f-92ea6bd0157c,PlanExe
f21d8429-9f23-46ef-b86a-7a35e46c7f40,Develop Allocation Workflow,"Develop Allocation Workflow

Description:
Create a step-by-step process for allocating resources based on the established criteria. This includes defining roles and responsibilities, communication protocols, and decision-making authority.

Resources needed:
• Process mapping software
• Communication plan
• Organizational chart",7/30/2026,8/1/2026,0,63bccb36-8fed-439f-bab6-31afcaa6f4c1,PlanExe
609e6be6-7fcb-4745-a1af-0b8c3423319e,Document Prioritization Framework,"Document Prioritization Framework

Description:
Create a comprehensive document outlining the prioritization criteria, allocation workflow, and supporting information. This document should be readily accessible to all stakeholders.

Resources needed:
• Technical writer
• Document management system
• Approval process",8/1/2026,8/3/2026,0,ea5af904-a843-4fc6-86b9-7a199c10759c,PlanExe
40b2d5e5-fe40-4bd4-869c-e0bfc5b04042,Coordinate Logistics and Transportation,,8/3/2026,8/11/2026,0,05ade5fb-1a2d-4c8b-87fb-1d9978b63b3a,PlanExe
5b999bbc-7726-49d4-9a7c-5779265e42ac,Establish Real-Time Traffic Monitoring System,"Establish Real-Time Traffic Monitoring System

Description:
Objective: Implement a system for monitoring traffic flow in real-time. Scope: Includes selecting a monitoring platform, installing sensors, and integrating data feeds. Steps: 1) Evaluate available traffic monitoring platforms. 2) Procure and install traffic sensors. 3) Integrate sensor data with the monitoring platform. 4) Test and calibrate the system. Deliverables: A fully functional real-time traffic monitoring system.

Resources needed:
• Traffic engineers
• Data analysts
• Sensor technicians
• Software developers",8/3/2026,8/5/2026,0,40b2d5e5-fe40-4bd4-869c-e0bfc5b04042,PlanExe
1f216773-8929-4a3d-849c-f003ede18432,Develop Contingency Plans for Road Closures,"Develop Contingency Plans for Road Closures

Description:
Objective: Create alternative routes and procedures for managing traffic in the event of road closures. Scope: Includes identifying potential road closure locations, designing alternative routes, and establishing communication protocols. Steps: 1) Identify potential road closure locations. 2) Design alternative routes. 3) Develop traffic management procedures for road closures. 4) Establish communication protocols with emergency responders. Deliverables: A comprehensive contingency plan for road closures.

Resources needed:
• Traffic engineers
• Emergency responders
• GIS specialists
• Communication specialists",8/5/2026,8/7/2026,0,5b999bbc-7726-49d4-9a7c-5779265e42ac,PlanExe
be31cebb-bd1a-4651-97df-858355d2f668,Secure Priority Fuel Access for Emergency Vehicles,"Secure Priority Fuel Access for Emergency Vehicles

Description:
Objective: Ensure that emergency vehicles have priority access to fuel during the evacuation. Scope: Includes identifying fuel stations, establishing agreements, and implementing a tracking system. Steps: 1) Identify strategic fuel stations. 2) Establish agreements with fuel station owners. 3) Implement a tracking system for emergency vehicle fuel consumption. 4) Develop procedures for fuel distribution. Deliverables: A system for ensuring priority fuel access for emergency vehicles.

Resources needed:
• Logistics coordinators
• Fuel suppliers
• Emergency responders
• Tracking system developers",8/7/2026,8/9/2026,0,1f216773-8929-4a3d-849c-f003ede18432,PlanExe
0e640711-9b7b-40cb-97d4-4c546f03f176,Implement Centralized Logistics Management System,"Implement Centralized Logistics Management System

Description:
Objective: Implement a system for managing logistics and transportation in real-time. Scope: Includes selecting a management platform, integrating data feeds, and training personnel. Steps: 1) Evaluate available logistics management platforms. 2) Procure and implement the selected platform. 3) Integrate data feeds from various sources. 4) Train personnel on the system. Deliverables: A fully functional centralized logistics management system.

Resources needed:
• Logistics specialists
• IT specialists
• Training personnel
• Data analysts",8/9/2026,8/11/2026,0,40b2d5e5-fe40-4bd4-869c-e0bfc5b04042,PlanExe
70665391-383d-4d47-879a-d6650db1950f,Evacuation Planning & Execution,,8/11/2026,9/23/2026,0,05ade5fb-1a2d-4c8b-87fb-1d9978b63b3a,PlanExe
1fa5824f-19d6-4ae1-9453-3c3e01d1f1fe,Define Evacuation Zones,,8/11/2026,8/19/2026,0,70665391-383d-4d47-879a-d6650db1950f,PlanExe
2ee61c9e-49d6-4f2d-befe-a1fbee372db1,Gather geological data for zone mapping,"Gather geological data for zone mapping

Description:
Collect and analyze geological data, including volcanic hazard assessments, lahar flow paths, and pyroclastic flow hazard mapping, to inform the definition of evacuation zones.

Resources needed:
• Geologists
• GIS specialists
• Volcanologists
• USGS data",8/11/2026,8/13/2026,0,1fa5824f-19d6-4ae1-9453-3c3e01d1f1fe,PlanExe
49446a17-3fb5-423d-b485-9ec17546c6c2,Model ashfall dispersion for zone impact,"Model ashfall dispersion for zone impact

Description:
Simulate ashfall dispersion patterns using HYSPLIT or similar models to determine the potential impact on different areas and refine evacuation zone boundaries.

Resources needed:
• Atmospheric scientists
• Meteorologists
• HYSPLIT software
• Computational resources",8/13/2026,8/15/2026,0,2ee61c9e-49d6-4f2d-befe-a1fbee372db1,PlanExe
50cb4f0e-744e-49ed-a1c2-008d4f2d79b0,Define evacuation zone boundaries,"Define evacuation zone boundaries

Description:
Based on geological data and ashfall modeling, define the boundaries of evacuation zones, considering factors such as population density, infrastructure, and accessibility.

Resources needed:
• Emergency managers
• GIS specialists
• Local government officials
• Maps",8/15/2026,8/17/2026,0,49446a17-3fb5-423d-b485-9ec17546c6c2,PlanExe
5070781c-2a81-4540-87ea-6c5a080e24a4,Review and validate zone definitions,"Review and validate zone definitions

Description:
Consult with experts and stakeholders to review and validate the defined evacuation zone boundaries, ensuring they are accurate, feasible, and aligned with the overall evacuation plan.

Resources needed:
• Volcanologists
• Emergency managers
• Local community representatives
• Legal counsel",8/17/2026,8/19/2026,0,1fa5824f-19d6-4ae1-9453-3c3e01d1f1fe,PlanExe
dc8066c0-3083-43e6-8d1d-2eefb88cde24,Establish Evacuation Trigger Protocol,,8/19/2026,8/24/2026,0,1fa5824f-19d6-4ae1-9453-3c3e01d1f1fe,PlanExe
0ade58d2-75b3-45d6-bff3-ab8bd3a9d23e,Define Eruption Intensity Thresholds,"Define Eruption Intensity Thresholds

Description:
Establish specific, measurable criteria based on USGS data (seismic activity, gas emissions, ground deformation) that will trigger the evacuation order. This includes defining thresholds for VEI levels and associated evacuation zone expansions.

Resources needed:
• Volcanologists
• Geologists
• USGS Data
• Emergency Management Specialists",8/19/2026,8/20/2026,0,dc8066c0-3083-43e6-8d1d-2eefb88cde24,PlanExe
48e8887b-a022-473e-a69f-fef910a59c11,Establish Communication Channels Activation,"Establish Communication Channels Activation

Description:
Define the specific communication channels (IPAWS, radio, social media) to be activated at each trigger level. This includes pre-scripted messages and dissemination protocols.

Resources needed:
• Communication Specialists
• IPAWS Access
• Social Media Management Tools
• Emergency Alert System",8/20/2026,8/21/2026,0,0ade58d2-75b3-45d6-bff3-ab8bd3a9d23e,PlanExe
dcb17520-2deb-4485-a0cc-b55f5c47dfa9,Formalize Authority Activation Chain,"Formalize Authority Activation Chain

Description:
Document the chain of command and decision-making process for activating the evacuation order, including primary and secondary decision-makers and their respective responsibilities. This includes legal review and approval.

Resources needed:
• Legal Counsel
• Emergency Management Director
• State Governor
• FEMA Representatives",8/21/2026,8/22/2026,0,48e8887b-a022-473e-a69f-fef910a59c11,PlanExe
56edc134-3db2-4392-9c8e-7e285fc69099,Develop Protocol for False Alarms,"Develop Protocol for False Alarms

Description:
Create a protocol for managing potential false alarms, including procedures for verifying the threat, communicating with the public, and standing down the evacuation order if necessary. This includes criteria for determining a false alarm.

Resources needed:
• Public Relations Team
• Volcanologists
• Emergency Management Specialists
• Communication Systems",8/22/2026,8/23/2026,0,dcb17520-2deb-4485-a0cc-b55f5c47dfa9,PlanExe
6ed2a18c-1c29-44c4-b492-718f13856b28,Document Evacuation Order Dissemination,"Document Evacuation Order Dissemination

Description:
Detail the specific steps for disseminating the evacuation order to the public, including the timing, methods, and content of the message. This includes multilingual support and accessibility considerations.

Resources needed:
• Public Affairs Officer
• Translation Services
• Accessibility Experts
• Communication Infrastructure",8/23/2026,8/24/2026,0,dc8066c0-3083-43e6-8d1d-2eefb88cde24,PlanExe
ac17abf5-f7cf-4752-9b84-bdd796dad8d1,Develop Traffic Flow Optimization Strategy,,8/24/2026,9/3/2026,0,dc8066c0-3083-43e6-8d1d-2eefb88cde24,PlanExe
9ab695ef-3b35-41f3-bd6c-dd4d0d8e25a1,Analyze current traffic patterns,"Analyze current traffic patterns

Description:
Objective: Understand existing traffic flow to identify bottlenecks. Scope: Review historical traffic data, conduct on-site observations, and analyze road network capacity. Steps: Collect traffic data, model traffic flow, and identify congestion points. Deliverables: Traffic flow analysis report.

Resources needed:
• Traffic engineers
• Data analysts
• GIS software
• Traffic counters",8/24/2026,8/26/2026,0,ac17abf5-f7cf-4752-9b84-bdd796dad8d1,PlanExe
f559778f-38a0-4318-90cf-b6853fecf0d9,Identify alternative evacuation routes,"Identify alternative evacuation routes

Description:
Objective: Determine viable alternative routes in case of primary route blockage. Scope: Evaluate secondary roads, assess bridge capacity, and identify potential detours. Steps: Map alternative routes, assess road conditions, and estimate travel times. Deliverables: Alternative evacuation route map.

Resources needed:
• Civil engineers
• GIS specialists
• Road maintenance crews
• Mapping software",8/26/2026,8/28/2026,0,9ab695ef-3b35-41f3-bd6c-dd4d0d8e25a1,PlanExe
5f8fc2f6-ecf5-416d-95cb-73b21abfdc43,Implement contraflow lane management,"Implement contraflow lane management

Description:
Objective: Optimize traffic flow by reversing lane directions. Scope: Design contraflow lane configurations, install signage, and train personnel. Steps: Plan contraflow routes, deploy signage, and conduct training exercises. Deliverables: Contraflow lane management plan.

Resources needed:
• Traffic management specialists
• Signage crews
• Law enforcement
• Traffic cones",8/28/2026,8/30/2026,0,f559778f-38a0-4318-90cf-b6853fecf0d9,PlanExe
befbfde5-6321-43ba-a936-024836cf842d,Coordinate traffic control personnel,"Coordinate traffic control personnel

Description:
Objective: Ensure effective traffic management during evacuation. Scope: Deploy personnel at key intersections, establish communication protocols, and provide training. Steps: Assign personnel to locations, establish communication channels, and conduct training. Deliverables: Traffic control personnel deployment plan.

Resources needed:
• Law enforcement
• Traffic controllers
• Communication equipment
• Training materials",8/30/2026,9/1/2026,0,5f8fc2f6-ecf5-416d-95cb-73b21abfdc43,PlanExe
1ab6b739-3ff5-4669-a8f9-5f085e6aeff3,Simulate traffic flow under evacuation conditions,"Simulate traffic flow under evacuation conditions

Description:
Objective: Validate the effectiveness of the traffic flow optimization strategy. Scope: Model traffic flow with evacuation parameters, identify potential bottlenecks, and refine the plan. Steps: Input evacuation data into traffic model, run simulations, and analyze results. Deliverables: Traffic simulation report.

Resources needed:
• Traffic modelers
• Simulation software
• Data analysts
• High-performance computers",9/1/2026,9/3/2026,0,ac17abf5-f7cf-4752-9b84-bdd796dad8d1,PlanExe
5c9c360d-0d4e-4f4a-9220-18f4c4843246,Implement Public Communication Strategy,,9/3/2026,9/13/2026,0,ac17abf5-f7cf-4752-9b84-bdd796dad8d1,PlanExe
d320f252-27d5-4052-879a-d023dbfa4590,Identify Target Audiences,"Identify Target Audiences

Description:
Define specific groups (tourists, residents, non-English speakers) to tailor messaging.

Resources needed:
• Demographic data
• Communication specialists",9/3/2026,9/5/2026,0,5c9c360d-0d4e-4f4a-9220-18f4c4843246,PlanExe
a2a2b811-1c3a-4ec8-839f-cb926e47f1bd,Craft Key Messages,"Craft Key Messages

Description:
Develop clear, concise, and actionable messages for each target audience.

Resources needed:
• Communication specialists
• Volcanologists
• Emergency managers",9/5/2026,9/7/2026,0,d320f252-27d5-4052-879a-d023dbfa4590,PlanExe
6b115bb3-98d1-4bdb-83f0-836a18c2c879,Select Communication Channels,"Select Communication Channels

Description:
Determine the most effective channels (radio, TV, social media, IPAWS) for reaching each audience.

Resources needed:
• Communication specialists
• IT support
• Emergency managers",9/7/2026,9/9/2026,0,a2a2b811-1c3a-4ec8-839f-cb926e47f1bd,PlanExe
b623cfcc-604f-42f2-bd56-1bf3fb891ada,Develop Multilingual Alerts,"Develop Multilingual Alerts

Description:
Translate key messages into multiple languages to reach non-English speakers.

Resources needed:
• Translators
• Communication specialists",9/9/2026,9/11/2026,0,6b115bb3-98d1-4bdb-83f0-836a18c2c879,PlanExe
4cbc0f64-5066-44fc-8a2b-43d1cbfe2415,Monitor and Address Misinformation,"Monitor and Address Misinformation

Description:
Actively monitor social media and other channels for misinformation and provide accurate updates.

Resources needed:
• Social media monitoring tools
• Communication specialists",9/11/2026,9/13/2026,0,5c9c360d-0d4e-4f4a-9220-18f4c4843246,PlanExe
4ffa5915-6ff3-48f6-8366-e1fbb95b6994,Conduct Evacuation Drills,,9/13/2026,9/23/2026,0,70665391-383d-4d47-879a-d6650db1950f,PlanExe
fac5343f-11c1-4839-881c-2e9cb7dd58fc,Plan Evacuation Drill Scenarios,"Plan Evacuation Drill Scenarios

Description:
Develop realistic evacuation drill scenarios that simulate various eruption conditions and logistical challenges. This includes defining objectives, scope, and key performance indicators (KPIs) for each drill.

Resources needed:
• Emergency Management Specialists
• Volcanologists
• Logistics Coordinators",9/13/2026,9/15/2026,0,4ffa5915-6ff3-48f6-8366-e1fbb95b6994,PlanExe
7e87cf12-f940-494a-b7c7-49fc34b352de,Secure Drill Participation,"Secure Drill Participation

Description:
Recruit and engage participants from the public, emergency response agencies, and relevant organizations. This includes developing communication materials, offering incentives, and coordinating logistics for participant involvement.

Resources needed:
• Public Affairs Officers
• Community Outreach Coordinators
• Volunteer Coordinators",9/15/2026,9/17/2026,0,fac5343f-11c1-4839-881c-2e9cb7dd58fc,PlanExe
87014429-83e3-43fe-9bc1-84194eb9bc64,Conduct Tabletop Exercise,"Conduct Tabletop Exercise

Description:
Before a full-scale drill, conduct a tabletop exercise to validate the evacuation plan and identify potential gaps or weaknesses. This involves bringing together key stakeholders to discuss and simulate the evacuation process.

Resources needed:
• Emergency Management Specialists
• Agency Representatives
• Facilitator",9/17/2026,9/19/2026,0,7e87cf12-f940-494a-b7c7-49fc34b352de,PlanExe
5ead3571-ef4d-4de1-b0ef-ab81f6b9694f,Execute Evacuation Drills,"Execute Evacuation Drills

Description:
Implement the planned evacuation drills, ensuring safety and adherence to established protocols. This includes setting up the drill environment, monitoring participant performance, and collecting data for evaluation.

Resources needed:
• Emergency Responders
• Safety Officers
• Observers",9/19/2026,9/21/2026,0,87014429-83e3-43fe-9bc1-84194eb9bc64,PlanExe
420ef8ea-97b9-41f4-8fa6-cbe4a8d962ab,Analyze Drill Results and Improve Plan,"Analyze Drill Results and Improve Plan

Description:
Evaluate the results of the evacuation drills, identify areas for improvement, and update the evacuation plan accordingly. This includes documenting lessons learned, revising procedures, and conducting follow-up training.

Resources needed:
• Emergency Management Specialists
• Data Analysts
• Training Coordinators",9/21/2026,9/23/2026,0,4ffa5915-6ff3-48f6-8366-e1fbb95b6994,PlanExe
e9f43038-8c65-4121-906a-ed59b4c85cea,Communication & Command Control,,9/23/2026,10/6/2026,0,70665391-383d-4d47-879a-d6650db1950f,PlanExe
2b4ed5fe-c723-4b20-9d9c-6bf65e47cb94,Establish Communication Redundancy Strategy,,9/23/2026,9/27/2026,0,e9f43038-8c65-4121-906a-ed59b4c85cea,PlanExe
380e299a-43ee-4eb5-9602-4a49e85bdbc5,Identify Communication System Dependencies,"Identify Communication System Dependencies

Description:
Objective: Map all dependencies for each communication system (IPAWS, satellite phones, radio). Scope: Identify hardware, software, network, and personnel dependencies. Steps: Review system documentation, conduct interviews with IT staff, create dependency diagrams. Deliverables: Dependency matrix for each system.

Resources needed:
• IT Specialists
• Communication Engineers
• System Documentation",9/23/2026,9/24/2026,0,2b4ed5fe-c723-4b20-9d9c-6bf65e47cb94,PlanExe
a898a644-8846-43b6-b024-71bf3be938d2,Assess System Interoperability,"Assess System Interoperability

Description:
Objective: Evaluate the ability of different communication systems to work together seamlessly. Scope: Test data exchange, voice communication, and system integration. Steps: Conduct interoperability testing, analyze test results, identify compatibility issues. Deliverables: Interoperability test report.

Resources needed:
• Communication Technicians
• Testing Equipment
• Interoperability Protocols",9/24/2026,9/25/2026,0,380e299a-43ee-4eb5-9602-4a49e85bdbc5,PlanExe
7bc06333-1d83-4cbe-984c-38c4f0490380,Secure Satellite Phone Inventory,"Secure Satellite Phone Inventory

Description:
Objective: Ensure sufficient satellite phones are available and ready for deployment. Scope: Verify inventory, test functionality, and establish distribution protocols. Steps: Conduct inventory audit, test phone functionality, develop distribution plan. Deliverables: Satellite phone inventory report and distribution plan.

Resources needed:
• Logistics Personnel
• Satellite Phones
• Inventory Management System",9/25/2026,9/26/2026,0,a898a644-8846-43b6-b024-71bf3be938d2,PlanExe
f54e3f8d-1aae-4d50-8ecb-3435636f0c22,Establish Backup Communication Protocols,"Establish Backup Communication Protocols

Description:
Objective: Define alternative communication methods in case primary systems fail. Scope: Identify backup systems (e.g., amateur radio, runners), develop communication protocols, and train personnel. Steps: Research backup systems, create communication protocols, conduct training exercises. Deliverables: Backup communication protocol document and training materials.

Resources needed:
• Communication Experts
• Training Staff
• Backup Communication Equipment",9/26/2026,9/27/2026,0,2b4ed5fe-c723-4b20-9d9c-6bf65e47cb94,PlanExe
cc00671f-963e-41a6-b510-247c0eca7ebc,Define Command & Control Decentralization,,9/27/2026,10/2/2026,0,2b4ed5fe-c723-4b20-9d9c-6bf65e47cb94,PlanExe
dd98842b-2646-42e2-a0d0-2beb1dc490f4,Identify Key Decision-Makers,"Identify Key Decision-Makers

Description:
Objective: Determine individuals with authority to transfer command.
Scope: Identify roles, responsibilities, and contact information.
Steps: Review organizational charts, conduct interviews, document findings.
Deliverables: List of key decision-makers with contact details.

Resources needed:
• Project Manager
• Legal Counsel
• Emergency Management Specialist",9/27/2026,9/28/2026,0,cc00671f-963e-41a6-b510-247c0eca7ebc,PlanExe
dd0fc9f4-b8aa-4cff-b661-1c639ca6059c,Document Authority Transfer Scenarios,"Document Authority Transfer Scenarios

Description:
Objective: Define specific scenarios requiring command decentralization.
Scope: Identify potential triggers and corresponding actions.
Steps: Conduct risk assessment, develop scenario matrix, document protocols.
Deliverables: Authority transfer scenario documentation.

Resources needed:
• Emergency Management Specialist
• Risk Analyst
• Legal Counsel",9/28/2026,9/29/2026,0,dd98842b-2646-42e2-a0d0-2beb1dc490f4,PlanExe
0fbc2659-4f3d-4897-be95-dcfdb92c4538,Establish Communication Protocols,"Establish Communication Protocols

Description:
Objective: Define communication methods during authority transfer.
Scope: Ensure seamless information flow between command levels.
Steps: Develop communication plan, test communication systems, train personnel.
Deliverables: Communication protocols and training materials.

Resources needed:
• Communication Specialist
• IT Support
• Training Coordinator",9/29/2026,9/30/2026,0,dd0fc9f4-b8aa-4cff-b661-1c639ca6059c,PlanExe
4f346437-bb66-4932-b8b7-99af7ad98966,Develop Delegation of Authority Matrix,"Develop Delegation of Authority Matrix

Description:
Objective: Clearly define delegated powers during decentralization.
Scope: Specify responsibilities and decision-making authority.
Steps: Create matrix, review with stakeholders, obtain approvals.
Deliverables: Delegation of Authority Matrix.

Resources needed:
• Project Manager
• Legal Counsel
• Emergency Management Specialist",9/30/2026,10/1/2026,0,0fbc2659-4f3d-4897-be95-dcfdb92c4538,PlanExe
78dbaf86-cf24-4a4a-8933-51f9ebab5cb4,Conduct Training on Decentralization,"Conduct Training on Decentralization

Description:
Objective: Prepare personnel for decentralized command roles.
Scope: Provide training on protocols, systems, and decision-making.
Steps: Develop training materials, conduct workshops, evaluate effectiveness.
Deliverables: Trained personnel and training records.

Resources needed:
• Training Coordinator
• Emergency Management Specialist
• Subject Matter Experts",10/1/2026,10/2/2026,0,cc00671f-963e-41a6-b510-247c0eca7ebc,PlanExe
cdb32941-90af-489c-a1bd-211c63bf52a1,Develop Command Structure Adaptability,,10/2/2026,10/6/2026,0,e9f43038-8c65-4121-906a-ed59b4c85cea,PlanExe
52559213-b755-41ea-8bd6-352afff0e09d,Identify potential adaptation triggers,"Identify potential adaptation triggers

Description:
Define specific events or conditions that would necessitate changes to the command structure. This includes changes in eruption intensity, environmental conditions, or resource availability. Objective: Establish clear criteria for adapting the command structure. Scope: Define triggers based on scientific data, operational constraints, and stakeholder input. Steps: Review existing data, consult with experts, and develop a trigger matrix. Deliverables: Trigger matrix document.

Resources needed:
• Volcanologists
• Emergency managers
• Data analysts",10/2/2026,10/3/2026,0,cdb32941-90af-489c-a1bd-211c63bf52a1,PlanExe
3101f9d6-3cac-4fac-ad2a-52eb10871f48,Develop adaptable command structure models,"Develop adaptable command structure models

Description:
Create multiple command structure models that can be implemented based on the identified triggers. These models should outline roles, responsibilities, and communication channels for each scenario. Objective: Design flexible command structures. Scope: Develop models for various eruption scenarios and resource levels. Steps: Brainstorm potential structures, map roles and responsibilities, and document communication flows. Deliverables: Command structure model diagrams and documentation.

Resources needed:
• Organizational design experts
• Emergency management specialists
• Communication specialists",10/3/2026,10/4/2026,0,52559213-b755-41ea-8bd6-352afff0e09d,PlanExe
de03c9ef-1c05-4f3d-9824-984b219edab3,Establish communication protocols for adaptation,"Establish communication protocols for adaptation

Description:
Define clear communication protocols for notifying personnel and implementing changes to the command structure. This includes identifying key communication channels and establishing procedures for disseminating information. Objective: Ensure timely and effective communication during adaptation. Scope: Define protocols for various communication channels and stakeholder groups. Steps: Develop communication templates, identify key contacts, and test communication systems. Deliverables: Communication protocol document and contact list.

Resources needed:
• Communication specialists
• IT support
• Emergency managers",10/4/2026,10/5/2026,0,3101f9d6-3cac-4fac-ad2a-52eb10871f48,PlanExe
2897c237-73e2-4040-97e1-f8d83cb05fb3,Conduct training on adaptable command structure,"Conduct training on adaptable command structure

Description:
Provide training to personnel on the different command structure models and communication protocols. This training should include simulations and exercises to prepare personnel for adapting to changing conditions. Objective: Prepare personnel for adaptable command. Scope: Train all relevant personnel on command structure models and communication protocols. Steps: Develop training materials, conduct training sessions, and evaluate training effectiveness. Deliverables: Training materials and training records.

Resources needed:
• Trainers
• Simulation equipment
• Emergency managers",10/5/2026,10/6/2026,0,cdb32941-90af-489c-a1bd-211c63bf52a1,PlanExe
859f5ec2-01ce-4001-af46-c8721193063a,Ashfall Mitigation,,10/6/2026,11/7/2026,0,e9f43038-8c65-4121-906a-ed59b4c85cea,PlanExe
fbb0a579-0f12-455f-a70a-6e5fc18209b9,Develop Ashfall Mitigation Strategy,,10/6/2026,10/16/2026,0,859f5ec2-01ce-4001-af46-c8721193063a,PlanExe
ee2226a6-aacf-4930-8bfe-12b20e16fc40,Research ash removal equipment options,"Research ash removal equipment options

Description:
Objective: Identify suitable ash removal equipment based on ashfall characteristics and infrastructure needs.
Scope: Research various types of equipment, including snowplows, street sweepers, vacuum trucks, and heavy machinery.
Steps: 1. Gather data on ashfall properties (density, particle size). 2. Assess infrastructure vulnerabilities. 3. Research available equipment options. 4. Evaluate equipment performance and cost-effectiveness.
Deliverables: A report summarizing suitable ash removal equipment options.

Resources needed:
• Civil engineers
• Equipment specialists
• Research analysts",10/6/2026,10/8/2026,0,fbb0a579-0f12-455f-a70a-6e5fc18209b9,PlanExe
e71d060a-780c-45e0-9e43-3f22b44fc832,Assess equipment specifications and capacity,"Assess equipment specifications and capacity

Description:
Objective: Determine the required specifications and capacity of ash removal equipment.
Scope: Analyze the volume of ashfall expected and the area to be cleared.
Steps: 1. Estimate ashfall volume based on eruption scenarios. 2. Calculate the area to be cleared. 3. Determine the required equipment capacity. 4. Evaluate equipment maneuverability and accessibility.
Deliverables: A report outlining the required equipment specifications and capacity.

Resources needed:
• Civil engineers
• Meteorologists
• GIS specialists",10/8/2026,10/10/2026,0,ee2226a6-aacf-4930-8bfe-12b20e16fc40,PlanExe
867afe69-25d0-4403-b89d-ed8b39bfdb9e,Evaluate vendor options and pricing,"Evaluate vendor options and pricing

Description:
Objective: Identify potential vendors and evaluate their pricing and availability.
Scope: Research equipment vendors and obtain quotes for ash removal equipment.
Steps: 1. Identify potential equipment vendors. 2. Obtain quotes for various equipment options. 3. Evaluate vendor reputation and reliability. 4. Negotiate pricing and delivery terms.
Deliverables: A report comparing vendor options and pricing.

Resources needed:
• Procurement specialists
• Contract managers
• Financial analysts",10/10/2026,10/12/2026,0,e71d060a-780c-45e0-9e43-3f22b44fc832,PlanExe
47bd8fef-4602-462a-8305-852f244cd9d0,Secure equipment contracts and agreements,"Secure equipment contracts and agreements

Description:
Objective: Finalize contracts and agreements with selected equipment vendors.
Scope: Prepare and execute contracts for the procurement or lease of ash removal equipment.
Steps: 1. Draft equipment contracts. 2. Review contracts with legal counsel. 3. Obtain necessary approvals. 4. Execute contracts with selected vendors.
Deliverables: Signed contracts and agreements with equipment vendors.

Resources needed:
• Legal counsel
• Contract managers
• Procurement specialists",10/12/2026,10/14/2026,0,867afe69-25d0-4403-b89d-ed8b39bfdb9e,PlanExe
0fcbb183-fb38-492d-a0d6-42814000a531,Coordinate equipment delivery and staging,"Coordinate equipment delivery and staging

Description:
Objective: Coordinate the delivery and staging of ash removal equipment.
Scope: Arrange for the transportation and storage of equipment at designated staging areas.
Steps: 1. Coordinate equipment delivery schedules. 2. Arrange for transportation to staging areas. 3. Secure staging areas. 4. Inspect equipment upon arrival.
Deliverables: Ash removal equipment delivered and staged at designated locations.

Resources needed:
• Logistics coordinators
• Transportation specialists
• Warehouse personnel",10/14/2026,10/16/2026,0,fbb0a579-0f12-455f-a70a-6e5fc18209b9,PlanExe
c4201650-9932-477f-8c20-b00a83a92cf2,Procure Ash Removal Equipment,,10/16/2026,10/26/2026,0,fbb0a579-0f12-455f-a70a-6e5fc18209b9,PlanExe
ec2ac19c-28a0-4ab8-9012-2e96e415eda2,Identify Ash Removal Equipment Needs,"Identify Ash Removal Equipment Needs

Description:
Determine the specific types and quantities of ash removal equipment required based on the expected ashfall depth, area to be cleared, and types of surfaces to be cleaned (roads, roofs, etc.). This includes considering specialized equipment for sensitive areas like airports or hospitals.

Resources needed:
• Civil Engineers
• Environmental Scientists
• Logistics Specialists
• GIS Data
• Ashfall Prediction Models",10/16/2026,10/18/2026,0,c4201650-9932-477f-8c20-b00a83a92cf2,PlanExe
7c663b81-66ae-4cfc-808b-a0e92f53c520,Research and Evaluate Equipment Options,"Research and Evaluate Equipment Options

Description:
Conduct thorough research on available ash removal equipment, including snowplows, street sweepers, vacuum trucks, loaders, and specialized equipment for sensitive areas. Evaluate each option based on effectiveness, cost, availability, maintenance requirements, and environmental impact.

Resources needed:
• Procurement Specialists
• Equipment Operators
• Environmental Engineers
• Technical Specifications
• Vendor Catalogs",10/18/2026,10/20/2026,0,ec2ac19c-28a0-4ab8-9012-2e96e415eda2,PlanExe
70bccb8c-8c4b-45b3-9c9a-9f5c29230652,Assess Infrastructure Vulnerability to Ash,"Assess Infrastructure Vulnerability to Ash

Description:
Evaluate the vulnerability of critical infrastructure (power plants, water treatment facilities, communication networks, transportation hubs) to ashfall. This includes assessing the structural integrity of buildings, the sensitivity of equipment to ash contamination, and the potential for disruptions to essential services.

Resources needed:
• Structural Engineers
• Electrical Engineers
• Telecommunications Specialists
• Infrastructure Maps
• Ashfall Impact Data",10/20/2026,10/22/2026,0,7c663b81-66ae-4cfc-808b-a0e92f53c520,PlanExe
4a806d3a-74a1-4cc3-92ff-6302655522ba,Prioritize Equipment Procurement,"Prioritize Equipment Procurement

Description:
Based on the identified needs and infrastructure vulnerabilities, prioritize the procurement of ash removal equipment. This includes determining the optimal mix of equipment types, quantities, and delivery schedules to ensure timely and effective ash removal.

Resources needed:
• Emergency Management Planners
• Budget Analysts
• Logistics Coordinators
• Risk Assessment Reports
• Infrastructure Prioritization List",10/22/2026,10/24/2026,0,70bccb8c-8c4b-45b3-9c9a-9f5c29230652,PlanExe
63e2452d-caf1-43f4-89f5-79f149a75979,Secure Equipment Procurement Contracts,"Secure Equipment Procurement Contracts

Description:
Negotiate and secure contracts with equipment suppliers, ensuring favorable pricing, delivery terms, and maintenance agreements. This includes complying with all applicable procurement regulations and ensuring that the equipment meets the required specifications.

Resources needed:
• Contract Specialists
• Legal Counsel
• Procurement Officers
• Vendor Agreements
• Funding Approvals",10/24/2026,10/26/2026,0,c4201650-9932-477f-8c20-b00a83a92cf2,PlanExe
fb262393-0577-4d64-bcb5-5b93ddddb6a4,Identify Critical Infrastructure for Protection,,10/26/2026,11/7/2026,0,859f5ec2-01ce-4001-af46-c8721193063a,PlanExe
a10fcbd3-133b-4364-9a4b-41415d148f17,Gather Infrastructure Data,"Gather Infrastructure Data

Description:
Collect detailed data on critical infrastructure, including location, function, capacity, and condition. This includes reviewing existing documentation, conducting site visits, and consulting with infrastructure owners.

Resources needed:
• GIS specialists
• Engineers
• Inspectors
• Database administrators",10/26/2026,10/29/2026,0,fb262393-0577-4d64-bcb5-5b93ddddb6a4,PlanExe
32ae3ae1-36a7-4fce-8071-589134ddabb6,Assess Infrastructure Vulnerability,"Assess Infrastructure Vulnerability

Description:
Evaluate the vulnerability of critical infrastructure to ashfall, considering factors such as structural integrity, exposure, and operational dependencies. This includes conducting vulnerability assessments, modeling ashfall impacts, and identifying potential failure points.

Resources needed:
• Structural engineers
• Geologists
• Risk assessment specialists
• Modeling software",10/29/2026,11/1/2026,0,a10fcbd3-133b-4364-9a4b-41415d148f17,PlanExe
fe008065-9f81-41b5-8a44-c45c1244e33a,Prioritize Infrastructure Protection,"Prioritize Infrastructure Protection

Description:
Develop a prioritized list of critical infrastructure for protection based on vulnerability, importance, and feasibility of mitigation measures. This includes establishing criteria for prioritization, conducting stakeholder consultations, and developing a consensus-based ranking.

Resources needed:
• Emergency managers
• Infrastructure owners
• Community representatives
• Decision-making framework",11/1/2026,11/4/2026,0,32ae3ae1-36a7-4fce-8071-589134ddabb6,PlanExe
81ecbb41-a449-4e53-9f9c-43b3b751f933,Document Protection Strategies,"Document Protection Strategies

Description:
Document specific protection strategies for each prioritized infrastructure asset, including ash removal procedures, structural reinforcement measures, and operational contingency plans. This includes developing detailed plans, creating training materials, and conducting drills.

Resources needed:
• Engineers
• Emergency responders
• Training specialists
• Documentation software",11/4/2026,11/7/2026,0,fb262393-0577-4d64-bcb5-5b93ddddb6a4,PlanExe
bda5ac04-0e4f-449a-8a58-21083c4fca2f,Long-Term Recovery,,11/7/2026,11/6/2028,0,f74a79bc-497f-4d79-9c7f-f968f50b2149,PlanExe
22424763-7e4d-452d-b942-5295d577a780,Implement Long-Term Recovery Plan,,11/7/2026,5/10/2028,0,bda5ac04-0e4f-449a-8a58-21083c4fca2f,PlanExe
b8aaac8d-646c-4208-b19a-d7916adf4f4d,Establish Recovery Task Force,"Establish Recovery Task Force

Description:
Form a task force comprised of representatives from government agencies, community organizations, and private sector entities to oversee the implementation of the long-term recovery plan. This includes defining roles, responsibilities, and decision-making processes.

Resources needed:
• Project Manager
• Government Liaisons
• Community Representatives
• Legal Counsel",11/7/2026,2/25/2027,0,22424763-7e4d-452d-b942-5295d577a780,PlanExe
31924e3a-345d-46c3-99ce-9886c42b1144,Prioritize Recovery Projects,"Prioritize Recovery Projects

Description:
Develop a framework for prioritizing recovery projects based on factors such as community needs, economic impact, and environmental sustainability. This includes establishing clear criteria for evaluating project proposals and allocating resources.

Resources needed:
• Economists
• Urban Planners
• Environmental Scientists
• Community Leaders",2/25/2027,6/15/2027,0,b8aaac8d-646c-4208-b19a-d7916adf4f4d,PlanExe
a955ea32-0213-4674-801c-10f898778ca7,Manage Resource Distribution,"Manage Resource Distribution

Description:
Establish a system for efficiently and equitably distributing resources to affected communities and individuals. This includes setting up distribution centers, coordinating logistics, and tracking resource allocation.

Resources needed:
• Logistics Coordinators
• Supply Chain Managers
• Volunteers
• Transportation Vehicles",6/15/2027,10/3/2027,0,31924e3a-345d-46c3-99ce-9886c42b1144,PlanExe
b0afaf75-eec3-4ee6-9d93-1f26e0222949,Monitor Progress and Adjust Plan,"Monitor Progress and Adjust Plan

Description:
Regularly monitor the progress of recovery projects and adjust the long-term recovery plan as needed based on changing conditions and emerging needs. This includes collecting data, conducting evaluations, and engaging with stakeholders.

Resources needed:
• Data Analysts
• Evaluation Specialists
• Project Managers
• Community Representatives",10/3/2027,1/21/2028,0,a955ea32-0213-4674-801c-10f898778ca7,PlanExe
0aab6a44-f239-4ae5-a85d-3756cbf534c6,Communicate Recovery Efforts,"Communicate Recovery Efforts

Description:
Maintain open and transparent communication with the public about the progress of recovery efforts. This includes providing regular updates, addressing concerns, and soliciting feedback.

Resources needed:
• Public Relations Specialists
• Communication Officers
• Community Liaisons
• Website Developers",1/21/2028,5/10/2028,0,22424763-7e4d-452d-b942-5295d577a780,PlanExe
7d8001b9-0754-424b-aaf4-223feaba3ca9,Secure Funding for Recovery Projects,,5/10/2028,9/7/2028,0,22424763-7e4d-452d-b942-5295d577a780,PlanExe
a711a3ad-38c1-41de-85d6-2698b01e7b64,Identify Potential Funding Sources (2),"Identify Potential Funding Sources

Description:
Research and identify all potential funding sources for long-term recovery projects, including federal, state, private, and philanthropic organizations. This involves reviewing grant databases, contacting relevant agencies, and assessing eligibility criteria.

Resources needed:
• Grant writer
• Research analyst
• Funding database access",5/10/2028,6/3/2028,0,7d8001b9-0754-424b-aaf4-223feaba3ca9,PlanExe
e203d4a1-d189-44ef-b427-6c43f8c731c1,Prepare Funding Proposals,"Prepare Funding Proposals

Description:
Develop comprehensive and persuasive funding proposals tailored to each identified funding source. This includes writing grant applications, preparing budget justifications, and gathering supporting documentation.

Resources needed:
• Grant writer
• Budget analyst
• Project manager",6/3/2028,6/27/2028,0,a711a3ad-38c1-41de-85d6-2698b01e7b64,PlanExe
807db08d-e864-4de7-83b2-1b1782dd55db,Lobby Key Decision-Makers,"Lobby Key Decision-Makers

Description:
Engage with key decision-makers at the federal, state, and local levels to advocate for funding for recovery projects. This involves scheduling meetings, presenting project proposals, and building relationships with influential stakeholders.

Resources needed:
• Government relations specialist
• Project manager
• Community liaison",6/27/2028,7/21/2028,0,e203d4a1-d189-44ef-b427-6c43f8c731c1,PlanExe
a44750af-dfdb-4f2b-bbbf-0a21aa096639,Manage Funding Applications,"Manage Funding Applications

Description:
Track the status of all funding applications, respond to inquiries from funding agencies, and provide updates to stakeholders. This involves maintaining a database of applications, monitoring deadlines, and coordinating with project teams.

Resources needed:
• Project coordinator
• Administrative assistant
• Database management software",7/21/2028,8/14/2028,0,807db08d-e864-4de7-83b2-1b1782dd55db,PlanExe
b6b327d6-6480-4884-80e6-63950f9fc250,Negotiate Funding Agreements (2),"Negotiate Funding Agreements

Description:
Negotiate funding agreements with successful applicants to ensure that the terms and conditions are favorable to the recovery effort. This involves reviewing legal documents, consulting with legal counsel, and securing final approval from relevant authorities.

Resources needed:
• Legal counsel
• Contract specialist
• Project manager",8/14/2028,9/7/2028,0,7d8001b9-0754-424b-aaf4-223feaba3ca9,PlanExe
3a9eabfc-68fc-4744-b9f7-f8ec2a896325,Coordinate with Community Leaders,,9/7/2028,11/6/2028,0,bda5ac04-0e4f-449a-8a58-21083c4fca2f,PlanExe
018ef0b7-c0d8-4b30-b3fa-9ee614fcb5df,Identify Key Community Leaders,"Identify Key Community Leaders

Description:
Identify influential individuals and representatives from diverse community segments (e.g., neighborhood associations, faith-based organizations, business groups, vulnerable population advocates).

Resources needed:
• Community Outreach Coordinator
• Local Government Liaison
• Demographic Data",9/7/2028,9/19/2028,0,3a9eabfc-68fc-4744-b9f7-f8ec2a896325,PlanExe
87b30bbc-2511-40be-9aab-e9b940617af3,Establish Communication Channels,"Establish Communication Channels

Description:
Create multiple communication channels (e.g., email lists, phone conferences, online forums, in-person meetings) to facilitate information sharing and feedback collection with community leaders.

Resources needed:
• Communication Specialist
• IT Support
• Meeting Facilities",9/19/2028,10/1/2028,0,018ef0b7-c0d8-4b30-b3fa-9ee614fcb5df,PlanExe
808b902a-3e8e-4225-bebb-797adad73371,Schedule Initial Consultation Meetings,"Schedule Initial Consultation Meetings

Description:
Schedule and conduct initial meetings with community leaders to introduce the long-term recovery plan, solicit their input, and address any immediate concerns.

Resources needed:
• Project Manager
• Community Outreach Coordinator
• Meeting Facilitator",10/1/2028,10/13/2028,0,87b30bbc-2511-40be-9aab-e9b940617af3,PlanExe
fff054e4-33bc-421b-ad1c-8375dcc324a3,Gather Community Feedback,"Gather Community Feedback

Description:
Collect feedback from community leaders through surveys, interviews, and focus groups to understand their priorities, needs, and concerns regarding the recovery process.

Resources needed:
• Survey Tools
• Interviewers
• Focus Group Facilitator",10/13/2028,10/25/2028,0,808b902a-3e8e-4225-bebb-797adad73371,PlanExe
2bc89bd0-928b-4fed-8072-471b89b30ba9,Incorporate Feedback into Recovery Plan,"Incorporate Feedback into Recovery Plan

Description:
Analyze the collected feedback and incorporate it into the long-term recovery plan to ensure that the plan reflects the community's needs and priorities.

Resources needed:
• Data Analyst
• Recovery Plan Writer
• Project Manager",10/25/2028,11/6/2028,0,3a9eabfc-68fc-4744-b9f7-f8ec2a896325,PlanExe
