[
  {
    "id": 1,
    "category": "Geopolitical Strategist",
    "explanation": "Expert in US-Russian relations and international diplomacy to navigate political complexities and secure support.",
    "consequences": "Increased risk of political obstacles, funding challenges, and project delays due to geopolitical tensions.",
    "count": "min 1, max 2, depending on the evolving geopolitical landscape.",
    "contract_type": "full_time_employee",
    "contract_type_justification": "Requires deep understanding of the project's goals and long-term commitment to navigate complex geopolitical issues."
  },
  {
    "id": 2,
    "category": "Arctic Engineering Specialist",
    "explanation": "Expert in designing and constructing infrastructure in extreme Arctic conditions, including permafrost, ice floes, and seismic activity.",
    "consequences": "Increased risk of structural failures, cost overruns, and project delays due to unforeseen Arctic challenges.",
    "count": "min 2, max 4, depending on the complexity of the design and construction phases.",
    "contract_type": "full_time_employee",
    "contract_type_justification": "Given the project's complexity and the need for continuous innovation in Arctic engineering, a full-time specialist is essential."
  },
  {
    "id": 3,
    "category": "Financial Modeling Expert",
    "explanation": "Expert in developing and managing complex financial models for large infrastructure projects, including CAPEX, OPEX, and revenue projections.",
    "consequences": "Inaccurate cost estimates, funding shortfalls, and financial instability, potentially leading to project abandonment.",
    "count": "min 1, max 3, depending on the funding sources and financial complexity.",
    "contract_type": "full_time_employee",
    "contract_type_justification": "The financial modeling expert needs to be dedicated to the project to manage the complex funding and revenue streams."
  },
  {
    "id": 4,
    "category": "Environmental Impact Assessment Coordinator",
    "explanation": "Expert in conducting environmental impact assessments and developing mitigation strategies to minimize ecological damage and comply with regulations.",
    "consequences": "Environmental damage, regulatory delays, and reputational damage, potentially leading to project cancellation.",
    "count": "min 2, max 3, to cover both US and Russian environmental regulations and fieldwork.",
    "contract_type": "full_time_employee",
    "contract_type_justification": "Requires in-depth knowledge of both US and Russian environmental regulations and a long-term commitment to ensuring compliance."
  },
  {
    "id": 5,
    "category": "Indigenous Community Liaison",
    "explanation": "Expert in engaging with Indigenous communities, incorporating traditional knowledge, and ensuring equitable outcomes.",
    "consequences": "Social opposition, project delays, and reputational damage due to disregard for Indigenous rights and concerns.",
    "count": "min 2, one for US side and one for Russian side, to build trust and facilitate communication.",
    "contract_type": "full_time_employee",
    "contract_type_justification": "Requires building trust and maintaining long-term relationships with Indigenous communities on both sides, necessitating a dedicated, full-time role."
  },
  {
    "id": 6,
    "category": "Risk Management Specialist",
    "explanation": "Expert in identifying, assessing, and mitigating risks associated with the project, including technical, financial, environmental, and geopolitical risks.",
    "consequences": "Failure to anticipate and mitigate risks, leading to project delays, cost overruns, and potential failure.",
    "count": "min 1, max 2, depending on the complexity of the risk landscape and the need for specialized expertise.",
    "contract_type": "full_time_employee",
    "contract_type_justification": "Given the high-risk nature of the project, a dedicated risk management specialist is crucial for continuous monitoring and mitigation."
  },
  {
    "id": 7,
    "category": "Supply Chain Logistics Coordinator",
    "explanation": "Expert in managing the complex supply chain for materials and equipment, ensuring timely delivery and minimizing disruptions.",
    "consequences": "Delays in construction, increased material costs, and project delays due to supply chain disruptions.",
    "count": "min 2, to manage international logistics and local sourcing.",
    "contract_type": "full_time_employee",
    "contract_type_justification": "Requires dedicated management of the complex international supply chain, ensuring timely delivery and minimizing disruptions."
  },
  {
    "id": 8,
    "category": "Operational Management Planner",
    "explanation": "Expert in developing a comprehensive operational management plan for the long-term maintenance and management of the bridge, including monitoring systems and remote operation.",
    "consequences": "Increased maintenance costs, temporary closures, and safety hazards due to inadequate operational planning.",
    "count": "1",
    "contract_type": "full_time_employee",
    "contract_type_justification": "Requires long-term planning and continuous monitoring of the bridge's operational performance, necessitating a dedicated, full-time role."
  }
]