[
  {
    "id": 1,
    "category": "Geopolitical Strategist",
    "explanation": "Expert in US-Russian relations and international diplomacy to navigate political complexities and secure support.",
    "consequences": "Increased risk of political obstacles, funding challenges, and project delays due to geopolitical tensions.",
    "count": "min 1, max 2, depending on the evolving geopolitical landscape.",
    "contract_type": "full_time_employee",
    "contract_type_justification": "Requires deep understanding of the project's goals and long-term commitment to navigate complex geopolitical issues.",
    "typical_job_activities": "Analyzing geopolitical risks and opportunities, developing diplomatic strategies, engaging with government officials, fostering international partnerships, and managing political sensitivities.",
    "background_story": "Anya Petrova, born and raised in Vladivostok, Russia, developed a keen interest in international relations and geopolitics from a young age. She pursued a degree in International Relations from Moscow State Institute of International Relations (MGIMO), followed by a master's degree in Geopolitics from King's College London. Anya has worked for the Russian Ministry of Foreign Affairs, specializing in US-Russian relations and Arctic policy. Her experience in navigating complex political landscapes and understanding the nuances of international diplomacy makes her an invaluable asset to the Bering Strait bridge project, where geopolitical considerations are paramount.",
    "equipment_needs": "High-end computer with secure communication channels, geopolitical analysis software, access to classified intelligence reports, travel budget for international meetings.",
    "facility_needs": "Secure office space with video conferencing capabilities, access to government and international organization databases."
  },
  {
    "id": 2,
    "category": "Arctic Engineering Specialist",
    "explanation": "Expert in designing and constructing infrastructure in extreme Arctic conditions, including permafrost, ice floes, and seismic activity.",
    "consequences": "Increased risk of structural failures, cost overruns, and project delays due to unforeseen Arctic challenges.",
    "count": "min 2, max 4, depending on the complexity of the design and construction phases.",
    "contract_type": "full_time_employee",
    "contract_type_justification": "Given the project's complexity and the need for continuous innovation in Arctic engineering, a full-time specialist is essential.",
    "typical_job_activities": "Designing infrastructure for extreme Arctic conditions, conducting geotechnical surveys, selecting appropriate materials, implementing innovative construction techniques, and ensuring structural integrity.",
    "background_story": "Ethan Blackwood hails from Fairbanks, Alaska, and has spent his life immersed in the challenges and opportunities of the Arctic. He earned a degree in Civil Engineering from the University of Alaska Fairbanks, specializing in cold regions engineering. Ethan has extensive experience in designing and constructing infrastructure in permafrost regions, including pipelines, roads, and buildings. His deep understanding of Arctic conditions, combined with his engineering expertise, makes him uniquely qualified to tackle the technical challenges of building a bridge across the Bering Strait.",
    "equipment_needs": "Specialized engineering software (e.g., ANSYS, Civil 3D), geotechnical testing equipment, drones for site surveying, cold-weather gear, access to Arctic research data.",
    "facility_needs": "Engineering lab with testing facilities, access to supercomputing resources for simulations, office space in both Alaska and Russia."
  },
  {
    "id": 3,
    "category": "Financial Modeling Expert",
    "explanation": "Expert in developing and managing complex financial models for large infrastructure projects, including CAPEX, OPEX, and revenue projections.",
    "consequences": "Inaccurate cost estimates, funding shortfalls, and financial instability, potentially leading to project abandonment.",
    "count": "min 1, max 3, depending on the funding sources and financial complexity.",
    "contract_type": "full_time_employee",
    "contract_type_justification": "The financial modeling expert needs to be dedicated to the project to manage the complex funding and revenue streams.",
    "typical_job_activities": "Developing financial models, managing budgets, securing funding, projecting revenue, analyzing financial risks, and ensuring financial stability.",
    "background_story": "Isabelle Dubois grew up in Geneva, Switzerland, surrounded by the world of international finance. She obtained a degree in Economics from the University of Geneva, followed by an MBA from INSEAD. Isabelle has worked for several multinational corporations, specializing in financial modeling and project finance. Her expertise in developing and managing complex financial models, combined with her understanding of international finance, makes her an ideal candidate to manage the financial aspects of the Bering Strait bridge project.",
    "equipment_needs": "Advanced financial modeling software (e.g., Bloomberg Terminal, specialized project finance software), high-performance computer, secure data storage.",
    "facility_needs": "Office space with access to financial databases, secure communication lines for international transactions, meeting rooms for investor presentations."
  },
  {
    "id": 4,
    "category": "Environmental Impact Assessment Coordinator",
    "explanation": "Expert in conducting environmental impact assessments and developing mitigation strategies to minimize ecological damage and comply with regulations.",
    "consequences": "Environmental damage, regulatory delays, and reputational damage, potentially leading to project cancellation.",
    "count": "min 2, max 3, to cover both US and Russian environmental regulations and fieldwork.",
    "contract_type": "full_time_employee",
    "contract_type_justification": "Requires in-depth knowledge of both US and Russian environmental regulations and a long-term commitment to ensuring compliance.",
    "typical_job_activities": "Conducting environmental impact assessments, developing mitigation strategies, ensuring regulatory compliance, engaging with environmental organizations, and minimizing ecological damage.",
    "background_story": "Sergei Volkov was raised in a small village near Lake Baikal, Russia, where he developed a deep appreciation for the natural environment. He earned a degree in Environmental Science from Saint Petersburg State University, followed by a PhD in Ecology from the University of California, Berkeley. Sergei has extensive experience in conducting environmental impact assessments and developing mitigation strategies for large infrastructure projects. His expertise in both Russian and international environmental regulations makes him an invaluable asset to the Bering Strait bridge project.",
    "equipment_needs": "Environmental monitoring equipment (e.g., water samplers, air quality monitors), GIS software, remote sensing data, access to environmental databases, travel budget for fieldwork.",
    "facility_needs": "Environmental lab for sample analysis, office space with GIS capabilities, access to research vessels and aircraft for environmental surveys."
  },
  {
    "id": 5,
    "category": "Indigenous Community Liaison",
    "explanation": "Expert in engaging with Indigenous communities, incorporating traditional knowledge, and ensuring equitable outcomes.",
    "consequences": "Social opposition, project delays, and reputational damage due to disregard for Indigenous rights and concerns.",
    "count": "min 2, one for US side and one for Russian side, to build trust and facilitate communication.",
    "contract_type": "full_time_employee",
    "contract_type_justification": "Requires building trust and maintaining long-term relationships with Indigenous communities on both sides, necessitating a dedicated, full-time role.",
    "typical_job_activities": "Engaging with Indigenous communities, incorporating traditional knowledge, ensuring equitable outcomes, building trust, facilitating communication, and addressing concerns.",
    "background_story": "Nayana Greyfeather is a member of the Inupiat tribe from Nome, Alaska. She has dedicated her life to advocating for Indigenous rights and preserving traditional knowledge. Nayana holds a degree in Native American Studies from the University of Alaska Anchorage and has worked for several Indigenous organizations, focusing on community development and cultural preservation. Her deep understanding of Indigenous cultures and her ability to build trust and facilitate communication make her an ideal candidate to serve as the Indigenous Community Liaison for the Bering Strait bridge project.",
    "equipment_needs": "Communication equipment for remote areas, cultural sensitivity training materials, translation services, travel budget for community visits.",
    "facility_needs": "Office space in Nome, Alaska and Uelen, Chukotka, community meeting spaces, access to cultural resources and archives."
  },
  {
    "id": 6,
    "category": "Risk Management Specialist",
    "explanation": "Expert in identifying, assessing, and mitigating risks associated with the project, including technical, financial, environmental, and geopolitical risks.",
    "consequences": "Failure to anticipate and mitigate risks, leading to project delays, cost overruns, and potential failure.",
    "count": "min 1, max 2, depending on the complexity of the risk landscape and the need for specialized expertise.",
    "contract_type": "full_time_employee",
    "contract_type_justification": "Given the high-risk nature of the project, a dedicated risk management specialist is crucial for continuous monitoring and mitigation.",
    "typical_job_activities": "Identifying risks, assessing risks, developing mitigation strategies, monitoring risks, and ensuring project resilience.",
    "background_story": "Raj Patel was born in Mumbai, India, and has always been fascinated by risk and uncertainty. He earned a degree in Actuarial Science from the University of Mumbai, followed by a master's degree in Risk Management from New York University. Raj has worked for several insurance companies and consulting firms, specializing in risk assessment and mitigation. His expertise in identifying, assessing, and mitigating risks, combined with his analytical skills, makes him well-suited to manage the risks associated with the Bering Strait bridge project.",
    "equipment_needs": "Risk analysis software, simulation tools, access to risk databases, communication equipment for emergency response.",
    "facility_needs": "Secure office space with risk monitoring displays, access to real-time data feeds, emergency response coordination center."
  },
  {
    "id": 7,
    "category": "Supply Chain Logistics Coordinator",
    "explanation": "Expert in managing the complex supply chain for materials and equipment, ensuring timely delivery and minimizing disruptions.",
    "consequences": "Delays in construction, increased material costs, and project delays due to supply chain disruptions.",
    "count": "min 2, to manage international logistics and local sourcing.",
    "contract_type": "full_time_employee",
    "contract_type_justification": "Requires dedicated management of the complex international supply chain, ensuring timely delivery and minimizing disruptions.",
    "typical_job_activities": "Managing the supply chain, ensuring timely delivery, minimizing disruptions, coordinating international logistics, and sourcing materials.",
    "background_story": "Irina Morozova grew up in Murmansk, Russia, a major port city in the Arctic. She has extensive experience in managing the complex logistics of shipping goods in harsh environments. Irina holds a degree in Logistics from the State University of Management in Moscow and has worked for several shipping companies, specializing in Arctic transportation. Her expertise in managing supply chains, combined with her knowledge of the Arctic, makes her an ideal candidate to manage the supply chain for the Bering Strait bridge project.",
    "equipment_needs": "Supply chain management software, logistics tracking systems, communication equipment for international coordination, access to shipping databases.",
    "facility_needs": "Office space in major port cities (e.g., Nome, Murmansk), access to transportation networks, secure communication lines for supply chain monitoring."
  },
  {
    "id": 8,
    "category": "Operational Management Planner",
    "explanation": "Expert in developing a comprehensive operational management plan for the long-term maintenance and management of the bridge, including monitoring systems and remote operation.",
    "consequences": "Increased maintenance costs, temporary closures, and safety hazards due to inadequate operational planning.",
    "count": "1",
    "contract_type": "full_time_employee",
    "contract_type_justification": "Requires long-term planning and continuous monitoring of the bridge's operational performance, necessitating a dedicated, full-time role.",
    "typical_job_activities": "Developing operational management plans, designing monitoring systems, planning remote operation, ensuring long-term maintenance, and optimizing performance.",
    "background_story": "David Chen was born in Hong Kong and has spent his career focused on optimizing complex systems. He holds a degree in Mechanical Engineering from MIT and a PhD in Operations Research from Stanford. David has worked for several consulting firms, specializing in operational management and remote monitoring. His expertise in developing comprehensive operational management plans, combined with his analytical skills, makes him well-suited to plan the long-term maintenance and management of the Bering Strait bridge.",
    "equipment_needs": "Remote monitoring systems, data analytics software, communication equipment for remote operation, access to engineering databases.",
    "facility_needs": "Control center with real-time monitoring displays, access to engineering support, secure communication lines for remote operation."
  }
]