[
  {
    "id": "8ba8e819-45eb-4c36-8be4-87cee232c8db",
    "title": "Arctic Geotechnical Engineer",
    "knowledge": "Permafrost engineering, Arctic soil mechanics, seismic design, foundation design",
    "why": "Needed to assess the 'Conduct Geotechnical Surveys' feedback and technical concept feasibility in extreme Arctic conditions.",
    "what": "Review geotechnical survey plans, assess permafrost risks, and advise on foundation design for the Bering Strait bridge.",
    "skills": "Geotechnical investigation, risk assessment, Arctic engineering, permafrost modeling",
    "search_query": "Arctic geotechnical engineer, permafrost, Bering Strait"
  },
  {
    "id": "6339e540-3c92-45ba-9a63-60d7715ba264",
    "title": "Parametric Insurance Specialist",
    "knowledge": "Parametric insurance, risk modeling, climate risk, disaster recovery, financial risk transfer",
    "why": "Needed to assess the 'Risk Mitigation Protocol' and its proposed parametric insurance scheme for extreme events.",
    "what": "Evaluate the feasibility of parametric insurance for the bridge, considering Arctic-specific risks and potential payouts.",
    "skills": "Risk modeling, insurance structuring, financial analysis, climate resilience, Arctic risk",
    "search_query": "parametric insurance, infrastructure risk, climate change, Arctic"
  },
  {
    "id": "edcd5a51-eef9-40f0-a2fe-0f16d4424145",
    "title": "Indigenous Consultation Facilitator",
    "knowledge": "Indigenous consultation, Free Prior Informed Consent, community engagement, cultural heritage, impact assessment",
    "why": "Needed to strengthen the 'Stakeholder Engagement Strategy' and address potential conflicts between Indigenous groups.",
    "what": "Develop a framework for resolving conflicts between Indigenous groups and ensuring equitable benefit-sharing.",
    "skills": "Mediation, cultural sensitivity, negotiation, community outreach, Indigenous law",
    "search_query": "Indigenous consultation, Free Prior Informed Consent, community engagement"
  },
  {
    "id": "4a94bad7-5482-448f-98bc-1b8ff549b397",
    "title": "Telecommunications Market Analyst",
    "knowledge": "Telecom infrastructure, fiber optics, data transmission, market analysis, regulatory compliance",
    "why": "Needed to assess the 'Opportunities' section, specifically the 'killer application' of high-speed data transfer.",
    "what": "Analyze the market potential for fiber optic cables along the bridge, including revenue projections and competitive landscape.",
    "skills": "Market research, financial modeling, telecom regulations, competitive analysis, data analytics",
    "search_query": "telecom market analyst, fiber optics, Bering Strait, market analysis"
  },
  {
    "id": "6096a1b2-8ac3-4f45-9703-9a7e3eb6f0c4",
    "title": "International Maritime Lawyer",
    "knowledge": "Maritime law, international treaties, Arctic regulations, shipping law, cross-border agreements",
    "why": "Needed to navigate the 'Regulatory and Compliance Requirements' and secure necessary international maritime agreements.",
    "what": "Advise on international maritime law compliance and draft agreements for safe navigation and operation of the bridge.",
    "skills": "Legal drafting, negotiation, regulatory compliance, maritime regulations, international law",
    "search_query": "international maritime lawyer, Arctic, Bering Strait, treaties"
  },
  {
    "id": "0d91df4f-f9d6-491e-8f93-da55f9206ac2",
    "title": "Construction Logistics Coordinator",
    "knowledge": "Arctic logistics, supply chain management, remote construction, icebreaker operations, materials transportation",
    "why": "Needed to refine the 'Establish Construction Logistics' feedback and ensure efficient material transport across the Bering Strait.",
    "what": "Optimize the logistics plan, considering ice conditions, transportation routes, and storage facilities in Nome and Uelen.",
    "skills": "Logistics planning, supply chain optimization, Arctic operations, risk management, transportation",
    "search_query": "Arctic construction logistics, supply chain, icebreakers, remote construction"
  },
  {
    "id": "0b30b507-e0e5-4e7c-bd32-4cc0be2bdd8d",
    "title": "Climate Change Adaptation Planner",
    "knowledge": "Climate resilience, infrastructure planning, sea-level rise, permafrost thaw, extreme weather, risk assessment",
    "why": "Needed to strengthen the 'Climate Change Vulnerability Assessment' and develop adaptive strategies for long-term resilience.",
    "what": "Develop a detailed climate change adaptation plan, including specific measures to protect the bridge from rising sea levels and permafrost thaw.",
    "skills": "Climate modeling, risk assessment, adaptation planning, infrastructure resilience, environmental engineering",
    "search_query": "climate change adaptation, infrastructure, Arctic, sea level rise"
  },
  {
    "id": "6bd1dae8-7187-4cad-b3cb-2575ad3cb559",
    "title": "Cybersecurity Risk Assessor",
    "knowledge": "Cybersecurity, infrastructure security, data protection, threat modeling, risk management, intrusion detection",
    "why": "Needed to enhance the 'Establish Cybersecurity Measures' feedback and protect critical infrastructure and data from cyber threats.",
    "what": "Conduct a comprehensive cybersecurity risk assessment and develop a robust cybersecurity plan for the bridge's monitoring systems.",
    "skills": "Risk assessment, threat modeling, cybersecurity protocols, intrusion detection, data encryption",
    "search_query": "cybersecurity risk assessment, infrastructure, Arctic, data protection"
  }
]