[
  {
    "id": "2eccaf69-4d94-4663-83cb-9724fe716a7b",
    "document_name": "Project Charter",
    "description": "A formal, high-level document that authorizes the project, defines its objectives, identifies key stakeholders, and outlines the project manager's authority. It serves as a foundational agreement.",
    "responsible_role_type": "Project Manager",
    "document_template_primary": "PMI Project Charter Template",
    "document_template_secondary": null,
    "steps_to_create": [
      "Define project goals and objectives based on the strategic plan.",
      "Identify key stakeholders and their roles.",
      "Outline project scope, deliverables, and success criteria.",
      "Establish project governance and decision-making processes.",
      "Obtain approval from key stakeholders."
    ],
    "approval_authorities": "US Department of Transportation, Russian Ministry of Transport"
  },
  {
    "id": "48874560-75e8-404e-9df8-5480dcc122cd",
    "document_name": "Risk Register",
    "description": "A comprehensive document that identifies potential risks to the project, assesses their likelihood and impact, and outlines mitigation strategies. It's a living document that is updated throughout the project lifecycle.",
    "responsible_role_type": "Risk Management Specialist",
    "document_template_primary": "PMI Risk Register Template",
    "document_template_secondary": null,
    "steps_to_create": [
      "Identify potential risks based on project scope and environment.",
      "Assess the likelihood and impact of each risk.",
      "Develop mitigation strategies for high-priority risks.",
      "Assign responsibility for monitoring and managing each risk.",
      "Establish a process for updating the risk register."
    ],
    "approval_authorities": "Project Manager, Risk Management Specialist"
  },
  {
    "id": "d0be5315-b52e-4a5c-b642-60bfc1cd886b",
    "document_name": "Stakeholder Engagement Plan",
    "description": "A plan that outlines how the project will engage with stakeholders, including Indigenous communities, government agencies, and international investors. It ensures that stakeholder concerns are addressed and that the project benefits all stakeholders.",
    "responsible_role_type": "Indigenous Community Liaison, Geopolitical Strategist",
    "document_template_primary": null,
    "document_template_secondary": null,
    "steps_to_create": [
      "Identify stakeholders and their interests.",
      "Develop engagement strategies for each stakeholder group.",
      "Establish a process for addressing stakeholder concerns.",
      "Develop benefit-sharing agreements with Indigenous communities.",
      "Obtain approval from key stakeholders."
    ],
    "approval_authorities": "Project Manager, Indigenous Community Liaison, Geopolitical Strategist"
  },
  {
    "id": "08983a96-bb34-4355-abcd-346310c4fadc",
    "document_name": "High-Level Budget/Funding Framework",
    "description": "A high-level overview of the project's budget, including estimated costs for each phase of the project and potential funding sources. It provides a basis for securing funding and managing costs.",
    "responsible_role_type": "Financial Modeling Expert",
    "document_template_primary": null,
    "document_template_secondary": null,
    "steps_to_create": [
      "Estimate costs for each phase of the project.",
      "Identify potential funding sources.",
      "Develop a high-level budget.",
      "Establish a process for tracking and managing costs.",
      "Obtain approval from key stakeholders."
    ],
    "approval_authorities": "Project Manager, Financial Officer"
  },
  {
    "id": "35edf400-03ca-4097-960c-b955ed82c9f1",
    "document_name": "Structural Adaptation Strategy Framework",
    "description": "A high-level framework outlining the approach to adapting the bridge's structure to environmental challenges, including design philosophy, materials, and engineering techniques. It addresses long-term stability and resilience.",
    "responsible_role_type": "Arctic Engineering Specialist",
    "document_template_primary": null,
    "document_template_secondary": null,
    "steps_to_create": [
      "Assess environmental challenges (Arctic conditions, seismic activity, permafrost thaw).",
      "Evaluate design philosophies (fixed, modular, adaptive).",
      "Identify suitable materials and engineering techniques.",
      "Define success metrics (structural integrity, minimal maintenance).",
      "Document trade-offs (rigidity vs. adaptability)."
    ],
    "approval_authorities": "Lead Engineer, Arctic Engineering Specialist"
  },
  {
    "id": "563e8633-e53e-4a56-aa5c-7ebbe4683ffc",
    "document_name": "Risk Mitigation Protocol Framework",
    "description": "A high-level framework defining the procedures and technologies used to identify, assess, and mitigate potential risks to the bridge project. It controls risk assessment methodologies, monitoring systems, and contingency plans.",
    "responsible_role_type": "Risk Management Specialist",
    "document_template_primary": null,
    "document_template_secondary": null,
    "steps_to_create": [
      "Identify potential risks (ice floes, seismic events, political instability).",
      "Evaluate risk assessment methodologies.",
      "Identify monitoring systems and technologies.",
      "Develop contingency plans.",
      "Define success metrics (effectiveness of mitigation measures, project resilience)."
    ],
    "approval_authorities": "Risk Management Specialist, Project Manager"
  },
  {
    "id": "1e41d002-a37c-4d06-a9f5-fac89a1bc81d",
    "document_name": "Governance Collaboration Framework",
    "description": "A high-level framework establishing the organizational structure and legal agreements for managing the bridge project between the US and Russia. It controls decision-making processes, ownership rights, and dispute resolution mechanisms.",
    "responsible_role_type": "Geopolitical Strategist, Legal Counsel",
    "document_template_primary": null,
    "document_template_secondary": null,
    "steps_to_create": [
      "Define organizational structure (binational committee, joint venture, blockchain system).",
      "Establish legal agreements (ownership rights, dispute resolution).",
      "Define decision-making processes.",
      "Ensure transparency and accountability.",
      "Define success metrics (efficiency of decision-making, absence of disputes)."
    ],
    "approval_authorities": "US Department of Transportation, Russian Ministry of Transport, Legal Counsel"
  },
  {
    "id": "59f4138c-5ab6-4bea-bc5d-44d5eb830d5f",
    "document_name": "Geopolitical Alignment Strategy",
    "description": "A high-level strategy defining the project's positioning within the US-Russian relationship and the broader international context. It controls the narrative and diplomatic efforts to secure support and minimize political risks.",
    "responsible_role_type": "Geopolitical Strategist",
    "document_template_primary": null,
    "document_template_secondary": null,
    "steps_to_create": [
      "Define project positioning (US-Russian collaboration, international partnership, global infrastructure initiative).",
      "Develop a communication narrative.",
      "Identify diplomatic efforts to secure support.",
      "Manage political tensions.",
      "Define success metrics (level of political backing, stability of relations)."
    ],
    "approval_authorities": "Geopolitical Strategist, Project Manager"
  },
  {
    "id": "2935e126-7aba-4044-8324-bf7d24b8179e",
    "document_name": "Funding & Revenue Model Framework",
    "description": "A high-level framework defining how the project will be financed and sustained financially. It controls the mix of public and private funding sources, revenue generation mechanisms, and financial risk management strategies.",
    "responsible_role_type": "Financial Modeling Expert",
    "document_template_primary": null,
    "document_template_secondary": null,
    "steps_to_create": [
      "Identify funding sources (public, private, multilateral).",
      "Define revenue generation mechanisms (tolls, benefits).",
      "Develop financial risk management strategies.",
      "Ensure long-term financial viability.",
      "Define success metrics (ability to attract funding, positive cash flow)."
    ],
    "approval_authorities": "Financial Officer, Project Manager"
  },
  {
    "id": "7a407508-aa19-40c6-9ea9-1320368f3aa3",
    "document_name": "Material Adaptation Strategy Framework",
    "description": "A high-level framework dictating the types of materials used in the bridge's construction. It controls material selection, sourcing, and treatment processes to optimize durability, longevity, and resistance to environmental degradation.",
    "responsible_role_type": "Arctic Engineering Specialist",
    "document_template_primary": null,
    "document_template_secondary": null,
    "steps_to_create": [
      "Assess material options (conventional, high-performance, self-healing).",
      "Define material selection criteria (durability, longevity, resistance).",
      "Establish sourcing and treatment processes.",
      "Define success metrics (material lifespan, resistance to corrosion)."
    ],
    "approval_authorities": "Lead Engineer, Arctic Engineering Specialist"
  },
  {
    "id": "c31334dc-c840-478e-a20a-14c19690ea37",
    "document_name": "Stakeholder Engagement Strategy",
    "description": "A high-level strategy defining how the project will interact with and involve various stakeholders, including Indigenous groups, local communities, government agencies, and international investors. It controls communication channels, consultation processes, and benefit-sharing mechanisms.",
    "responsible_role_type": "Indigenous Community Liaison, Communication Specialist",
    "document_template_primary": null,
    "document_template_secondary": null,
    "steps_to_create": [
      "Identify stakeholders (Indigenous groups, local communities, government agencies).",
      "Define communication channels and consultation processes.",
      "Establish benefit-sharing mechanisms.",
      "Foster positive relationships.",
      "Define success metrics (stakeholder satisfaction, community support)."
    ],
    "approval_authorities": "Project Manager, Indigenous Community Liaison"
  },
  {
    "id": "92975cd4-6aed-4d5c-b5fe-18adde8ad9b0",
    "document_name": "Environmental Mitigation Approach Framework",
    "description": "A high-level framework dictating the project's environmental responsibility and sustainability efforts. It controls the technologies and practices used to minimize ecological damage and potentially create positive environmental impacts.",
    "responsible_role_type": "Environmental Impact Assessment Coordinator",
    "document_template_primary": null,
    "document_template_secondary": null,
    "steps_to_create": [
      "Assess environmental impacts (marine wildlife, carbon footprint).",
      "Identify mitigation technologies and practices.",
      "Establish ecological restoration and conservation initiatives.",
      "Define success metrics (environmental impact assessments, carbon emission reductions)."
    ],
    "approval_authorities": "Environmental Compliance Officer, Project Manager"
  }
]