[
  {
    "id": "2eccaf69-4d94-4663-83cb-9724fe716a7b",
    "document_name": "Project Charter",
    "description": "A formal, high-level document that authorizes the project, defines its objectives, identifies key stakeholders, and outlines the project manager's authority. It serves as a foundational agreement.",
    "responsible_role_type": "Project Manager",
    "document_template_primary": "PMI Project Charter Template",
    "document_template_secondary": null,
    "steps_to_create": [
      "Define project goals and objectives based on the strategic plan.",
      "Identify key stakeholders and their roles.",
      "Outline project scope, deliverables, and success criteria.",
      "Establish project governance and decision-making processes.",
      "Obtain approval from key stakeholders."
    ],
    "approval_authorities": "US Department of Transportation, Russian Ministry of Transport"
  },
  {
    "id": "48874560-75e8-404e-9df8-5480dcc122cd",
    "document_name": "Risk Register",
    "description": "A comprehensive document that identifies potential risks to the project, assesses their likelihood and impact, and outlines mitigation strategies. It's a living document that is updated throughout the project lifecycle.",
    "responsible_role_type": "Risk Management Specialist",
    "document_template_primary": "PMI Risk Register Template",
    "document_template_secondary": null,
    "steps_to_create": [
      "Identify potential risks based on project scope and environment.",
      "Assess the likelihood and impact of each risk.",
      "Develop mitigation strategies for high-priority risks.",
      "Assign responsibility for monitoring and managing each risk.",
      "Establish a process for updating the risk register."
    ],
    "approval_authorities": "Project Manager, Risk Management Specialist"
  },
  {
    "id": "ee337308-44b0-41d0-a9cf-694cdd8036f9",
    "document_name": "Communication Plan",
    "description": "A document that outlines how project information will be communicated to stakeholders, including the frequency, channels, and content of communications. It ensures that stakeholders are informed and engaged throughout the project.",
    "responsible_role_type": "Communication Specialist",
    "document_template_primary": null,
    "document_template_secondary": null,
    "steps_to_create": [
      "Identify stakeholders and their communication needs.",
      "Define communication channels and frequency.",
      "Establish a process for disseminating project information.",
      "Develop templates for project reports and presentations.",
      "Obtain approval from key stakeholders."
    ],
    "approval_authorities": "Project Manager, Communication Specialist"
  },
  {
    "id": "d0be5315-b52e-4a5c-b642-60bfc1cd886b",
    "document_name": "Stakeholder Engagement Plan",
    "description": "A plan that outlines how the project will engage with stakeholders, including Indigenous communities, government agencies, and international investors. It ensures that stakeholder concerns are addressed and that the project benefits all stakeholders.",
    "responsible_role_type": "Indigenous Community Liaison, Geopolitical Strategist",
    "document_template_primary": null,
    "document_template_secondary": null,
    "steps_to_create": [
      "Identify stakeholders and their interests.",
      "Develop engagement strategies for each stakeholder group.",
      "Establish a process for addressing stakeholder concerns.",
      "Develop benefit-sharing agreements with Indigenous communities.",
      "Obtain approval from key stakeholders."
    ],
    "approval_authorities": "Project Manager, Indigenous Community Liaison, Geopolitical Strategist"
  },
  {
    "id": "1fdd12e8-dc00-4479-b52f-be2a63e4c074",
    "document_name": "Change Management Plan",
    "description": "A plan that outlines how changes to the project will be managed, including the process for requesting, evaluating, and approving changes. It ensures that changes are implemented in a controlled and coordinated manner.",
    "responsible_role_type": "Project Manager",
    "document_template_primary": null,
    "document_template_secondary": null,
    "steps_to_create": [
      "Establish a change control board.",
      "Define the process for requesting and evaluating changes.",
      "Develop a change request form.",
      "Establish a process for approving and implementing changes.",
      "Communicate the change management process to stakeholders."
    ],
    "approval_authorities": "Change Control Board"
  },
  {
    "id": "08983a96-bb34-4355-abcd-346310c4fadc",
    "document_name": "High-Level Budget/Funding Framework",
    "description": "A high-level overview of the project's budget, including estimated costs for each phase of the project and potential funding sources. It provides a basis for securing funding and managing costs.",
    "responsible_role_type": "Financial Modeling Expert",
    "document_template_primary": null,
    "document_template_secondary": null,
    "steps_to_create": [
      "Estimate costs for each phase of the project.",
      "Identify potential funding sources.",
      "Develop a high-level budget.",
      "Establish a process for tracking and managing costs.",
      "Obtain approval from key stakeholders."
    ],
    "approval_authorities": "Project Manager, Financial Officer"
  },
  {
    "id": "6e875615-40ee-44a0-8f72-fb135e67bec5",
    "document_name": "Funding Agreement Structure/Template",
    "description": "A template for structuring funding agreements with various funding sources, including public and private investors. It ensures that funding agreements are consistent and comply with legal requirements.",
    "responsible_role_type": "Legal Counsel, Financial Modeling Expert",
    "document_template_primary": null,
    "document_template_secondary": null,
    "steps_to_create": [
      "Identify legal requirements for funding agreements.",
      "Develop a template for funding agreements.",
      "Include provisions for risk management and dispute resolution.",
      "Obtain approval from legal counsel.",
      "Customize the template for each funding source."
    ],
    "approval_authorities": "Legal Counsel, Financial Officer"
  },
  {
    "id": "4a8bc278-7c24-4888-82f7-0bafdd087300",
    "document_name": "Initial High-Level Schedule/Timeline",
    "description": "A high-level overview of the project's schedule, including key milestones and deadlines. It provides a roadmap for completing the project on time.",
    "responsible_role_type": "Project Manager",
    "document_template_primary": "Gantt Chart Template",
    "document_template_secondary": null,
    "steps_to_create": [
      "Identify key milestones and deliverables.",
      "Estimate the duration of each task.",
      "Develop a high-level schedule.",
      "Identify critical path activities.",
      "Obtain approval from key stakeholders."
    ],
    "approval_authorities": "Project Manager"
  },
  {
    "id": "83321c88-f537-46c4-a656-7100126b7607",
    "document_name": "M&E Framework",
    "description": "A framework for monitoring and evaluating the project's progress and impact. It ensures that the project is on track to achieve its objectives and that it is having the desired impact.",
    "responsible_role_type": "Project Manager",
    "document_template_primary": "World Bank Logical Framework",
    "document_template_secondary": null,
    "steps_to_create": [
      "Define project objectives and indicators.",
      "Develop a monitoring plan.",
      "Establish a process for collecting and analyzing data.",
      "Develop a reporting plan.",
      "Obtain approval from key stakeholders."
    ],
    "approval_authorities": "Project Manager"
  },
  {
    "id": "35edf400-03ca-4097-960c-b955ed82c9f1",
    "document_name": "Structural Adaptation Strategy Framework",
    "description": "A high-level framework outlining the approach to adapting the bridge's structure to environmental challenges, including design philosophy, materials, and engineering techniques. It addresses long-term stability and resilience.",
    "responsible_role_type": "Arctic Engineering Specialist",
    "document_template_primary": null,
    "document_template_secondary": null,
    "steps_to_create": [
      "Assess environmental challenges (Arctic conditions, seismic activity, permafrost thaw).",
      "Evaluate design philosophies (fixed, modular, adaptive).",
      "Identify suitable materials and engineering techniques.",
      "Define success metrics (structural integrity, minimal maintenance).",
      "Document trade-offs (rigidity vs. adaptability)."
    ],
    "approval_authorities": "Lead Engineer, Arctic Engineering Specialist"
  },
  {
    "id": "563e8633-e53e-4a56-aa5c-7ebbe4683ffc",
    "document_name": "Risk Mitigation Protocol Framework",
    "description": "A high-level framework defining the procedures and technologies used to identify, assess, and mitigate potential risks to the bridge project. It controls risk assessment methodologies, monitoring systems, and contingency plans.",
    "responsible_role_type": "Risk Management Specialist",
    "document_template_primary": null,
    "document_template_secondary": null,
    "steps_to_create": [
      "Identify potential risks (ice floes, seismic events, political instability).",
      "Evaluate risk assessment methodologies.",
      "Identify monitoring systems and technologies.",
      "Develop contingency plans.",
      "Define success metrics (effectiveness of mitigation measures, project resilience)."
    ],
    "approval_authorities": "Risk Management Specialist, Project Manager"
  },
  {
    "id": "1e41d002-a37c-4d06-a9f5-fac89a1bc81d",
    "document_name": "Governance Collaboration Framework",
    "description": "A high-level framework establishing the organizational structure and legal agreements for managing the bridge project between the US and Russia. It controls decision-making processes, ownership rights, and dispute resolution mechanisms.",
    "responsible_role_type": "Geopolitical Strategist, Legal Counsel",
    "document_template_primary": null,
    "document_template_secondary": null,
    "steps_to_create": [
      "Define organizational structure (binational committee, joint venture, blockchain system).",
      "Establish legal agreements (ownership rights, dispute resolution).",
      "Define decision-making processes.",
      "Ensure transparency and accountability.",
      "Define success metrics (efficiency of decision-making, absence of disputes)."
    ],
    "approval_authorities": "US Department of Transportation, Russian Ministry of Transport, Legal Counsel"
  },
  {
    "id": "59f4138c-5ab6-4bea-bc5d-44d5eb830d5f",
    "document_name": "Geopolitical Alignment Strategy",
    "description": "A high-level strategy defining the project's positioning within the US-Russian relationship and the broader international context. It controls the narrative and diplomatic efforts to secure support and minimize political risks.",
    "responsible_role_type": "Geopolitical Strategist",
    "document_template_primary": null,
    "document_template_secondary": null,
    "steps_to_create": [
      "Define project positioning (US-Russian collaboration, international partnership, global infrastructure initiative).",
      "Develop a communication narrative.",
      "Identify diplomatic efforts to secure support.",
      "Manage political tensions.",
      "Define success metrics (level of political backing, stability of relations)."
    ],
    "approval_authorities": "Geopolitical Strategist, Project Manager"
  },
  {
    "id": "2935e126-7aba-4044-8324-bf7d24b8179e",
    "document_name": "Funding & Revenue Model Framework",
    "description": "A high-level framework defining how the project will be financed and sustained financially. It controls the mix of public and private funding sources, revenue generation mechanisms, and financial risk management strategies.",
    "responsible_role_type": "Financial Modeling Expert",
    "document_template_primary": null,
    "document_template_secondary": null,
    "steps_to_create": [
      "Identify funding sources (public, private, multilateral).",
      "Define revenue generation mechanisms (tolls, benefits).",
      "Develop financial risk management strategies.",
      "Ensure long-term financial viability.",
      "Define success metrics (ability to attract funding, positive cash flow)."
    ],
    "approval_authorities": "Financial Officer, Project Manager"
  },
  {
    "id": "7a407508-aa19-40c6-9ea9-1320368f3aa3",
    "document_name": "Material Adaptation Strategy Framework",
    "description": "A high-level framework dictating the types of materials used in the bridge's construction. It controls material selection, sourcing, and treatment processes to optimize durability, longevity, and resistance to environmental degradation.",
    "responsible_role_type": "Arctic Engineering Specialist",
    "document_template_primary": null,
    "document_template_secondary": null,
    "steps_to_create": [
      "Assess material options (conventional, high-performance, self-healing).",
      "Define material selection criteria (durability, longevity, resistance).",
      "Establish sourcing and treatment processes.",
      "Define success metrics (material lifespan, resistance to corrosion)."
    ],
    "approval_authorities": "Lead Engineer, Arctic Engineering Specialist"
  },
  {
    "id": "c31334dc-c840-478e-a20a-14c19690ea37",
    "document_name": "Stakeholder Engagement Strategy",
    "description": "A high-level strategy defining how the project will interact with and involve various stakeholders, including Indigenous groups, local communities, government agencies, and international investors. It controls communication channels, consultation processes, and benefit-sharing mechanisms.",
    "responsible_role_type": "Indigenous Community Liaison, Communication Specialist",
    "document_template_primary": null,
    "document_template_secondary": null,
    "steps_to_create": [
      "Identify stakeholders (Indigenous groups, local communities, government agencies).",
      "Define communication channels and consultation processes.",
      "Establish benefit-sharing mechanisms.",
      "Foster positive relationships.",
      "Define success metrics (stakeholder satisfaction, community support)."
    ],
    "approval_authorities": "Project Manager, Indigenous Community Liaison"
  },
  {
    "id": "92975cd4-6aed-4d5c-b5fe-18adde8ad9b0",
    "document_name": "Environmental Mitigation Approach Framework",
    "description": "A high-level framework dictating the project's environmental responsibility and sustainability efforts. It controls the technologies and practices used to minimize ecological damage and potentially create positive environmental impacts.",
    "responsible_role_type": "Environmental Impact Assessment Coordinator",
    "document_template_primary": null,
    "document_template_secondary": null,
    "steps_to_create": [
      "Assess environmental impacts (marine wildlife, carbon footprint).",
      "Identify mitigation technologies and practices.",
      "Establish ecological restoration and conservation initiatives.",
      "Define success metrics (environmental impact assessments, carbon emission reductions)."
    ],
    "approval_authorities": "Environmental Compliance Officer, Project Manager"
  },
  {
    "id": "0fdf5181-c5e3-47c0-84ee-dfa9fe6aa4db",
    "document_name": "Technological Innovation Strategy",
    "description": "A high-level strategy determining the level of technological advancement incorporated into the project's design and construction. It controls the adoption of new materials, construction methods, and monitoring systems.",
    "responsible_role_type": "Arctic Engineering Specialist",
    "document_template_primary": null,
    "document_template_secondary": null,
    "steps_to_create": [
      "Assess technological options (proven techniques, advanced materials, novel technologies).",
      "Define technology adoption criteria (durability, efficiency, cost).",
      "Establish a process for evaluating new technologies.",
      "Define success metrics (performance of technologies, cost savings)."
    ],
    "approval_authorities": "Lead Engineer, Arctic Engineering Specialist"
  },
  {
    "id": "a16f6f58-cc85-4f1c-a205-3c3f4b81d5fd",
    "document_name": "Indigenous Engagement Framework",
    "description": "A high-level framework defining the project's approach to engaging with Indigenous communities affected by the construction. It controls the level of consultation, collaboration, and benefit-sharing.",
    "responsible_role_type": "Indigenous Community Liaison",
    "document_template_primary": null,
    "document_template_secondary": null,
    "steps_to_create": [
      "Define engagement approach (consultation, collaboration, co-management).",
      "Establish consultation processes.",
      "Define benefit-sharing mechanisms.",
      "Ensure equitable outcomes.",
      "Define success metrics (level of Indigenous support, integration of knowledge)."
    ],
    "approval_authorities": "Indigenous Community Liaison, Project Manager"
  },
  {
    "id": "bd7dad01-2003-4b49-a975-7d998f6d6925",
    "document_name": "Current State Assessment of Arctic Infrastructure",
    "description": "A report assessing the current state of infrastructure in the Arctic region, focusing on challenges related to permafrost, climate change, and remote locations. This assessment will inform the project's design and risk mitigation strategies.",
    "responsible_role_type": "Arctic Engineering Specialist",
    "document_template_primary": null,
    "document_template_secondary": null,
    "steps_to_create": [
      "Gather data on existing infrastructure in the Arctic.",
      "Assess the performance of existing infrastructure in challenging conditions.",
      "Identify best practices for Arctic infrastructure design and construction.",
      "Analyze the impact of climate change on Arctic infrastructure.",
      "Document findings in a comprehensive report."
    ],
    "approval_authorities": "Lead Engineer, Arctic Engineering Specialist"
  }
]