[
  {
    "id": "2eccaf69-4d94-4663-83cb-9724fe716a7b",
    "document_name": "Project Charter",
    "description": "A formal, high-level document that authorizes the project, defines its objectives, identifies key stakeholders, and outlines the project manager's authority. It serves as a foundational agreement.",
    "responsible_role_type": "Project Manager",
    "document_template_primary": "PMI Project Charter Template",
    "document_template_secondary": null,
    "steps_to_create": [
      "Define project goals and objectives based on the strategic plan.",
      "Identify key stakeholders and their roles.",
      "Outline project scope, deliverables, and success criteria.",
      "Establish project governance and decision-making processes.",
      "Obtain approval from key stakeholders."
    ],
    "approval_authorities": "US Department of Transportation, Russian Ministry of Transport",
    "essential_information": [
      "Clearly define the project's objectives, scope, and deliverables based on the strategic plan and related documents (strategic_decisions.md, scenarios.md, assumptions.md, project-plan.md).",
      "Identify key stakeholders (primary and secondary) and their roles and responsibilities, referencing the stakeholder analysis in project-plan.md.",
      "Define the project's high-level requirements, including technical, environmental, regulatory, and social considerations, drawing from assumptions.md and project-plan.md.",
      "Establish the project's governance structure, decision-making processes, and escalation paths, aligning with the Governance Collaboration Framework (b7286c72-79b3-403e-8b3f-34d86be7c5d5) from strategic_decisions.md.",
      "Outline the project's budget, funding sources, and financial controls, consistent with the Funding & Revenue Model (3b2ec67a-f5e4-4009-aa31-9a03d40c1bcf) from strategic_decisions.md and the financial feasibility assessment in assumptions.md.",
      "Define the project's timeline, milestones, and key dependencies, referencing the Detailed Timeline & Milestones (implied in plan.txt) and the timeline assessment in assumptions.md.",
      "Identify key risks and mitigation strategies, drawing from the Risk Register in project-plan.md and the risk identification in assumptions.md.",
      "Specify the Project Manager's authority and responsibilities, including decision-making power and resource allocation.",
      "Include a section outlining how the project aligns with the chosen strategic path (Pioneer's Gambit from scenarios.md) and its key strategic decisions.",
      "Detail the process for change management and scope control throughout the project lifecycle."
    ],
    "risks_of_poor_quality": [
      "Lack of clear objectives leads to scope creep and misalignment with strategic goals.",
      "Unclear stakeholder roles result in communication breakdowns and conflicts.",
      "Inadequate risk assessment leads to unforeseen problems and project delays.",
      "Insufficiently defined budget and funding sources result in financial instability and project abandonment.",
      "Ambiguous governance structure leads to inefficient decision-making and lack of accountability.",
      "An unclear scope definition leads to significant rework and budget overruns."
    ],
    "worst_case_scenario": "The project lacks clear direction and stakeholder buy-in, leading to significant delays, cost overruns, and ultimately, project cancellation due to geopolitical tensions or financial instability.",
    "best_case_scenario": "The Project Charter provides a clear and concise roadmap for the project, ensuring alignment among stakeholders, effective risk management, and efficient resource allocation, leading to successful completion of the Bering Strait bridge by 2041 and achievement of its strategic objectives.",
    "fallback_alternative_approaches": [
      "Utilize a pre-approved company template and adapt it to the specific requirements of the Bering Strait bridge project.",
      "Schedule a focused workshop with key stakeholders to collaboratively define project objectives, scope, and governance.",
      "Engage a project management consultant or subject matter expert to assist in developing the Project Charter.",
      "Develop a simplified 'minimum viable charter' covering only critical elements initially, and then iterate based on stakeholder feedback."
    ]
  },
  {
    "id": "48874560-75e8-404e-9df8-5480dcc122cd",
    "document_name": "Risk Register",
    "description": "A comprehensive document that identifies potential risks to the project, assesses their likelihood and impact, and outlines mitigation strategies. It's a living document that is updated throughout the project lifecycle.",
    "responsible_role_type": "Risk Management Specialist",
    "document_template_primary": "PMI Risk Register Template",
    "document_template_secondary": null,
    "steps_to_create": [
      "Identify potential risks based on project scope and environment.",
      "Assess the likelihood and impact of each risk.",
      "Develop mitigation strategies for high-priority risks.",
      "Assign responsibility for monitoring and managing each risk.",
      "Establish a process for updating the risk register."
    ],
    "approval_authorities": "Project Manager, Risk Management Specialist",
    "essential_information": [
      "Identify all potential risks to the Alaska-Russia Bering Strait Bridge project, categorized by source (e.g., technical, financial, geopolitical, environmental, social, operational, supply chain, security, climate change).",
      "For each identified risk, quantify the likelihood of occurrence (e.g., Low, Medium, High) and the potential impact on the project (e.g., cost, schedule, scope, quality, safety, reputation).",
      "For each risk, detail specific mitigation strategies, including preventative actions and contingency plans, with clear ownership assigned for each strategy.",
      "Define triggers or warning signs that indicate a risk is becoming more likely or is materializing.",
      "Estimate the cost of implementing each mitigation strategy.",
      "Assess the residual risk (likelihood and impact) after mitigation strategies are implemented.",
      "Include a section on emerging risks and a process for identifying and adding new risks to the register throughout the project lifecycle.",
      "Detail the data sources used to identify and assess risks (e.g., expert opinions, historical data, industry reports, environmental impact assessments).",
      "Quantify potential cost overruns associated with each risk, both before and after mitigation.",
      "Identify dependencies between risks and mitigation strategies."
    ],
    "risks_of_poor_quality": [
      "Failure to identify critical risks leads to inadequate mitigation plans, resulting in project delays, cost overruns, and potential project failure.",
      "Inaccurate risk assessments result in misallocation of resources and ineffective mitigation strategies.",
      "Outdated or incomplete risk information leads to reactive rather than proactive risk management.",
      "Lack of clear ownership for risk mitigation results in inaction and increased vulnerability.",
      "Insufficiently detailed mitigation plans lead to confusion and ineffective responses when risks materialize.",
      "Ignoring interdependencies between risks leads to cascading failures and amplified impacts."
    ],
    "worst_case_scenario": "A major, unmitigated risk (e.g., geopolitical conflict, catastrophic environmental event, or critical technical failure) causes the complete abandonment of the project after significant investment, resulting in substantial financial losses, reputational damage, and strained international relations.",
    "best_case_scenario": "The Risk Register enables proactive identification and effective mitigation of all major project risks, resulting in on-time and on-budget completion of the bridge, enhanced stakeholder confidence, and a successful, sustainable infrastructure project that strengthens international relations and promotes economic growth.",
    "fallback_alternative_approaches": [
      "Utilize a simplified risk assessment matrix focusing only on high-impact risks initially.",
      "Conduct a series of focused workshops with subject matter experts to identify and assess risks collaboratively.",
      "Engage a risk management consultant to conduct an independent risk assessment and develop mitigation strategies.",
      "Adapt an existing risk register from a similar large-scale infrastructure project.",
      "Develop a 'minimum viable risk register' covering only the top 5-10 most critical risks initially, with plans to expand it later."
    ]
  },
  {
    "id": "d0be5315-b52e-4a5c-b642-60bfc1cd886b",
    "document_name": "Stakeholder Engagement Plan",
    "description": "A plan that outlines how the project will engage with stakeholders, including Indigenous communities, government agencies, and international investors. It ensures that stakeholder concerns are addressed and that the project benefits all stakeholders.",
    "responsible_role_type": "Indigenous Community Liaison, Geopolitical Strategist",
    "document_template_primary": null,
    "document_template_secondary": null,
    "steps_to_create": [
      "Identify stakeholders and their interests.",
      "Develop engagement strategies for each stakeholder group.",
      "Establish a process for addressing stakeholder concerns.",
      "Develop benefit-sharing agreements with Indigenous communities.",
      "Obtain approval from key stakeholders."
    ],
    "approval_authorities": "Project Manager, Indigenous Community Liaison, Geopolitical Strategist",
    "essential_information": [
      "Identify all relevant stakeholders, categorizing them by influence, interest, and potential impact on the project (e.g., Indigenous communities, government agencies in US and Russia, international investors, environmental organizations, local communities).",
      "Detail specific engagement strategies tailored to each stakeholder group, including communication methods, frequency, and key messages (e.g., regular meetings with Indigenous leaders, public forums for local communities, investor presentations).",
      "Define a clear process for receiving, documenting, and addressing stakeholder concerns, including escalation paths and response timelines (e.g., a dedicated email address for feedback, a formal complaint resolution process).",
      "Outline specific benefit-sharing agreements with Indigenous communities, detailing the types of benefits (e.g., employment opportunities, revenue sharing, cultural preservation initiatives) and the mechanisms for distribution and monitoring.",
      "Establish metrics for measuring the effectiveness of stakeholder engagement efforts, such as stakeholder satisfaction scores, participation rates in consultations, and the number of concerns successfully resolved.",
      "Define roles and responsibilities for stakeholder engagement within the project team, including who is responsible for communication, consultation, and relationship management.",
      "Identify potential risks associated with stakeholder engagement, such as opposition from specific groups, misinformation campaigns, or delays due to consultation processes.",
      "Develop mitigation strategies for identified stakeholder engagement risks, such as proactive communication, conflict resolution mechanisms, and contingency plans for delays.",
      "Detail how stakeholder feedback will be incorporated into project decision-making, ensuring that their concerns are considered in design, construction, and operational phases.",
      "Specify the budget allocated for stakeholder engagement activities, including communication materials, consultation events, and benefit-sharing programs.",
      "Requires access to the Stakeholder Analysis section of the Project Plan document.",
      "Requires access to the Indigenous Engagement Framework document.",
      "Requires access to the Geopolitical Alignment Strategy document."
    ],
    "risks_of_poor_quality": [
      "Failure to identify and engage key stakeholders leads to project delays and increased costs due to unforeseen opposition.",
      "Inadequate engagement with Indigenous communities results in social opposition, legal challenges, and reputational damage.",
      "Lack of a clear process for addressing stakeholder concerns leads to mistrust and conflict.",
      "Insufficient benefit-sharing agreements with Indigenous communities results in inequitable outcomes and strained relationships.",
      "Poor communication with stakeholders results in misinformation and public distrust.",
      "Failure to incorporate stakeholder feedback into project decision-making leads to suboptimal design and operational choices."
    ],
    "worst_case_scenario": "Significant social opposition and legal challenges from Indigenous communities and environmental organizations halt the project indefinitely, resulting in substantial financial losses and reputational damage.",
    "best_case_scenario": "The project gains broad stakeholder support, leading to streamlined regulatory approvals, reduced social opposition, and enhanced project legitimacy, accelerating project completion and maximizing long-term benefits for all stakeholders.",
    "fallback_alternative_approaches": [
      "Utilize a pre-approved company template for stakeholder engagement plans and adapt it to the specific project context.",
      "Schedule a focused workshop with key stakeholders to collaboratively define engagement strategies and address concerns.",
      "Engage a professional facilitator or mediator to assist with stakeholder consultations and conflict resolution.",
      "Develop a simplified 'minimum viable plan' focusing on essential stakeholders and communication channels initially, with plans to expand engagement as the project progresses."
    ]
  },
  {
    "id": "08983a96-bb34-4355-abcd-346310c4fadc",
    "document_name": "High-Level Budget/Funding Framework",
    "description": "A high-level overview of the project's budget, including estimated costs for each phase of the project and potential funding sources. It provides a basis for securing funding and managing costs.",
    "responsible_role_type": "Financial Modeling Expert",
    "document_template_primary": null,
    "document_template_secondary": null,
    "steps_to_create": [
      "Estimate costs for each phase of the project.",
      "Identify potential funding sources.",
      "Develop a high-level budget.",
      "Establish a process for tracking and managing costs.",
      "Obtain approval from key stakeholders."
    ],
    "approval_authorities": "Project Manager, Financial Officer",
    "essential_information": [
      "What is the total estimated capital expenditure (CAPEX) for the project, broken down by phase (design, permitting, construction, commissioning)?",
      "What is the estimated annual operational expenditure (OPEX), including maintenance, security, staffing, insurance, and potential climate change adaptation costs?",
      "What are the potential revenue streams for the project, including tolls, tariffs, and indirect economic benefits (e.g., increased trade, tourism)? Quantify these streams.",
      "What is the proposed funding mix, specifying the percentage contribution from public funding (US and Russian governments), private investment, sovereign wealth funds, multilateral development banks, and green bonds?",
      "What are the key assumptions underlying the cost estimates and revenue projections (e.g., construction material prices, traffic volume, geopolitical stability)?",
      "What is the projected return on investment (ROI) and payback period for the project, considering various funding scenarios and risk factors?",
      "What is the break-even analysis, identifying the minimum revenue required to cover operational costs and debt service?",
      "What are the potential funding gaps and contingency plans to address cost overruns or revenue shortfalls?",
      "What are the key financial risks associated with the project (e.g., currency fluctuations, interest rate changes, geopolitical instability) and proposed mitigation strategies?",
      "Detail the process for tracking and managing costs throughout the project lifecycle, including change management procedures and reporting requirements.",
      "What are the criteria for evaluating the financial viability of the project at each phase, and what are the decision points for continuing, modifying, or terminating the project based on financial performance?",
      "Requires access to the 'Assumptions.md' file, specifically the sections on 'Financial Feasibility Assessment' and 'Review Assumptions' (Issue 1: Long-Term Operational Costs and Revenue Streams).",
      "Requires access to the 'Risk 3 - Financial' section of the 'Assumptions.md' file.",
      "Requires access to the 'Funding & Revenue Model' section of the 'strategic_decisions.md' file."
    ],
    "risks_of_poor_quality": [
      "Inaccurate cost estimates lead to budget overruns and project delays.",
      "Unrealistic revenue projections result in financial instability and difficulty securing funding.",
      "Insufficient contingency planning leaves the project vulnerable to unforeseen financial risks.",
      "Lack of transparency in cost tracking and management erodes stakeholder trust and accountability.",
      "Failure to identify and mitigate key financial risks jeopardizes the project's long-term viability.",
      "An unconvincing funding framework prevents securing necessary investment from public and private sources."
    ],
    "worst_case_scenario": "The project fails to secure sufficient funding due to an unrealistic or poorly justified budget, leading to abandonment after significant initial investment and reputational damage for all stakeholders.",
    "best_case_scenario": "The document enables securing diversified funding from various sources, ensuring long-term financial stability and maximizing returns on investment. It facilitates informed decision-making at each project phase, minimizing financial risks and maximizing stakeholder confidence.",
    "fallback_alternative_approaches": [
      "Utilize a simplified cost estimation model based on comparable infrastructure projects in similar Arctic environments.",
      "Focus on securing initial funding for the design and permitting phases only, deferring detailed financial planning for later stages.",
      "Engage a financial consultant specializing in large-scale infrastructure projects to develop a more robust funding framework.",
      "Develop a 'minimum viable budget' focusing on essential costs and revenue streams, with placeholders for more detailed analysis later."
    ]
  },
  {
    "id": "35edf400-03ca-4097-960c-b955ed82c9f1",
    "document_name": "Structural Adaptation Strategy Framework",
    "description": "A high-level framework outlining the approach to adapting the bridge's structure to environmental challenges, including design philosophy, materials, and engineering techniques. It addresses long-term stability and resilience.",
    "responsible_role_type": "Arctic Engineering Specialist",
    "document_template_primary": null,
    "document_template_secondary": null,
    "steps_to_create": [
      "Assess environmental challenges (Arctic conditions, seismic activity, permafrost thaw).",
      "Evaluate design philosophies (fixed, modular, adaptive).",
      "Identify suitable materials and engineering techniques.",
      "Define success metrics (structural integrity, minimal maintenance).",
      "Document trade-offs (rigidity vs. adaptability)."
    ],
    "approval_authorities": "Lead Engineer, Arctic Engineering Specialist",
    "essential_information": [
      "What are the specific environmental challenges the bridge will face (e.g., ice load, seismic activity, permafrost thaw rates, extreme weather events, sea level rise)?",
      "Detail the design philosophies considered: fixed, modular, and adaptive, including their pros and cons in the Bering Strait context.",
      "List potential materials for each design philosophy, considering cost, availability, durability, and environmental impact (e.g., high-performance concrete, advanced steel alloys, self-healing concrete, graphene-enhanced composites).",
      "What engineering techniques will be employed for each design philosophy, including specific construction methods and technologies (e.g., modular construction, AI-powered monitoring systems)?",
      "Define quantifiable success metrics for each design philosophy, including structural integrity (e.g., load-bearing capacity, stress resistance), minimal maintenance requirements (e.g., frequency of repairs, lifespan of components), and ability to withstand predicted environmental stresses over its lifespan (e.g., resistance to ice loads, seismic activity).",
      "Detail the trade-offs between rigidity and adaptability for each design philosophy, including initial cost, long-term maintenance costs, and vulnerability to unforeseen Arctic conditions.",
      "How does the chosen Structural Adaptation Strategy synergize with the Material Adaptation Strategy and Risk Mitigation Protocol?",
      "How does the chosen Structural Adaptation Strategy potentially conflict with the Funding & Revenue Model and Governance Collaboration Framework?",
      "What are the specific requirements for extreme Arctic ice resistance, seismic activity resistance, and permafrost resistance?",
      "What are the specific climate change impacts that need to be mitigated?",
      "What are the specific regulatory compliance requirements in the US and Russia that need to be met?"
    ],
    "risks_of_poor_quality": [
      "An unclear definition of environmental challenges leads to inadequate structural design and potential failures.",
      "Failure to consider all relevant design philosophies results in a suboptimal solution that is either too rigid or too expensive.",
      "Inadequate material selection leads to premature degradation and increased maintenance costs.",
      "Poorly defined success metrics make it difficult to assess the effectiveness of the chosen strategy.",
      "An incomplete trade-off analysis results in unforeseen costs and risks.",
      "Lack of synergy with other strategies leads to inefficiencies and increased risks.",
      "Conflicts with funding and governance models lead to delays and budget overruns."
    ],
    "worst_case_scenario": "The bridge structure fails due to unforeseen Arctic conditions or seismic activity, resulting in catastrophic loss of life, environmental damage, and significant financial losses, jeopardizing the entire project and future infrastructure development in the region.",
    "best_case_scenario": "The Structural Adaptation Strategy enables the construction of a resilient and sustainable bridge that withstands extreme Arctic conditions and seismic activity, minimizing maintenance costs, ensuring long-term operational viability, and fostering investor confidence, ultimately accelerating economic development and geopolitical cooperation between the US and Russia.",
    "fallback_alternative_approaches": [
      "Utilize a pre-approved company template for infrastructure projects in harsh environments and adapt it to the Bering Strait context.",
      "Schedule a focused workshop with engineering specialists, material scientists, and environmental experts to collaboratively define requirements and evaluate design options.",
      "Engage a technical writer or subject matter expert to assist in documenting the framework and ensuring clarity and completeness.",
      "Develop a simplified 'minimum viable framework' covering only critical elements initially, such as structural integrity and resistance to ice loads, and then iterate based on feedback and further analysis."
    ]
  },
  {
    "id": "563e8633-e53e-4a56-aa5c-7ebbe4683ffc",
    "document_name": "Risk Mitigation Protocol Framework",
    "description": "A high-level framework defining the procedures and technologies used to identify, assess, and mitigate potential risks to the bridge project. It controls risk assessment methodologies, monitoring systems, and contingency plans.",
    "responsible_role_type": "Risk Management Specialist",
    "document_template_primary": null,
    "document_template_secondary": null,
    "steps_to_create": [
      "Identify potential risks (ice floes, seismic events, political instability).",
      "Evaluate risk assessment methodologies.",
      "Identify monitoring systems and technologies.",
      "Develop contingency plans.",
      "Define success metrics (effectiveness of mitigation measures, project resilience)."
    ],
    "approval_authorities": "Risk Management Specialist, Project Manager",
    "essential_information": [
      "Detail the risk assessment methodologies to be employed (e.g., qualitative, quantitative, hybrid).",
      "List all identified potential risks to the project, categorized by type (e.g., technical, financial, geopolitical, environmental, social, operational, supply chain, security, climate change).",
      "For each identified risk, quantify the likelihood (probability) and potential impact (severity) using a defined scale.",
      "Define the specific monitoring systems and technologies to be used for early detection of risks (e.g., sensor networks, satellite imagery, AI-powered analytics).",
      "Describe the contingency plans for each major risk, including specific actions to be taken, responsible parties, and resource allocation.",
      "Establish clear thresholds or triggers that will activate contingency plans.",
      "Define the key performance indicators (KPIs) for measuring the effectiveness of risk mitigation measures.",
      "Detail the process for regularly reviewing and updating the Risk Mitigation Protocol based on new information and changing conditions.",
      "Specify how the Risk Mitigation Protocol integrates with other project strategies, such as the Structural Adaptation Strategy, Technological Innovation Strategy, and Geopolitical Alignment Strategy.",
      "Outline the communication plan for disseminating risk information to stakeholders.",
      "Identify necessary inputs from the 'Strategic Decisions' document, specifically the chosen strategic choices for Structural Adaptation Strategy, Technological Innovation Strategy, and Geopolitical Alignment Strategy.",
      "Detail the parametric insurance scheme, including coverage details, triggers for payout, and claims process."
    ],
    "risks_of_poor_quality": [
      "Inadequate risk identification leads to unforeseen events causing project delays and cost overruns.",
      "Ineffective monitoring systems fail to detect emerging threats, resulting in catastrophic failures.",
      "Unclear contingency plans lead to confusion and delayed responses during crises.",
      "Poor integration with other project strategies results in conflicting or ineffective mitigation measures.",
      "Lack of stakeholder communication erodes trust and support for the project.",
      "Insufficient insurance coverage leaves the project financially vulnerable to major incidents."
    ],
    "worst_case_scenario": "A major unforeseen event, such as a structural failure due to inadequate risk mitigation, leads to project abandonment, significant financial losses, and reputational damage, potentially triggering international disputes and legal action.",
    "best_case_scenario": "The Risk Mitigation Protocol effectively identifies, assesses, and mitigates all major project risks, ensuring project safety, timely completion, and adherence to budget. This fosters stakeholder confidence, attracts further investment, and establishes a benchmark for risk management in Arctic infrastructure projects.",
    "fallback_alternative_approaches": [
      "Utilize a simplified risk assessment matrix based on readily available data and expert judgment.",
      "Focus on mitigating only the top 5-10 most critical risks identified through a rapid risk assessment workshop.",
      "Adapt a pre-existing risk management framework from a similar infrastructure project in a challenging environment.",
      "Engage a risk management consultant to provide expert guidance and accelerate the development of the protocol."
    ]
  },
  {
    "id": "1e41d002-a37c-4d06-a9f5-fac89a1bc81d",
    "document_name": "Governance Collaboration Framework",
    "description": "A high-level framework establishing the organizational structure and legal agreements for managing the bridge project between the US and Russia. It controls decision-making processes, ownership rights, and dispute resolution mechanisms.",
    "responsible_role_type": "Geopolitical Strategist, Legal Counsel",
    "document_template_primary": null,
    "document_template_secondary": null,
    "steps_to_create": [
      "Define organizational structure (binational committee, joint venture, blockchain system).",
      "Establish legal agreements (ownership rights, dispute resolution).",
      "Define decision-making processes.",
      "Ensure transparency and accountability.",
      "Define success metrics (efficiency of decision-making, absence of disputes)."
    ],
    "approval_authorities": "US Department of Transportation, Russian Ministry of Transport, Legal Counsel",
    "essential_information": [
      "Define the organizational structure for binational collaboration (e.g., binational steering committee, joint venture company, blockchain-based system).",
      "Detail the legal agreements governing ownership rights, decision-making authority, and dispute resolution mechanisms between the US and Russia.",
      "Specify the decision-making processes, including voting procedures, approval thresholds, and escalation paths for disagreements.",
      "Outline mechanisms for ensuring transparency and accountability in project governance, such as reporting requirements, audit procedures, and conflict-of-interest policies.",
      "Define key performance indicators (KPIs) for measuring the effectiveness of the governance framework, such as decision-making efficiency, dispute resolution rates, and stakeholder satisfaction.",
      "Identify potential conflicts of interest between US and Russian stakeholders and outline mitigation strategies.",
      "Describe the process for adapting the governance framework to changing geopolitical conditions or project requirements.",
      "Requires input from legal experts specializing in international law and US-Russian relations.",
      "Requires input from stakeholders from both the US and Russia to ensure equitable representation and buy-in.",
      "Requires access to existing US-Russian agreements and treaties to ensure compliance."
    ],
    "risks_of_poor_quality": [
      "Inefficient decision-making processes lead to project delays and increased costs.",
      "Unclear ownership rights and dispute resolution mechanisms result in legal battles and project gridlock.",
      "Lack of transparency and accountability erodes stakeholder trust and undermines project legitimacy.",
      "Failure to adapt to changing geopolitical conditions jeopardizes project viability.",
      "Conflicts of interest undermine project integrity and fairness.",
      "Slow decision-making during a crisis hinders effective risk mitigation."
    ],
    "worst_case_scenario": "Geopolitical tensions escalate, leading to the collapse of the governance framework, project cancellation, and significant financial losses for both the US and Russia.",
    "best_case_scenario": "A robust and adaptable governance framework fosters effective binational collaboration, streamlines decision-making, secures stakeholder buy-in, and ensures the successful completion of the Bering Strait bridge project, strengthening US-Russian relations and promoting regional economic development. Enables efficient and equitable project management, minimizing delays and maximizing benefits for all stakeholders.",
    "fallback_alternative_approaches": [
      "Utilize a pre-existing US-Russian collaboration framework from a similar infrastructure project as a starting point.",
      "Schedule a series of facilitated workshops with key stakeholders from both countries to collaboratively define governance principles and processes.",
      "Engage a neutral third-party mediator or facilitator to help resolve disagreements and build consensus.",
      "Develop a simplified 'minimum viable governance framework' focusing on essential decision-making processes and legal agreements initially, with plans to expand it later."
    ]
  },
  {
    "id": "59f4138c-5ab6-4bea-bc5d-44d5eb830d5f",
    "document_name": "Geopolitical Alignment Strategy",
    "description": "A high-level strategy defining the project's positioning within the US-Russian relationship and the broader international context. It controls the narrative and diplomatic efforts to secure support and minimize political risks.",
    "responsible_role_type": "Geopolitical Strategist",
    "document_template_primary": null,
    "document_template_secondary": null,
    "steps_to_create": [
      "Define project positioning (US-Russian collaboration, international partnership, global infrastructure initiative).",
      "Develop a communication narrative.",
      "Identify diplomatic efforts to secure support.",
      "Manage political tensions.",
      "Define success metrics (level of political backing, stability of relations)."
    ],
    "approval_authorities": "Geopolitical Strategist, Project Manager",
    "essential_information": [
      "Define the project's narrative and key messaging to resonate with US, Russian, and international audiences.",
      "Identify specific diplomatic channels and key stakeholders (government officials, international organizations) to engage for securing political backing.",
      "List potential geopolitical risks (e.g., sanctions, political instability, changes in leadership) that could impact the project.",
      "Detail mitigation strategies for each identified geopolitical risk, including alternative routes, funding sources, or partnerships.",
      "Define the project's alignment with international initiatives such as the UN Sustainable Development Goals and how this alignment will be communicated.",
      "Identify potential sources of international funding and investment based on the chosen geopolitical alignment.",
      "Specify metrics for measuring the success of the Geopolitical Alignment Strategy, such as the number of supportive statements from key political figures or the level of international investment secured.",
      "Requires access to current US-Russian relations reports and forecasts.",
      "Requires access to the Stakeholder Engagement Strategy to ensure alignment of messaging.",
      "Requires access to the Risk Mitigation Protocol to understand potential conflicts and dependencies."
    ],
    "risks_of_poor_quality": [
      "Failure to secure necessary political support, leading to delays in regulatory approvals and funding.",
      "Increased geopolitical risks, such as sanctions or political instability, jeopardizing the project's viability.",
      "Damage to the project's reputation due to misaligned messaging or failure to address geopolitical concerns.",
      "Loss of investor confidence due to perceived political instability or lack of international support."
    ],
    "worst_case_scenario": "Geopolitical tensions escalate, leading to the cancellation of the project and significant financial losses for all stakeholders.",
    "best_case_scenario": "The project is widely supported by both the US and Russian governments, as well as the international community, leading to streamlined regulatory approvals, secure funding, and enhanced project legitimacy. Enables go/no-go decision on project continuation.",
    "fallback_alternative_approaches": [
      "Focus on a smaller-scale, bilateral project with limited international involvement to reduce geopolitical risks.",
      "Engage a specialized geopolitical consulting firm to develop and implement the strategy.",
      "Prioritize securing support from specific key stakeholders rather than pursuing broad international alignment.",
      "Develop a simplified communication plan focusing on the project's economic benefits to both the US and Russia."
    ]
  },
  {
    "id": "2935e126-7aba-4044-8324-bf7d24b8179e",
    "document_name": "Funding & Revenue Model Framework",
    "description": "A high-level framework defining how the project will be financed and sustained financially. It controls the mix of public and private funding sources, revenue generation mechanisms, and financial risk management strategies.",
    "responsible_role_type": "Financial Modeling Expert",
    "document_template_primary": null,
    "document_template_secondary": null,
    "steps_to_create": [
      "Identify funding sources (public, private, multilateral).",
      "Define revenue generation mechanisms (tolls, benefits).",
      "Develop financial risk management strategies.",
      "Ensure long-term financial viability.",
      "Define success metrics (ability to attract funding, positive cash flow)."
    ],
    "approval_authorities": "Financial Officer, Project Manager",
    "essential_information": [
      "Identify potential funding sources, including public (US and Russian government contributions, infrastructure grants), private (equity investors, pension funds), and multilateral (World Bank, IMF, Arctic Investment Platform).",
      "Define specific revenue generation mechanisms, such as tolls (projected traffic volume and toll rates), commercial activities (leasing opportunities, advertising), and ancillary benefits (economic development, tourism).",
      "Detail financial risk management strategies, including currency hedging (USD/RUB), interest rate swaps, and insurance policies (political risk, construction delays).",
      "Quantify the projected capital expenditure (CAPEX) and operational expenditure (OPEX) over the project lifecycle (design, construction, operation, maintenance).",
      "Calculate the projected Return on Investment (ROI), Net Present Value (NPV), and Internal Rate of Return (IRR) based on various funding scenarios and revenue projections.",
      "Define key performance indicators (KPIs) for financial sustainability, such as debt-to-equity ratio, cash flow margin, and payback period.",
      "Outline the process for securing funding, including application procedures, due diligence requirements, and negotiation strategies.",
      "Specify the legal and regulatory requirements related to funding and revenue generation in both the US and Russia.",
      "Address the impact of fluctuating commodity prices (steel, concrete) on project costs and funding needs.",
      "Detail the proposed financial governance structure, including roles and responsibilities for managing funds and ensuring transparency."
    ],
    "risks_of_poor_quality": [
      "Failure to secure sufficient funding, leading to project delays or abandonment.",
      "Inaccurate financial projections, resulting in cost overruns and budget deficits.",
      "Over-reliance on a single funding source, increasing vulnerability to economic or political instability.",
      "Inadequate risk management strategies, exposing the project to financial losses.",
      "Lack of transparency in financial governance, eroding stakeholder trust and investor confidence.",
      "Unrealistic revenue projections leading to an inability to repay debts."
    ],
    "worst_case_scenario": "The project fails to secure adequate funding due to unrealistic financial projections and inadequate risk management, leading to complete abandonment after significant initial investment and reputational damage for all stakeholders.",
    "best_case_scenario": "The project secures a diversified funding portfolio with favorable terms, ensuring long-term financial viability and enabling efficient project execution. This leads to a successful bridge construction, increased trade, and enhanced geopolitical stability, attracting further investment in the region.",
    "fallback_alternative_approaches": [
      "Develop a phased funding approach, securing initial funding for feasibility studies and design before committing to full-scale construction.",
      "Reduce the project scope to lower the initial capital expenditure, focusing on essential infrastructure and delaying non-critical components.",
      "Seek government guarantees or subsidies to reduce the perceived risk for private investors.",
      "Engage a financial advisor to develop a more robust and realistic funding model.",
      "Explore alternative financing mechanisms, such as infrastructure bonds or crowdfunding."
    ]
  },
  {
    "id": "7a407508-aa19-40c6-9ea9-1320368f3aa3",
    "document_name": "Material Adaptation Strategy Framework",
    "description": "A high-level framework dictating the types of materials used in the bridge's construction. It controls material selection, sourcing, and treatment processes to optimize durability, longevity, and resistance to environmental degradation.",
    "responsible_role_type": "Arctic Engineering Specialist",
    "document_template_primary": null,
    "document_template_secondary": null,
    "steps_to_create": [
      "Assess material options (conventional, high-performance, self-healing).",
      "Define material selection criteria (durability, longevity, resistance).",
      "Establish sourcing and treatment processes.",
      "Define success metrics (material lifespan, resistance to corrosion)."
    ],
    "approval_authorities": "Lead Engineer, Arctic Engineering Specialist",
    "essential_information": [
      "Define the specific material selection criteria, including quantifiable metrics for durability, longevity, resistance to corrosion, cracking, extreme temperatures, and ice loads.",
      "List all potential material options, including conventional steel and concrete, high-performance concrete and advanced steel alloys, self-healing concrete, and graphene-enhanced composites.",
      "Detail the sourcing and treatment processes for each material option, including supply chain considerations and potential risks.",
      "Quantify the lifecycle costs (initial cost, maintenance, replacement) for each material option, including a sensitivity analysis to account for fluctuating commodity prices.",
      "Analyze the environmental impact of each material option, including carbon footprint, recyclability, and potential for pollution.",
      "Compare the performance of each material option under extreme Arctic conditions, including resistance to permafrost thaw, seismic activity, and ice floes.",
      "Identify potential supply chain risks associated with each material option, including geopolitical factors and transportation challenges.",
      "Detail the specific testing and validation procedures required to ensure material performance and compliance with relevant standards.",
      "Define the decision-making process for material selection, including stakeholder roles and responsibilities.",
      "Based on the 'Structural Adaptation Strategy' decision, determine how the material choices will enable or constrain the structural design's adaptability and resilience."
    ],
    "risks_of_poor_quality": [
      "Premature material failure leading to structural damage and increased maintenance costs.",
      "Use of unsustainable materials resulting in negative environmental impacts and reputational damage.",
      "Selection of materials that are incompatible with the Arctic environment, leading to reduced lifespan and increased risk of failure.",
      "Supply chain disruptions causing delays and cost overruns.",
      "Failure to meet regulatory requirements, resulting in fines and project delays."
    ],
    "worst_case_scenario": "Catastrophic structural failure due to material degradation or incompatibility with the Arctic environment, resulting in loss of life, environmental disaster, and project abandonment.",
    "best_case_scenario": "Selection of highly durable, sustainable, and cost-effective materials that ensure the bridge's long-term structural integrity, minimize maintenance requirements, and enhance its resilience to extreme Arctic conditions, enabling long-term operational viability and investor confidence. Enables decision on optimal balance between cost and longevity.",
    "fallback_alternative_approaches": [
      "Utilize a pre-approved list of materials with established performance records in similar Arctic environments.",
      "Engage a materials science consultant to provide expert guidance on material selection and testing.",
      "Conduct a simplified cost-benefit analysis focusing on the most critical material properties.",
      "Develop a 'minimum viable material' specification focusing on essential performance requirements and cost constraints."
    ]
  },
  {
    "id": "c31334dc-c840-478e-a20a-14c19690ea37",
    "document_name": "Stakeholder Engagement Strategy",
    "description": "A high-level strategy defining how the project will interact with and involve various stakeholders, including Indigenous groups, local communities, government agencies, and international investors. It controls communication channels, consultation processes, and benefit-sharing mechanisms.",
    "responsible_role_type": "Indigenous Community Liaison, Communication Specialist",
    "document_template_primary": null,
    "document_template_secondary": null,
    "steps_to_create": [
      "Identify stakeholders (Indigenous groups, local communities, government agencies).",
      "Define communication channels and consultation processes.",
      "Establish benefit-sharing mechanisms.",
      "Foster positive relationships.",
      "Define success metrics (stakeholder satisfaction, community support)."
    ],
    "approval_authorities": "Project Manager, Indigenous Community Liaison",
    "essential_information": [
      "Identify all key stakeholders, including Indigenous groups, local communities, government agencies (US and Russian), international investors, environmental organizations, and scientific institutions.",
      "Define specific communication channels for each stakeholder group (e.g., regular meetings, newsletters, online forums).",
      "Detail the consultation processes to be used, including frequency, format, and decision-making influence.",
      "Establish clear benefit-sharing mechanisms, including economic opportunities, resource access, and cultural preservation initiatives, specifically addressing Indigenous concerns.",
      "Define metrics to measure stakeholder satisfaction, community support, and the absence of major conflicts (e.g., survey results, participation rates, media sentiment).",
      "Outline a process for addressing and resolving stakeholder concerns and disputes.",
      "Specify how traditional ecological knowledge will be incorporated into project planning and execution.",
      "Detail the resources (budget, personnel) allocated to stakeholder engagement activities.",
      "Define roles and responsibilities for stakeholder engagement within the project team.",
      "Identify potential risks associated with stakeholder engagement (e.g., misinformation, distrust) and mitigation strategies."
    ],
    "risks_of_poor_quality": [
      "Increased social opposition and project delays due to unmet stakeholder expectations.",
      "Reputational damage and loss of investor confidence due to negative stakeholder perceptions.",
      "Legal challenges and regulatory hurdles due to inadequate consultation with Indigenous groups.",
      "Ineffective communication leading to misunderstandings and conflicts.",
      "Failure to incorporate valuable stakeholder input, resulting in suboptimal project outcomes."
    ],
    "worst_case_scenario": "Widespread social unrest and legal challenges halt the project indefinitely, resulting in significant financial losses and damage to international relations.",
    "best_case_scenario": "The project gains strong support from all stakeholders, leading to streamlined approvals, reduced risks, and a positive legacy of community development and environmental stewardship. Enables efficient project execution and long-term operational success.",
    "fallback_alternative_approaches": [
      "Utilize a pre-existing stakeholder engagement framework from a similar infrastructure project and adapt it to the Bering Strait context.",
      "Conduct a series of focused workshops with key stakeholder representatives to collaboratively define engagement strategies.",
      "Engage a professional facilitator or mediator to assist with stakeholder consultations and conflict resolution.",
      "Develop a simplified 'minimum viable engagement plan' focusing on essential communication and consultation activities initially, with the option to expand later."
    ]
  },
  {
    "id": "92975cd4-6aed-4d5c-b5fe-18adde8ad9b0",
    "document_name": "Environmental Mitigation Approach Framework",
    "description": "A high-level framework dictating the project's environmental responsibility and sustainability efforts. It controls the technologies and practices used to minimize ecological damage and potentially create positive environmental impacts.",
    "responsible_role_type": "Environmental Impact Assessment Coordinator",
    "document_template_primary": null,
    "document_template_secondary": null,
    "steps_to_create": [
      "Assess environmental impacts (marine wildlife, carbon footprint).",
      "Identify mitigation technologies and practices.",
      "Establish ecological restoration and conservation initiatives.",
      "Define success metrics (environmental impact assessments, carbon emission reductions)."
    ],
    "approval_authorities": "Environmental Compliance Officer, Project Manager",
    "essential_information": [
      "Define specific, measurable environmental impact reduction targets for the project.",
      "List all applicable environmental regulations and compliance standards for both US and Russian territories.",
      "Identify and compare at least three distinct environmental mitigation technologies suitable for Arctic conditions, including cost-benefit analyses.",
      "Detail the process for conducting Environmental Impact Assessments (EIAs) and obtaining necessary approvals.",
      "Outline a plan for ecological restoration and conservation initiatives, including specific actions and timelines.",
      "Define the roles and responsibilities of the Environmental Compliance Officer and other relevant personnel.",
      "Quantify the potential carbon footprint of the project and outline strategies for carbon emission reduction or offsetting.",
      "Describe the process for incorporating traditional ecological knowledge from Indigenous communities into environmental planning.",
      "Identify potential conflicts between environmental mitigation efforts and other project strategies (e.g., Funding & Revenue Model, Structural Adaptation Strategy) and propose solutions.",
      "Detail the monitoring and reporting mechanisms for tracking environmental performance and ensuring compliance."
    ],
    "risks_of_poor_quality": [
      "Failure to comply with environmental regulations leads to project delays, fines, and legal challenges.",
      "Inadequate mitigation of environmental impacts results in damage to marine ecosystems and loss of biodiversity.",
      "Lack of stakeholder engagement leads to social opposition and reputational damage.",
      "Underestimation of climate change impacts results in long-term environmental damage and increased project costs.",
      "Poorly defined success metrics make it difficult to track progress and ensure accountability."
    ],
    "worst_case_scenario": "The project causes irreversible damage to the Arctic ecosystem, leading to international condemnation, legal action, and project abandonment.",
    "best_case_scenario": "The project achieves a net-positive environmental impact, enhancing biodiversity, reducing carbon emissions, and serving as a model for sustainable infrastructure development in the Arctic. This enables streamlined regulatory approvals and strong stakeholder support.",
    "fallback_alternative_approaches": [
      "Utilize a pre-approved environmental management plan template from a similar Arctic infrastructure project and adapt it to the Bering Strait Bridge.",
      "Engage a specialized environmental consulting firm to conduct a rapid environmental impact assessment and develop a mitigation plan.",
      "Focus initially on minimizing immediate construction impacts and defer more ambitious ecological restoration initiatives to a later phase.",
      "Develop a simplified 'minimum viable framework' covering only critical regulatory requirements and high-priority environmental risks."
    ]
  }
]