[
  {
    "id": "393490d0-6660-46a7-a3e6-de2c282d69ce",
    "major_phase_title": "Project Initiation & Planning",
    "subtasks": [
      {
        "id": "63762938-d8ae-4550-90a5-dffbdf138ae1",
        "description": "Define Project Scope and Objectives"
      },
      {
        "id": "b43127ee-d896-4cf3-bfb0-6d1cc103fb4c",
        "description": "Establish Project Governance Structure"
      },
      {
        "id": "92503fac-077b-4c9b-83ce-94c8a6280195",
        "description": "Develop Stakeholder Engagement Plan"
      },
      {
        "id": "8a439b5c-6d3c-499d-97f1-4c7a932f8276",
        "description": "Create Risk Management Plan"
      },
      {
        "id": "28784f76-2524-46ba-ad53-13108924dbb4",
        "description": "Secure Initial Funding"
      }
    ]
  },
  {
    "id": "969fea51-4f8f-4c66-8d12-43a5aaca7656",
    "major_phase_title": "Feasibility Studies & Site Analysis",
    "subtasks": [
      {
        "id": "91a8ec43-841f-4736-be2b-56b18175796d",
        "description": "Conduct Geotechnical Investigations"
      },
      {
        "id": "75dbcc4c-5a8f-41ce-be71-422710d5396c",
        "description": "Perform Environmental Impact Assessment"
      },
      {
        "id": "dae19a4e-4db1-46d5-9ed5-5fc86223e7f4",
        "description": "Analyze Potential Bridge Alignment Options"
      },
      {
        "id": "74d68cdf-7875-4871-ba0b-29ac2c19d69d",
        "description": "Assess Climate Change Impacts"
      },
      {
        "id": "38e9aecc-efd6-4572-b3d7-e8d082a21de5",
        "description": "Evaluate Geopolitical Risks"
      }
    ]
  },
  {
    "id": "657d4227-3e4b-4555-b748-5388e07748db",
    "major_phase_title": "Strategic Decision Making",
    "subtasks": [
      {
        "id": "00be8773-7d9f-458b-8def-b5af3d814de4",
        "description": "Determine Structural Adaptation Strategy"
      },
      {
        "id": "5990dac7-35f1-4a3b-a334-8078eb8df226",
        "description": "Establish Risk Mitigation Protocol"
      },
      {
        "id": "b32b6e07-08a7-4d03-b7f0-7787292d0d06",
        "description": "Define Governance Collaboration Framework"
      },
      {
        "id": "47e678b5-b0c0-4aaf-947b-57c5d567b733",
        "description": "Develop Geopolitical Alignment Strategy"
      },
      {
        "id": "e8c78092-fc18-4bd1-bc03-d0284553ee55",
        "description": "Establish Funding & Revenue Model"
      },
      {
        "id": "6d609f08-bafe-4245-9ec4-e69519f1f788",
        "description": "Determine Material Adaptation Strategy"
      },
      {
        "id": "e11a1cdb-ade6-44fa-b612-1aac2e053209",
        "description": "Develop Stakeholder Engagement Strategy"
      },
      {
        "id": "4fe9e729-0437-42fc-a2d0-a898ba414721",
        "description": "Define Environmental Mitigation Approach"
      },
      {
        "id": "b9bcd0fc-8c29-4030-b108-8d0a49f2b64c",
        "description": "Determine Technological Innovation Strategy"
      },
      {
        "id": "703943a2-ffe1-42a0-a0a4-23b032cd5a91",
        "description": "Establish Indigenous Engagement Framework"
      }
    ]
  },
  {
    "id": "a7a6e9b9-e264-47e2-978f-2c6cc215ab0d",
    "major_phase_title": "Design & Engineering",
    "subtasks": [
      {
        "id": "8433af1f-834d-467a-96dd-2422f6e8ee57",
        "description": "Develop Preliminary Bridge Design"
      },
      {
        "id": "08603c50-57b6-437c-99f2-8896dbd2155f",
        "description": "Conduct Detailed Engineering Analysis"
      },
      {
        "id": "5254087c-76cb-4d71-85a7-1d6073a5ea60",
        "description": "Design Foundation and Support Structures"
      },
      {
        "id": "375beb43-6b48-49f0-971e-5654013361c3",
        "description": "Select Construction Materials"
      },
      {
        "id": "b62d4eec-957c-4c63-8e08-5c0f79fc1fdd",
        "description": "Develop Bridge Monitoring Systems"
      }
    ]
  },
  {
    "id": "bb551f7c-4466-4b1a-b659-034e179d36c6",
    "major_phase_title": "Permitting & Regulatory Approvals",
    "subtasks": [
      {
        "id": "a0ec285e-fa00-407d-b770-d3c463fd4bcd",
        "description": "Obtain US Regulatory Permits"
      },
      {
        "id": "3f6e23ed-e87f-44f4-8831-07b5d97d1c89",
        "description": "Obtain Russian Regulatory Permits"
      },
      {
        "id": "65587c38-1a71-4ec5-acfa-4d377daf0f5a",
        "description": "Secure International Maritime Agreement"
      },
      {
        "id": "7825a7fe-4ac5-4d79-94ac-0e61741dec21",
        "description": "Comply with Environmental Regulations"
      }
    ]
  },
  {
    "id": "f2ae41ef-20c5-4073-a3e9-0b3fe07f2d41",
    "major_phase_title": "Construction",
    "subtasks": [
      {
        "id": "4489e2eb-e62a-45f0-92a3-fda2cb88d55a",
        "description": "Prepare Construction Site"
      },
      {
        "id": "091896ce-f0c4-488f-9385-cb62c5096318",
        "description": "Construct Bridge Foundations"
      },
      {
        "id": "60987a44-0d5a-4d36-bbf1-b4538ad625ef",
        "description": "Erect Bridge Superstructure"
      },
      {
        "id": "70e6f029-32ae-4cf5-8c1a-be5bb11644b4",
        "description": "Install Monitoring Systems"
      },
      {
        "id": "47dbdfc7-b7ee-42ab-ac8f-844342385e03",
        "description": "Complete Final Inspections"
      }
    ]
  },
  {
    "id": "7911afe4-f222-4498-9ee3-e4331adf1497",
    "major_phase_title": "Operation & Maintenance",
    "subtasks": [
      {
        "id": "be02e8cc-2ed6-41c4-ad8a-be8d1777ec39",
        "description": "Establish Bridge Operation Procedures"
      },
      {
        "id": "bb5d2ef2-7123-4b21-8806-9cba71eabd6b",
        "description": "Implement Bridge Monitoring Program"
      },
      {
        "id": "271a023d-b19a-4cb2-bac7-a0edeeeb8dad",
        "description": "Conduct Regular Maintenance Activities"
      },
      {
        "id": "61239e4c-57fe-4493-9cea-547b3ac739ff",
        "description": "Manage Emergency Response Procedures"
      },
      {
        "id": "01a6c9b0-afae-4041-96c7-2532f36a569a",
        "description": "Adapt to Climate Change Impacts"
      }
    ]
  }
]