Level 1;Level 2;Level 3;Level 4;Task ID
Bering Bridge;;;;3369d538-2dd6-4102-b6f8-5b86db2b7d82
;Project Initiation & Planning;;;393490d0-6660-46a7-a3e6-de2c282d69ce
;;Define Project Scope and Objectives;;63762938-d8ae-4550-90a5-dffbdf138ae1
;;;Identify Key Stakeholders;62fdc0c0-e6bf-4e23-9e61-36b6692a7e79
;;;Gather Stakeholder Requirements;816a8ad1-e20b-4704-aee4-cfaa65edf91e
;;;Define Project Deliverables;f03aa1f5-927c-4aae-91f2-97f586dd0950
;;;Establish Project Objectives;3747c483-6bcc-4c17-ba11-c768462d671f
;;;Document Project Scope;dc60f4b0-1333-4917-bbc2-453b8a267a75
;;Establish Project Governance Structure;;b43127ee-d896-4cf3-bfb0-6d1cc103fb4c
;;;Define Roles and Responsibilities;0c23630b-724c-4ed8-a5ff-01441d2992bc
;;;Establish Communication Protocols;7c2a46c8-7972-4692-af4f-46a6505a59c3
;;;Create Decision-Making Framework;ab36867a-3e29-4aff-ba1b-0e31fa8db37e
;;;Develop Conflict Resolution Process;935ea07f-bb7b-4152-998e-3147d70b2ac0
;;Develop Stakeholder Engagement Plan;;92503fac-077b-4c9b-83ce-94c8a6280195
;;;Identify Key Stakeholders and Their Interests;e6787489-c80f-4866-835e-549d54716d31
;;;Develop Communication Channels and Protocols;2a2ae373-0227-42a2-9d0e-ca18722b4e32
;;;Create a Stakeholder Engagement Matrix;8ae7189b-1476-4337-b00f-4ecbdbbbe0b3
;;;Plan Consultation Meetings and Public Forums;25f9f71b-ca78-498b-81cf-4941ae5e5b70
;;;Document Stakeholder Feedback and Concerns;93587b49-03ad-461b-9795-22fed3a8257b
;;Create Risk Management Plan;;8a439b5c-6d3c-499d-97f1-4c7a932f8276
;;;Identify Potential Project Risks;26603284-e846-45f1-b5ac-a85516ac852f
;;;Assess Risk Probability and Impact;79887d7e-09bb-40a6-a2f8-0f0a510c2836
;;;Develop Risk Mitigation Strategies;d3cecf0e-3f90-4c1f-a789-9aa7db78ffce
;;;Document Risk Management Plan;e8c15daf-8ef6-48b8-87f1-231594586afd
;;;Review and Approve Risk Plan;71e50fc8-9bae-4f6a-b8ee-88781eb8fa04
;;Secure Initial Funding;;28784f76-2524-46ba-ad53-13108924dbb4
;;;Identify Potential Funding Sources;489515ef-b146-4b6d-af3e-e189f04007e9
;;;Prepare Funding Proposals;576373e1-c3c4-4f53-9938-1d86ee3b41d4
;;;Engage with Potential Investors;18e96b7f-0a17-40ab-87f9-6243e1526334
;;;Negotiate Funding Agreements;052f7f6b-162d-4375-8576-65d273890896
;;;Finalize Funding Documentation;d6113939-61c6-48c5-b712-8cd38189ea79
;Feasibility Studies & Site Analysis;;;969fea51-4f8f-4c66-8d12-43a5aaca7656
;;Conduct Geotechnical Investigations;;91a8ec43-841f-4736-be2b-56b18175796d
;;;Plan Geotechnical Investigation Program;e802fa70-c305-4a0d-8ebc-3c822c9fc888
;;;Mobilize Equipment and Personnel;81d5e384-ca85-4235-a41a-7dd4348d5a6c
;;;Conduct Drilling and Sampling;63592ecc-5427-4587-81c5-c996487a0dc3
;;;Perform In-Situ Testing;95df00b3-cfb4-4143-a65d-93c583f920a4
;;;Analyze Lab Data and Prepare Report;ec963674-84f1-4329-94af-64ec4fa848b8
;;Perform Environmental Impact Assessment;;75dbcc4c-5a8f-41ce-be71-422710d5396c
;;;Define EIA Scope and Methodology;0754c399-4547-4fe3-8ffc-e437f74b3129
;;;Collect Baseline Environmental Data;e95d2145-5c31-43e1-82c9-a6cca0fec4b6
;;;Assess Potential Environmental Impacts;09e69848-3ef7-469c-ae25-174d7264e66f
;;;Develop Mitigation and Monitoring Plans;db7e3474-7379-4fc8-9a26-2908548f8905
;;;Consult with Stakeholders and Public;29452bc5-702f-4c33-9494-994eb9c7d1f1
;;Analyze Potential Bridge Alignment Options;;dae19a4e-4db1-46d5-9ed5-5fc86223e7f4
;;;Gather Alignment Data and Constraints;79d5d931-b1f8-425b-8f2e-40551b677cab
;;;Develop Initial Alignment Options;b2bcbc56-5337-40da-816e-705f0acebc56
;;;Assess Alignment Feasibility and Risks;6dd6ae3e-ab6c-4ae8-ac80-ce9fba4ac5a4
;;;Compare Alignment Options and Recommend;3e2a4ecf-7a97-4372-89dc-8b63f7b76b2b
;;;Document Alignment Selection Process;d6fe315e-6722-4b36-9175-a6eb544f6a70
;;Assess Climate Change Impacts;;74d68cdf-7875-4871-ba0b-29ac2c19d69d
;;;Gather Climate Change Projections Data;56a44f71-93bd-48ec-bd35-b725a1f0985d
;;;Model Permafrost Thaw Scenarios;9b6df8b0-5644-445c-a3be-73479e6872b6
;;;Assess Extreme Weather Event Frequency;31ae345d-4149-450c-914b-2341095f829f
;;;Evaluate Impact on Bridge Design;aaf26c0a-065d-418c-ba85-bad0cd9b4ce6
;;;Develop Adaptation Strategies;95e12a9b-c30d-4ec7-8136-e0be68279c84
;;Evaluate Geopolitical Risks;;38e9aecc-efd6-4572-b3d7-e8d082a21de5
;;;Analyze US-Russia relations history;f9cae0aa-97a4-461b-8216-648861ad76b3
;;;Assess current geopolitical tensions;7856419b-0843-4d3b-a0c9-db1956214701
;;;Develop geopolitical risk scenarios;98ef6248-f8b1-4c19-89c1-03536ede25ad
;;;Evaluate impact on project viability;7e56e339-d600-4bd3-82b6-83f9802e1c8e
;;;Create geopolitical mitigation plans;09107dac-2a15-4483-89ef-bc12d380ded7
;Strategic Decision Making;;;657d4227-3e4b-4555-b748-5388e07748db
;;Determine Structural Adaptation Strategy;;00be8773-7d9f-458b-8def-b5af3d814de4
;;;Research Arctic infrastructure design best practices;d4568a0c-6ffa-4cc2-bcd6-2b68b6d30875
;;;Analyze Bering Strait environmental conditions;c6f78c31-0c59-4bbd-bc07-2540d06bcc7e
;;;Evaluate material performance in Arctic conditions;5968d235-8f57-4d3a-9cea-22add9961d8d
;;;Develop structural adaptation design options;6a757a2e-5b5a-4687-976a-65022cc3a395
;;Establish Risk Mitigation Protocol;;5990dac7-35f1-4a3b-a334-8078eb8df226
;;;Identify potential project risks;39507f3f-cee4-408f-b253-c811d3dc4710
;;;Assess likelihood and impact of risks;88e9c52d-e589-4b4b-8b4e-3af75324c24b
;;;Develop mitigation strategies for risks;d8e06d67-7099-4d57-89ef-9ba2dedd7563
;;;Document risk mitigation protocols;5465c209-6ec2-4868-9d49-bbb42f6a7140
;;;Establish risk monitoring process;6405d714-75bc-422d-810d-a372d9e838cd
;;Define Governance Collaboration Framework;;b32b6e07-08a7-4d03-b7f0-7787292d0d06
;;;Identify Key Governance Stakeholders;69c05eff-efac-47f3-a5d5-87c5686117de
;;;Define Decision-Making Hierarchy;5a508f22-78d8-4c49-91f6-61a75ee867eb
;;;Develop Communication Protocols;900b9d87-45f0-45c6-99e5-b7a9dbd8a0f8
;;;Establish Conflict Resolution Mechanisms;4580733e-4ad9-4d65-8afd-dc007e607363
;;;Document Governance Framework;8eadd1f8-e717-449c-af0f-0439b979e4f9
;;Develop Geopolitical Alignment Strategy;;47e678b5-b0c0-4aaf-947b-57c5d567b733
;;;Assess geopolitical landscape for alignment;9c5f90fa-6191-4c23-b9fc-76c6a81aaeba
;;;Identify key stakeholders for alignment;381e44af-535d-4978-81af-65e584377080
;;;Develop communication strategy for alignment;042eb9f9-0534-4ef8-b9f8-6cb9ae462d7f
;;;Negotiate agreements for geopolitical support;2ef77203-e382-401e-85fa-625d3d5ef22c
;;;Monitor geopolitical risks and opportunities;62462abd-dfc3-4c26-8f93-ff841cbf5921
;;Establish Funding & Revenue Model;;e8c78092-fc18-4bd1-bc03-d0284553ee55
;;;Analyze potential funding sources;09e8b7f6-f539-47db-8dd4-1390470e92d6
;;;Develop financial model and projections;a59f932d-82f9-40ef-a72f-8535a087760b
;;;Structure funding agreements and contracts;17724901-c62d-4efa-8751-d944178cc303
;;;Establish revenue generation mechanisms;5a258072-48a8-4995-ab90-62587f7e02aa
;;;Secure long-term financial commitments;8d22eb6f-54df-4b2b-8267-a09088a6f8cd
;;Determine Material Adaptation Strategy;;6d609f08-bafe-4245-9ec4-e69519f1f788
;;;Research Material Properties in Arctic Conditions;4440d323-0557-4516-9d2c-036e424cd177
;;;Assess Material Supply Chain Vulnerabilities;7bb4daed-5dcf-4994-af37-7313acdd2e8e
;;;Evaluate Alternative Material Options;7452e04e-ceb8-4be2-982d-0c4097f87506
;;;Develop Material Adaptation Strategy Report;09de9ab3-aee6-43a7-8165-1fee978dbc20
;;Develop Stakeholder Engagement Strategy;;e11a1cdb-ade6-44fa-b612-1aac2e053209
;;;Identify Key Stakeholder Groups;da7ba650-465a-4e6d-85a4-dfe52c395f1b
;;;Assess Stakeholder Communication Preferences;7e6da847-5745-41cf-a35f-1eb695a3540c
;;;Define Engagement Objectives and Metrics;7d4f3fea-c427-4eeb-a4ba-f49175acb693
;;;Develop Communication Materials;cfd1eec1-de3f-45b8-9b56-ea06b8ccce4a
;;;Establish Feedback Mechanisms;bc6a936a-04e4-4425-b1a2-d15adfbdd8d6
;;Define Environmental Mitigation Approach;;4fe9e729-0437-42fc-a2d0-a898ba414721
;;;Assess current environmental conditions;d021903a-098b-4b6f-8b3d-12ed6e23c989
;;;Identify potential environmental impacts;4cf4e4ee-ab9f-4d3d-8f2c-8413334ba717
;;;Develop mitigation strategies;9ca85241-7383-402d-ac1b-690a0659e0a1
;;;Consult with stakeholders;121c2197-8e53-4f66-8896-e58aca3408df
;;;Finalize mitigation approach;cbe39f17-8b9f-43d1-b052-ed3e99f4f561
;;Determine Technological Innovation Strategy;;b9bcd0fc-8c29-4030-b108-8d0a49f2b64c
;;;Identify Indigenous Community Stakeholders;9a707a4e-d39e-49b1-a817-9cca5758268c
;;;Establish Communication Protocols;10bd59d4-64fb-41f8-b7f6-415d36ee4c67
;;;Conduct Consultation Meetings;8b8e013a-c778-4936-a78b-55983cea28ea
;;;Negotiate Benefit-Sharing Agreements;ec7005b4-c593-4404-95ca-05f80cd76aa1
;;;Incorporate Traditional Knowledge;a4097d5c-c3e9-4532-8a0b-aab9fbe3cfbc
;;Establish Indigenous Engagement Framework;;703943a2-ffe1-42a0-a0a4-23b032cd5a91
;;;Identify Indigenous Community Stakeholders;91126f94-d2b0-42a8-861f-6c022fa5f30c
;;;Conduct Initial Consultation Meetings;7d52b6df-b4c0-4395-b4c6-57aa24f39cab
;;;Develop Culturally Sensitive Engagement Protocols;a7d6d39a-63c0-43e9-a852-b44c2749669e
;;;Establish Benefit-Sharing Framework;42976447-c962-462d-a376-edefbceaecd0
;;;Incorporate Traditional Knowledge;915ae591-58fa-4d56-8aaf-b7814934155c
;Design & Engineering;;;a7a6e9b9-e264-47e2-978f-2c6cc215ab0d
;;Develop Preliminary Bridge Design;;8433af1f-834d-467a-96dd-2422f6e8ee57
;;;Gather initial design requirements data;2f9d191e-2e61-4980-8e1f-fcc4909aab57
;;;Develop conceptual bridge design options;b0613570-0ee0-4344-873a-c79a81a97078
;;;Evaluate design options and select preferred;b586f061-aa6b-4771-a722-1bc0e5994ea4
;;;Prepare preliminary design documentation;6582253d-b568-4607-ae2c-267a990fb974
;;Conduct Detailed Engineering Analysis;;08603c50-57b6-437c-99f2-8896dbd2155f
;;;Model structural integrity under Arctic conditions;6eb4ab2f-1b88-42f2-bd06-5c305ba3034a
;;;Analyze seismic response of bridge structure;c0a0386d-9d64-4f55-a1a5-58948314c57d
;;;Assess impact of permafrost thaw on foundations;a42efdfd-28bb-4a9a-af80-655f5eae3815
;;;Evaluate bridge aerodynamics and wind effects;86f8350a-2f6a-4087-8674-0ec6c99588db
;;Design Foundation and Support Structures;;5254087c-76cb-4d71-85a7-1d6073a5ea60
;;;Analyze Soil Bearing Capacity;8d2be91e-d1dc-426b-b308-7b9632023d14
;;;Design Pier and Abutment Structures;0046dd2b-0206-42fc-a7d5-64ab162534a2
;;;Plan Foundation Construction Methods;30692ff3-43d5-4e02-bf5b-2fe2be5c0efc
;;;Assess Ice and Seismic Loads;c9a7e0b7-68fe-46be-a1ad-b5ff5493a490
;;;Design Scour Protection Measures;96eb71d8-ecbc-42ea-b484-4deac9218617
;;Select Construction Materials;;375beb43-6b48-49f0-971e-5654013361c3
;;;Research material properties in Arctic conditions;173fce64-2e56-4510-905f-debaa6c01a3d
;;;Evaluate material supply chain logistics;2933034c-ecab-4d73-a4f6-2a9b659cc315
;;;Assess material cost and availability;c9dd25c5-5cca-4b0a-8ca1-96f66fbde314
;;;Conduct material performance testing;9d99bfb0-11bf-4f19-b0e7-8add6689a86e
;;Develop Bridge Monitoring Systems;;b62d4eec-957c-4c63-8e08-5c0f79fc1fdd
;;;Research Material Properties in Arctic Conditions;aa07c51a-8b4c-415e-867c-1a1b0f154a50
;;;Assess Material Supply Chain Risks;af7d1711-23f0-4535-9ac7-d8d26e631be7
;;;Evaluate Innovative Material Technologies;df7b632e-0932-4ab3-80e0-41df0a9d3e1b
;;;Develop Material Selection Criteria;94ff0158-4f9d-4398-983c-7da8134ec554
;Permitting & Regulatory Approvals;;;bb551f7c-4466-4b1a-b659-034e179d36c6
;;Obtain US Regulatory Permits;;a0ec285e-fa00-407d-b770-d3c463fd4bcd
;;;Identify Applicable US Regulations;c39fbac2-c8c0-4486-ac2e-d6bd0e490c67
;;;Prepare US Permit Applications;24dd5aab-caf4-4575-bbb2-212e33f7ac3c
;;;Engage with US Regulatory Agencies;7f0d67aa-5f12-4f54-88dd-3a5a9ec2bbca
;;;Address US Regulatory Concerns;4711192d-bd1b-4e0b-b0c5-60afe9c40be1
;;Obtain Russian Regulatory Permits;;3f6e23ed-e87f-44f4-8831-07b5d97d1c89
;;;Identify Russian regulatory requirements;8d285120-47b3-4122-aacd-ee2f470f4291
;;;Prepare permit application documentation;4fa73f01-1a04-444c-b0d0-90b2cb1abf9e
;;;Submit permit applications and track progress;bcfe772d-5cb0-4a33-887a-f6e848c23d8d
;;;Address regulatory concerns and objections;46e2b701-1933-4990-a1a0-bd99ea7626f0
;;;Secure final Russian regulatory permits;4364e4e2-e70b-4ccc-a097-7d0af1e1653b
;;Secure International Maritime Agreement;;65587c38-1a71-4ec5-acfa-4d377daf0f5a
;;;Define Maritime Agreement Scope and Objectives;2cd5cf6e-cef2-4722-a02d-09d6d5c17b98
;;;Negotiate Agreement Terms with IMO and Nations;7718e317-5a17-40e1-8113-2843d024c738
;;;Draft and Finalize Agreement Document;a3c0ba02-959e-410d-9fc0-cb7216f22816
;;;Secure Signatures and Ratification;567f530c-47e8-4904-a83c-effbfebc01e4
;;Comply with Environmental Regulations;;7825a7fe-4ac5-4d79-94ac-0e61741dec21
;;;Monitor environmental regulations changes;da06c234-4e80-4942-bcd5-8537d1282ff9
;;;Prepare environmental compliance reports;ff455efa-7141-46f4-84d9-081958609667
;;;Conduct environmental impact assessments;76e20422-a043-4a9b-987c-2382a846323e
;;;Implement mitigation measures;c4d5ebb9-8d58-44e6-83e6-eebec1cafa13
;;;Engage with environmental organizations;76f88550-dcd9-4f56-a493-3ac75b24ee17
;Construction;;;f2ae41ef-20c5-4073-a3e9-0b3fe07f2d41
;;Prepare Construction Site;;4489e2eb-e62a-45f0-92a3-fda2cb88d55a
;;;Clear and grade construction site;e717877a-7807-426f-8a12-4f0602e561ef
;;;Conduct soil testing and analysis;a85e9c57-122e-44b4-b378-b4a62a135088
;;;Install erosion and sediment controls;8b5b8872-5b06-497a-97e5-8eee9746dab2
;;;Establish site access roads;50921e77-8901-45a2-ae58-1b614d8a0db0
;;;Set up temporary facilities;ec866ea5-5d19-460a-8176-32aeea05bb0f
;;Construct Bridge Foundations;;091896ce-f0c4-488f-9385-cb62c5096318
;;;Excavate Foundation Sites;4b94ef46-8228-4f08-89e4-c73e9777fe1e
;;;Install Temporary Support Structures;70d3e20a-901f-4002-a22a-78ac24201d42
;;;Pour Concrete Foundations;3a80998a-2792-45c6-9dc3-4bae185477c8
;;;Protect Foundations from Ice Scour;65793990-51bc-4748-a653-1074459290b9
;;Erect Bridge Superstructure;;60987a44-0d5a-4d36-bbf1-b4538ad625ef
;;;Fabricate Bridge Components Offsite;36dab213-c2cd-47ae-acd4-f9d842e24d66
;;;Transport Components to Bering Strait;a3fc5ac4-f53e-4c1e-8489-70ffe2a69c63
;;;Assemble Superstructure Sections;462d1fc5-28bd-4894-9fe4-bc5321a79011
;;;Lift and Secure Superstructure Sections;5fba7b19-a226-4421-ba9d-229c50ad743f
;;Install Monitoring Systems;;70e6f029-32ae-4cf5-8c1a-be5bb11644b4
;;;Calibrate monitoring equipment for Arctic conditions;bfb4c5d9-1dde-4e40-b667-016564a11e8a
;;;Install sensors and data acquisition systems;cc7d5b34-d1af-45f1-8621-f5c48941c589
;;;Test data transmission and storage;e1ed661f-7037-4cee-8a30-5307a46128b7
;;;Validate monitoring system performance;0c175c8e-3a11-4269-9dc8-c76df8cc92ae
;;Complete Final Inspections;;47dbdfc7-b7ee-42ab-ac8f-844342385e03
;;;Review completed construction work;04c63412-ebd9-48cc-9f75-41a5c45001ad
;;;Verify system functionality and calibration;6d423d25-958c-41ee-a45d-aec383e6a28f
;;;Document inspection findings and results;5ace144d-c968-4b6e-a8ee-fafdcff593e4
;;;Address identified deficiencies or issues;a369ea67-9750-4298-a70f-241bc01a457c
;;;Obtain final sign-off and approvals;fef107d3-a7d2-4401-b16f-ea36a93fb602
;Operation & Maintenance;;;7911afe4-f222-4498-9ee3-e4331adf1497
;;Establish Bridge Operation Procedures;;be02e8cc-2ed6-41c4-ad8a-be8d1777ec39
;;;Draft initial operation procedure document;5f630943-2292-41e0-8f73-165fe6c39e1b
;;;Review US & Russian regulations;6769cdd1-2dd4-4ec8-9201-92cdab322891
;;;Consult with stakeholders on procedures;0626b68e-21f9-4c14-80c8-2357e22c06dc
;;;Finalize operation procedure document;7f71e18f-76fc-471d-a8f1-a46b7f66f4c0
;;Implement Bridge Monitoring Program;;bb5d2ef2-7123-4b21-8806-9cba71eabd6b
;;;Select monitoring system components;4e9d5283-a84f-477f-8142-ac27e18a5a17
;;;Install and calibrate sensors;24e01e80-1e32-4d65-a2d3-70246483ef03
;;;Establish data transmission network;7e434b90-be58-437d-b74b-6b7543c92262
;;;Develop data analysis platform;690d26e5-7f58-4061-8865-e3f6b369f9e8
;;;Validate monitoring system performance;c01b36e4-b2ce-41f5-88d6-33dc2f16de23
;;Conduct Regular Maintenance Activities;;271a023d-b19a-4cb2-bac7-a0edeeeb8dad
;;;Inspect bridge structural components regularly;6c87f6c3-5304-4ab4-a797-6c1f26d77925
;;;Lubricate moving parts and bearings;0e95cf67-8dca-4057-a17e-3fd7f0190dc7
;;;Repair or replace damaged components;40db4680-aa37-4171-a19d-c89439b20615
;;;Clean bridge deck and drainage systems;c1c518bd-6474-4598-a6bc-7f29e12eb28d
;;;Maintain lighting and electrical systems;c9b142c8-040b-4ea5-b9b0-cef249248862
;;Manage Emergency Response Procedures;;61239e4c-57fe-4493-9cea-547b3ac739ff
;;;Establish Emergency Communication Protocols;f8f57094-a8ce-43d5-8e54-5ddd6c9af1fd
;;;Train Emergency Response Teams;4fa37a64-fbf4-4971-b849-e7fe8f760fd5
;;;Develop Evacuation Plans;0e8ef5a8-01f5-4f1a-a4a3-cc08c4b4255e
;;;Secure Emergency Equipment and Supplies;a0737b12-670e-47a7-ae33-1538006aed0b
;;;Coordinate with External Emergency Services;c644709e-b204-4f09-a226-944d94de0afd
;;Adapt to Climate Change Impacts;;01a6c9b0-afae-4041-96c7-2532f36a569a
;;;Monitor Permafrost Thaw Rate;2ca8686e-d9a9-41ab-b051-4f88964d8f1a
;;;Assess Extreme Weather Event Frequency;28c7e29d-5989-476f-aed0-3d9f722fcf3f
;;;Evaluate Bridge Structure Vulnerability;449eb3b3-aa5f-4b67-a586-3c15a85469e7
;;;Implement Adaptive Maintenance Strategies;138d6f02-5b80-4b52-baf9-ed6e25a6b3d4
;;;Update Emergency Response Plans;0c3bee90-b02d-4b9d-97dd-40b0fe1770f1