[
  {
    "lever_id": "02326a24-5bec-4aac-b96f-b50d775bef89",
    "name": "Technological Development Trajectory",
    "consequences": "Slower tech adoption: Immediate: Reduced initial risk \u2192 Systemic: Slower progress in core tech \u2192 Strategic: Delayed market entry and potential loss of competitive advantage. Faster adoption risks ethical and safety concerns.",
    "options": [
      "Incremental Advancement: Prioritize established technologies and gradual improvements in neural mapping and AI integration.",
      "Balanced Innovation: Combine existing methods with targeted research into promising emerging technologies, focusing on safety and reliability.",
      "Leapfrog Strategy: Aggressively pursue cutting-edge technologies like quantum computing and advanced AI, accepting higher risks for faster breakthroughs."
    ],
    "review": "Controls Speed vs. Risk. Weakness: The options don't explicitly address the talent acquisition strategy needed for each trajectory."
  },
  {
    "lever_id": "33a0756e-f0ab-45f5-ac69-09bdb4cc5e79",
    "name": "Ethical Oversight Framework",
    "consequences": "Weak ethics: Immediate: Public distrust \u2192 Systemic: Regulatory scrutiny and legal challenges \u2192 Strategic: Project shutdown. Strong ethics may slow progress and increase costs.",
    "options": [
      "Compliance-Focused Ethics: Adhere to existing ethical guidelines and regulations, addressing concerns as they arise.",
      "Proactive Ethical Engagement: Establish an internal ethics board and conduct regular ethical reviews of all project activities.",
      "Open Source Ethics: Create a public forum for ongoing ethical debate and incorporate community feedback into project development."
    ],
    "review": "Controls Public Trust vs. Project Autonomy. Weakness: The options fail to consider the global diversity of ethical perspectives."
  },
  {
    "lever_id": "11f90d85-a22c-4c07-bbbf-6a92b3639f76",
    "name": "Regulatory Engagement Approach",
    "consequences": "Poor regulatory relations: Immediate: Legal delays \u2192 Systemic: Increased compliance costs and project uncertainty \u2192 Strategic: Delayed market entry or project termination. Aggressive lobbying risks public backlash.",
    "options": [
      "Passive Compliance: Monitor regulatory developments and adapt project plans accordingly.",
      "Collaborative Engagement: Engage with regulatory bodies to provide input on emerging regulations and address potential concerns.",
      "Proactive Advocacy: Actively lobby for regulatory frameworks that support the project's goals, while addressing potential risks."
    ],
    "review": "Controls Regulatory Approval vs. Public Perception. Weakness: The options do not address the potential for conflicting regulations across different jurisdictions."
  },
  {
    "lever_id": "1290b37c-302d-49ad-b0a2-5c5ad889eded",
    "name": "Funding and Commercialization Model",
    "consequences": "Insufficient funding: Immediate: Project delays \u2192 Systemic: Reduced R&D capacity and slower progress \u2192 Strategic: Loss of competitive advantage. Over-reliance on private funding risks ethical compromises.",
    "options": [
      "Venture Capital Focus: Secure funding primarily from venture capital firms, prioritizing rapid commercialization and high returns.",
      "Hybrid Funding Model: Combine venture capital with government grants and philanthropic donations, balancing financial returns with social impact.",
      "Public Utility Model: Seek primarily government funding and operate as a non-profit public utility, ensuring equitable access and affordability."
    ],
    "review": "Controls Profitability vs. Accessibility. Weakness: The options do not consider the potential for revenue generation through data licensing or other ancillary services."
  },
  {
    "lever_id": "c2cf1e7b-2aee-45be-98cf-233b3dada69d",
    "name": "Public Communication Strategy",
    "consequences": "Negative public perception: Immediate: Reduced public support \u2192 Systemic: Increased regulatory scrutiny and social resistance \u2192 Strategic: Project delays or cancellation. Overly optimistic messaging risks backlash if expectations are not met.",
    "options": [
      "Cautious Transparency: Release information selectively, focusing on positive developments and addressing concerns reactively.",
      "Open Dialogue: Engage in proactive communication, addressing potential risks and benefits openly and honestly.",
      "Radical Transparency: Share all project data and findings publicly, fostering trust and collaboration, and leveraging blockchain for immutable record-keeping."
    ],
    "review": "Controls Public Trust vs. Competitive Advantage. Weakness: The options fail to address the specific communication strategies needed for different demographic groups."
  },
  {
    "lever_id": "a3645842-c52e-4a83-b544-1014cfa3616e",
    "name": "Consciousness Capture Methodology",
    "consequences": "Selecting a capture method impacts data fidelity and patient risk. Immediate: Method determines neural data resolution \u2192 Systemic: High resolution enables 30% more accurate AI integration \u2192 Strategic: Higher accuracy increases public trust and adoption rates.",
    "options": [
      "Non-Invasive Neuroimaging: Focus on advanced fMRI and EEG techniques for consciousness mapping, prioritizing patient safety and minimizing ethical concerns.",
      "Minimally Invasive Nanotechnology: Utilize targeted nanoparticles for enhanced neural data collection, balancing improved accuracy with potential health risks.",
      "Whole-Brain Emulation via Cryopreservation: Employ rapid cryopreservation followed by advanced scanning techniques, accepting higher initial risk for maximum data fidelity and future emulation potential."
    ],
    "review": "Controls Risk vs. Fidelity. Weakness: The options don't fully address the long-term effects of each method on the 'resurrected' individual's cognitive function."
  },
  {
    "lever_id": "fe5e0d4d-f222-483e-aabf-c72f31ea517f",
    "name": "Ethical Oversight Framework",
    "consequences": "The chosen framework shapes public perception and regulatory acceptance. Immediate: Framework dictates consent protocols \u2192 Systemic: Robust protocols increase public trust by 40% \u2192 Strategic: Higher trust facilitates regulatory approval and market adoption.",
    "options": [
      "Independent Ethics Board: Establish a board of ethicists and legal experts to review protocols and advise on ethical considerations, ensuring transparency and accountability.",
      "Community Engagement Initiative: Implement a program for public dialogue and feedback on ethical concerns, fostering inclusivity and addressing societal anxieties.",
      "Decentralized Autonomous Organization (DAO): Utilize blockchain-based governance for ethical decision-making, promoting transparency and community ownership of ethical guidelines."
    ],
    "review": "Controls Transparency vs. Efficiency. Weakness: The options don't adequately address the potential for bias within each oversight structure."
  },
  {
    "lever_id": "e4fbea74-680d-4e63-8322-f67387527c00",
    "name": "Regulatory Engagement Strategy",
    "consequences": "Proactive engagement influences the regulatory landscape and project timeline. Immediate: Engagement determines regulatory understanding \u2192 Systemic: Early understanding reduces approval delays by 2 years \u2192 Strategic: Faster approval provides a competitive advantage and accelerates market entry.",
    "options": [
      "Reactive Compliance: Adhere strictly to existing regulations and address concerns as they arise, minimizing initial investment in regulatory affairs.",
      "Proactive Consultation: Engage with regulatory bodies early to understand potential hurdles and shape future regulations, balancing influence with potential scrutiny.",
      "Regulatory Sandbox Participation: Collaborate with regulators in a controlled environment to test and refine the technology, demonstrating responsible innovation and building trust."
    ],
    "review": "Controls Influence vs. Scrutiny. Weakness: The options fail to consider the potential for international regulatory conflicts."
  },
  {
    "lever_id": "7b52baaf-d165-4034-ab99-6f3d5c3b0c37",
    "name": "Market Segmentation and Pricing",
    "consequences": "Market strategy impacts revenue generation and accessibility. Immediate: Pricing determines initial customer base \u2192 Systemic: Premium pricing limits access to the wealthy, creating inequality \u2192 Strategic: Inequality fuels social unrest and ethical debates.",
    "options": [
      "Premium Pricing Model: Target high-net-worth individuals with exclusive access to the technology, maximizing initial revenue and attracting investment.",
      "Tiered Subscription Service: Offer different levels of service at varying price points, expanding accessibility while maintaining profitability.",
      "Philanthropic Access Program: Subsidize access for underserved populations through grants and donations, promoting equitable access and social responsibility."
    ],
    "review": "Controls Profitability vs. Accessibility. Weakness: The options don't fully account for the long-term costs of maintaining and updating the AI replacements."
  },
  {
    "lever_id": "c7585329-65ce-4ddf-9e1d-6e6993890668",
    "name": "Data Security and Privacy Protocol",
    "consequences": "Security measures impact patient trust and legal liability. Immediate: Security dictates data breach risk \u2192 Systemic: Breaches erode patient trust by 60% \u2192 Strategic: Loss of trust jeopardizes project viability and regulatory approval.",
    "options": [
      "Basic Encryption and Access Controls: Implement standard security measures to protect patient data, minimizing initial investment in cybersecurity.",
      "Advanced Multi-Factor Authentication and Anonymization: Employ robust security protocols to safeguard patient privacy and prevent unauthorized access, balancing security with usability.",
      "Decentralized Data Storage with Blockchain Verification: Utilize blockchain technology to secure and verify patient data, ensuring immutability and transparency while mitigating centralized vulnerabilities."
    ],
    "review": "Controls Security vs. Usability. Weakness: The options don't adequately address the potential for AI-driven security threats and countermeasures."
  },
  {
    "lever_id": "78a6ac2f-5b9d-4ea3-a028-ee90ab07cc95",
    "name": "Neural Mapping Strategy",
    "consequences": "Choosing a neural mapping approach impacts accuracy and data requirements. Immediate: Higher accuracy demands more data. \u2192 Systemic: Increased data volume slows processing by 15% and raises storage costs. \u2192 Strategic: Impacts the feasibility of real-time consciousness transfer and overall project timeline.",
    "options": [
      "Prioritize speed: Employ existing, less precise mapping techniques for faster initial results.",
      "Balance speed and accuracy: Develop a hybrid approach combining existing methods with targeted improvements in key areas.",
      "Maximize accuracy: Invest heavily in novel, high-resolution neural mapping technologies, accepting potential delays and increased costs."
    ],
    "review": "Controls Speed vs. Accuracy. Weakness: The options fail to consider the potential for irreversible damage to the brain during the mapping process."
  },
  {
    "lever_id": "8a40d2be-2722-41c3-9c34-9607048f5be8",
    "name": "AI Integration Architecture",
    "consequences": "The AI architecture determines the level of autonomy and personalization. Immediate: Highly personalized AI requires more computational power. \u2192 Systemic: Increased computational load raises energy consumption by 30% and infrastructure costs. \u2192 Strategic: Impacts the scalability and sustainability of the brain clinic model.",
    "options": [
      "Emulate: Focus on replicating existing brain functions with minimal AI enhancement.",
      "Augment: Integrate AI to enhance cognitive abilities and address specific limitations.",
      "Transform: Design a fully AI-driven consciousness platform, fundamentally altering the nature of human experience."
    ],
    "review": "Controls Replication vs. Enhancement. Weakness: The options fail to consider the potential for AI bias and its impact on the 'resurrected' individual's personality."
  },
  {
    "lever_id": "bc6fef59-608e-4242-a191-29f17e851430",
    "name": "Ethical Transparency Protocol",
    "consequences": "Transparency impacts public trust and regulatory acceptance. Immediate: Open communication increases scrutiny. \u2192 Systemic: Enhanced scrutiny requires 20% more resources for public relations and legal defense. \u2192 Strategic: Influences the project's long-term viability and societal impact.",
    "options": [
      "Limited Disclosure: Maintain confidentiality regarding sensitive aspects of the technology and its implications.",
      "Selective Transparency: Share information strategically to address public concerns while protecting proprietary knowledge.",
      "Radical Openness: Embrace full transparency, proactively engaging with stakeholders and sharing all relevant data and findings."
    ],
    "review": "Controls Confidentiality vs. Openness. Weakness: The options fail to consider the potential for misuse of disclosed information by competitors or malicious actors."
  },
  {
    "lever_id": "5b84d3c1-bb3b-409d-b198-1978321b74fc",
    "name": "Regulatory Engagement Strategy",
    "consequences": "Proactive engagement influences regulatory outcomes. Immediate: Early engagement requires dedicated resources. \u2192 Systemic: Proactive engagement reduces regulatory uncertainty by 40% and accelerates approval processes. \u2192 Strategic: Impacts the project's timeline and market entry strategy.",
    "options": [
      "Reactive Compliance: Await regulatory directives and adapt accordingly.",
      "Collaborative Dialogue: Engage in ongoing discussions with regulatory bodies to shape future policies.",
      "Proactive Advocacy: Actively lobby for favorable regulations and challenge restrictive laws."
    ],
    "review": "Controls Passivity vs. Influence. Weakness: The options fail to consider the potential for regulatory capture and the erosion of public trust."
  },
  {
    "lever_id": "ae64afc8-b961-4c9a-a44d-9c4fa37f6222",
    "name": "Market Access Model",
    "consequences": "The market access model determines accessibility and profitability. Immediate: Exclusive access limits market size. \u2192 Systemic: Limited access reduces revenue potential by 50% but increases perceived value. \u2192 Strategic: Impacts the project's financial sustainability and societal equity.",
    "options": [
      "Elite Exclusivity: Offer services to a limited, high-paying clientele.",
      "Tiered Accessibility: Provide a range of service options at varying price points.",
      "Universal Availability: Strive to make the technology accessible to all, potentially through subsidized programs or open-source initiatives."
    ],
    "review": "Controls Exclusivity vs. Inclusivity. Weakness: The options fail to consider the potential for a black market for the technology if access is restricted."
  }
]