[
  {
    "id": 1,
    "category": "Lead Neuroscientist",
    "explanation": "Oversees all aspects of neural mapping and consciousness capture, ensuring scientific rigor and accuracy.",
    "consequences": "Inaccurate neural mapping, flawed consciousness capture methodology, and potential harm to patients.",
    "count": "min 1, max 3, depending on the number of parallel research tracks"
  },
  {
    "id": 2,
    "category": "AI Integration Architect",
    "explanation": "Designs and implements the AI systems responsible for integrating digitized consciousness and maintaining cognitive function.",
    "consequences": "Poorly integrated AI, loss of cognitive function, and failure to achieve near-immortality.",
    "count": "min 2, max 5, depending on the complexity of the AI architecture"
  },
  {
    "id": 3,
    "category": "Ethics and Governance Lead",
    "explanation": "Develops and enforces ethical guidelines, manages stakeholder engagement, and ensures compliance with regulations.",
    "consequences": "Ethical violations, public backlash, regulatory hurdles, and project delays.",
    "count": "min 1, max 2, depending on the scope of ethical review and public engagement"
  },
  {
    "id": 4,
    "category": "Regulatory Affairs Specialist",
    "explanation": "Navigates EU AI regulations, human enhancement laws, and Berlin-specific permits, ensuring legal compliance.",
    "consequences": "Legal challenges, regulatory delays, and potential project cancellation.",
    "count": "min 1, max 2, depending on the complexity of the regulatory landscape"
  },
  {
    "id": 5,
    "category": "Risk Management Officer",
    "explanation": "Identifies, assesses, and mitigates risks across all project areas, including technical, ethical, financial, and social risks.",
    "consequences": "Unforeseen risks, project delays, cost overruns, and potential project failure.",
    "count": "1"
  },
  {
    "id": 6,
    "category": "Community Liaison",
    "explanation": "Engages with the Berlin community, addresses concerns, and fosters public trust in the project.",
    "consequences": "Public resistance, social unrest, and potential project delays.",
    "count": "min 1, max 3, depending on the intensity of community engagement activities"
  },
  {
    "id": 7,
    "category": "Clinical Operations Manager",
    "explanation": "Oversees the day-to-day operations of the brain clinic, ensuring patient safety, quality of care, and efficient resource allocation.",
    "consequences": "Inefficient operations, patient dissatisfaction, and potential harm to patients.",
    "count": "min 2, max 4, depending on the scale of clinical operations"
  },
  {
    "id": 8,
    "category": "Long-Term AI Maintenance Specialist",
    "explanation": "Focuses on the long-term maintenance, updates, and evolution of AI replacements, ensuring continued functionality and addressing potential issues.",
    "consequences": "System failures, security breaches, ethical dilemmas, and reduced patient satisfaction.",
    "count": "min 2, max 4, depending on the number of AI replacements under management"
  }
]