[
  {
    "id": 1,
    "category": "Lead Neuroscientist",
    "explanation": "Oversees all aspects of neural mapping and consciousness capture, ensuring scientific rigor and accuracy.",
    "consequences": "Inaccurate neural mapping, flawed consciousness capture methodology, and potential harm to patients.",
    "count": "min 1, max 3, depending on the number of parallel research tracks",
    "contract_type": "full_time_employee",
    "contract_type_justification": "Requires deep involvement and long-term commitment to the project's core scientific goals.",
    "typical_job_activities": "Designing and overseeing neural mapping protocols. Analyzing complex neural data. Collaborating with AI engineers to integrate neural maps with AI systems. Publishing research findings. Ensuring ethical compliance in research activities.",
    "background_story": "Dr. Anya Sharma, originally from Mumbai, India, is a world-renowned neuroscientist specializing in neural mapping and consciousness. She holds a PhD in Neuroscience from MIT and has over 15 years of experience in leading research teams focused on understanding the complexities of the human brain. Anya is particularly skilled in advanced imaging techniques and computational modeling, making her uniquely qualified to oversee the neural mapping aspects of the brain clinic project. Her expertise is crucial for ensuring the accuracy and scientific validity of the consciousness capture process."
  },
  {
    "id": 2,
    "category": "AI Integration Architect",
    "explanation": "Designs and implements the AI systems responsible for integrating digitized consciousness and maintaining cognitive function.",
    "consequences": "Poorly integrated AI, loss of cognitive function, and failure to achieve near-immortality.",
    "count": "min 2, max 5, depending on the complexity of the AI architecture",
    "contract_type": "full_time_employee",
    "contract_type_justification": "Requires dedicated focus and continuous involvement in designing and implementing complex AI systems.",
    "typical_job_activities": "Designing AI architectures for consciousness integration. Developing machine learning algorithms for cognitive function emulation. Collaborating with neuroscientists to ensure accurate AI representation of neural processes. Optimizing AI systems for performance and stability. Troubleshooting AI-related issues.",
    "background_story": "Kenji Tanaka, hailing from Tokyo, Japan, is a leading AI Integration Architect with a deep understanding of neural networks and machine learning. He earned his doctorate in Computer Science from Stanford University and has spent the last decade developing AI systems for various applications, including robotics and healthcare. Kenji's expertise lies in creating AI models that can mimic and enhance human cognitive functions. His skills are essential for designing the AI systems that will integrate digitized consciousness and maintain cognitive function in the brain clinic project."
  },
  {
    "id": 3,
    "category": "Ethics and Governance Lead",
    "explanation": "Develops and enforces ethical guidelines, manages stakeholder engagement, and ensures compliance with regulations.",
    "consequences": "Ethical violations, public backlash, regulatory hurdles, and project delays.",
    "count": "min 1, max 2, depending on the scope of ethical review and public engagement",
    "contract_type": "full_time_employee",
    "contract_type_justification": "Requires consistent oversight and long-term commitment to ethical and regulatory compliance.",
    "typical_job_activities": "Developing ethical guidelines for the project. Managing stakeholder engagement and public dialogue. Ensuring compliance with ethical and legal regulations. Conducting ethical reviews of research protocols. Advising the project team on ethical considerations.",
    "background_story": "Isabelle Dubois, a French national from Paris, is a highly respected Ethics and Governance Lead with a background in philosophy, law, and public policy. She holds a PhD in Ethics from the Sorbonne and has extensive experience in developing ethical frameworks for emerging technologies. Isabelle has worked with several international organizations on issues related to AI ethics and human rights. Her expertise is vital for navigating the complex ethical and regulatory landscape of the brain clinic project and ensuring responsible development and deployment of the technology."
  },
  {
    "id": 4,
    "category": "Regulatory Affairs Specialist",
    "explanation": "Navigates EU AI regulations, human enhancement laws, and Berlin-specific permits, ensuring legal compliance.",
    "consequences": "Legal challenges, regulatory delays, and potential project cancellation.",
    "count": "min 1, max 2, depending on the complexity of the regulatory landscape",
    "contract_type": "full_time_employee",
    "contract_type_justification": "Requires dedicated focus on navigating complex regulations and ensuring ongoing compliance.",
    "typical_job_activities": "Navigating EU AI regulations and German law. Securing necessary permits and licenses for the project. Engaging with regulatory bodies and government agencies. Monitoring changes in regulations and ensuring compliance. Advising the project team on regulatory matters.",
    "background_story": "Dietrich Schmidt, born and raised in Berlin, Germany, is a seasoned Regulatory Affairs Specialist with a deep understanding of EU AI regulations and German law. He holds a law degree from Humboldt University and has over 10 years of experience in navigating complex regulatory environments for technology companies. Dietrich's expertise is crucial for securing the necessary permits and approvals for the brain clinic project and ensuring compliance with all relevant regulations. His local knowledge of Berlin's regulatory landscape is invaluable."
  },
  {
    "id": 5,
    "category": "Risk Management Officer",
    "explanation": "Identifies, assesses, and mitigates risks across all project areas, including technical, ethical, financial, and social risks.",
    "consequences": "Unforeseen risks, project delays, cost overruns, and potential project failure.",
    "count": "1",
    "contract_type": "full_time_employee",
    "contract_type_justification": "Requires continuous monitoring and mitigation of risks across all project areas.",
    "typical_job_activities": "Identifying and assessing potential risks across all project areas. Developing risk management frameworks and mitigation strategies. Monitoring risk levels and implementing corrective actions. Reporting on risk management activities to project stakeholders. Conducting risk audits and assessments.",
    "background_story": "Rajesh Patel, originally from London, UK, is a highly experienced Risk Management Officer with a background in engineering and finance. He holds an MBA from the London Business School and has over 15 years of experience in identifying, assessing, and mitigating risks for large-scale projects. Rajesh is skilled in developing risk management frameworks and implementing risk mitigation strategies. His expertise is essential for ensuring the brain clinic project is well-prepared for potential challenges and can effectively manage risks across all project areas."
  },
  {
    "id": 6,
    "category": "Community Liaison",
    "explanation": "Engages with the Berlin community, addresses concerns, and fosters public trust in the project.",
    "consequences": "Public resistance, social unrest, and potential project delays.",
    "count": "min 1, max 3, depending on the intensity of community engagement activities",
    "contract_type": "full_time_employee",
    "contract_type_justification": "Requires dedicated effort to build and maintain relationships with the local community.",
    "typical_job_activities": "Engaging with the Berlin community and addressing concerns. Organizing public forums and community events. Building relationships with community leaders and stakeholders. Developing communication materials for the public. Fostering public trust in the project.",
    "background_story": "Fatima Hassan, a native Berliner with Turkish roots, is a dedicated Community Liaison with a passion for building bridges between technology and society. She holds a degree in Sociology from Freie Universit\u00e4t Berlin and has extensive experience in community organizing and public engagement. Fatima is skilled in facilitating dialogue, addressing concerns, and fostering trust. Her local knowledge and cultural sensitivity are invaluable for engaging with the Berlin community and ensuring the brain clinic project is well-received."
  },
  {
    "id": 7,
    "category": "Clinical Operations Manager",
    "explanation": "Oversees the day-to-day operations of the brain clinic, ensuring patient safety, quality of care, and efficient resource allocation.",
    "consequences": "Inefficient operations, patient dissatisfaction, and potential harm to patients.",
    "count": "min 2, max 4, depending on the scale of clinical operations",
    "contract_type": "full_time_employee",
    "contract_type_justification": "Requires consistent oversight and management of clinical operations to ensure patient safety and quality of care.",
    "typical_job_activities": "Overseeing the day-to-day operations of the brain clinic. Ensuring patient safety and quality of care. Managing clinical staff and resources. Developing and implementing clinical protocols. Monitoring clinical performance and identifying areas for improvement.",
    "background_story": "Dr. Eva M\u00fcller, a German national from Munich, is a highly experienced Clinical Operations Manager with a background in medicine and healthcare administration. She holds an MD from Ludwig Maximilian University of Munich and has over 12 years of experience in managing clinical operations for hospitals and medical centers. Eva is skilled in ensuring patient safety, quality of care, and efficient resource allocation. Her expertise is essential for overseeing the day-to-day operations of the brain clinic and ensuring a smooth and safe experience for patients."
  },
  {
    "id": 8,
    "category": "Long-Term AI Maintenance Specialist",
    "explanation": "Focuses on the long-term maintenance, updates, and evolution of AI replacements, ensuring continued functionality and addressing potential issues.",
    "consequences": "System failures, security breaches, ethical dilemmas, and reduced patient satisfaction.",
    "count": "min 2, max 4, depending on the number of AI replacements under management",
    "contract_type": "full_time_employee",
    "contract_type_justification": "Requires long-term commitment to maintaining and updating AI replacements, ensuring continued functionality and addressing potential issues.",
    "typical_job_activities": "Maintaining and updating AI replacements. Identifying and resolving AI-related issues. Monitoring AI performance and ensuring continued functionality. Developing and implementing AI maintenance protocols. Addressing potential ethical dilemmas related to AI.",
    "background_story": "David Chen, a Chinese-American from San Francisco, is a Long-Term AI Maintenance Specialist with a background in computer science and artificial intelligence. He holds a PhD in AI from Carnegie Mellon University and has over 8 years of experience in maintaining and updating AI systems for various applications. David is skilled in identifying and resolving AI-related issues, ensuring continued functionality, and addressing potential ethical dilemmas. His expertise is crucial for the long-term success of the brain clinic project."
  }
]