[
  {
    "id": "2bab1560-5054-4388-b0f4-660362a39e30",
    "document_name": "Participating Nations Fertility Rate Data",
    "description": "Statistical data on fertility rates in participating nations, including historical trends and current rates. This data will be used to assess the scope of declining fertility and inform the development of interventions. The intended audience is demographers and policy analysts.",
    "recency_requirement": "Most recent available year",
    "responsible_role_type": "Demographer",
    "steps_to_find": [
      "Contact national statistical offices.",
      "Search international databases (e.g., World Bank, UN Population Division).",
      "Review academic publications and research reports."
    ],
    "access_difficulty": "Medium: Requires accessing multiple databases and potentially contacting statistical offices."
  },
  {
    "id": "e7495648-19ab-4acb-937c-29f764ede6d1",
    "document_name": "Participating Nations Child-Rearing Cost Data",
    "description": "Data on the average cost of raising a child in participating nations, including expenses such as childcare, education, healthcare, and housing. This data will be used to identify key cost drivers and inform the development of policies to reduce the financial burden on families. The intended audience is social policy analysts and economists.",
    "recency_requirement": "Within last 5 years",
    "responsible_role_type": "Economist",
    "steps_to_find": [
      "Contact national statistical offices.",
      "Search government reports and publications.",
      "Review academic research and economic studies."
    ],
    "access_difficulty": "Medium: Requires accessing multiple sources and potentially contacting government agencies."
  },
  {
    "id": "137ba55b-fd7e-4085-ae17-5295bcdbf278",
    "document_name": "National Housing Price Indices",
    "description": "Data on housing prices and affordability in participating nations, including historical trends and current market conditions. This data will be used to assess the scope of the housing affordability crisis and inform the development of housing policies. The intended audience is urban planners and economists.",
    "recency_requirement": "Most recent available quarter",
    "responsible_role_type": "Urban Planner",
    "steps_to_find": [
      "Contact national statistical offices.",
      "Search real estate market reports and publications.",
      "Review government housing policies and programs."
    ],
    "access_difficulty": "Easy: Publicly available data from national statistical offices and real estate market reports."
  },
  {
    "id": "d2781e88-cd70-45aa-a3b0-b265f2fdf9be",
    "document_name": "National Education Enrollment and Job Placement Statistics",
    "description": "Data on education enrollment rates, graduation rates, and job placement statistics in participating nations. This data will be used to assess the effectiveness of education and job training programs and inform the development of policies to streamline access to education and employment. The intended audience is education policy analysts and labor economists.",
    "recency_requirement": "Within last 3 years",
    "responsible_role_type": "Education Policy Analyst",
    "steps_to_find": [
      "Contact national statistical offices.",
      "Search government reports and publications.",
      "Review academic research and education studies."
    ],
    "access_difficulty": "Medium: Requires accessing multiple sources and potentially contacting government agencies."
  },
  {
    "id": "b0ff4f2b-7de4-4874-8cf0-330ab5652e4f",
    "document_name": "Official National Mental Health Survey Data",
    "description": "Data from national mental health surveys, including prevalence rates of mental health disorders, access to mental health services, and social well-being indicators. This data will be used to assess the scope of mental health challenges and inform the development of policies to improve social well-being and mental health. The intended audience is public health specialists and social workers.",
    "recency_requirement": "Within last 5 years",
    "responsible_role_type": "Public Health Specialist",
    "steps_to_find": [
      "Contact national statistical offices.",
      "Search government reports and publications.",
      "Review academic research and public health studies."
    ],
    "access_difficulty": "Medium: Requires accessing multiple sources and potentially contacting government agencies."
  },
  {
    "id": "2fd83719-7354-46fb-8a6d-6eb9db887c4f",
    "document_name": "Existing National Childcare Subsidy Policies",
    "description": "Documentation of existing national childcare subsidy policies, including eligibility criteria, subsidy amounts, and program guidelines. This information will be used to assess the effectiveness of current policies and inform the development of new or improved subsidy programs. The intended audience is social policy analysts and government officials.",
    "recency_requirement": "Current regulations essential",
    "responsible_role_type": "Social Policy Analyst",
    "steps_to_find": [
      "Search government websites and publications.",
      "Contact relevant government agencies.",
      "Review legislative databases and policy documents."
    ],
    "access_difficulty": "Easy: Publicly available information on government websites and policy documents."
  },
  {
    "id": "55c56935-7e24-4799-858c-0a6e9d7c57f9",
    "document_name": "Existing National Tax Code Sections Related to Dependents",
    "description": "Relevant sections of the national tax code related to dependents, including tax credits, deductions, and exemptions. This information will be used to assess the impact of the tax code on families and inform the development of tax policies to reduce the financial burden of raising children. The intended audience is tax policy analysts and government officials.",
    "recency_requirement": "Current regulations essential",
    "responsible_role_type": "Tax Policy Analyst",
    "steps_to_find": [
      "Search government websites and publications.",
      "Contact relevant government agencies.",
      "Review legislative databases and policy documents."
    ],
    "access_difficulty": "Easy: Publicly available information on government websites and policy documents."
  },
  {
    "id": "6169b9cf-15fb-415d-a639-db592fdb37bf",
    "document_name": "Existing Zoning Regulations",
    "description": "Current zoning regulations in relevant municipalities, including restrictions on building height, density, and land use. This information will be used to assess the impact of zoning regulations on housing affordability and inform the development of zoning reforms. The intended audience is urban planners and developers.",
    "recency_requirement": "Current regulations essential",
    "responsible_role_type": "Urban Planner",
    "steps_to_find": [
      "Search municipal websites and planning documents.",
      "Contact local planning departments.",
      "Review zoning maps and regulations."
    ],
    "access_difficulty": "Medium: Requires accessing multiple municipal websites and potentially contacting local planning departments."
  },
  {
    "id": "3216de82-d4c7-4502-8a9a-6ed39a196009",
    "document_name": "Data on Housing Construction Rates",
    "description": "Data on housing construction rates in relevant municipalities, including the number of new housing units built per year and the types of housing being constructed. This information will be used to assess the supply of housing and inform the development of policies to increase housing construction. The intended audience is urban planners and developers.",
    "recency_requirement": "Within last 5 years",
    "responsible_role_type": "Urban Planner",
    "steps_to_find": [
      "Contact municipal planning departments.",
      "Search construction industry reports and publications.",
      "Review government housing statistics."
    ],
    "access_difficulty": "Medium: Requires accessing multiple sources and potentially contacting local planning departments."
  },
  {
    "id": "7686b80e-7893-4807-971c-cbe1b8dae433",
    "document_name": "Current Government Housing Subsidy Policies",
    "description": "Documentation of current government housing subsidy policies, including eligibility criteria, subsidy amounts, and program guidelines. This information will be used to assess the effectiveness of current policies and inform the development of new or improved subsidy programs. The intended audience is housing policy analysts and government officials.",
    "recency_requirement": "Current regulations essential",
    "responsible_role_type": "Housing Policy Analyst",
    "steps_to_find": [
      "Search government websites and publications.",
      "Contact relevant government agencies.",
      "Review legislative databases and policy documents."
    ],
    "access_difficulty": "Easy: Publicly available information on government websites and policy documents."
  },
  {
    "id": "0fea3dc7-9855-47e5-a488-6e1a3e48907c",
    "document_name": "Existing National Education Policies",
    "description": "Documentation of existing national education policies, including curriculum standards, funding models, and access programs. This information will be used to assess the effectiveness of current policies and inform the development of new or improved education programs. The intended audience is education policy analysts and government officials.",
    "recency_requirement": "Current regulations essential",
    "responsible_role_type": "Education Policy Analyst",
    "steps_to_find": [
      "Search government websites and publications.",
      "Contact relevant government agencies.",
      "Review legislative databases and policy documents."
    ],
    "access_difficulty": "Easy: Publicly available information on government websites and policy documents."
  },
  {
    "id": "5a1e8163-233f-41fd-8602-431a3bb619d9",
    "document_name": "Existing National Job Training Program Policies",
    "description": "Documentation of existing national job training program policies, including eligibility criteria, program content, and placement rates. This information will be used to assess the effectiveness of current programs and inform the development of new or improved job training initiatives. The intended audience is labor economists and government officials.",
    "recency_requirement": "Current regulations essential",
    "responsible_role_type": "Labor Economist",
    "steps_to_find": [
      "Search government websites and publications.",
      "Contact relevant government agencies.",
      "Review legislative databases and policy documents."
    ],
    "access_difficulty": "Easy: Publicly available information on government websites and policy documents."
  },
  {
    "id": "a8b4810c-8a3a-4d89-a169-d9964e50643e",
    "document_name": "Existing National Mental Health Policies",
    "description": "Documentation of existing national mental health policies, including access to services, treatment guidelines, and prevention programs. This information will be used to assess the effectiveness of current policies and inform the development of new or improved mental health initiatives. The intended audience is public health specialists and government officials.",
    "recency_requirement": "Current regulations essential",
    "responsible_role_type": "Public Health Specialist",
    "steps_to_find": [
      "Search government websites and publications.",
      "Contact relevant government agencies.",
      "Review legislative databases and policy documents."
    ],
    "access_difficulty": "Easy: Publicly available information on government websites and policy documents."
  },
  {
    "id": "59e21617-7e41-4c5f-b8e8-437c95bbdf39",
    "document_name": "Participating Nations GDP Data",
    "description": "Statistical data on the Gross Domestic Product (GDP) of participating nations, including historical trends and current figures. This data will be used to assess the economic context and inform policy decisions. The intended audience is economists and policy analysts.",
    "recency_requirement": "Most recent available year",
    "responsible_role_type": "Economist",
    "steps_to_find": [
      "Contact national statistical offices.",
      "Search international databases (e.g., World Bank, IMF).",
      "Review economic reports and publications."
    ],
    "access_difficulty": "Easy: Publicly available data from international databases."
  },
  {
    "id": "8948859e-acdd-41bd-8f40-061fd4c8a2f9",
    "document_name": "Existing National Social Support Program Policies",
    "description": "Documentation of existing national social support program policies, including eligibility criteria, benefit levels, and program guidelines. This information will be used to assess the effectiveness of current policies and inform the development of new or improved social support initiatives. The intended audience is social policy analysts and government officials.",
    "recency_requirement": "Current regulations essential",
    "responsible_role_type": "Social Policy Analyst",
    "steps_to_find": [
      "Search government websites and publications.",
      "Contact relevant government agencies.",
      "Review legislative databases and policy documents."
    ],
    "access_difficulty": "Easy: Publicly available information on government websites and policy documents."
  }
]