[
  {
    "id": "38dc8486-c10e-4b3f-9e64-6f61bb52f177",
    "document_name": "Project Charter",
    "description": "A formal document authorizing the project and defining its scope, objectives, and stakeholders. This document will serve as the foundation for all project planning and execution. The intended audience is project sponsors, stakeholders, and the project team.",
    "responsible_role_type": "Project Manager",
    "document_template_primary": "PMI Project Charter Template",
    "document_template_secondary": null,
    "steps_to_create": [
      "Define project scope and objectives.",
      "Identify key stakeholders.",
      "Outline project governance structure.",
      "Establish project budget and timeline.",
      "Obtain project sponsor approval."
    ],
    "approval_authorities": "Project Sponsor",
    "essential_information": [
      "What is the project's overarching goal and how does it align with the organization's strategic objectives?",
      "What are the specific, measurable, achievable, relevant, and time-bound (SMART) objectives of the project?",
      "What are the high-level project deliverables and their acceptance criteria?",
      "What is the project's scope, including what is in scope and out of scope?",
      "Who are the key stakeholders, and what are their roles, responsibilities, and levels of influence?",
      "What is the project's governance structure, including decision-making processes and escalation paths?",
      "What is the approved project budget, and what are the key funding sources?",
      "What is the high-level project timeline, including key milestones and deadlines?",
      "What are the major project risks and assumptions?",
      "What are the project's success criteria and how will they be measured?",
      "What are the project's constraints (e.g., budget, timeline, resources)?",
      "What is the project's organizational structure and reporting relationships?",
      "What are the project's communication protocols and reporting frequency?",
      "What are the project's change management procedures?",
      "What is the process for obtaining formal project approval and authorization?",
      "Requires access to the 'Goal Statement' and 'SMART Criteria' from the project-plan.md file.",
      "Requires access to the 'Risk Assessment and Mitigation Strategies' from the project-plan.md file.",
      "Requires access to the 'Stakeholder Analysis' from the project-plan.md file.",
      "Requires access to the 'Regulatory and Compliance Requirements' from the project-plan.md file."
    ],
    "risks_of_poor_quality": [
      "Unclear project scope leads to scope creep, budget overruns, and missed deadlines.",
      "Lack of stakeholder alignment results in conflicting priorities and project delays.",
      "Inadequate risk assessment leads to unforeseen problems and project failures.",
      "Undefined governance structure results in poor decision-making and lack of accountability.",
      "Missing budget details prevents securing necessary funding.",
      "An unclear scope definition leads to significant rework and budget overruns.",
      "Ambiguous objectives lead to misaligned efforts and failure to achieve desired outcomes."
    ],
    "worst_case_scenario": "The project fails to secure necessary funding or stakeholder support due to a poorly defined charter, leading to project cancellation and significant financial losses.",
    "best_case_scenario": "The project charter clearly defines the project's scope, objectives, and stakeholders, enabling efficient project planning, execution, and successful achievement of project goals, leading to significant organizational benefits and competitive advantage.",
    "fallback_alternative_approaches": [
      "Utilize a pre-approved company template and adapt it to the project's specific needs.",
      "Schedule a focused workshop with key stakeholders to collaboratively define project scope and objectives.",
      "Engage a project management consultant to assist in developing the project charter.",
      "Develop a simplified 'minimum viable charter' covering only critical elements initially, and expand it iteratively."
    ]
  },
  {
    "id": "9655e4c5-bc70-4702-bfc3-463821e99a5f",
    "document_name": "Risk Register",
    "description": "A comprehensive register of potential risks that could impact the project, along with their likelihood, impact, and mitigation strategies. This document will be used to proactively manage risks throughout the project lifecycle. The intended audience is the project team, stakeholders, and risk management professionals.",
    "responsible_role_type": "Risk Manager",
    "document_template_primary": "Project Risk Register Template",
    "document_template_secondary": null,
    "steps_to_create": [
      "Identify potential risks.",
      "Assess the likelihood and impact of each risk.",
      "Develop mitigation strategies for each risk.",
      "Assign responsibility for risk management.",
      "Regularly review and update the risk register."
    ],
    "approval_authorities": "Project Manager",
    "essential_information": [
      "Identify all potential risks associated with the brain clinic project, categorized by area (e.g., regulatory, technical, ethical, financial, social, security, operational, environmental).",
      "For each identified risk, assess its likelihood of occurrence (e.g., Low, Medium, High) using a defined scale.",
      "For each identified risk, assess its potential impact on the project (e.g., Low, Medium, High) using a defined scale, quantifying impact in terms of cost, schedule, and quality where possible.",
      "Develop specific, actionable mitigation strategies for each identified risk, including preventative and reactive measures.",
      "Assign a responsible individual or team for monitoring and managing each risk.",
      "Define triggers or warning signs that indicate a risk is becoming more likely or has materialized.",
      "Establish a process for regularly reviewing and updating the risk register (e.g., monthly, quarterly).",
      "Document the source of each identified risk (e.g., expert opinion, historical data, regulatory reports).",
      "Categorize risks based on their potential impact on the project's SMART goals.",
      "Quantify the potential financial exposure associated with each risk (e.g., estimated cost of mitigation, potential losses)."
    ],
    "risks_of_poor_quality": [
      "Failure to identify critical risks leads to unexpected project delays and cost overruns.",
      "Inaccurate risk assessments result in misallocation of resources and ineffective mitigation strategies.",
      "Lack of clear mitigation strategies leaves the project vulnerable to significant negative impacts.",
      "Outdated risk information prevents proactive risk management and increases the likelihood of reactive crisis management.",
      "Incomplete risk register leads to overlooking potential threats, jeopardizing project success.",
      "Unclear ownership of risks results in delayed or absent mitigation efforts."
    ],
    "worst_case_scenario": "A major, unmitigated risk (e.g., regulatory rejection, critical technical failure, ethical scandal) forces project cancellation after significant investment, resulting in substantial financial losses and reputational damage.",
    "best_case_scenario": "The risk register enables proactive identification and mitigation of potential problems, leading to smooth project execution, on-time and on-budget delivery, and enhanced stakeholder confidence. It enables informed decisions about resource allocation and risk tolerance.",
    "fallback_alternative_approaches": [
      "Conduct a brainstorming session with the project team to identify potential risks.",
      "Review historical data from similar projects to identify common risks.",
      "Consult with external experts in relevant fields (e.g., regulatory, technical, ethical) to identify potential risks.",
      "Utilize a simplified risk assessment matrix focusing on high-level risks initially.",
      "Adapt a pre-existing risk register template from a similar project or industry."
    ]
  },
  {
    "id": "aeabc1f8-5464-423d-8df3-48d56014c7b1",
    "document_name": "Stakeholder Engagement Plan",
    "description": "A plan outlining how stakeholders will be engaged throughout the project lifecycle, including consultation, participation, and decision-making. This document will ensure that stakeholder perspectives are considered and incorporated into project planning and execution. The intended audience is the project team, stakeholders, and engagement professionals.",
    "responsible_role_type": "Stakeholder Engagement Manager",
    "document_template_primary": "Stakeholder Engagement Plan Template",
    "document_template_secondary": null,
    "steps_to_create": [
      "Identify key stakeholders and their interests.",
      "Define engagement strategies for each stakeholder group.",
      "Establish a process for managing stakeholder feedback.",
      "Assign responsibility for stakeholder engagement activities.",
      "Regularly review and update the stakeholder engagement plan."
    ],
    "approval_authorities": "Project Manager",
    "essential_information": [
      "Identify all key stakeholders (internal and external) relevant to the brain clinic project, categorizing them by their level of influence and interest.",
      "Define specific engagement objectives for each stakeholder group (e.g., inform, consult, involve, collaborate, empower).",
      "Detail the communication methods and frequency for each stakeholder group (e.g., newsletters, workshops, one-on-one meetings).",
      "Establish a clear process for collecting, documenting, and responding to stakeholder feedback, including timelines and responsible parties.",
      "Define the decision-making process and how stakeholder input will be incorporated into project decisions.",
      "Outline a strategy for managing potential conflicts or disagreements among stakeholders.",
      "Specify metrics for measuring the effectiveness of stakeholder engagement activities (e.g., stakeholder satisfaction, participation rates).",
      "Assign roles and responsibilities for implementing the stakeholder engagement plan, including contact persons and escalation paths.",
      "Describe the process for regularly reviewing and updating the stakeholder engagement plan to adapt to changing project needs and stakeholder dynamics.",
      "Detail how the plan aligns with the Ethical Oversight Framework and Public Communication Strategy.",
      "What resources (budget, personnel) are allocated to stakeholder engagement activities?",
      "How will the plan address potential cultural or linguistic barriers to effective engagement?"
    ],
    "risks_of_poor_quality": [
      "Lack of stakeholder buy-in leading to project delays and resistance.",
      "Misunderstanding or miscommunication of project goals and objectives.",
      "Increased regulatory scrutiny and potential legal challenges.",
      "Reputational damage and loss of public trust.",
      "Ineffective resource allocation due to misalignment with stakeholder needs.",
      "Escalation of conflicts and disagreements among stakeholders.",
      "Failure to identify and address ethical concerns raised by stakeholders."
    ],
    "worst_case_scenario": "Significant public backlash and regulatory intervention due to perceived lack of transparency and ethical considerations, leading to project cancellation and substantial financial losses.",
    "best_case_scenario": "Strong stakeholder support and collaboration, leading to accelerated regulatory approvals, positive public perception, and successful project implementation. Enables informed decision-making based on diverse perspectives and fosters a culture of trust and transparency.",
    "fallback_alternative_approaches": [
      "Conduct a rapid stakeholder analysis workshop to identify key stakeholders and their concerns.",
      "Utilize a simplified stakeholder engagement template focusing on essential communication channels and feedback mechanisms.",
      "Engage a consultant specializing in stakeholder engagement for high-level guidance and support.",
      "Prioritize engagement with regulatory bodies and key opinion leaders to address critical concerns upfront.",
      "Develop a 'minimum viable engagement plan' focusing on essential communication and feedback loops, with the option to expand later."
    ]
  },
  {
    "id": "3d09a999-d09f-4843-a1bd-522872cdf41e",
    "document_name": "High-Level Budget/Funding Framework",
    "description": "A high-level framework outlining the project budget, funding sources, and financial management principles. This document will guide the development of a detailed financial plan. The intended audience is project sponsors, stakeholders, and financial managers.",
    "responsible_role_type": "Financial Analyst",
    "document_template_primary": null,
    "document_template_secondary": null,
    "steps_to_create": [
      "Estimate project costs.",
      "Identify potential funding sources.",
      "Outline financial management principles.",
      "Establish a budget approval process.",
      "Obtain project sponsor approval."
    ],
    "approval_authorities": "Project Sponsor",
    "essential_information": [
      "What is the total estimated project cost, broken down by major categories (R&D, infrastructure, personnel, regulatory compliance, marketing)?",
      "What are the potential funding sources (venture capital, government grants, philanthropic donations, revenue from services)? Quantify the target amount from each source.",
      "What are the key financial management principles (e.g., cost control, transparency, accountability, ROI targets)?",
      "What is the process for budget approval and modification (who approves, what triggers a review)?",
      "What are the key performance indicators (KPIs) for financial performance (e.g., burn rate, ROI, cost per patient, revenue growth)?",
      "What are the contingency plans for funding shortfalls or cost overruns? Specify triggers and actions.",
      "What are the assumptions underlying the budget estimates (e.g., R&D success rates, market adoption rates, regulatory approval timelines)?",
      "What is the currency strategy and how will currency risk be managed?",
      "Requires access to the 'Assumptions.md' file, specifically the 'Project Plan' section for initial budget allocations.",
      "Requires access to the 'Risk.md' file to understand potential cost impacts from identified risks."
    ],
    "risks_of_poor_quality": [
      "Inaccurate cost estimates lead to budget overruns and project delays.",
      "Failure to secure sufficient funding results in reduced R&D and slower progress.",
      "Lack of financial controls leads to inefficient resource allocation and potential fraud.",
      "Unrealistic financial projections prevent securing necessary investment.",
      "Poorly defined budget approval process causes delays and conflicts."
    ],
    "worst_case_scenario": "The project runs out of funding due to poor financial planning, leading to complete project termination and loss of all invested capital.",
    "best_case_scenario": "The project secures sufficient funding, stays within budget, and achieves a high ROI, enabling rapid expansion and market leadership. Enables go/no-go decisions for each phase of the project based on financial viability.",
    "fallback_alternative_approaches": [
      "Develop a simplified budget based on historical data from similar projects.",
      "Engage a financial consultant to provide expert cost estimates and funding strategies.",
      "Utilize a phased funding approach, securing initial funding for a pilot project before committing to full-scale development.",
      "Reduce the scope of the project to lower the overall budget requirements."
    ]
  },
  {
    "id": "0d1285c1-26be-411f-bcef-23cf513d7488",
    "document_name": "Initial High-Level Schedule/Timeline",
    "description": "A high-level schedule outlining key project milestones and timelines. This document will provide a roadmap for project execution. The intended audience is the project team, stakeholders, and project managers.",
    "responsible_role_type": "Project Scheduler",
    "document_template_primary": "Gantt Chart Template",
    "document_template_secondary": null,
    "steps_to_create": [
      "Identify key project milestones.",
      "Estimate the duration of each milestone.",
      "Establish dependencies between milestones.",
      "Develop a high-level project schedule.",
      "Obtain project manager approval."
    ],
    "approval_authorities": "Project Manager",
    "essential_information": [
      "What are the key project milestones (e.g., R&D completion, regulatory approval, clinic construction, initial patient trials)?",
      "What is the estimated start and end date for each milestone?",
      "What are the dependencies between milestones (e.g., regulatory approval is dependent on R&D completion)?",
      "What is the critical path for the project, identifying the sequence of tasks that directly affects the project's completion date?",
      "What are the major deliverables associated with each milestone?",
      "What are the resource requirements (e.g., personnel, equipment, funding) for each milestone?",
      "What are the key assumptions underlying the schedule estimates (e.g., regulatory approval timelines, technology development progress)?",
      "What are the potential risks that could impact the schedule, and what are the mitigation strategies?",
      "Include a visual representation of the schedule (e.g., Gantt chart) showing the timeline and dependencies.",
      "What are the decision points or go/no-go criteria associated with each milestone?",
      "What are the inputs from the 'assumptions.md' file that influence the timeline?",
      "How does the schedule align with the SMART criteria outlined in 'project-plan.md'?"
    ],
    "risks_of_poor_quality": [
      "Unrealistic timelines lead to project delays and budget overruns.",
      "Missing dependencies result in tasks being started out of sequence, causing rework and inefficiencies.",
      "Inaccurate estimates lead to resource shortages and scheduling conflicts.",
      "Lack of stakeholder buy-in due to unclear or unrealistic timelines.",
      "Failure to identify the critical path results in delays that impact the overall project completion date.",
      "Poorly defined milestones make it difficult to track progress and identify potential problems early on."
    ],
    "worst_case_scenario": "The project is significantly delayed due to unrealistic timelines and poor scheduling, leading to loss of funding, reputational damage, and ultimately, project cancellation.",
    "best_case_scenario": "The project is completed on time and within budget due to a well-defined and realistic schedule, enabling the brain clinic to open as planned and achieve its goals of digital brain capture and AI replacement.",
    "fallback_alternative_approaches": [
      "Utilize a simplified milestone chart focusing on major phases rather than detailed tasks.",
      "Conduct a rapid scheduling workshop with key stakeholders to collaboratively define realistic timelines.",
      "Engage an experienced project scheduler to review and refine the initial schedule estimates.",
      "Develop a 'rolling wave' schedule, detailing the near-term milestones and providing high-level estimates for later phases."
    ]
  }
]