Level 1;Level 2;Level 3;Level 4;Task ID
Brain Clinic;;;;c3e20fe4-4401-4e4b-b784-8ec6c07ff19c
;Project Initiation & Planning;;;bd967fc4-9d58-457a-aa25-b01af1400e4c
;;Define Project Scope and Objectives;;dfed7c2c-9a0b-4825-b8f5-adecc3d4f9db
;;;Identify Key Project Stakeholders;8b5af334-1d80-47bc-abce-fccb6f6d6d0b
;;;Define Project Success Criteria;03b4ca7a-30ec-4068-b31f-733488adb352
;;;Determine Project Objectives;70e8efb7-134b-4d79-9274-8844be3aa04c
;;;Establish Project Scope Boundaries;d0e238e8-30e7-4a86-8248-32867c97ab35
;;;Document Project Assumptions and Constraints;c6f382ad-3d52-4145-abad-c978190fc53b
;;Conduct Stakeholder Analysis;;c5cb9f1e-bdfb-42da-a9c9-82fbe86e9adf
;;;Identify Key Project Stakeholders;9b771f14-6a08-46e8-99a0-c691d804b1e8
;;;Assess Stakeholder Interests and Influence;b64469cb-c102-48d5-928c-b90fc5fc84d3
;;;Develop Stakeholder Engagement Plan;94869ad7-16fa-4d0b-ac90-5a7d41396b1d
;;;Establish Communication Channels;0e9d9407-e480-49b4-9653-3b147f20b75b
;;Develop Project Management Plan;;267fb638-e390-4582-a771-52d8ed394c5d
;;;Define Project Management Methodology;5909048f-5bed-44e1-9b1f-5bec4fced89a
;;;Develop Communication Management Plan;840d705e-3ff2-4f77-9323-fce23066d759
;;;Create Risk Management Plan;539caedb-27e8-46be-bcef-9718308348dc
;;;Establish Change Management Process;b7c26574-c8c7-45a9-a19f-c76f1a36061d
;;;Define Resource Management Plan;ccc934a9-528a-483e-a77a-bfba1ab296c3
;;Establish Ethical Oversight Framework;;6424d16a-e618-4133-a64c-8dda417745ce
;;;Define Ethical Principles and Guidelines;857b74cd-f033-43b0-9106-be88599b8f3c
;;;Establish an Ethics Review Board;21fd0a33-e482-4031-94a2-5d043c9d1d5b
;;;Develop Informed Consent Protocols;50d8fba6-e97f-4130-afdc-77e99cdd6740
;;;Create a Data Governance Framework;2d46456c-4b4f-4b01-a8cf-76d17d76ea23
;;;Implement Ongoing Ethical Monitoring;c682fcad-97be-4990-8f5a-e05f2e8eeab5
;;Secure Initial Funding;;3c8105f4-fcf1-4579-beea-172fabbd4e99
;;;Identify potential funding sources;c97fa178-7508-4b30-b01f-e4227cf9fa63
;;;Prepare funding proposals and presentations;4d7fc1cd-44f2-4839-8d7b-cb9a810f373d
;;;Network with investors and attend conferences;179028a4-3e63-430c-b7af-30872a1c43b2
;;;Negotiate funding terms and agreements;573b81f5-6287-46ce-8943-b6741e011137
;;;Secure final approval of funds;261f9723-74a3-481b-9705-46442ec2a0b7
;R&D and Technology Development;;;d6e00667-cd77-405f-b72f-725cf27f34e8
;;Develop Neural Mapping Strategy;;8b77d84a-c25e-4678-911b-e7010a771975
;;;Identify Neural Circuit Biomarkers;09f830d2-2baf-498b-9bc1-73755e8354a1
;;;Evaluate Existing Mapping Technologies;181a0862-a16e-4a7d-b308-dea6dca37807
;;;Develop Nanoparticle Delivery System;1a675e1c-4f92-4fda-a825-28b9845be965
;;;Optimize Neural Signal Processing;80d8742d-a9d3-4e2c-b048-5936aa79111a
;;;Create 3D Neural Circuit Models;08a126f5-b763-402d-b899-8386631bf2f9
;;Research Consciousness Capture Methodology;;a0a350b0-5bfb-462c-bed7-9244ca355383
;;;Identify consciousness biomarkers;87220b54-a433-4384-9ca0-a5f7488b2f2c
;;;Develop consciousness capture protocol;99b3b796-f696-4b09-8da7-a561803765bf
;;;Simulate consciousness transfer;d34cc090-85a7-4f4a-a307-020edfa0e82f
;;;Validate capture methodology;16673635-e6fa-4ba3-9a40-75aeda246133
;;;Address ethical considerations;77e71d68-177f-4773-9039-31133e324dda
;;Design AI Integration Architecture;;630fafa5-04ed-4550-8a65-fec5fdcaab61
;;;Define AI integration requirements;bc479a5f-9710-4356-b385-7649fc00308b
;;;Select AI models and frameworks;e8de95f6-6bb9-4d8b-838c-a0e24ad78f8f
;;;Design data flow and interfaces;2ee4479e-89d1-4c98-b6cc-df94fb6d9a2f
;;;Develop AI integration modules;d7385a4a-6a0a-41e2-aee5-a5c255ac287e
;;;Test and validate AI integration;06e11bb6-61b3-4059-a1ee-74c3bd829473
;;Develop Data Security and Privacy Protocol;;a6259f69-dfd2-46a0-b0df-198f19c3dd6f
;;;Identify Data Security Requirements;08b0c24a-d83e-4c82-abbb-450464104c84
;;;Design Security Architecture;520e1736-ad7f-41e6-b282-d252443c56ed
;;;Implement Security Controls;4e92359f-17a6-44fa-a717-6ba7a58a58d9
;;;Conduct Security Audits and Testing;f491e9b7-d673-4c27-8d91-8b237cfc3879
;;;Establish Data Breach Response Plan;d46d7f3c-f6a5-41a6-bf7f-c41e6e3aaecc
;;Validate Neural Mapping Accuracy;;b096bbd6-177a-4b37-9bd3-b8ac8906b553
;;;Establish Neural Circuit Reconstruction Protocol;3b0c6854-e108-4424-b267-ef8b3337c7fd
;;;Compare Reconstructed Circuits to Brain Atlases;4db36fa1-73f9-4a4c-9c2f-d58db1c7e7fe
;;;Simulate AI Emulation of Cognitive Functions;de83b0c6-abe0-410f-9588-9da690411bc8
;;;Assess Potential Brain Damage During Mapping;90e64e82-6865-4c81-870f-21e13c1e8734
;;Mitigate AI Bias;;495a1758-3e4e-470a-9eef-95d9443465e7
;;;Identify potential AI bias sources;570755e6-5e37-4bc8-98ad-3b6b10c36aba
;;;Implement bias detection tools;3abae213-f402-40f7-866a-87366d4215e6
;;;Apply bias mitigation techniques;1a3c571c-3d0c-48b1-8fb0-4084573bf430
;;;Evaluate fairness metrics post-mitigation;72193374-b36a-4886-8d58-c76f2fa1d187
;;;Establish AI bias monitoring system;e4dd6f69-1278-4612-a481-cfb74bc86cf8
;Regulatory and Legal Compliance;;;6f2a4211-f1eb-4fdc-8bb1-fc79959ba38d
;;Engage Regulatory Bodies;;1efcd476-3fec-4070-8d3c-f8da97cac097
;;;Identify relevant regulatory bodies;2be239ee-a6c7-42f0-b967-b463fae9b337
;;;Prepare engagement materials;80fc6009-f24a-4975-9b57-db32749219fc
;;;Schedule initial meetings;e2132484-2bda-42f2-b9a9-1c9f3b3901c0
;;;Address regulatory concerns;1a12cc84-4d3b-4720-a400-7c490ced2a8d
;;;Establish ongoing communication channels;656a1f66-24c0-4816-9134-453e38c93473
;;Obtain Permits and Licenses;;e4f06fcc-01c6-4bb9-92b4-bf980ffbf5fb
;;;Identify Required Permits and Licenses;8c9d2dfe-6173-484c-a122-07820fc9f207
;;;Prepare Permit Application Packages;90070407-fd68-4d90-a9cf-8e653d3aee4a
;;;Submit Permit Applications;95dd5ded-dcf4-4913-b6da-b68694c67251
;;;Follow Up and Address Inquiries;dcfaf05f-7c2f-4817-8bb0-5730e768ca10
;;;Secure Final Permit Approvals;0c1e48d5-dce2-4097-a016-fc38449b2b19
;;Ensure GDPR Compliance;;3d11d966-2c34-4b4d-a158-576e19b5ada0
;;;Map data flow and processing activities;221c1eb1-507e-455e-beb3-5601a4b9a692
;;;Implement data minimization techniques;a0329bb0-b13b-45af-a4d3-22be45b58b8a
;;;Establish data subject rights procedures;7573447c-6bdd-482c-89fa-e943867178ef
;;;Create data breach response plan;c278f417-40e7-456f-998f-ebb8da93d3b2
;;Comply with EU AI Act;;3e63b6c3-4c94-4f22-b932-48ffd172ab70
;;;Research EU AI Act requirements;a17bd28d-d260-46f9-bbf1-05aab1561e72
;;;Assess AI system risk level;a8efc898-c27b-407e-968d-c3816911f34f
;;;Implement AI Act compliance measures;fb73a007-e0f9-4c21-8107-b1fff293efab
;;;Document AI system compliance;7eb5eab3-e196-4c64-aaf2-cfa64dc30e06
;Facility Construction and Setup;;;4e1d6e84-c0ed-4ebd-baa3-7c2b0fcfe653
;;Secure Location for Brain Clinic;;2022ec0b-2724-4e41-b93c-6062dae48fef
;;;Define Clinic Location Requirements;0d18fe8f-1243-4547-95b9-7940058dc96b
;;;Research Potential Locations in Berlin;63dd3fae-802f-4563-ba88-e2034ea53ecf
;;;Evaluate Locations and Select Top Candidates;80cbf6fe-20bc-4e49-9ad6-c0027b99a2d4
;;;Negotiate Lease or Purchase Agreement;66e172fc-bbd2-452b-9c41-b4860a203110
;;;Finalize Location Acquisition;b8ce4ba9-3f9a-420b-ae79-a9a6d305420c
;;Obtain Construction Permits;;da3d8e9b-21cb-4a30-b5bb-28f30422ac97
;;;Prepare permit application documentation;389b10fc-67a6-47b4-9cf7-39229dabd838
;;;Submit permit applications to authorities;bb09908d-feba-46bc-aeff-b62d6920f92d
;;;Address authority inquiries and revisions;f1938280-edbe-4b49-aae8-6e1d828aff31
;;;Negotiate with community stakeholders;91ef1297-d341-4aa7-bd69-8ed50c92661a
;;;Track permit application progress;248fda8b-d8d3-4fab-b7cd-951a4099d596
;;Construct Brain Clinic Facility;;15632b73-1405-44e9-8095-def656b77e17
;;;Excavate and prepare the building site;6d6df958-79eb-438f-af70-4875cdf32c68
;;;Pour the foundation and build structure;aa69c465-7cbe-4013-b327-5600147a9b3a
;;;Install electrical, plumbing, and HVAC systems;ed32855f-5241-4541-bb22-69a2e0cef71d
;;;Interior finishing and specialized room buildout;ae72b4e7-7bc1-4d94-9007-a44e087dc894
;;;Exterior landscaping and site improvements;30e2c9c3-b95b-4f01-aaa7-7189aa1bd03a
;;Install Specialized Equipment;;ec1c8af5-eec1-4d91-a133-4164772c9db9
;;;Prepare site for equipment installation;b69a409d-af1d-4515-848d-5f4616857170
;;;Unpack and inspect delivered equipment;9449b805-7dd2-40e3-bd00-5cdca7f1e073
;;;Install and calibrate specialized equipment;64f93f3b-267c-4edb-9e8e-11b5441269d0
;;;Conduct initial equipment testing;bc59069f-503b-4fe7-be37-467e593b9a27
;;Establish Cybersecurity Infrastructure;;09445a32-6793-4bcb-a7f8-4f4f1e67b0bd
;;;Assess current IT infrastructure security;9f6ff788-d05d-4c9d-8990-28a6ce7de020
;;;Select cybersecurity hardware and software;652dd370-ac4a-4c95-a749-0c4c47282aa0
;;;Configure security systems and protocols;ced17346-a5e7-4126-a8f1-ed825c453b6c
;;;Conduct security testing and penetration tests;88452b99-cfd9-43cb-bf30-f41c47f0561f
;;;Document security infrastructure and procedures;9d3728e0-4aed-499e-8143-48751c095a51
;Clinical Operations and Marketing;;;00648d97-ce1c-4ce7-9726-a78dc0023341
;;Develop Market Segmentation and Pricing Strategy;;f02a90f6-91a8-4628-9eb5-8912fa3ecf4d
;;;Identify target audience segments;0edae676-e1ea-49e4-8d19-e3860de19fd9
;;;Develop key messaging and narratives;57f1f989-be4d-4271-a928-c7c455ac0aa0
;;;Select communication channels;d7c6432d-4e30-494c-92b3-da1e9ae6d428
;;;Create communication materials;f8a0089b-a2af-481b-a917-13f9f96f25b6
;;;Establish media relations strategy;bed74c0c-3ed3-4031-8042-a5e8acd1cdba
;;Develop Public Communication Strategy;;98983550-727c-425a-a6a1-b21e7cd41df0
;;;Define Key Messages and Target Audiences;5e18a28f-046d-4748-89cf-e2ac61643359
;;;Develop Media Relations Strategy;625f5648-ae0f-45ac-b343-7a45b04fef56
;;;Create Online Presence and Social Media Plan;bfdf1752-47b5-4cba-927f-328e8bf3a1d3
;;;Address Ethical Concerns Proactively;04612fc2-5b22-4ff0-b065-17dbeb96a0f0
;;;Monitor and Manage Public Perception;260f3702-a7d2-4d82-bb72-a2bf824d5d7f
;;Recruit and Train Clinical Staff;;5f066935-bfef-49d6-ae87-068184c6b2a0
;;;Define Clinical Staff Roles and Responsibilities;f2943e52-5b63-4595-ac45-6407b4c473b0
;;;Develop Recruitment Strategy and Materials;b199cf2e-ccdd-4173-8651-126e8c24b830
;;;Conduct Interviews and Screen Candidates;057b235a-d4ee-42bf-b24b-365fe0406953
;;;Provide Onboarding and Training Programs;0537123a-1710-44ff-a10c-432a11fd3ee4
;;;Establish Performance Evaluation System;de6f1585-ad94-4336-83f2-24bc3c6da960
;;Establish Patient Intake Procedures;;33be543c-9f34-4b66-b7fd-1e94d2dadc00
;;;Define patient eligibility criteria;b34b337f-b3bc-491a-8170-89e378a5bbf3
;;;Develop informed consent process;36788693-a49e-4204-867c-acab2e106ec4
;;;Design patient data management system;8430f79e-3339-451f-9779-d1e714573844
;;;Integrate procedures with healthcare system;39a93beb-8c9b-4278-a0a0-3ae8b41efd98
;;Validate Healthcare Economic Analysis;;b9695f28-6a99-4e3d-bea7-d70ee7a25c47
;;;Analyze German healthcare reimbursement landscape;512a8138-6d38-4a7e-9eb7-e15cff1f7ac6
;;;Model potential reimbursement scenarios;ad976ebb-7a49-4cb0-b1dd-ab44bbaa2a24
;;;Engage with German health insurers;7ccfc2d5-8bc0-4f0c-9185-6c3d58a06423
;;;Develop pricing strategy for services;fa31e352-4f1c-448b-93b6-eb6c1a744830
;;Develop Reimbursement Model;;71f92b19-4fde-40b0-960b-476a6e9a7b79
;;;Research German healthcare reimbursement system;e6cb26b1-d685-4951-b6b7-f7a86d42d5d7
;;;Identify potential reimbursement models;7bc61af6-1338-46eb-b13e-91b2dab31179
;;;Engage with German health insurers;5fe4ae68-51a2-49b3-88df-b1da110fe565
;;;Develop a detailed pricing strategy;341e9d44-e8f3-4adf-ba2f-7b89e966d5a6
;Testing and Validation;;;3a5b11ef-498f-488e-9761-47d1491f0381
;;Conduct Pre-Clinical Trials;;a0f094d8-7d0f-41b2-b4c4-3308dbf8d445
;;;Establish Pre-Clinical Trial Protocols;477ae107-8b21-41e2-95b0-9970e7114fce
;;;Recruit Pre-Clinical Trial Participants;efb56316-7975-4cd8-a22d-bfa16073912e
;;;Conduct Initial Safety and Toxicity Studies;c7fe6f89-c242-4fc6-a2d6-4e9c4d3b2900
;;;Evaluate Cognitive and Behavioral Outcomes;f1794c06-daa1-472a-be49-363903bcc283
;;;Analyze Pre-Clinical Trial Data;980bfc77-330d-4195-b49f-5f666e4457ea
;;Obtain Approval for Clinical Trials;;a8170ade-6411-407c-b8d2-fa4920afbf2c
;;;Prepare regulatory submission package;3e51799b-b8ef-48d5-9ece-14320c28257d
;;;Engage with regulatory agencies;0107bf82-82fe-467f-8e0c-82625e6d0435
;;;Address regulatory feedback and revisions;e4e96c77-e7d1-4368-aed4-d7d80a519e1f
;;;Establish ethics review board;5172d09f-1238-4f8b-8e60-1b9f7fb0047b
;;Conduct Clinical Trials;;f0aec195-670a-49f9-9f9a-320a5b9054bb
;;;Recruit Clinical Trial Participants;4a9051d1-88e9-452b-a073-95d3b766e5ca
;;;Administer Brain Capture Procedures;76726bbd-3d98-4dac-856c-0840bd419e17
;;;Monitor Participant Health and Well-being;c3ed4473-4a9c-4b87-9539-a911e019e3a3
;;;Collect and Manage Clinical Trial Data;9d35ff63-66a2-412b-be4a-b5dd18ee95f3
;;Analyze Clinical Trial Data;;8daa5f2b-ef8c-48aa-abf1-1ad9145600e9
;;;Prepare data for statistical analysis;b22c46ab-e323-4cd8-80c7-c3815cc6d962
;;;Perform statistical analysis;1a3ed169-c104-43cb-b60b-69ef10a00f1b
;;;Interpret statistical results;805a24d3-83fa-4e73-8c5c-c35642dc5092
;;;Document analysis and findings;b95fc19c-cb1d-4fc8-ac41-959dd1461574
;;Refine Protocols Based on Trial Results;;24e4124a-e4e9-487e-8b00-c079963253a7
;;;Identify Protocol Weaknesses;0999229a-8ebe-46d0-b14d-f76cf1972c53
;;;Consult Experts on Protocol Changes;c493f5a7-af7a-4afd-b634-29d85f05360d
;;;Draft Revised Protocol Sections;08c910ab-7ddf-42fe-ad84-95f6bbde376e
;;;Review Revised Protocols;6d3793a7-8e5f-4b42-9c4e-067d223c3c2e
;;;Document Protocol Changes;23ff2df6-5ffb-4c55-b51d-d140999af8f7
;Clinic Launch and Operation;;;d8600f82-ba15-4cfb-a8dc-7bc504ad8daa
;;Officially Launch Brain Clinic;;ce4b3502-2c2a-43d9-b384-b3edd6c5509c
;;;Finalize patient selection criteria;5d9b7d4c-1558-4973-8bd1-1dc54fe5b204
;;;Conduct pre-procedure patient assessments;b07d10a3-f3e3-49d0-973b-4478e14f4518
;;;Prepare equipment and facilities;affbe5e2-adc7-4532-8259-852a0e336b5a
;;;Coordinate medical and technical teams;cea58d76-c7aa-47d6-81d0-3ca58ae4c6d9
;;;Execute initial brain capture procedure;cfe47a99-e6c1-4c37-86e3-2c3b3348e98c
;;Perform Initial Brain Capture Procedures;;0100b2e4-36ca-4407-ba10-101c7e075aa9
;;;Prepare patient for brain capture;8ac44a78-7e60-4adb-b088-3b1c2ad0436f
;;;Calibrate brain capture equipment;88484f46-96b0-4725-99fb-e79e8b914bc6
;;;Execute brain capture procedure;74d4aefb-a66e-4231-b65a-bbbb3427f69d
;;;Securely store captured brain data;0c022a6e-5953-449d-a0fc-1c00c9f066f4
;;Monitor Patient Outcomes;;b99f9541-4a26-424f-995f-256e75b7e6c7
;;;Establish Patient Outcome Data Collection System;cddc20a6-6fa6-4ee9-aef7-2ad1c4ba2df8
;;;Develop Long-Term Monitoring Protocol;cedf0107-5cac-4e2f-9976-b9d79162fc7a
;;;Implement Regular Patient Check-ins;b5dd8514-4583-4bff-8884-ad11e7fb0a70
;;;Analyze Patient Outcome Data for Trends;51528623-2950-4a83-b8d6-2d40761162c3
;;;Refine Procedures Based on Outcome Analysis;bf89e3ca-d453-4f4a-89f9-e6afd078ac41
;;Provide Ongoing Patient Support;;2fe64501-4512-486e-9468-7387fe4b7e3c
;;;Establish Patient Support Communication Channels;50f437c0-8b2f-4ae0-aba7-02d489520103
;;;Develop Psychological Support Program;b9d4a5c7-c943-462b-8ef5-c2d88445cf9e
;;;Create Long-Term Monitoring Protocol;3879f065-36a4-477b-b0e4-0c42aeec2481
;;;Provide Education and Resources to Families;9ebcbad6-5a5a-45fe-8232-090752295af3
;;Continuously Improve Processes and Technologies;;c1e2a05f-d067-40d0-98fa-e232108367c8
;;;Gather feedback from staff and patients;ca8e7332-4382-4e62-af0e-c977775d314f
;;;Monitor regulatory updates and guidelines;29a4b139-795e-466b-90c2-e1b95380812a
;;;Evaluate emerging technologies and trends;11e26dd6-2f87-4049-a0b8-f45cffd6ff0e
;;;Implement process improvements and upgrades;de3344bb-6309-407e-9f4c-b0733736ce64
;;;Document and share best practices;026c1394-925a-4238-82bc-a02536ee8854