{
  "money_involved": true,
  "currency_list": [
    {
      "currency": "USD",
      "consideration": "The project is located entirely within the United States (Midwest region), involving domestic capital expenditures for construction, utility payments, and local labor."
    }
  ],
  "primary_currency": "USD",
  "currency_strategy": "The local currency (USD) will be used for all transactions, including facility acquisition, equipment procurement, and payroll. No international exchange risk management is required as the operations and target markets are domestic.",
  "metadata": {
    "context_window": 3900,
    "num_output": 8192,
    "is_chat_model": true,
    "is_function_calling_model": false,
    "model_name": "google/gemini-3-flash-preview",
    "system_role": "system",
    "llm_classname": "OpenRouter_LLM",
    "duration": 2,
    "response_byte_count": 526
  },
  "system_prompt": "You are an expert planning assistant focused on selecting the best currency for projects of varying scales, from trivial personal tasks to large, international endeavors. Given a project description and any location details, produce a JSON output with the following structure:\n\n{\n  \"money_involved\": <Boolean>,\n  \"currency_list\": [\n      {\n         \"currency\": \"<ISO 4217 Code>\",\n         \"consideration\": \"<Brief explanation>\"\n      },\n      ...\n  ],\n  \"primary_currency\": \"<ISO 4217 Code>\",\n  \"currency_strategy\": \"<Brief explanation of currency management strategy>\"\n}\n\nGuidelines:\n\n1. money_involved:\n   - Set to True if the project likely involves financial transactions such as purchasing equipment, paying for services, travel, repairs, lab tests, or any significant expenses requiring budgeting.\n   - Also mark digital, research, or industrial projects as involving money if they require development, data curation, hosting, publication fees, maintenance, or research staff\u2014even if no physical site is needed.\n   - Set to False for trivial or personal tasks with minimal or no financial transactions.\n   - Note: Even for personal tasks, if the issue implies potential expenses (e.g., a broken bike requiring repairs or alternative transportation costs), mark money_involved as True.\n\n2. currency_list:\n   - Provide a list of relevant currencies as objects. Each object should include:\n     - currency: the ISO 4217 code.\n     - consideration: a brief explanation of why this currency is included.\n   - For projects that are clearly local (confined to one country) and not subject to economic instability, list only the local currency.\n   - For projects spanning multiple countries, list the local currencies for the countries involved if relevant.\n   - For projects in regions with multiple European countries, use EUR as the primary currency.\n   - If the project is in a country with known currency instability or hyperinflation, include both the local currency and a stable international currency (e.g., USD) in the list.\n\n3. primary_currency:\n   - If the project description explicitly mentions a specific currency, use that only if it does not conflict with the guidelines below.\n   - For projects that are clearly local in stable economies, use that country's official currency.\n   - For international projects that are not specific to one region, default to \"USD\".\n   - For projects spanning multiple European countries, select \"EUR\" as the primary currency.\n   - For significant projects in countries with notable currency instability (such as Venezuela), **do not use the local currency as primary; instead, set the primary currency to \"USD\"**. The local currency may still be included in the currency_list for local transactions.\n\n4. currency_strategy:\n   - For local projects, simply state that the local currency will be used for all transactions with no additional international risk management needed.\n   - For international projects, provide a brief explanation of how to manage currency risks (e.g., hedging against exchange fluctuations or using cards with no foreign transaction fees).\n   - For projects spanning multiple European countries with \"EUR\" as the primary currency, note that EUR will be used for consolidated budgeting while local currencies may still be used for local transactions.\n   - For projects in countries with currency instability, explain that a stable international currency (e.g., USD) is recommended for budgeting and reporting to mitigate risks from hyperinflation, and that for significant projects the primary currency must be \"USD\".\n\nKey Instructions:\n- Evaluate the project's scale, geographic scope, and local economic conditions using the provided project description and location details.\n- Ensure that no field is left empty when significant expenses are expected.\n- Apply the appropriate currency guidelines based on the project's geographic scope, local economic conditions, and scale.",
  "user_prompt": "File 'plan.txt':\nPlan:\nMe, Larry, and Bubba, we want to open up an indoor shrimp farm somewhere in the Midwest.\n\nToday's date:\n2026-Feb-19\n\nProject start ASAP\n\nFile 'purpose.md':\n**Purpose:** business\n\n**Purpose Detailed:** Entrepreneurship and commercial aquaculture project management\n\n**Topic:** Indoor shrimp farm establishment\n\nFile 'plan_type.md':\nThis plan requires one or more physical locations. It cannot be executed digitally.\n\n**Explanation:** Opening an indoor shrimp farm is a massive physical undertaking. It requires scouting and acquiring a physical location in the Midwest, constructing or retrofitting a facility, installing specialized aquaculture tanks and filtration systems, and physically managing live biological assets (shrimp). Furthermore, it involves in-person collaboration between the partners (Larry and Bubba) and local regulatory inspections.\n\nFile 'strategic_decisions.md':\n## Primary Decisions\nThe vital few decisions that have the most impact.\n\n\nThe 'Vital Few' levers (Infrastructure, Water, Market Depth, Genetics, and Scaling) address the core tension between High Upfront CAPEX/Complexity and Long-term Biological/Financial Resilience. By prioritizing these, the founders manage the fundamental risks of Midwest aquaculture: thermal stability, waste compliance, and margin protection. A missing dimension is 'Feed Supply Strategy,' which represents a major recurring cost and biosecurity risk in shrimp farming.\n\n### Decision 1: Facility Infrastructure Strategy\n**Lever ID:** `e4f54275-63e8-4fbb-8c09-a97f5b35b4cf`\n\n**The Core Decision:** The Facility Infrastructure Strategy lever determines the physical layout, design, and technological sophistication of the shrimp farm. It directly influences costs, scalability, and operational efficiency. Key success metrics include construction costs, energy efficiency, and biosecurity levels. Options range from retrofitting existing structures to deploying cutting-edge subterranean domes with AI monitoring.\n\n**Why It Matters:** Immediate: Lower upfront CAPEX \u2192 Systemic: 30% higher energy loss through poor insulation \u2192 Strategic: Long-term operational fragility against Midwest seasonal temperature extremes.\n\n**Strategic Choices:**\n\n1. Retrofit existing agricultural barns with basic insulation and modular plastic tank systems\n2. Construct purpose-built climate-controlled steel facilities with integrated heat recovery ventilation\n3. Deploy fully automated subterranean bio-secure domes utilizing geothermal heat exchange and AI-monitored life support\n\n**Trade-Off / Risk:** Controls Initial Capital Outlay vs. Operational Thermal Stability. Weakness: The options do not account for the specific zoning challenges of converting livestock barns to aquaculture.\n\n**Strategic Connections:**\n\n**Synergy:** This lever strongly synergizes with the Water Management Philosophy lever, as advanced infrastructure (e.g., subterranean domes) can better support sophisticated water recycling systems like Zero-Exchange Biofloc. It also complements the Biological Sourcing and Genetics lever by enabling controlled environments for specialized breeding programs.\n\n**Conflict:** This lever may conflict with the Operational Scaling Model lever, as highly sophisticated infrastructure (e.g., subterranean domes) could limit the feasibility of rapid, cost-effective scaling. It may also constrain the Capital Allocation Model lever by requiring higher upfront investments, potentially limiting funds for other critical areas.\n\n**Justification:** *Critical*, Critical because it is the primary physical 'hub' lever. It dictates the CAPEX/OPEX balance and determines the viability of all biological and water management systems in the harsh Midwest climate, directly impacting long-term operational fragility.\n\n### Decision 2: Water Management Philosophy\n**Lever ID:** `04962183-0fa8-4342-9ffe-6cfe978f668c`\n\n**The Core Decision:** The Water Management Philosophy lever defines how water is treated, recycled, and discharged within the shrimp farm. It impacts environmental sustainability, operational costs, and regulatory compliance. Success is measured by water usage efficiency, waste discharge levels, and system reliability. Options vary from traditional flow-through to advanced biofloc systems.\n\n**Why It Matters:** Immediate: Simplified plumbing requirements \u2192 Systemic: 15% weekly water replacement costs \u2192 Strategic: Increased regulatory scrutiny regarding saline wastewater discharge permits.\n\n**Strategic Choices:**\n\n1. Traditional flow-through system with periodic saline discharge to local treatment facilities\n2. Standard Recirculating Aquaculture System (RAS) with mechanical filtration and bio-bead reactors\n3. Zero-Exchange Biofloc technology utilizing microbial colonies to recycle waste into supplemental protein\n\n**Trade-Off / Risk:** Controls Technical Complexity vs. Environmental Compliance Costs. Weakness: Biofloc requires high-level microbiological expertise that the current team may lack.\n\n**Strategic Connections:**\n\n**Synergy:** This lever synergizes with the Facility Infrastructure Strategy lever, as more advanced water management systems (e.g., Zero-Exchange Biofloc) benefit from purpose-built or automated facilities. It also supports the Biological Sourcing and Genetics lever by maintaining optimal water conditions for specialized shrimp breeds.\n\n**Conflict:** This lever may conflict with the Market Integration Depth lever, as more sophisticated water systems (e.g., Zero-Exchange Biofloc) could complicate scaling for high-volume wholesale operations. It may also constrain the Operational Labor Model lever by requiring specialized expertise for maintenance.\n\n**Justification:** *Critical*, Critical as it controls the core technical risk and environmental compliance. In an indoor Midwest setting, water recycling efficiency and waste discharge permits are the 'make-or-break' factors for regulatory approval and biological yield.\n\n### Decision 3: Market Integration Depth\n**Lever ID:** `c984ecab-8105-41e7-a88e-2ad687a2810b`\n\n**The Core Decision:** The Market Integration Depth lever outlines the approach to selling shrimp, from basic wholesaling to full vertical integration. It affects revenue streams, brand control, and customer relationships. Key metrics include profit margins, market reach, and customer acquisition costs. Options range from selling to distributors to a 'Pond-to-Plate' model with direct delivery.\n\n**Why It Matters:** Immediate: Faster time to first sale \u2192 Systemic: 40% margin loss to third-party processors \u2192 Strategic: Total dependence on external logistics for perishable inventory.\n\n**Strategic Choices:**\n\n1. Wholesale live-shrimp sales to regional seafood distributors and processing plants\n2. Direct-to-consumer sales via local farmers markets and high-end regional restaurant contracts\n3. Full-stack 'Pond-to-Plate' model including on-site flash-freezing, branded packaging, and subscription delivery\n\n**Trade-Off / Risk:** Controls Revenue Margin vs. Logistical Complexity. Weakness: The radical option ignores the significant USDA/FDA certification hurdles for on-site processing.\n\n**Strategic Connections:**\n\n**Synergy:** This lever synergizes with the Operational Scaling Model lever, as a decentralized franchise model could support regional direct-to-consumer sales. It also complements the Talent Acquisition Approach lever by creating diverse roles for marketing, logistics, and customer service.\n\n**Conflict:** This lever may conflict with the Capital Allocation Model lever, as a full-stack 'Pond-to-Plate' model demands significant investment in logistics, packaging, and marketing. It may also constrain the Biological Sourcing and Genetics lever by requiring rapid, consistent shrimp supply for direct sales.\n\n**Justification:** *High*, High importance because it governs the fundamental revenue model and margin retention. It forces a strategic choice between being a commodity producer or a premium brand, which dictates the necessary scale and logistical complexity.\n\n### Decision 4: Biological Sourcing and Genetics\n**Lever ID:** `347e4fd0-6e04-4fbf-8e87-e27b04c60a02`\n\n**The Core Decision:** The Biological Sourcing and Genetics lever focuses on shrimp broodstock and post-larvae sourcing strategies, balancing cost, consistency, and genetic quality. Success is measured by growth rates, disease resistance, and adaptability to local conditions. Options include purchasing SPF larvae, partnering with providers, or developing in-house CRISPR-enhanced breeding programs.\n\n**Why It Matters:** Immediate: Reduced initial broodstock costs \u2192 Systemic: 20% higher mortality rates \u2192 Strategic: Inability to guarantee year-round supply due to seasonal larvae availability.\n\n**Strategic Choices:**\n\n1. Purchase Specific Pathogen Free (SPF) post-larvae from external coastal hatcheries as needed\n2. Establish a long-term partnership with a single genetic provider for consistent growth traits\n3. In-house closed-loop hatchery utilizing CRISPR-enhanced broodstock for cold-tolerance and rapid growth\n\n**Trade-Off / Risk:** Controls Supply Chain Reliability vs. R&D Investment. Weakness: It fails to address the biosecurity risks of transporting live larvae across state lines.\n\n**Strategic Connections:**\n\n**Synergy:** This lever synergizes with the Water Management Philosophy lever, as advanced water systems can support specialized genetic lines (e.g., cold-tolerant shrimp). It also complements the Facility Infrastructure Strategy lever by benefiting from controlled environments for breeding and growth.\n\n**Conflict:** This lever may conflict with the Operational Scaling Model lever, as in-house breeding programs could slow rapid expansion due to setup time and complexity. It may also constrain the Market Integration Depth lever by requiring additional resources for maintaining genetic quality during scaling.\n\n**Justification:** *High*, High importance due to its impact on supply chain reliability. For a Midwest farm, the ability to secure or produce larvae year-round is a significant strategic bottleneck that controls mortality rates and production consistency.\n\n### Decision 5: Operational Scaling Model\n**Lever ID:** `43b1a316-8d9d-4f00-b776-1aa77312152b`\n\n**The Core Decision:** The Operational Scaling Model lever defines the growth strategy for the shrimp farm, from single-site owner-operator to decentralized franchise models. It influences cost structures, market reach, and management complexity. Key metrics include scalability, operational control, and profitability. Options range from centralized to highly distributed models.\n\n**Why It Matters:** Immediate: Concentrated management focus \u2192 Systemic: Single-point-of-failure risk \u2192 Strategic: Limited ability to capture regional market share before competitors emerge.\n\n**Strategic Choices:**\n\n1. Single-site owner-operator model managed exclusively by the founding partners\n2. Hub-and-spoke expansion utilizing centralized processing with satellite grow-out tanks\n3. Decentralized 'Farm-as-a-Service' franchise model providing tech stacks to local Midwest farmers\n\n**Trade-Off / Risk:** Controls Management Control vs. Geographic Reach. Weakness: The franchise model assumes a level of process standardization that is difficult to achieve in live aquaculture.\n\n**Strategic Connections:**\n\n**Synergy:** This lever synergizes with the Market Integration Depth lever, as a decentralized 'Farm-as-a-Service' model could enable regional customization for direct-to-consumer sales. It also complements the Capital Allocation Model lever by spreading investments across multiple sites and stakeholders.\n\n**Conflict:** This lever may conflict with the Facility Infrastructure Strategy lever, as decentralized models could complicate the implementation of advanced, centralized infrastructure. It may also constrain the Biological Sourcing and Genetics lever by making it harder to maintain genetic consistency across multiple sites.\n\n**Justification:** *High*, High importance as it defines the project's ultimate ceiling. It manages the trade-off between tight founder control and the speed required to capture regional market share before competitors enter the indoor aquaculture space.\n\n---\n## Secondary Decisions\nThese decisions are less significant, but still worth considering.\n\n### Decision 6: Operational Labor Model\n**Lever ID:** `8f148afa-b5ac-4228-be99-1b1dffa76490`\n\n**The Core Decision:** The Operational Labor Model determines how labor is deployed for daily shrimp farm operations. It ranges from a hands-on approach with minimal overhead by relying on the founders, to hiring local staff for routine tasks, to leveraging AI and automation for efficiency. Success metrics include labor costs, operational efficiency, and scalability of processes.\n\n**Why It Matters:** Immediate: High reliance on founder sweat equity \u2192 Systemic: 50% slower scaling due to human bottleneck \u2192 Strategic: Limits the business to a single-site lifestyle operation.\n\n**Strategic Choices:**\n\n1. Execute all daily operations manually between the three founders to minimize overhead\n2. Hire a dedicated facility manager and local hourly staff for routine maintenance\n3. Integrate AI-driven biomass sensors and automated feeding systems to minimize human intervention\n\n**Trade-Off / Risk:** Controls Labor Cost vs. Operational Consistency. Weakness: Does not address the specialized aquaculture expertise required that the founders may lack.\n\n**Strategic Connections:**\n\n**Synergy:** This lever strongly synergizes with the 'Facility Infrastructure Strategy' by enabling scalable automation solutions for labor-intensive tasks. It also aligns with the 'Market Integration Depth' lever by freeing up resources for strategic growth activities.\n\n**Conflict:** Choosing high automation may conflict with the 'Talent Acquisition Approach' if it reduces the need for skilled local hires. It may also complicate the 'Regulatory Engagement Framework' if automated systems face scrutiny or require specialized permits.\n\n**Justification:** *Medium*, Medium importance; while it affects daily efficiency and scaling speed, it is largely a downstream consequence of the chosen Infrastructure and Scaling models rather than a primary driver of the business's existence.\n\n### Decision 7: Location Acquisition Strategy\n**Lever ID:** `ae9cd138-24a0-4e86-8c65-7bcc1b260ea0`\n\n**The Core Decision:** The Location Acquisition Strategy focuses on securing a physical space for the shrimp farm. Options include retrofitting an existing warehouse, converting a manufacturing facility through partnerships, or deploying modular farms using AI-driven systems. Key metrics are upfront costs, scalability, and compliance with local zoning and environmental regulations.\n\n**Why It Matters:** Immediate: Secure a site with existing utility infrastructure \u2192 Systemic: 30% reduction in construction costs through modular retrofits \u2192 Strategic: Enables market entry within 12 months, 20% faster than conventional builds.\n\n**Strategic Choices:**\n\n1. Utilize an existing industrial warehouse in a low\u2011cost county with minimal retrofits\n2. Acquire a former manufacturing facility and retrofit it with modular aquaculture systems under a public\u2011private partnership\n3. Deploy a pop\u2011up modular farm using shipping containers on leased land, integrating AI\u2011driven water recycling and edge\u2011computing monitoring\n\n**Trade-Off / Risk:** Controls Cost Efficiency vs. Speed to Market. Weakness: The options underestimate the impact of local zoning restrictions on site acquisition timelines.\n\n**Strategic Connections:**\n\n**Synergy:** This lever works synergistically with the 'Facility Infrastructure Strategy' by directly influencing the type of systems that can be installed. It also supports the 'Capital Allocation Model' by affecting long-term financial commitments and potential for public funding.\n\n**Conflict:** Selecting a modular farm approach may conflict with the 'Operational Labor Model' if it requires specialized skills for maintenance. It may also complicate the 'Regulatory Engagement Framework' due to the novelty of container-based farming methods.\n\n**Justification:** *Medium*, Medium importance. While essential for the 'ASAP' start, it is a tactical execution of the Facility Infrastructure Strategy. Once a site is secured, its strategic influence diminishes compared to the systems inside it.\n\n### Decision 8: Capital Allocation Model\n**Lever ID:** `cfb3708e-6b7b-4e74-b219-7bfc6c684f21`\n\n**The Core Decision:** The Capital Allocation Model outlines how funding is secured and deployed for the shrimp farm. It includes personal savings, blended loans with grants, or tokenized equity for broader investment. Success is measured by the ability to secure adequate funding, manage financial risk, and optimize cost-efficiency.\n\n**Why It Matters:** Immediate: Lock in initial capital through partner contributions \u2192 Systemic: 40% lower financing costs via equipment leasing \u2192 Strategic: Extends runway for technology scaling while maintaining control.\n\n**Strategic Choices:**\n\n1. Rely on equity financing from personal savings and partner contributions\n2. Secure a blended loan using equipment leasing and state agricultural grants\n3. Issue tokenized equity on a decentralized platform to attract venture capital and community investors\n\n**Trade-Off / Risk:** Controls Dilution vs. Growth Speed. Weakness: The tokenized equity option lacks clear investor protection mechanisms.\n\n**Strategic Connections:**\n\n**Synergy:** This lever complements the 'Location Acquisition Strategy' by aligning funding sources with the chosen facility approach. It also supports the 'Operational Labor Model' by ensuring funds are available for hiring or automation investments.\n\n**Conflict:** Relying on tokenized equity may conflict with the 'Regulatory Engagement Framework' if it introduces complexity in compliance or governance. It may also challenge the 'Talent Acquisition Approach' if investors demand cost-cutting in labor.\n\n**Justification:** *Medium*, Medium importance. It facilitates the project but doesn't define the operational success of the shrimp farm itself. It is a secondary lever that responds to the requirements set by the Infrastructure and Scaling choices.\n\n### Decision 9: Talent Acquisition Approach\n**Lever ID:** `51f7aa37-79f3-46c0-b868-e590a43c1125`\n\n**The Core Decision:** The Talent Acquisition Approach defines the strategy for hiring and training staff for the shrimp farm. It includes hiring local agricultural workers, recruiting specialized engineers, or building a remote AI-managed team. Key metrics are labor quality, cost-effectiveness, and alignment with operational needs.\n\n**Why It Matters:** Immediate: Assemble a core operational crew \u2192 Systemic: 25% faster staffing through targeted recruitment \u2192 Strategic: Reduces training costs by 35% while maintaining expertise.\n\n**Strategic Choices:**\n\n1. Hire local agricultural workers with on\u2011the\u2011job training\n2. Recruit aquaculture engineers from coastal regions with relocation incentives\n3. Build a remote AI\u2011managed operations team using offshore talent and immersive VR training\n\n**Trade-Off / Risk:** Controls Skill Depth vs. Operational Autonomy. Weakness: The offshore AI team option may face integration challenges with on\u2011site equipment.\n\n**Strategic Connections:**\n\n**Synergy:** This lever strengthens the 'Operational Labor Model' by ensuring the right talent is in place for the chosen approach, whether manual, staffed, or automated. It also supports the 'Market Integration Depth' by bringing in expertise for strategic growth.\n\n**Conflict:** Recruiting specialized engineers may conflict with the 'Capital Allocation Model' due to higher costs. It may also complicate the 'Regulatory Engagement Framework' if imported talent faces work permit or local labor law challenges.\n\n**Justification:** *Low*, Low importance because it is redundant with the Operational Labor Model. The choice of 'who' to hire is secondary to the 'how' of the operation (manual vs. automated) defined elsewhere.\n\n### Decision 10: Regulatory Engagement Framework\n**Lever ID:** `d6bf0357-3cab-46e5-b6f3-f56921708d5d`\n\n**The Core Decision:** The Regulatory Engagement Framework determines how the farm navigates legal and compliance requirements. It includes standard county processes, forming coalitions for streamlined approvals, or co-developing regulatory pathways with state agencies. Success is measured by the speed and cost of approvals and the ability to influence favorable policies.\n\n**Why It Matters:** Immediate: Submit permit applications \u2192 Systemic: 50% faster approval timeline through coalition advocacy \u2192 Strategic: Positions the farm as a model for future policy, attracting additional funding.\n\n**Strategic Choices:**\n\n1. Navigate permits through standard county processes with legal counsel\n2. Form a coalition with local chambers to streamline approvals\n3. Launch a pilot program with the state agriculture department to co\u2011develop regulatory pathways for indoor farms\n\n**Trade-Off / Risk:** Controls Compliance Timeline vs. Innovation Freedom. Weakness: The pilot program option may require extensive data that the project currently lacks.\n\n**Strategic Connections:**\n\n**Synergy:** This lever enhances the 'Location Acquisition Strategy' by ensuring compliance and reducing regulatory friction for facility choices. It also supports the 'Capital Allocation Model' by opening access to grants and incentives.\n\n**Conflict:** Engaging in pilot programs with state agencies may conflict with the 'Operational Labor Model' if it delays hiring or operational launch. It may also complicate the 'Market Entry Model' by introducing uncertainty in timelines.\n\n**Justification:** *Medium*, Medium importance. While it can accelerate timelines, it is a supporting function to the Water Management and Location levers, which are the actual subjects of the regulation.\n\n### Decision 11: Market Entry Model\n**Lever ID:** `eab38166-61f9-4905-8c60-5527e04c683b`\n\n**The Core Decision:** The Market Entry Model defines the primary commercial interface and revenue generation strategy for the shrimp farm. It dictates whether the business focuses on high-volume wholesale to local retailers, high-margin direct-to-consumer digital channels, or a diversified agritourism destination. This lever controls the brand identity, customer relationship management, and logistics requirements. Success is measured by customer acquisition costs, price premiums achieved over commodity markets, and the stability of the sales pipeline relative to the biological production cycles of the facility.\n\n**Why It Matters:** Immediate: Establish initial sales channels \u2192 Systemic: Capture 15% market share within two years through diversified channels \u2192 Strategic: Generates multiple revenue streams, reducing reliance on single buyer.\n\n**Strategic Choices:**\n\n1. Supply local restaurants and grocery chains directly\n2. Integrate with subscription meal kits and direct\u2011to\u2011consumer e\u2011commerce\n3. Create a farm\u2011to\u2011table agritourism experience with on\u2011site dining and educational tours\n\n**Trade-Off / Risk:** Controls Revenue Diversification vs. Operational Complexity. Weakness: The agritourism option may strain limited management capacity.\n\n**Strategic Connections:**\n\n**Synergy:** This lever strongly enhances Market Integration Depth by defining the specific touchpoints where the brand adds value. It also works in tandem with the Operational Scaling Model; for instance, a direct-to-consumer model provides the higher margins necessary to fund rapid facility expansion and technological upgrades across the Midwest.\n\n**Conflict:** A significant conflict exists with the Operational Labor Model, as an agritourism approach requires hospitality-trained staff rather than just aquaculture technicians. Furthermore, it constrains the Facility Infrastructure Strategy, as on-site dining or tours necessitate public-facing amenities and safety compliance that differ from a strictly industrial production environment.\n\n**Justification:** *Low*, Low importance as it overlaps significantly with Market Integration Depth. The strategic decision of 'how deep' to go in the value chain is more foundational than the specific 'entry' channel.\n\n\nFile 'scenarios.md':\n# Choosing Our Strategic Path\n## The Strategic Context\nUnderstanding the core ambitions and constraints that guide our decision.\n\n**Ambition and Scale:** Moderate to high ambition targeting regional commercial scale with a physical indoor shrimp farm in the Midwest.\n\n**Risk and Novelty:** Moderate risk with incremental novelty; the project is physically demanding but not groundbreaking.\n\n**Complexity and Constraints:** High operational complexity, significant capital investment, and regulatory hurdles related to location, construction, and bio\u2011security.\n\n**Domain and Tone:** Commercial aquaculture business, entrepreneurial and practical tone.\n\n**Holistic Profile:** A physically intensive, moderately ambitious commercial venture requiring substantial infrastructure, balancing growth aspirations with manageable risk and regulatory compliance.\n\n---\n## The Path Forward\nThis scenario aligns best with the project's characteristics and goals.\n\n### The Builder's Foundation\n**Strategic Logic:** This scenario focuses on a balanced approach that blends proven technologies with strategic innovation to create a scalable and resilient business model. It aims for steady growth by optimizing costs, managing risks, and building strong local partnerships while gradually expanding market reach.\n\n**Fit Score:** 9/10\n\n**Why This Path Was Chosen:** Balanced use of proven technology and moderate risk aligns well with the plan\u2019s physical and commercial focus.\n\n**Key Strategic Decisions:**\n\n- **Facility Infrastructure Strategy:** Construct purpose-built climate-controlled steel facilities with integrated heat recovery ventilation\n- **Water Management Philosophy:** Standard Recirculating Aquaculture System (RAS) with mechanical filtration and bio-bead reactors\n- **Market Integration Depth:** Direct-to-consumer sales via local farmers markets and high-end regional restaurant contracts\n- **Biological Sourcing and Genetics:** Establish a long-term partnership with a single genetic provider for consistent growth traits\n- **Operational Scaling Model:** Hub-and-spoke expansion utilizing centralized processing with satellite grow-out tanks\n\n**The Decisive Factors:**\n\n- The plan\u2019s ambition targets regional commercial scale with a physical Midwest facility, aligning with the Builder\u2019s balanced, scalable approach.\n- Its risk is moderate; the Builder\u2019s relies on proven RAS and genetic partnerships, matching the plan\u2019s manageable novelty.\n- Complexity is high, but the Builder\u2019s uses purpose\u2011built climate\u2011controlled steel facilities and hub\u2011and\u2011spoke expansion, providing controlled growth while avoiding the extreme capital and regulatory burdens of the Pioneer\u2019s Gambit.\n- The Consolidator\u2019s Path is overly conservative, lacking the innovation needed for market differentiation.\n- Additionally, the Builder\u2019s balances upfront investment with long\u2011term stability and leverages local partnerships and direct\u2011to\u2011consumer channels, ensuring sustainable profitability and growth.\n\n---\n## Alternative Paths\n### The Pioneer's Gambit\n**Strategic Logic:** This scenario embraces cutting-edge technology and a bold market approach to establish a dominant position in the Midwest shrimp farming industry. It prioritizes innovation, scalability, and a premium product offering, accepting higher initial costs and complexity in exchange for long-term growth and competitive advantage.\n\n**Fit Score:** 6/10\n\n**Assessment of this Path:** High ambition and novelty but excessive complexity and capital risk make it a partial fit.\n\n**Key Strategic Decisions:**\n\n- **Facility Infrastructure Strategy:** Deploy fully automated subterranean bio-secure domes utilizing geothermal heat exchange and AI-monitored life support\n- **Water Management Philosophy:** Zero-Exchange Biofloc technology utilizing microbial colonies to recycle waste into supplemental protein\n- **Market Integration Depth:** Full-stack 'Pond-to-Plate' model including on-site flash-freezing, branded packaging, and subscription delivery\n- **Biological Sourcing and Genetics:** In-house closed-loop hatchery utilizing CRISPR-enhanced broodstock for cold-tolerance and rapid growth\n- **Operational Scaling Model:** Decentralized 'Farm-as-a-Service' franchise model providing tech stacks to local Midwest farmers\n\n### The Consolidator's Path\n**Strategic Logic:** This scenario prioritizes stability, cost-efficiency, and risk mitigation by leveraging existing infrastructure and proven technologies. It focuses on incremental growth, minimizing upfront investment, and ensuring compliance with local regulations while targeting reliable revenue streams through established distribution channels.\n\n**Fit Score:** 5/10\n\n**Assessment of this Path:** Too conservative and low\u2011risk, lacking the strategic ambition and innovation required.\n\n**Key Strategic Decisions:**\n\n- **Facility Infrastructure Strategy:** Retrofit existing agricultural barns with basic insulation and modular plastic tank systems\n- **Water Management Philosophy:** Traditional flow-through system with periodic saline discharge to local treatment facilities\n- **Market Integration Depth:** Wholesale live-shrimp sales to regional seafood distributors and processing plants\n- **Biological Sourcing and Genetics:** Purchase Specific Pathogen Free (SPF) post-larvae from external coastal hatcheries as needed\n- **Operational Scaling Model:** Single-site owner-operator model managed exclusively by the founding partners\n\n\nFile 'physical_locations.md':\nThis plan implies one or more physical locations.\n\n## Requirements for physical locations\n\n- Located within the US Midwest region\n- Zoning allowance for aquaculture or light industrial use\n- Access to high-capacity water and electrical utilities\n- Proximity to high-end regional restaurant hubs\n- Climate-controlled or insulated structure suitability\n- Compliance with saline wastewater discharge regulations\n\n## Location 1\nUSA\n\nIndianapolis, Indiana\n\nIndustrial Corridor / Near I-465\n\n**Rationale**: Indiana has a supportive regulatory environment for aquaculture. Indianapolis provides a central Midwest hub with excellent logistics for 'Pond-to-Plate' distribution and proximity to a large concentration of high-end restaurants.\n\n## Location 2\nUSA\n\nDes Moines, Iowa\n\nAgricultural-Industrial Zones\n\n**Rationale**: Iowa offers strong agricultural infrastructure and potential for public-private partnerships. Des Moines is a growing culinary market and provides access to a workforce familiar with large-scale biological asset management.\n\n## Location 3\nUSA\n\nColumbus, Ohio\n\nRickenbacker International Airport Area\n\n**Rationale**: Columbus is one of the fastest-growing cities in the Midwest. The area near the logistics hub offers the specialized industrial space needed for purpose-built steel facilities and easy access to major regional markets like Cleveland and Cincinnati.\n\n## Location Summary\nThe plan explicitly targets the US Midwest for an indoor shrimp farm. The suggested locations in Indiana, Iowa, and Ohio were selected based on their robust agricultural heritage, favorable utility access for Recirculating Aquaculture Systems (RAS), and strategic proximity to the high-end restaurant contracts defined in the 'Builder's Foundation' strategic path."
}