[
  {
    "lever_id": "e4f54275-63e8-4fbb-8c09-a97f5b35b4cf",
    "name": "Facility Infrastructure Strategy",
    "consequences": "Immediate: Lower upfront CAPEX \u2192 Systemic: 30% higher energy loss through poor insulation \u2192 Strategic: Long-term operational fragility against Midwest seasonal temperature extremes.",
    "options": [
      "Retrofit existing agricultural barns with basic insulation and modular plastic tank systems",
      "Construct purpose-built climate-controlled steel facilities with integrated heat recovery ventilation",
      "Deploy fully automated subterranean bio-secure domes utilizing geothermal heat exchange and AI-monitored life support"
    ],
    "review": "Controls Initial Capital Outlay vs. Operational Thermal Stability. Weakness: The options do not account for the specific zoning challenges of converting livestock barns to aquaculture."
  },
  {
    "lever_id": "04962183-0fa8-4342-9ffe-6cfe978f668c",
    "name": "Water Management Philosophy",
    "consequences": "Immediate: Simplified plumbing requirements \u2192 Systemic: 15% weekly water replacement costs \u2192 Strategic: Increased regulatory scrutiny regarding saline wastewater discharge permits.",
    "options": [
      "Traditional flow-through system with periodic saline discharge to local treatment facilities",
      "Standard Recirculating Aquaculture System (RAS) with mechanical filtration and bio-bead reactors",
      "Zero-Exchange Biofloc technology utilizing microbial colonies to recycle waste into supplemental protein"
    ],
    "review": "Controls Technical Complexity vs. Environmental Compliance Costs. Weakness: Biofloc requires high-level microbiological expertise that the current team may lack."
  },
  {
    "lever_id": "c984ecab-8105-41e7-a88e-2ad687a2810b",
    "name": "Market Integration Depth",
    "consequences": "Immediate: Faster time to first sale \u2192 Systemic: 40% margin loss to third-party processors \u2192 Strategic: Total dependence on external logistics for perishable inventory.",
    "options": [
      "Wholesale live-shrimp sales to regional seafood distributors and processing plants",
      "Direct-to-consumer sales via local farmers markets and high-end regional restaurant contracts",
      "Full-stack 'Pond-to-Plate' model including on-site flash-freezing, branded packaging, and subscription delivery"
    ],
    "review": "Controls Revenue Margin vs. Logistical Complexity. Weakness: The radical option ignores the significant USDA/FDA certification hurdles for on-site processing."
  },
  {
    "lever_id": "347e4fd0-6e04-4fbf-8e87-e27b04c60a02",
    "name": "Biological Sourcing and Genetics",
    "consequences": "Immediate: Reduced initial broodstock costs \u2192 Systemic: 20% higher mortality rates \u2192 Strategic: Inability to guarantee year-round supply due to seasonal larvae availability.",
    "options": [
      "Purchase Specific Pathogen Free (SPF) post-larvae from external coastal hatcheries as needed",
      "Establish a long-term partnership with a single genetic provider for consistent growth traits",
      "In-house closed-loop hatchery utilizing CRISPR-enhanced broodstock for cold-tolerance and rapid growth"
    ],
    "review": "Controls Supply Chain Reliability vs. R&D Investment. Weakness: It fails to address the biosecurity risks of transporting live larvae across state lines."
  },
  {
    "lever_id": "43b1a316-8d9d-4f00-b776-1aa77312152b",
    "name": "Operational Scaling Model",
    "consequences": "Immediate: Concentrated management focus \u2192 Systemic: Single-point-of-failure risk \u2192 Strategic: Limited ability to capture regional market share before competitors emerge.",
    "options": [
      "Single-site owner-operator model managed exclusively by the founding partners",
      "Hub-and-spoke expansion utilizing centralized processing with satellite grow-out tanks",
      "Decentralized 'Farm-as-a-Service' franchise model providing tech stacks to local Midwest farmers"
    ],
    "review": "Controls Management Control vs. Geographic Reach. Weakness: The franchise model assumes a level of process standardization that is difficult to achieve in live aquaculture."
  },
  {
    "lever_id": "691fe9f1-c275-498e-adbc-06f0a4f22add",
    "name": "Facility Infrastructure Strategy",
    "consequences": "Immediate: Reduced upfront CAPEX \u2192 Systemic: 30% higher maintenance costs due to insulation inefficiencies \u2192 Strategic: Lowered barrier to entry but increased long-term operational fragility.",
    "options": [
      "Retrofit existing agricultural pole barns with modular plastic tank inserts",
      "Construct a purpose-built climate-controlled facility with integrated concrete raceways",
      "Deploy a fully automated 'Farm-in-a-Box' containerized system with remote environmental monitoring"
    ],
    "review": "Controls Initial Capital Outlay vs. Operational Efficiency. Weakness: The options do not account for the specific zoning challenges of converting livestock buildings to aquaculture."
  },
  {
    "lever_id": "f91da8cd-1bba-497e-ace4-cc733c90aa76",
    "name": "Water Management Philosophy",
    "consequences": "Immediate: Higher water discharge volume \u2192 Systemic: 20% increase in regulatory scrutiny and permit delays \u2192 Strategic: Trade-off between simple plumbing and complex environmental compliance.",
    "options": [
      "Utilize a flow-through system with heavy reliance on local municipal water and discharge",
      "Implement a closed-loop Recirculating Aquaculture System (RAS) with bio-filtration",
      "Adopt Zero-Exchange Biofloc technology using microbial communities to process waste in-situ"
    ],
    "review": "Controls Biological Stability vs. Technical Complexity. Weakness: Fails to address the specific cost of synthetic sea salt required for inland Midwest operations."
  },
  {
    "lever_id": "d4173c25-a69d-4658-9bd0-0f3ab22006cf",
    "name": "Market Positioning and Distribution",
    "consequences": "Immediate: Higher price per pound \u2192 Systemic: 40% reduction in addressable market size \u2192 Strategic: Shifts focus from volume-based commodity sales to high-margin niche branding.",
    "options": [
      "Sell bulk frozen product to regional seafood wholesalers and food service distributors",
      "Market 'Fresh-Never-Frozen' premium shrimp directly to local high-end restaurants and farmers markets",
      "Establish a 'U-Pick' agritourism destination with on-site processing and subscription-based farm shares"
    ],
    "review": "Controls Revenue Margin vs. Scalability. Weakness: The options ignore the logistical nightmare of cold-chain management for small-scale inland producers."
  },
  {
    "lever_id": "8f148afa-b5ac-4228-be99-1b1dffa76490",
    "name": "Operational Labor Model",
    "consequences": "Immediate: High reliance on founder sweat equity \u2192 Systemic: 50% slower scaling due to human bottleneck \u2192 Strategic: Limits the business to a single-site lifestyle operation.",
    "options": [
      "Execute all daily operations manually between the three founders to minimize overhead",
      "Hire a dedicated facility manager and local hourly staff for routine maintenance",
      "Integrate AI-driven biomass sensors and automated feeding systems to minimize human intervention"
    ],
    "review": "Controls Labor Cost vs. Operational Consistency. Weakness: Does not address the specialized aquaculture expertise required that the founders may lack."
  },
  {
    "lever_id": "1c17ba80-765c-4b2e-9f72-e60147111766",
    "name": "Supply Chain Integration",
    "consequences": "Immediate: Increased dependency on external hatcheries \u2192 Systemic: 15% risk of total crop loss during transport \u2192 Strategic: Forces a choice between operational focus and vertical resilience.",
    "options": [
      "Purchase Post-Larvae (PL) from coastal hatcheries on a per-cycle basis",
      "Form a long-term exclusive supply contract with a single genetic provider",
      "Establish an on-site hatchery and nursery to control the full life cycle from broodstock"
    ],
    "review": "Controls Supply Chain Risk vs. Capital Intensity. Weakness: The radical option significantly increases the biological complexity beyond the core competency of grow-out."
  },
  {
    "lever_id": "ae9cd138-24a0-4e86-8c65-7bcc1b260ea0",
    "name": "Location Acquisition Strategy",
    "consequences": "Immediate: Secure a site with existing utility infrastructure \u2192 Systemic: 30% reduction in construction costs through modular retrofits \u2192 Strategic: Enables market entry within 12 months, 20% faster than conventional builds.",
    "options": [
      "Utilize an existing industrial warehouse in a low\u2011cost county with minimal retrofits",
      "Acquire a former manufacturing facility and retrofit it with modular aquaculture systems under a public\u2011private partnership",
      "Deploy a pop\u2011up modular farm using shipping containers on leased land, integrating AI\u2011driven water recycling and edge\u2011computing monitoring"
    ],
    "review": "Controls Cost Efficiency vs. Speed to Market. Weakness: The options underestimate the impact of local zoning restrictions on site acquisition timelines."
  },
  {
    "lever_id": "cfb3708e-6b7b-4e74-b219-7bfc6c684f21",
    "name": "Capital Allocation Model",
    "consequences": "Immediate: Lock in initial capital through partner contributions \u2192 Systemic: 40% lower financing costs via equipment leasing \u2192 Strategic: Extends runway for technology scaling while maintaining control.",
    "options": [
      "Rely on equity financing from personal savings and partner contributions",
      "Secure a blended loan using equipment leasing and state agricultural grants",
      "Issue tokenized equity on a decentralized platform to attract venture capital and community investors"
    ],
    "review": "Controls Dilution vs. Growth Speed. Weakness: The tokenized equity option lacks clear investor protection mechanisms."
  },
  {
    "lever_id": "51f7aa37-79f3-46c0-b868-e590a43c1125",
    "name": "Talent Acquisition Approach",
    "consequences": "Immediate: Assemble a core operational crew \u2192 Systemic: 25% faster staffing through targeted recruitment \u2192 Strategic: Reduces training costs by 35% while maintaining expertise.",
    "options": [
      "Hire local agricultural workers with on\u2011the\u2011job training",
      "Recruit aquaculture engineers from coastal regions with relocation incentives",
      "Build a remote AI\u2011managed operations team using offshore talent and immersive VR training"
    ],
    "review": "Controls Skill Depth vs. Operational Autonomy. Weakness: The offshore AI team option may face integration challenges with on\u2011site equipment."
  },
  {
    "lever_id": "d6bf0357-3cab-46e5-b6f3-f56921708d5d",
    "name": "Regulatory Engagement Framework",
    "consequences": "Immediate: Submit permit applications \u2192 Systemic: 50% faster approval timeline through coalition advocacy \u2192 Strategic: Positions the farm as a model for future policy, attracting additional funding.",
    "options": [
      "Navigate permits through standard county processes with legal counsel",
      "Form a coalition with local chambers to streamline approvals",
      "Launch a pilot program with the state agriculture department to co\u2011develop regulatory pathways for indoor farms"
    ],
    "review": "Controls Compliance Timeline vs. Innovation Freedom. Weakness: The pilot program option may require extensive data that the project currently lacks."
  },
  {
    "lever_id": "eab38166-61f9-4905-8c60-5527e04c683b",
    "name": "Market Entry Model",
    "consequences": "Immediate: Establish initial sales channels \u2192 Systemic: Capture 15% market share within two years through diversified channels \u2192 Strategic: Generates multiple revenue streams, reducing reliance on single buyer.",
    "options": [
      "Supply local restaurants and grocery chains directly",
      "Integrate with subscription meal kits and direct\u2011to\u2011consumer e\u2011commerce",
      "Create a farm\u2011to\u2011table agritourism experience with on\u2011site dining and educational tours"
    ],
    "review": "Controls Revenue Diversification vs. Operational Complexity. Weakness: The agritourism option may strain limited management capacity."
  }
]