{
  "analysis_title": "Strategic Pathways for Midwest Indoor Shrimp Farming",
  "core_tension": "The central tension is between maximizing innovation and market potential while managing the risks and costs associated with scaling a novel aquaculture venture in the Midwest.",
  "scenarios": [
    {
      "scenario_name": "The Pioneer's Gambit",
      "strategic_logic": "This scenario embraces cutting-edge technology and a bold market approach to establish a dominant position in the Midwest shrimp farming industry. It prioritizes innovation, scalability, and a premium product offering, accepting higher initial costs and complexity in exchange for long-term growth and competitive advantage.",
      "lever_settings": {
        "Facility Infrastructure Strategy": "Deploy fully automated subterranean bio-secure domes utilizing geothermal heat exchange and AI-monitored life support",
        "Water Management Philosophy": "Zero-Exchange Biofloc technology utilizing microbial colonies to recycle waste into supplemental protein",
        "Market Integration Depth": "Full-stack 'Pond-to-Plate' model including on-site flash-freezing, branded packaging, and subscription delivery",
        "Biological Sourcing and Genetics": "In-house closed-loop hatchery utilizing CRISPR-enhanced broodstock for cold-tolerance and rapid growth",
        "Operational Scaling Model": "Decentralized 'Farm-as-a-Service' franchise model providing tech stacks to local Midwest farmers"
      }
    },
    {
      "scenario_name": "The Builder's Foundation",
      "strategic_logic": "This scenario focuses on a balanced approach that blends proven technologies with strategic innovation to create a scalable and resilient business model. It aims for steady growth by optimizing costs, managing risks, and building strong local partnerships while gradually expanding market reach.",
      "lever_settings": {
        "Facility Infrastructure Strategy": "Construct purpose-built climate-controlled steel facilities with integrated heat recovery ventilation",
        "Water Management Philosophy": "Standard Recirculating Aquaculture System (RAS) with mechanical filtration and bio-bead reactors",
        "Market Integration Depth": "Direct-to-consumer sales via local farmers markets and high-end regional restaurant contracts",
        "Biological Sourcing and Genetics": "Establish a long-term partnership with a single genetic provider for consistent growth traits",
        "Operational Scaling Model": "Hub-and-spoke expansion utilizing centralized processing with satellite grow-out tanks"
      }
    },
    {
      "scenario_name": "The Consolidator's Path",
      "strategic_logic": "This scenario prioritizes stability, cost-efficiency, and risk mitigation by leveraging existing infrastructure and proven technologies. It focuses on incremental growth, minimizing upfront investment, and ensuring compliance with local regulations while targeting reliable revenue streams through established distribution channels.",
      "lever_settings": {
        "Facility Infrastructure Strategy": "Retrofit existing agricultural barns with basic insulation and modular plastic tank systems",
        "Water Management Philosophy": "Traditional flow-through system with periodic saline discharge to local treatment facilities",
        "Market Integration Depth": "Wholesale live-shrimp sales to regional seafood distributors and processing plants",
        "Biological Sourcing and Genetics": "Purchase Specific Pathogen Free (SPF) post-larvae from external coastal hatcheries as needed",
        "Operational Scaling Model": "Single-site owner-operator model managed exclusively by the founding partners"
      }
    }
  ]
}