{
  "response": {
    "lever_assessments": [
      {
        "lever_id": "e4f54275-63e8-4fbb-8c09-a97f5b35b4cf",
        "lever_name": "Facility Infrastructure Strategy",
        "strategic_importance": "Critical",
        "justification": "Critical because it is the primary physical 'hub' lever. It dictates the CAPEX/OPEX balance and determines the viability of all biological and water management systems in the harsh Midwest climate, directly impacting long-term operational fragility."
      },
      {
        "lever_id": "04962183-0fa8-4342-9ffe-6cfe978f668c",
        "lever_name": "Water Management Philosophy",
        "strategic_importance": "Critical",
        "justification": "Critical as it controls the core technical risk and environmental compliance. In an indoor Midwest setting, water recycling efficiency and waste discharge permits are the 'make-or-break' factors for regulatory approval and biological yield."
      },
      {
        "lever_id": "c984ecab-8105-41e7-a88e-2ad687a2810b",
        "lever_name": "Market Integration Depth",
        "strategic_importance": "High",
        "justification": "High importance because it governs the fundamental revenue model and margin retention. It forces a strategic choice between being a commodity producer or a premium brand, which dictates the necessary scale and logistical complexity."
      },
      {
        "lever_id": "347e4fd0-6e04-4fbf-8e87-e27b04c60a02",
        "lever_name": "Biological Sourcing and Genetics",
        "strategic_importance": "High",
        "justification": "High importance due to its impact on supply chain reliability. For a Midwest farm, the ability to secure or produce larvae year-round is a significant strategic bottleneck that controls mortality rates and production consistency."
      },
      {
        "lever_id": "43b1a316-8d9d-4f00-b776-1aa77312152b",
        "lever_name": "Operational Scaling Model",
        "strategic_importance": "High",
        "justification": "High importance as it defines the project's ultimate ceiling. It manages the trade-off between tight founder control and the speed required to capture regional market share before competitors enter the indoor aquaculture space."
      },
      {
        "lever_id": "8f148afa-b5ac-4228-be99-1b1dffa76490",
        "lever_name": "Operational Labor Model",
        "strategic_importance": "Medium",
        "justification": "Medium importance; while it affects daily efficiency and scaling speed, it is largely a downstream consequence of the chosen Infrastructure and Scaling models rather than a primary driver of the business's existence."
      },
      {
        "lever_id": "ae9cd138-24a0-4e86-8c65-7bcc1b260ea0",
        "lever_name": "Location Acquisition Strategy",
        "strategic_importance": "Medium",
        "justification": "Medium importance. While essential for the 'ASAP' start, it is a tactical execution of the Facility Infrastructure Strategy. Once a site is secured, its strategic influence diminishes compared to the systems inside it."
      },
      {
        "lever_id": "cfb3708e-6b7b-4e74-b219-7bfc6c684f21",
        "lever_name": "Capital Allocation Model",
        "strategic_importance": "Medium",
        "justification": "Medium importance. It facilitates the project but doesn't define the operational success of the shrimp farm itself. It is a secondary lever that responds to the requirements set by the Infrastructure and Scaling choices."
      },
      {
        "lever_id": "51f7aa37-79f3-46c0-b868-e590a43c1125",
        "lever_name": "Talent Acquisition Approach",
        "strategic_importance": "Low",
        "justification": "Low importance because it is redundant with the Operational Labor Model. The choice of 'who' to hire is secondary to the 'how' of the operation (manual vs. automated) defined elsewhere."
      },
      {
        "lever_id": "d6bf0357-3cab-46e5-b6f3-f56921708d5d",
        "lever_name": "Regulatory Engagement Framework",
        "strategic_importance": "Medium",
        "justification": "Medium importance. While it can accelerate timelines, it is a supporting function to the Water Management and Location levers, which are the actual subjects of the regulation."
      },
      {
        "lever_id": "eab38166-61f9-4905-8c60-5527e04c683b",
        "lever_name": "Market Entry Model",
        "strategic_importance": "Low",
        "justification": "Low importance as it overlaps significantly with Market Integration Depth. The strategic decision of 'how deep' to go in the value chain is more foundational than the specific 'entry' channel."
      }
    ],
    "summary": "The 'Vital Few' levers (Infrastructure, Water, Market Depth, Genetics, and Scaling) address the core tension between High Upfront CAPEX/Complexity and Long-term Biological/Financial Resilience. By prioritizing these, the founders manage the fundamental risks of Midwest aquaculture: thermal stability, waste compliance, and margin protection. A missing dimension is 'Feed Supply Strategy,' which represents a major recurring cost and biosecurity risk in shrimp farming."
  },
  "levers": [
    {
      "lever_id": "e4f54275-63e8-4fbb-8c09-a97f5b35b4cf",
      "name": "Facility Infrastructure Strategy",
      "consequences": "Immediate: Lower upfront CAPEX \u2192 Systemic: 30% higher energy loss through poor insulation \u2192 Strategic: Long-term operational fragility against Midwest seasonal temperature extremes.",
      "options": [
        "Retrofit existing agricultural barns with basic insulation and modular plastic tank systems",
        "Construct purpose-built climate-controlled steel facilities with integrated heat recovery ventilation",
        "Deploy fully automated subterranean bio-secure domes utilizing geothermal heat exchange and AI-monitored life support"
      ],
      "review": "Controls Initial Capital Outlay vs. Operational Thermal Stability. Weakness: The options do not account for the specific zoning challenges of converting livestock barns to aquaculture.",
      "description": "The Facility Infrastructure Strategy lever determines the physical layout, design, and technological sophistication of the shrimp farm. It directly influences costs, scalability, and operational efficiency. Key success metrics include construction costs, energy efficiency, and biosecurity levels. Options range from retrofitting existing structures to deploying cutting-edge subterranean domes with AI monitoring.",
      "synergy_text": "This lever strongly synergizes with the Water Management Philosophy lever, as advanced infrastructure (e.g., subterranean domes) can better support sophisticated water recycling systems like Zero-Exchange Biofloc. It also complements the Biological Sourcing and Genetics lever by enabling controlled environments for specialized breeding programs.",
      "conflict_text": "This lever may conflict with the Operational Scaling Model lever, as highly sophisticated infrastructure (e.g., subterranean domes) could limit the feasibility of rapid, cost-effective scaling. It may also constrain the Capital Allocation Model lever by requiring higher upfront investments, potentially limiting funds for other critical areas."
    },
    {
      "lever_id": "04962183-0fa8-4342-9ffe-6cfe978f668c",
      "name": "Water Management Philosophy",
      "consequences": "Immediate: Simplified plumbing requirements \u2192 Systemic: 15% weekly water replacement costs \u2192 Strategic: Increased regulatory scrutiny regarding saline wastewater discharge permits.",
      "options": [
        "Traditional flow-through system with periodic saline discharge to local treatment facilities",
        "Standard Recirculating Aquaculture System (RAS) with mechanical filtration and bio-bead reactors",
        "Zero-Exchange Biofloc technology utilizing microbial colonies to recycle waste into supplemental protein"
      ],
      "review": "Controls Technical Complexity vs. Environmental Compliance Costs. Weakness: Biofloc requires high-level microbiological expertise that the current team may lack.",
      "description": "The Water Management Philosophy lever defines how water is treated, recycled, and discharged within the shrimp farm. It impacts environmental sustainability, operational costs, and regulatory compliance. Success is measured by water usage efficiency, waste discharge levels, and system reliability. Options vary from traditional flow-through to advanced biofloc systems.",
      "synergy_text": "This lever synergizes with the Facility Infrastructure Strategy lever, as more advanced water management systems (e.g., Zero-Exchange Biofloc) benefit from purpose-built or automated facilities. It also supports the Biological Sourcing and Genetics lever by maintaining optimal water conditions for specialized shrimp breeds.",
      "conflict_text": "This lever may conflict with the Market Integration Depth lever, as more sophisticated water systems (e.g., Zero-Exchange Biofloc) could complicate scaling for high-volume wholesale operations. It may also constrain the Operational Labor Model lever by requiring specialized expertise for maintenance."
    },
    {
      "lever_id": "c984ecab-8105-41e7-a88e-2ad687a2810b",
      "name": "Market Integration Depth",
      "consequences": "Immediate: Faster time to first sale \u2192 Systemic: 40% margin loss to third-party processors \u2192 Strategic: Total dependence on external logistics for perishable inventory.",
      "options": [
        "Wholesale live-shrimp sales to regional seafood distributors and processing plants",
        "Direct-to-consumer sales via local farmers markets and high-end regional restaurant contracts",
        "Full-stack 'Pond-to-Plate' model including on-site flash-freezing, branded packaging, and subscription delivery"
      ],
      "review": "Controls Revenue Margin vs. Logistical Complexity. Weakness: The radical option ignores the significant USDA/FDA certification hurdles for on-site processing.",
      "description": "The Market Integration Depth lever outlines the approach to selling shrimp, from basic wholesaling to full vertical integration. It affects revenue streams, brand control, and customer relationships. Key metrics include profit margins, market reach, and customer acquisition costs. Options range from selling to distributors to a 'Pond-to-Plate' model with direct delivery.",
      "synergy_text": "This lever synergizes with the Operational Scaling Model lever, as a decentralized franchise model could support regional direct-to-consumer sales. It also complements the Talent Acquisition Approach lever by creating diverse roles for marketing, logistics, and customer service.",
      "conflict_text": "This lever may conflict with the Capital Allocation Model lever, as a full-stack 'Pond-to-Plate' model demands significant investment in logistics, packaging, and marketing. It may also constrain the Biological Sourcing and Genetics lever by requiring rapid, consistent shrimp supply for direct sales."
    },
    {
      "lever_id": "347e4fd0-6e04-4fbf-8e87-e27b04c60a02",
      "name": "Biological Sourcing and Genetics",
      "consequences": "Immediate: Reduced initial broodstock costs \u2192 Systemic: 20% higher mortality rates \u2192 Strategic: Inability to guarantee year-round supply due to seasonal larvae availability.",
      "options": [
        "Purchase Specific Pathogen Free (SPF) post-larvae from external coastal hatcheries as needed",
        "Establish a long-term partnership with a single genetic provider for consistent growth traits",
        "In-house closed-loop hatchery utilizing CRISPR-enhanced broodstock for cold-tolerance and rapid growth"
      ],
      "review": "Controls Supply Chain Reliability vs. R&D Investment. Weakness: It fails to address the biosecurity risks of transporting live larvae across state lines.",
      "description": "The Biological Sourcing and Genetics lever focuses on shrimp broodstock and post-larvae sourcing strategies, balancing cost, consistency, and genetic quality. Success is measured by growth rates, disease resistance, and adaptability to local conditions. Options include purchasing SPF larvae, partnering with providers, or developing in-house CRISPR-enhanced breeding programs.",
      "synergy_text": "This lever synergizes with the Water Management Philosophy lever, as advanced water systems can support specialized genetic lines (e.g., cold-tolerant shrimp). It also complements the Facility Infrastructure Strategy lever by benefiting from controlled environments for breeding and growth.",
      "conflict_text": "This lever may conflict with the Operational Scaling Model lever, as in-house breeding programs could slow rapid expansion due to setup time and complexity. It may also constrain the Market Integration Depth lever by requiring additional resources for maintaining genetic quality during scaling."
    },
    {
      "lever_id": "43b1a316-8d9d-4f00-b776-1aa77312152b",
      "name": "Operational Scaling Model",
      "consequences": "Immediate: Concentrated management focus \u2192 Systemic: Single-point-of-failure risk \u2192 Strategic: Limited ability to capture regional market share before competitors emerge.",
      "options": [
        "Single-site owner-operator model managed exclusively by the founding partners",
        "Hub-and-spoke expansion utilizing centralized processing with satellite grow-out tanks",
        "Decentralized 'Farm-as-a-Service' franchise model providing tech stacks to local Midwest farmers"
      ],
      "review": "Controls Management Control vs. Geographic Reach. Weakness: The franchise model assumes a level of process standardization that is difficult to achieve in live aquaculture.",
      "description": "The Operational Scaling Model lever defines the growth strategy for the shrimp farm, from single-site owner-operator to decentralized franchise models. It influences cost structures, market reach, and management complexity. Key metrics include scalability, operational control, and profitability. Options range from centralized to highly distributed models.",
      "synergy_text": "This lever synergizes with the Market Integration Depth lever, as a decentralized 'Farm-as-a-Service' model could enable regional customization for direct-to-consumer sales. It also complements the Capital Allocation Model lever by spreading investments across multiple sites and stakeholders.",
      "conflict_text": "This lever may conflict with the Facility Infrastructure Strategy lever, as decentralized models could complicate the implementation of advanced, centralized infrastructure. It may also constrain the Biological Sourcing and Genetics lever by making it harder to maintain genetic consistency across multiple sites."
    }
  ],
  "metadata": {
    "context_window": 3900,
    "num_output": 8192,
    "is_chat_model": true,
    "is_function_calling_model": false,
    "model_name": "google/gemini-3-flash-preview",
    "system_role": "system",
    "llm_classname": "OpenRouter_LLM"
  },
  "system_prompt": "You are a Chief Strategy Officer (CSO) responsible for guiding high-stakes projects. Your task is to apply the 80/20 principle to a list of strategic levers, identifying the \"vital few\" that will drive the majority of the project's strategic outcome.\n\n**Goal:** Identify the ~5 most critical levers from the provided list.\n\n**Input:** You will receive the project plan and a numbered list of candidate levers. For each lever, you get:\n- A `description` of its purpose.\n- A `synergy_text` summarizing its positive connections to other levers.\n- A `conflict_text` summarizing its trade-offs and negative connections.\n\n**Evaluation Criteria:**\nEvaluate each lever's **Strategic Importance**. A lever's importance is determined by its systemic impact. You MUST base your assessment on all the provided context. Consider:\n1.  **Centrality & Connectivity:** Does the `synergy_text` and `conflict_text` show this lever is a \"hub\" that influences many others? Highly connected levers are more strategic.\n2.  **Impact on Core Trade-offs:** Does the `conflict_text` reveal that this lever controls a fundamental project tension (e.g., Speed vs. Quality, Cost vs. Scope)?\n3.  **Potential for Leverage:** Does the `synergy_text` suggest that getting this lever right could unlock significant value across the system?\n4.  **Redundancy:** If several levers seem to address the same core issue (e.g., multiple levers about 'modularity'), identify the one that best represents the strategic choice and rank it higher. Rank the redundant ones lower.\n\n**Strategic Importance Rating Definitions (Assign ONE per lever):**\n-   **Critical:** Absolutely essential. A central \"hub\" lever that controls a foundational pillar of the project's strategy.\n-   **High:** Very important. Governs a major strategic trade-off or has numerous strong interactions.\n-   **Medium:** Useful for optimization but less connected to the core strategic conflicts.\n-   **Low:** Tactical or potentially redundant with a more strategic lever.\n\n**Output Requirements:**\n-   You MUST respond with a single JSON object that strictly adheres to the `VitalLeversAssessmentResult` schema.\n-   You MUST provide an assessment for **every single lever** in the input list.\n-   The `justification` MUST be concise and reference the lever's connectivity or control over trade-offs.\n\n**Example Justification:** \"Critical because its synergy and conflict texts show it's a central hub connecting technology, governance, and materials. It controls the project's core risk/reward profile.\"",
  "user_prompt": "**Project Context:**\nFile 'plan.txt':\nPlan:\nMe, Larry, and Bubba, we want to open up an indoor shrimp farm somewhere in the Midwest.\n\nToday's date:\n2026-Feb-19\n\nProject start ASAP\n\nFile 'purpose.md':\n**Purpose:** business\n\n**Purpose Detailed:** Entrepreneurship and commercial aquaculture project management\n\n**Topic:** Indoor shrimp farm establishment\n\nFile 'plan_type.md':\nThis plan requires one or more physical locations. It cannot be executed digitally.\n\n**Explanation:** Opening an indoor shrimp farm is a massive physical undertaking. It requires scouting and acquiring a physical location in the Midwest, constructing or retrofitting a facility, installing specialized aquaculture tanks and filtration systems, and physically managing live biological assets (shrimp). Furthermore, it involves in-person collaboration between the partners (Larry and Bubba) and local regulatory inspections.\n\n\n\n**Candidate Levers List:**\nPlease assess the strategic importance of the following 11 levers based on the project plan and their detailed characterizations:\n\n[\n  {\n    \"lever_id\": \"e4f54275-63e8-4fbb-8c09-a97f5b35b4cf\",\n    \"name\": \"Facility Infrastructure Strategy\",\n    \"consequences\": \"Immediate: Lower upfront CAPEX \\u2192 Systemic: 30% higher energy loss through poor insulation \\u2192 Strategic: Long-term operational fragility against Midwest seasonal temperature extremes.\",\n    \"options\": [\n      \"Retrofit existing agricultural barns with basic insulation and modular plastic tank systems\",\n      \"Construct purpose-built climate-controlled steel facilities with integrated heat recovery ventilation\",\n      \"Deploy fully automated subterranean bio-secure domes utilizing geothermal heat exchange and AI-monitored life support\"\n    ],\n    \"review\": \"Controls Initial Capital Outlay vs. Operational Thermal Stability. Weakness: The options do not account for the specific zoning challenges of converting livestock barns to aquaculture.\",\n    \"description\": \"The Facility Infrastructure Strategy lever determines the physical layout, design, and technological sophistication of the shrimp farm. It directly influences costs, scalability, and operational efficiency. Key success metrics include construction costs, energy efficiency, and biosecurity levels. Options range from retrofitting existing structures to deploying cutting-edge subterranean domes with AI monitoring.\",\n    \"synergy_text\": \"This lever strongly synergizes with the Water Management Philosophy lever, as advanced infrastructure (e.g., subterranean domes) can better support sophisticated water recycling systems like Zero-Exchange Biofloc. It also complements the Biological Sourcing and Genetics lever by enabling controlled environments for specialized breeding programs.\",\n    \"conflict_text\": \"This lever may conflict with the Operational Scaling Model lever, as highly sophisticated infrastructure (e.g., subterranean domes) could limit the feasibility of rapid, cost-effective scaling. It may also constrain the Capital Allocation Model lever by requiring higher upfront investments, potentially limiting funds for other critical areas.\"\n  },\n  {\n    \"lever_id\": \"04962183-0fa8-4342-9ffe-6cfe978f668c\",\n    \"name\": \"Water Management Philosophy\",\n    \"consequences\": \"Immediate: Simplified plumbing requirements \\u2192 Systemic: 15% weekly water replacement costs \\u2192 Strategic: Increased regulatory scrutiny regarding saline wastewater discharge permits.\",\n    \"options\": [\n      \"Traditional flow-through system with periodic saline discharge to local treatment facilities\",\n      \"Standard Recirculating Aquaculture System (RAS) with mechanical filtration and bio-bead reactors\",\n      \"Zero-Exchange Biofloc technology utilizing microbial colonies to recycle waste into supplemental protein\"\n    ],\n    \"review\": \"Controls Technical Complexity vs. Environmental Compliance Costs. Weakness: Biofloc requires high-level microbiological expertise that the current team may lack.\",\n    \"description\": \"The Water Management Philosophy lever defines how water is treated, recycled, and discharged within the shrimp farm. It impacts environmental sustainability, operational costs, and regulatory compliance. Success is measured by water usage efficiency, waste discharge levels, and system reliability. Options vary from traditional flow-through to advanced biofloc systems.\",\n    \"synergy_text\": \"This lever synergizes with the Facility Infrastructure Strategy lever, as more advanced water management systems (e.g., Zero-Exchange Biofloc) benefit from purpose-built or automated facilities. It also supports the Biological Sourcing and Genetics lever by maintaining optimal water conditions for specialized shrimp breeds.\",\n    \"conflict_text\": \"This lever may conflict with the Market Integration Depth lever, as more sophisticated water systems (e.g., Zero-Exchange Biofloc) could complicate scaling for high-volume wholesale operations. It may also constrain the Operational Labor Model lever by requiring specialized expertise for maintenance.\"\n  },\n  {\n    \"lever_id\": \"c984ecab-8105-41e7-a88e-2ad687a2810b\",\n    \"name\": \"Market Integration Depth\",\n    \"consequences\": \"Immediate: Faster time to first sale \\u2192 Systemic: 40% margin loss to third-party processors \\u2192 Strategic: Total dependence on external logistics for perishable inventory.\",\n    \"options\": [\n      \"Wholesale live-shrimp sales to regional seafood distributors and processing plants\",\n      \"Direct-to-consumer sales via local farmers markets and high-end regional restaurant contracts\",\n      \"Full-stack 'Pond-to-Plate' model including on-site flash-freezing, branded packaging, and subscription delivery\"\n    ],\n    \"review\": \"Controls Revenue Margin vs. Logistical Complexity. Weakness: The radical option ignores the significant USDA/FDA certification hurdles for on-site processing.\",\n    \"description\": \"The Market Integration Depth lever outlines the approach to selling shrimp, from basic wholesaling to full vertical integration. It affects revenue streams, brand control, and customer relationships. Key metrics include profit margins, market reach, and customer acquisition costs. Options range from selling to distributors to a 'Pond-to-Plate' model with direct delivery.\",\n    \"synergy_text\": \"This lever synergizes with the Operational Scaling Model lever, as a decentralized franchise model could support regional direct-to-consumer sales. It also complements the Talent Acquisition Approach lever by creating diverse roles for marketing, logistics, and customer service.\",\n    \"conflict_text\": \"This lever may conflict with the Capital Allocation Model lever, as a full-stack 'Pond-to-Plate' model demands significant investment in logistics, packaging, and marketing. It may also constrain the Biological Sourcing and Genetics lever by requiring rapid, consistent shrimp supply for direct sales.\"\n  },\n  {\n    \"lever_id\": \"347e4fd0-6e04-4fbf-8e87-e27b04c60a02\",\n    \"name\": \"Biological Sourcing and Genetics\",\n    \"consequences\": \"Immediate: Reduced initial broodstock costs \\u2192 Systemic: 20% higher mortality rates \\u2192 Strategic: Inability to guarantee year-round supply due to seasonal larvae availability.\",\n    \"options\": [\n      \"Purchase Specific Pathogen Free (SPF) post-larvae from external coastal hatcheries as needed\",\n      \"Establish a long-term partnership with a single genetic provider for consistent growth traits\",\n      \"In-house closed-loop hatchery utilizing CRISPR-enhanced broodstock for cold-tolerance and rapid growth\"\n    ],\n    \"review\": \"Controls Supply Chain Reliability vs. R&D Investment. Weakness: It fails to address the biosecurity risks of transporting live larvae across state lines.\",\n    \"description\": \"The Biological Sourcing and Genetics lever focuses on shrimp broodstock and post-larvae sourcing strategies, balancing cost, consistency, and genetic quality. Success is measured by growth rates, disease resistance, and adaptability to local conditions. Options include purchasing SPF larvae, partnering with providers, or developing in-house CRISPR-enhanced breeding programs.\",\n    \"synergy_text\": \"This lever synergizes with the Water Management Philosophy lever, as advanced water systems can support specialized genetic lines (e.g., cold-tolerant shrimp). It also complements the Facility Infrastructure Strategy lever by benefiting from controlled environments for breeding and growth.\",\n    \"conflict_text\": \"This lever may conflict with the Operational Scaling Model lever, as in-house breeding programs could slow rapid expansion due to setup time and complexity. It may also constrain the Market Integration Depth lever by requiring additional resources for maintaining genetic quality during scaling.\"\n  },\n  {\n    \"lever_id\": \"43b1a316-8d9d-4f00-b776-1aa77312152b\",\n    \"name\": \"Operational Scaling Model\",\n    \"consequences\": \"Immediate: Concentrated management focus \\u2192 Systemic: Single-point-of-failure risk \\u2192 Strategic: Limited ability to capture regional market share before competitors emerge.\",\n    \"options\": [\n      \"Single-site owner-operator model managed exclusively by the founding partners\",\n      \"Hub-and-spoke expansion utilizing centralized processing with satellite grow-out tanks\",\n      \"Decentralized 'Farm-as-a-Service' franchise model providing tech stacks to local Midwest farmers\"\n    ],\n    \"review\": \"Controls Management Control vs. Geographic Reach. Weakness: The franchise model assumes a level of process standardization that is difficult to achieve in live aquaculture.\",\n    \"description\": \"The Operational Scaling Model lever defines the growth strategy for the shrimp farm, from single-site owner-operator to decentralized franchise models. It influences cost structures, market reach, and management complexity. Key metrics include scalability, operational control, and profitability. Options range from centralized to highly distributed models.\",\n    \"synergy_text\": \"This lever synergizes with the Market Integration Depth lever, as a decentralized 'Farm-as-a-Service' model could enable regional customization for direct-to-consumer sales. It also complements the Capital Allocation Model lever by spreading investments across multiple sites and stakeholders.\",\n    \"conflict_text\": \"This lever may conflict with the Facility Infrastructure Strategy lever, as decentralized models could complicate the implementation of advanced, centralized infrastructure. It may also constrain the Biological Sourcing and Genetics lever by making it harder to maintain genetic consistency across multiple sites.\"\n  },\n  {\n    \"lever_id\": \"8f148afa-b5ac-4228-be99-1b1dffa76490\",\n    \"name\": \"Operational Labor Model\",\n    \"consequences\": \"Immediate: High reliance on founder sweat equity \\u2192 Systemic: 50% slower scaling due to human bottleneck \\u2192 Strategic: Limits the business to a single-site lifestyle operation.\",\n    \"options\": [\n      \"Execute all daily operations manually between the three founders to minimize overhead\",\n      \"Hire a dedicated facility manager and local hourly staff for routine maintenance\",\n      \"Integrate AI-driven biomass sensors and automated feeding systems to minimize human intervention\"\n    ],\n    \"review\": \"Controls Labor Cost vs. Operational Consistency. Weakness: Does not address the specialized aquaculture expertise required that the founders may lack.\",\n    \"description\": \"The Operational Labor Model determines how labor is deployed for daily shrimp farm operations. It ranges from a hands-on approach with minimal overhead by relying on the founders, to hiring local staff for routine tasks, to leveraging AI and automation for efficiency. Success metrics include labor costs, operational efficiency, and scalability of processes.\",\n    \"synergy_text\": \"This lever strongly synergizes with the 'Facility Infrastructure Strategy' by enabling scalable automation solutions for labor-intensive tasks. It also aligns with the 'Market Integration Depth' lever by freeing up resources for strategic growth activities.\",\n    \"conflict_text\": \"Choosing high automation may conflict with the 'Talent Acquisition Approach' if it reduces the need for skilled local hires. It may also complicate the 'Regulatory Engagement Framework' if automated systems face scrutiny or require specialized permits.\"\n  },\n  {\n    \"lever_id\": \"ae9cd138-24a0-4e86-8c65-7bcc1b260ea0\",\n    \"name\": \"Location Acquisition Strategy\",\n    \"consequences\": \"Immediate: Secure a site with existing utility infrastructure \\u2192 Systemic: 30% reduction in construction costs through modular retrofits \\u2192 Strategic: Enables market entry within 12 months, 20% faster than conventional builds.\",\n    \"options\": [\n      \"Utilize an existing industrial warehouse in a low\\u2011cost county with minimal retrofits\",\n      \"Acquire a former manufacturing facility and retrofit it with modular aquaculture systems under a public\\u2011private partnership\",\n      \"Deploy a pop\\u2011up modular farm using shipping containers on leased land, integrating AI\\u2011driven water recycling and edge\\u2011computing monitoring\"\n    ],\n    \"review\": \"Controls Cost Efficiency vs. Speed to Market. Weakness: The options underestimate the impact of local zoning restrictions on site acquisition timelines.\",\n    \"description\": \"The Location Acquisition Strategy focuses on securing a physical space for the shrimp farm. Options include retrofitting an existing warehouse, converting a manufacturing facility through partnerships, or deploying modular farms using AI-driven systems. Key metrics are upfront costs, scalability, and compliance with local zoning and environmental regulations.\",\n    \"synergy_text\": \"This lever works synergistically with the 'Facility Infrastructure Strategy' by directly influencing the type of systems that can be installed. It also supports the 'Capital Allocation Model' by affecting long-term financial commitments and potential for public funding.\",\n    \"conflict_text\": \"Selecting a modular farm approach may conflict with the 'Operational Labor Model' if it requires specialized skills for maintenance. It may also complicate the 'Regulatory Engagement Framework' due to the novelty of container-based farming methods.\"\n  },\n  {\n    \"lever_id\": \"cfb3708e-6b7b-4e74-b219-7bfc6c684f21\",\n    \"name\": \"Capital Allocation Model\",\n    \"consequences\": \"Immediate: Lock in initial capital through partner contributions \\u2192 Systemic: 40% lower financing costs via equipment leasing \\u2192 Strategic: Extends runway for technology scaling while maintaining control.\",\n    \"options\": [\n      \"Rely on equity financing from personal savings and partner contributions\",\n      \"Secure a blended loan using equipment leasing and state agricultural grants\",\n      \"Issue tokenized equity on a decentralized platform to attract venture capital and community investors\"\n    ],\n    \"review\": \"Controls Dilution vs. Growth Speed. Weakness: The tokenized equity option lacks clear investor protection mechanisms.\",\n    \"description\": \"The Capital Allocation Model outlines how funding is secured and deployed for the shrimp farm. It includes personal savings, blended loans with grants, or tokenized equity for broader investment. Success is measured by the ability to secure adequate funding, manage financial risk, and optimize cost-efficiency.\",\n    \"synergy_text\": \"This lever complements the 'Location Acquisition Strategy' by aligning funding sources with the chosen facility approach. It also supports the 'Operational Labor Model' by ensuring funds are available for hiring or automation investments.\",\n    \"conflict_text\": \"Relying on tokenized equity may conflict with the 'Regulatory Engagement Framework' if it introduces complexity in compliance or governance. It may also challenge the 'Talent Acquisition Approach' if investors demand cost-cutting in labor.\"\n  },\n  {\n    \"lever_id\": \"51f7aa37-79f3-46c0-b868-e590a43c1125\",\n    \"name\": \"Talent Acquisition Approach\",\n    \"consequences\": \"Immediate: Assemble a core operational crew \\u2192 Systemic: 25% faster staffing through targeted recruitment \\u2192 Strategic: Reduces training costs by 35% while maintaining expertise.\",\n    \"options\": [\n      \"Hire local agricultural workers with on\\u2011the\\u2011job training\",\n      \"Recruit aquaculture engineers from coastal regions with relocation incentives\",\n      \"Build a remote AI\\u2011managed operations team using offshore talent and immersive VR training\"\n    ],\n    \"review\": \"Controls Skill Depth vs. Operational Autonomy. Weakness: The offshore AI team option may face integration challenges with on\\u2011site equipment.\",\n    \"description\": \"The Talent Acquisition Approach defines the strategy for hiring and training staff for the shrimp farm. It includes hiring local agricultural workers, recruiting specialized engineers, or building a remote AI-managed team. Key metrics are labor quality, cost-effectiveness, and alignment with operational needs.\",\n    \"synergy_text\": \"This lever strengthens the 'Operational Labor Model' by ensuring the right talent is in place for the chosen approach, whether manual, staffed, or automated. It also supports the 'Market Integration Depth' by bringing in expertise for strategic growth.\",\n    \"conflict_text\": \"Recruiting specialized engineers may conflict with the 'Capital Allocation Model' due to higher costs. It may also complicate the 'Regulatory Engagement Framework' if imported talent faces work permit or local labor law challenges.\"\n  },\n  {\n    \"lever_id\": \"d6bf0357-3cab-46e5-b6f3-f56921708d5d\",\n    \"name\": \"Regulatory Engagement Framework\",\n    \"consequences\": \"Immediate: Submit permit applications \\u2192 Systemic: 50% faster approval timeline through coalition advocacy \\u2192 Strategic: Positions the farm as a model for future policy, attracting additional funding.\",\n    \"options\": [\n      \"Navigate permits through standard county processes with legal counsel\",\n      \"Form a coalition with local chambers to streamline approvals\",\n      \"Launch a pilot program with the state agriculture department to co\\u2011develop regulatory pathways for indoor farms\"\n    ],\n    \"review\": \"Controls Compliance Timeline vs. Innovation Freedom. Weakness: The pilot program option may require extensive data that the project currently lacks.\",\n    \"description\": \"The Regulatory Engagement Framework determines how the farm navigates legal and compliance requirements. It includes standard county processes, forming coalitions for streamlined approvals, or co-developing regulatory pathways with state agencies. Success is measured by the speed and cost of approvals and the ability to influence favorable policies.\",\n    \"synergy_text\": \"This lever enhances the 'Location Acquisition Strategy' by ensuring compliance and reducing regulatory friction for facility choices. It also supports the 'Capital Allocation Model' by opening access to grants and incentives.\",\n    \"conflict_text\": \"Engaging in pilot programs with state agencies may conflict with the 'Operational Labor Model' if it delays hiring or operational launch. It may also complicate the 'Market Entry Model' by introducing uncertainty in timelines.\"\n  },\n  {\n    \"lever_id\": \"eab38166-61f9-4905-8c60-5527e04c683b\",\n    \"name\": \"Market Entry Model\",\n    \"consequences\": \"Immediate: Establish initial sales channels \\u2192 Systemic: Capture 15% market share within two years through diversified channels \\u2192 Strategic: Generates multiple revenue streams, reducing reliance on single buyer.\",\n    \"options\": [\n      \"Supply local restaurants and grocery chains directly\",\n      \"Integrate with subscription meal kits and direct\\u2011to\\u2011consumer e\\u2011commerce\",\n      \"Create a farm\\u2011to\\u2011table agritourism experience with on\\u2011site dining and educational tours\"\n    ],\n    \"review\": \"Controls Revenue Diversification vs. Operational Complexity. Weakness: The agritourism option may strain limited management capacity.\",\n    \"description\": \"The Market Entry Model defines the primary commercial interface and revenue generation strategy for the shrimp farm. It dictates whether the business focuses on high-volume wholesale to local retailers, high-margin direct-to-consumer digital channels, or a diversified agritourism destination. This lever controls the brand identity, customer relationship management, and logistics requirements. Success is measured by customer acquisition costs, price premiums achieved over commodity markets, and the stability of the sales pipeline relative to the biological production cycles of the facility.\",\n    \"synergy_text\": \"This lever strongly enhances Market Integration Depth by defining the specific touchpoints where the brand adds value. It also works in tandem with the Operational Scaling Model; for instance, a direct-to-consumer model provides the higher margins necessary to fund rapid facility expansion and technological upgrades across the Midwest.\",\n    \"conflict_text\": \"A significant conflict exists with the Operational Labor Model, as an agritourism approach requires hospitality-trained staff rather than just aquaculture technicians. Furthermore, it constrains the Facility Infrastructure Strategy, as on-site dining or tours necessitate public-facing amenities and safety compliance that differ from a strictly industrial production environment.\"\n  }\n]"
}