{
  "expert_domain": "Aquaculture Infrastructure & Strategic Business Planning",
  "domain_specific_considerations": [
    "Bio-secure recirculating aquaculture system (RAS) engineering",
    "Midwest thermal dynamics and energy load balancing",
    "Saline wastewater mitigation in landlocked jurisdictions",
    "Biological asset risk management (shrimp-specific)",
    "Direct-to-consumer (DTC) perishable supply chain logistics"
  ],
  "issues": [
    {
      "issue": "Missing Assumption: Feed Conversion Ratio (FCR) and Feed Supply Chain",
      "explanation": "Feed typically represents 50-60% of aquaculture OPEX. The plan assumes a premium price point but lacks an assumption on the FCR (how many lbs of feed to produce 1 lb of shrimp) or the sourcing of high-quality, biosecure feed in the Midwest. Without a local supplier, shipping costs and 'just-in-time' delivery risks could cripple margins.",
      "recommendation": "Explicitly assume a target FCR of 1.2 to 1.5. Identify and vet at least two specialized shrimp feed manufacturers (e.g., Zeigler Bros) and factor in a 3-month buffer of feed storage to mitigate supply chain disruptions.",
      "sensitivity": "A 20% increase in feed costs or a poor FCR of 1.8 (baseline: 1.3) would increase the cost-per-pound by $1.50-$2.50, potentially reducing the projected ROI by 12-18%."
    },
    {
      "issue": "Under-Explored Assumption: Saline Discharge Legal Precedent",
      "explanation": "The plan assumes municipal plants will accept 1,000\u20133,000 gallons of saline water daily with 'pre-treatment.' However, many Midwest POTWs (Publicly Owned Treatment Works) have strict chloride limits to protect freshwater ecosystems. 'Pre-treatment' for salt usually requires expensive Reverse Osmosis (RO) or evaporation, not just basic filtration.",
      "recommendation": "Conduct a formal feasibility study on 'Zero-Liquid Discharge' (ZLD) systems. Instead of assuming municipal acceptance, budget for an on-site salt recovery or evaporation system to ensure the project isn't halted by a 'Cease and Desist' from the EPA/DNR.",
      "sensitivity": "If municipal discharge is denied, an unbudgeted ZLD system (baseline: $0) could cost $150,000-$250,000, increasing initial CAPEX by 10-15% and delaying the first harvest by 4-6 months."
    },
    {
      "issue": "Unrealistic Assumption: 14-Month Timeline from Feb Start",
      "explanation": "Starting construction in the Midwest in February is high-risk. Ground frost and sub-zero temperatures often delay foundation pouring and utility trenching. Furthermore, the plan allows only 2 months for 'system cycling.' Bio-filters in RAS often take 3-4 months to reach the microbial stability required for high-density stocking.",
      "recommendation": "Shift the construction start to April or ensure the facility is a 'brownfield' retrofit with existing utilities. Extend the 'system cycling' phase to 90 days in the project schedule to prevent early-stage mass mortality from 'New Tank Syndrome.'",
      "sensitivity": "A 3-month construction delay combined with a crashed bio-filter could push the first revenue-generating harvest back by 6-9 months, requiring an additional $100,000-$150,000 in working capital to cover debt service."
    }
  ],
  "conclusion": "The 'Builder's Foundation' strategy is technically sound but contains dangerous gaps regarding operational OPEX (feed) and regulatory 'deal-breakers' (saline waste). The most critical risk is the financial 'valley of death' caused by the optimistic 14-month timeline. If the project fails to account for the slow maturation of bio-filters or the high cost of salt management, the $1.5M capital stack will be exhausted before the second harvest. Prioritizing a Zero-Liquid Discharge strategy and securing feed contracts are the most urgent next steps.",
  "metadata": {
    "context_window": 3900,
    "num_output": 8192,
    "is_chat_model": true,
    "is_function_calling_model": false,
    "model_name": "google/gemini-3-flash-preview",
    "system_role": "system",
    "llm_classname": "OpenRouter_LLM",
    "duration": 8,
    "response_byte_count": 3662
  },
  "system_prompt": "You are a world-class planning expert specializing in the success of projects. Your task is to critically review the provided assumptions and identify potential weaknesses, omissions, or unrealistic elements that could significantly impact project success. Your analysis should be tailored to the project\u2019s scale and context, while considering standard project management best practices. Be creative and innovative in your analysis, considering risks and opportunities that might be overlooked by others.\n\n**Crucial Focus: Missing Assumptions and Impact Assessment**\n\nYour primary goal is to identify *critical missing assumptions* that have not been explicitly stated, but are vital for successful project planning and execution. For each missing assumption, estimate its potential impact on the project's key performance indicators (KPIs) such as ROI, timeline, budget, or quality. This impact assessment should be quantitative wherever possible. For instance, if a missing assumption relates to regulatory approval, estimate the potential delay in project completion and the associated cost implications.\n\n**Consider the Following Project Aspects:**\n\nWhen reviewing the assumptions, actively consider these areas. Look for explicit *or* implicit assumptions that impact these areas.\n\n-   **Financial:** Funding sources, cost estimates (initial and operational), revenue projections, pricing strategy, profitability, economic viability, return on investment (ROI), cost of capital, financial risks (e.g., currency fluctuations, interest rate changes), insurance costs.\n-   **Timeline:** Project duration, key milestones, task dependencies, resource allocation over time, critical path analysis, potential delays (e.g., permitting, supply chain), seasonality effects, weather-related risks.\n-   **Resources:** Human resources (skill availability, labor costs), material resources (supply availability, raw material costs), equipment (availability, maintenance costs), technology (availability, licensing costs), land (acquisition costs, suitability).\n-   **Regulations:** Compliance with local, regional, and national laws, environmental regulations, permitting requirements, zoning ordinances, safety standards, data privacy regulations, industry-specific standards, political risks.\n-   **Infrastructure:** Availability and capacity of transportation, utilities (electricity, water, gas), communication networks, cybersecurity risks.\n-   **Environment:** Potential environmental impacts (e.g., emissions, waste generation, habitat disruption), mitigation strategies, climate change risks, sustainability practices, resource consumption.\n-   **Stakeholders:** Community acceptance, government support, customer needs, supplier relationships, investor expectations, media relations, political influence, key partner dependencies.\n-   **Technology:** Technology selection, innovation, integration, obsolescence, intellectual property rights, data security, scalability, maintenance, licensing.\n-   **Market:** Market demand, competitive landscape, pricing pressure, customer preferences, economic trends, technological disruption, new market entrants, black swan events.\n-   **Risk:** Credit risk, operational risk, strategic risk, compliance risk, political risk, insurance needs, cost of capital, inflation. Examples of risks are: the NLP algorithm has a bug and must be rewritten, funding dries up due to a market crash, etc.\n\n**Your Analysis MUST:**\n\n1.  **Identify Critical Missing Assumptions:** Explicitly state any crucial assumptions that are missing from the provided input. Clearly explain why each missing assumption is critical to the project's success.\n2.  **Highlight Under-Explored Assumptions:** Point out areas where the existing assumptions lack sufficient detail or supporting evidence.\n3.  **Challenge Questionable or Unrealistic Assumptions:** Identify any assumptions that seem unrealistic or based on flawed logic.\n4.  **Discuss Sensitivity Analysis for key variables:** Quantify the potential impact of changes in key variables (e.g., a delay in permitting, a change in energy prices) on the project's overall success. For each issue, consider a plausible range for the key driving variables, and quantify the impact on the project's Return on Investment (ROI) or total project cost. Use percentages or hard numbers! Example of an analysis range of key variables is: The project may experience challenges related to a lack of data privacy considerations. A failure to uphold GDPR principles may result in fines ranging from 5-10% of annual turnover. The cost of a human for the project can be based on a 40/hr for 160 hours and would require a computer, this could be from 6000 to 7000 per month. The variance should not be double the base value.\n5.  **Prioritize Issues:** Focus on the *three most critical* issues, providing detailed and actionable recommendations for addressing them.\n\n**Guidance for identifying missing assumptions:**\nThink about all the things that must be true for this project to succeed. Are all of these things in the existing list of assumptions?\n* Resources: Financial, Human, Data, Time, etc.\n* Pre-Existing Work: Benchmarks, Data Sets, Algorithms, Existing papers, etc.\n* Outside Forces: Community Buy-In, Funding, New laws, weather, etc.\n* Metrics: Clear, measurable success conditions.\n* Technical Considerations: Hardware, Software, Algorithms, Scalability, Data security, etc.\n\nPlease limit your output to no more than 800 words.\n\nReturn your response as a JSON object with the following structure:\n{\n  \"expert_domain\": \"The area of expertise most relevant for this review\",\n  \"domain_specific_considerations\": [\"List\", \"of\", \"relevant\", \"considerations\"],\n  \"issues\": [\n    {\n      \"issue\": \"Title of the issue\",\n      \"explanation\": \"Explanation of why this issue is important\",\n      \"recommendation\": \"Actionable recommendations to address the issue.  Be specific. Include specific steps, quantifiable targets, or examples of best practices whenever possible.\",\n      \"sensitivity\": \"Quantitative sensitivity analysis details. Express the impact as a *range* of values on the project's ROI, total project cost, or project completion date, and include the *baseline* for comparison. Here are examples: *  'A delay in obtaining necessary permits (baseline: 6 months) could increase project costs by \u20ac100,000-200,000, or delay the ROI by 3-6 months.' *  'A 15% increase in the cost of solar panels (baseline: \u20ac1 million) could reduce the project's ROI by 5-7%.' *  'If we underestimate cloud computing costs, the project could be delayed by 3-6 months, or the ROI could be reduced by 10-15%'\"\n    },\n    ...\n  ],\n  \"conclusion\": \"Summary of main findings and recommendations\"\n}",
  "user_prompt": "# Purpose\n\n**Purpose:** business\n\n**Purpose Detailed:** Entrepreneurship and commercial aquaculture project management\n\n**Topic:** Indoor shrimp farm establishment\n\n# Plan Type\n\nThis plan requires one or more physical locations. It cannot be executed digitally.\n\n**Explanation:** Opening an indoor shrimp farm is a massive physical undertaking. It requires scouting and acquiring a physical location in the Midwest, constructing or retrofitting a facility, installing specialized aquaculture tanks and filtration systems, and physically managing live biological assets (shrimp). Furthermore, it involves in-person collaboration between the partners (Larry and Bubba) and local regulatory inspections.\n\n# Strategic Decisions\n\n## Primary Decisions\nThe vital few decisions that have the most impact.\n\n\nThe 'Vital Few' levers (Infrastructure, Water, Market Depth, Genetics, and Scaling) address the core tension between High Upfront CAPEX/Complexity and Long-term Biological/Financial Resilience. By prioritizing these, the founders manage the fundamental risks of Midwest aquaculture: thermal stability, waste compliance, and margin protection. A missing dimension is 'Feed Supply Strategy,' which represents a major recurring cost and biosecurity risk in shrimp farming.\n\n### Decision 1: Facility Infrastructure Strategy\n**Lever ID:** `e4f54275-63e8-4fbb-8c09-a97f5b35b4cf`\n\n**The Core Decision:** The Facility Infrastructure Strategy lever determines the physical layout, design, and technological sophistication of the shrimp farm. It directly influences costs, scalability, and operational efficiency. Key success metrics include construction costs, energy efficiency, and biosecurity levels. Options range from retrofitting existing structures to deploying cutting-edge subterranean domes with AI monitoring.\n\n**Why It Matters:** Immediate: Lower upfront CAPEX \u2192 Systemic: 30% higher energy loss through poor insulation \u2192 Strategic: Long-term operational fragility against Midwest seasonal temperature extremes.\n\n**Strategic Choices:**\n\n1. Retrofit existing agricultural barns with basic insulation and modular plastic tank systems\n2. Construct purpose-built climate-controlled steel facilities with integrated heat recovery ventilation\n3. Deploy fully automated subterranean bio-secure domes utilizing geothermal heat exchange and AI-monitored life support\n\n**Trade-Off / Risk:** Controls Initial Capital Outlay vs. Operational Thermal Stability. Weakness: The options do not account for the specific zoning challenges of converting livestock barns to aquaculture.\n\n**Strategic Connections:**\n\n**Synergy:** This lever strongly synergizes with the Water Management Philosophy lever, as advanced infrastructure (e.g., subterranean domes) can better support sophisticated water recycling systems like Zero-Exchange Biofloc. It also complements the Biological Sourcing and Genetics lever by enabling controlled environments for specialized breeding programs.\n\n**Conflict:** This lever may conflict with the Operational Scaling Model lever, as highly sophisticated infrastructure (e.g., subterranean domes) could limit the feasibility of rapid, cost-effective scaling. It may also constrain the Capital Allocation Model lever by requiring higher upfront investments, potentially limiting funds for other critical areas.\n\n**Justification:** *Critical*, Critical because it is the primary physical 'hub' lever. It dictates the CAPEX/OPEX balance and determines the viability of all biological and water management systems in the harsh Midwest climate, directly impacting long-term operational fragility.\n\n### Decision 2: Water Management Philosophy\n**Lever ID:** `04962183-0fa8-4342-9ffe-6cfe978f668c`\n\n**The Core Decision:** The Water Management Philosophy lever defines how water is treated, recycled, and discharged within the shrimp farm. It impacts environmental sustainability, operational costs, and regulatory compliance. Success is measured by water usage efficiency, waste discharge levels, and system reliability. Options vary from traditional flow-through to advanced biofloc systems.\n\n**Why It Matters:** Immediate: Simplified plumbing requirements \u2192 Systemic: 15% weekly water replacement costs \u2192 Strategic: Increased regulatory scrutiny regarding saline wastewater discharge permits.\n\n**Strategic Choices:**\n\n1. Traditional flow-through system with periodic saline discharge to local treatment facilities\n2. Standard Recirculating Aquaculture System (RAS) with mechanical filtration and bio-bead reactors\n3. Zero-Exchange Biofloc technology utilizing microbial colonies to recycle waste into supplemental protein\n\n**Trade-Off / Risk:** Controls Technical Complexity vs. Environmental Compliance Costs. Weakness: Biofloc requires high-level microbiological expertise that the current team may lack.\n\n**Strategic Connections:**\n\n**Synergy:** This lever synergizes with the Facility Infrastructure Strategy lever, as more advanced water management systems (e.g., Zero-Exchange Biofloc) benefit from purpose-built or automated facilities. It also supports the Biological Sourcing and Genetics lever by maintaining optimal water conditions for specialized shrimp breeds.\n\n**Conflict:** This lever may conflict with the Market Integration Depth lever, as more sophisticated water systems (e.g., Zero-Exchange Biofloc) could complicate scaling for high-volume wholesale operations. It may also constrain the Operational Labor Model lever by requiring specialized expertise for maintenance.\n\n**Justification:** *Critical*, Critical as it controls the core technical risk and environmental compliance. In an indoor Midwest setting, water recycling efficiency and waste discharge permits are the 'make-or-break' factors for regulatory approval and biological yield.\n\n### Decision 3: Market Integration Depth\n**Lever ID:** `c984ecab-8105-41e7-a88e-2ad687a2810b`\n\n**The Core Decision:** The Market Integration Depth lever outlines the approach to selling shrimp, from basic wholesaling to full vertical integration. It affects revenue streams, brand control, and customer relationships. Key metrics include profit margins, market reach, and customer acquisition costs. Options range from selling to distributors to a 'Pond-to-Plate' model with direct delivery.\n\n**Why It Matters:** Immediate: Faster time to first sale \u2192 Systemic: 40% margin loss to third-party processors \u2192 Strategic: Total dependence on external logistics for perishable inventory.\n\n**Strategic Choices:**\n\n1. Wholesale live-shrimp sales to regional seafood distributors and processing plants\n2. Direct-to-consumer sales via local farmers markets and high-end regional restaurant contracts\n3. Full-stack 'Pond-to-Plate' model including on-site flash-freezing, branded packaging, and subscription delivery\n\n**Trade-Off / Risk:** Controls Revenue Margin vs. Logistical Complexity. Weakness: The radical option ignores the significant USDA/FDA certification hurdles for on-site processing.\n\n**Strategic Connections:**\n\n**Synergy:** This lever synergizes with the Operational Scaling Model lever, as a decentralized franchise model could support regional direct-to-consumer sales. It also complements the Talent Acquisition Approach lever by creating diverse roles for marketing, logistics, and customer service.\n\n**Conflict:** This lever may conflict with the Capital Allocation Model lever, as a full-stack 'Pond-to-Plate' model demands significant investment in logistics, packaging, and marketing. It may also constrain the Biological Sourcing and Genetics lever by requiring rapid, consistent shrimp supply for direct sales.\n\n**Justification:** *High*, High importance because it governs the fundamental revenue model and margin retention. It forces a strategic choice between being a commodity producer or a premium brand, which dictates the necessary scale and logistical complexity.\n\n### Decision 4: Biological Sourcing and Genetics\n**Lever ID:** `347e4fd0-6e04-4fbf-8e87-e27b04c60a02`\n\n**The Core Decision:** The Biological Sourcing and Genetics lever focuses on shrimp broodstock and post-larvae sourcing strategies, balancing cost, consistency, and genetic quality. Success is measured by growth rates, disease resistance, and adaptability to local conditions. Options include purchasing SPF larvae, partnering with providers, or developing in-house CRISPR-enhanced breeding programs.\n\n**Why It Matters:** Immediate: Reduced initial broodstock costs \u2192 Systemic: 20% higher mortality rates \u2192 Strategic: Inability to guarantee year-round supply due to seasonal larvae availability.\n\n**Strategic Choices:**\n\n1. Purchase Specific Pathogen Free (SPF) post-larvae from external coastal hatcheries as needed\n2. Establish a long-term partnership with a single genetic provider for consistent growth traits\n3. In-house closed-loop hatchery utilizing CRISPR-enhanced broodstock for cold-tolerance and rapid growth\n\n**Trade-Off / Risk:** Controls Supply Chain Reliability vs. R&D Investment. Weakness: It fails to address the biosecurity risks of transporting live larvae across state lines.\n\n**Strategic Connections:**\n\n**Synergy:** This lever synergizes with the Water Management Philosophy lever, as advanced water systems can support specialized genetic lines (e.g., cold-tolerant shrimp). It also complements the Facility Infrastructure Strategy lever by benefiting from controlled environments for breeding and growth.\n\n**Conflict:** This lever may conflict with the Operational Scaling Model lever, as in-house breeding programs could slow rapid expansion due to setup time and complexity. It may also constrain the Market Integration Depth lever by requiring additional resources for maintaining genetic quality during scaling.\n\n**Justification:** *High*, High importance due to its impact on supply chain reliability. For a Midwest farm, the ability to secure or produce larvae year-round is a significant strategic bottleneck that controls mortality rates and production consistency.\n\n### Decision 5: Operational Scaling Model\n**Lever ID:** `43b1a316-8d9d-4f00-b776-1aa77312152b`\n\n**The Core Decision:** The Operational Scaling Model lever defines the growth strategy for the shrimp farm, from single-site owner-operator to decentralized franchise models. It influences cost structures, market reach, and management complexity. Key metrics include scalability, operational control, and profitability. Options range from centralized to highly distributed models.\n\n**Why It Matters:** Immediate: Concentrated management focus \u2192 Systemic: Single-point-of-failure risk \u2192 Strategic: Limited ability to capture regional market share before competitors emerge.\n\n**Strategic Choices:**\n\n1. Single-site owner-operator model managed exclusively by the founding partners\n2. Hub-and-spoke expansion utilizing centralized processing with satellite grow-out tanks\n3. Decentralized 'Farm-as-a-Service' franchise model providing tech stacks to local Midwest farmers\n\n**Trade-Off / Risk:** Controls Management Control vs. Geographic Reach. Weakness: The franchise model assumes a level of process standardization that is difficult to achieve in live aquaculture.\n\n**Strategic Connections:**\n\n**Synergy:** This lever synergizes with the Market Integration Depth lever, as a decentralized 'Farm-as-a-Service' model could enable regional customization for direct-to-consumer sales. It also complements the Capital Allocation Model lever by spreading investments across multiple sites and stakeholders.\n\n**Conflict:** This lever may conflict with the Facility Infrastructure Strategy lever, as decentralized models could complicate the implementation of advanced, centralized infrastructure. It may also constrain the Biological Sourcing and Genetics lever by making it harder to maintain genetic consistency across multiple sites.\n\n**Justification:** *High*, High importance as it defines the project's ultimate ceiling. It manages the trade-off between tight founder control and the speed required to capture regional market share before competitors enter the indoor aquaculture space.\n\n---\n## Secondary Decisions\nThese decisions are less significant, but still worth considering.\n\n### Decision 6: Operational Labor Model\n**Lever ID:** `8f148afa-b5ac-4228-be99-1b1dffa76490`\n\n**The Core Decision:** The Operational Labor Model determines how labor is deployed for daily shrimp farm operations. It ranges from a hands-on approach with minimal overhead by relying on the founders, to hiring local staff for routine tasks, to leveraging AI and automation for efficiency. Success metrics include labor costs, operational efficiency, and scalability of processes.\n\n**Why It Matters:** Immediate: High reliance on founder sweat equity \u2192 Systemic: 50% slower scaling due to human bottleneck \u2192 Strategic: Limits the business to a single-site lifestyle operation.\n\n**Strategic Choices:**\n\n1. Execute all daily operations manually between the three founders to minimize overhead\n2. Hire a dedicated facility manager and local hourly staff for routine maintenance\n3. Integrate AI-driven biomass sensors and automated feeding systems to minimize human intervention\n\n**Trade-Off / Risk:** Controls Labor Cost vs. Operational Consistency. Weakness: Does not address the specialized aquaculture expertise required that the founders may lack.\n\n**Strategic Connections:**\n\n**Synergy:** This lever strongly synergizes with the 'Facility Infrastructure Strategy' by enabling scalable automation solutions for labor-intensive tasks. It also aligns with the 'Market Integration Depth' lever by freeing up resources for strategic growth activities.\n\n**Conflict:** Choosing high automation may conflict with the 'Talent Acquisition Approach' if it reduces the need for skilled local hires. It may also complicate the 'Regulatory Engagement Framework' if automated systems face scrutiny or require specialized permits.\n\n**Justification:** *Medium*, Medium importance; while it affects daily efficiency and scaling speed, it is largely a downstream consequence of the chosen Infrastructure and Scaling models rather than a primary driver of the business's existence.\n\n### Decision 7: Location Acquisition Strategy\n**Lever ID:** `ae9cd138-24a0-4e86-8c65-7bcc1b260ea0`\n\n**The Core Decision:** The Location Acquisition Strategy focuses on securing a physical space for the shrimp farm. Options include retrofitting an existing warehouse, converting a manufacturing facility through partnerships, or deploying modular farms using AI-driven systems. Key metrics are upfront costs, scalability, and compliance with local zoning and environmental regulations.\n\n**Why It Matters:** Immediate: Secure a site with existing utility infrastructure \u2192 Systemic: 30% reduction in construction costs through modular retrofits \u2192 Strategic: Enables market entry within 12 months, 20% faster than conventional builds.\n\n**Strategic Choices:**\n\n1. Utilize an existing industrial warehouse in a low\u2011cost county with minimal retrofits\n2. Acquire a former manufacturing facility and retrofit it with modular aquaculture systems under a public\u2011private partnership\n3. Deploy a pop\u2011up modular farm using shipping containers on leased land, integrating AI\u2011driven water recycling and edge\u2011computing monitoring\n\n**Trade-Off / Risk:** Controls Cost Efficiency vs. Speed to Market. Weakness: The options underestimate the impact of local zoning restrictions on site acquisition timelines.\n\n**Strategic Connections:**\n\n**Synergy:** This lever works synergistically with the 'Facility Infrastructure Strategy' by directly influencing the type of systems that can be installed. It also supports the 'Capital Allocation Model' by affecting long-term financial commitments and potential for public funding.\n\n**Conflict:** Selecting a modular farm approach may conflict with the 'Operational Labor Model' if it requires specialized skills for maintenance. It may also complicate the 'Regulatory Engagement Framework' due to the novelty of container-based farming methods.\n\n**Justification:** *Medium*, Medium importance. While essential for the 'ASAP' start, it is a tactical execution of the Facility Infrastructure Strategy. Once a site is secured, its strategic influence diminishes compared to the systems inside it.\n\n### Decision 8: Capital Allocation Model\n**Lever ID:** `cfb3708e-6b7b-4e74-b219-7bfc6c684f21`\n\n**The Core Decision:** The Capital Allocation Model outlines how funding is secured and deployed for the shrimp farm. It includes personal savings, blended loans with grants, or tokenized equity for broader investment. Success is measured by the ability to secure adequate funding, manage financial risk, and optimize cost-efficiency.\n\n**Why It Matters:** Immediate: Lock in initial capital through partner contributions \u2192 Systemic: 40% lower financing costs via equipment leasing \u2192 Strategic: Extends runway for technology scaling while maintaining control.\n\n**Strategic Choices:**\n\n1. Rely on equity financing from personal savings and partner contributions\n2. Secure a blended loan using equipment leasing and state agricultural grants\n3. Issue tokenized equity on a decentralized platform to attract venture capital and community investors\n\n**Trade-Off / Risk:** Controls Dilution vs. Growth Speed. Weakness: The tokenized equity option lacks clear investor protection mechanisms.\n\n**Strategic Connections:**\n\n**Synergy:** This lever complements the 'Location Acquisition Strategy' by aligning funding sources with the chosen facility approach. It also supports the 'Operational Labor Model' by ensuring funds are available for hiring or automation investments.\n\n**Conflict:** Relying on tokenized equity may conflict with the 'Regulatory Engagement Framework' if it introduces complexity in compliance or governance. It may also challenge the 'Talent Acquisition Approach' if investors demand cost-cutting in labor.\n\n**Justification:** *Medium*, Medium importance. It facilitates the project but doesn't define the operational success of the shrimp farm itself. It is a secondary lever that responds to the requirements set by the Infrastructure and Scaling choices.\n\n### Decision 9: Talent Acquisition Approach\n**Lever ID:** `51f7aa37-79f3-46c0-b868-e590a43c1125`\n\n**The Core Decision:** The Talent Acquisition Approach defines the strategy for hiring and training staff for the shrimp farm. It includes hiring local agricultural workers, recruiting specialized engineers, or building a remote AI-managed team. Key metrics are labor quality, cost-effectiveness, and alignment with operational needs.\n\n**Why It Matters:** Immediate: Assemble a core operational crew \u2192 Systemic: 25% faster staffing through targeted recruitment \u2192 Strategic: Reduces training costs by 35% while maintaining expertise.\n\n**Strategic Choices:**\n\n1. Hire local agricultural workers with on\u2011the\u2011job training\n2. Recruit aquaculture engineers from coastal regions with relocation incentives\n3. Build a remote AI\u2011managed operations team using offshore talent and immersive VR training\n\n**Trade-Off / Risk:** Controls Skill Depth vs. Operational Autonomy. Weakness: The offshore AI team option may face integration challenges with on\u2011site equipment.\n\n**Strategic Connections:**\n\n**Synergy:** This lever strengthens the 'Operational Labor Model' by ensuring the right talent is in place for the chosen approach, whether manual, staffed, or automated. It also supports the 'Market Integration Depth' by bringing in expertise for strategic growth.\n\n**Conflict:** Recruiting specialized engineers may conflict with the 'Capital Allocation Model' due to higher costs. It may also complicate the 'Regulatory Engagement Framework' if imported talent faces work permit or local labor law challenges.\n\n**Justification:** *Low*, Low importance because it is redundant with the Operational Labor Model. The choice of 'who' to hire is secondary to the 'how' of the operation (manual vs. automated) defined elsewhere.\n\n### Decision 10: Regulatory Engagement Framework\n**Lever ID:** `d6bf0357-3cab-46e5-b6f3-f56921708d5d`\n\n**The Core Decision:** The Regulatory Engagement Framework determines how the farm navigates legal and compliance requirements. It includes standard county processes, forming coalitions for streamlined approvals, or co-developing regulatory pathways with state agencies. Success is measured by the speed and cost of approvals and the ability to influence favorable policies.\n\n**Why It Matters:** Immediate: Submit permit applications \u2192 Systemic: 50% faster approval timeline through coalition advocacy \u2192 Strategic: Positions the farm as a model for future policy, attracting additional funding.\n\n**Strategic Choices:**\n\n1. Navigate permits through standard county processes with legal counsel\n2. Form a coalition with local chambers to streamline approvals\n3. Launch a pilot program with the state agriculture department to co\u2011develop regulatory pathways for indoor farms\n\n**Trade-Off / Risk:** Controls Compliance Timeline vs. Innovation Freedom. Weakness: The pilot program option may require extensive data that the project currently lacks.\n\n**Strategic Connections:**\n\n**Synergy:** This lever enhances the 'Location Acquisition Strategy' by ensuring compliance and reducing regulatory friction for facility choices. It also supports the 'Capital Allocation Model' by opening access to grants and incentives.\n\n**Conflict:** Engaging in pilot programs with state agencies may conflict with the 'Operational Labor Model' if it delays hiring or operational launch. It may also complicate the 'Market Entry Model' by introducing uncertainty in timelines.\n\n**Justification:** *Medium*, Medium importance. While it can accelerate timelines, it is a supporting function to the Water Management and Location levers, which are the actual subjects of the regulation.\n\n### Decision 11: Market Entry Model\n**Lever ID:** `eab38166-61f9-4905-8c60-5527e04c683b`\n\n**The Core Decision:** The Market Entry Model defines the primary commercial interface and revenue generation strategy for the shrimp farm. It dictates whether the business focuses on high-volume wholesale to local retailers, high-margin direct-to-consumer digital channels, or a diversified agritourism destination. This lever controls the brand identity, customer relationship management, and logistics requirements. Success is measured by customer acquisition costs, price premiums achieved over commodity markets, and the stability of the sales pipeline relative to the biological production cycles of the facility.\n\n**Why It Matters:** Immediate: Establish initial sales channels \u2192 Systemic: Capture 15% market share within two years through diversified channels \u2192 Strategic: Generates multiple revenue streams, reducing reliance on single buyer.\n\n**Strategic Choices:**\n\n1. Supply local restaurants and grocery chains directly\n2. Integrate with subscription meal kits and direct\u2011to\u2011consumer e\u2011commerce\n3. Create a farm\u2011to\u2011table agritourism experience with on\u2011site dining and educational tours\n\n**Trade-Off / Risk:** Controls Revenue Diversification vs. Operational Complexity. Weakness: The agritourism option may strain limited management capacity.\n\n**Strategic Connections:**\n\n**Synergy:** This lever strongly enhances Market Integration Depth by defining the specific touchpoints where the brand adds value. It also works in tandem with the Operational Scaling Model; for instance, a direct-to-consumer model provides the higher margins necessary to fund rapid facility expansion and technological upgrades across the Midwest.\n\n**Conflict:** A significant conflict exists with the Operational Labor Model, as an agritourism approach requires hospitality-trained staff rather than just aquaculture technicians. Furthermore, it constrains the Facility Infrastructure Strategy, as on-site dining or tours necessitate public-facing amenities and safety compliance that differ from a strictly industrial production environment.\n\n**Justification:** *Low*, Low importance as it overlaps significantly with Market Integration Depth. The strategic decision of 'how deep' to go in the value chain is more foundational than the specific 'entry' channel.\n\n\n# Scenarios\n\n# Choosing Our Strategic Path\n## The Strategic Context\nUnderstanding the core ambitions and constraints that guide our decision.\n\n**Ambition and Scale:** Moderate to high ambition targeting regional commercial scale with a physical indoor shrimp farm in the Midwest.\n\n**Risk and Novelty:** Moderate risk with incremental novelty; the project is physically demanding but not groundbreaking.\n\n**Complexity and Constraints:** High operational complexity, significant capital investment, and regulatory hurdles related to location, construction, and bio\u2011security.\n\n**Domain and Tone:** Commercial aquaculture business, entrepreneurial and practical tone.\n\n**Holistic Profile:** A physically intensive, moderately ambitious commercial venture requiring substantial infrastructure, balancing growth aspirations with manageable risk and regulatory compliance.\n\n---\n## The Path Forward\nThis scenario aligns best with the project's characteristics and goals.\n\n### The Builder's Foundation\n**Strategic Logic:** This scenario focuses on a balanced approach that blends proven technologies with strategic innovation to create a scalable and resilient business model. It aims for steady growth by optimizing costs, managing risks, and building strong local partnerships while gradually expanding market reach.\n\n**Fit Score:** 9/10\n\n**Why This Path Was Chosen:** Balanced use of proven technology and moderate risk aligns well with the plan\u2019s physical and commercial focus.\n\n**Key Strategic Decisions:**\n\n- **Facility Infrastructure Strategy:** Construct purpose-built climate-controlled steel facilities with integrated heat recovery ventilation\n- **Water Management Philosophy:** Standard Recirculating Aquaculture System (RAS) with mechanical filtration and bio-bead reactors\n- **Market Integration Depth:** Direct-to-consumer sales via local farmers markets and high-end regional restaurant contracts\n- **Biological Sourcing and Genetics:** Establish a long-term partnership with a single genetic provider for consistent growth traits\n- **Operational Scaling Model:** Hub-and-spoke expansion utilizing centralized processing with satellite grow-out tanks\n\n**The Decisive Factors:**\n\n- The plan\u2019s ambition targets regional commercial scale with a physical Midwest facility, aligning with the Builder\u2019s balanced, scalable approach.\n- Its risk is moderate; the Builder\u2019s relies on proven RAS and genetic partnerships, matching the plan\u2019s manageable novelty.\n- Complexity is high, but the Builder\u2019s uses purpose\u2011built climate\u2011controlled steel facilities and hub\u2011and\u2011spoke expansion, providing controlled growth while avoiding the extreme capital and regulatory burdens of the Pioneer\u2019s Gambit.\n- The Consolidator\u2019s Path is overly conservative, lacking the innovation needed for market differentiation.\n- Additionally, the Builder\u2019s balances upfront investment with long\u2011term stability and leverages local partnerships and direct\u2011to\u2011consumer channels, ensuring sustainable profitability and growth.\n\n---\n## Alternative Paths\n### The Pioneer's Gambit\n**Strategic Logic:** This scenario embraces cutting-edge technology and a bold market approach to establish a dominant position in the Midwest shrimp farming industry. It prioritizes innovation, scalability, and a premium product offering, accepting higher initial costs and complexity in exchange for long-term growth and competitive advantage.\n\n**Fit Score:** 6/10\n\n**Assessment of this Path:** High ambition and novelty but excessive complexity and capital risk make it a partial fit.\n\n**Key Strategic Decisions:**\n\n- **Facility Infrastructure Strategy:** Deploy fully automated subterranean bio-secure domes utilizing geothermal heat exchange and AI-monitored life support\n- **Water Management Philosophy:** Zero-Exchange Biofloc technology utilizing microbial colonies to recycle waste into supplemental protein\n- **Market Integration Depth:** Full-stack 'Pond-to-Plate' model including on-site flash-freezing, branded packaging, and subscription delivery\n- **Biological Sourcing and Genetics:** In-house closed-loop hatchery utilizing CRISPR-enhanced broodstock for cold-tolerance and rapid growth\n- **Operational Scaling Model:** Decentralized 'Farm-as-a-Service' franchise model providing tech stacks to local Midwest farmers\n\n### The Consolidator's Path\n**Strategic Logic:** This scenario prioritizes stability, cost-efficiency, and risk mitigation by leveraging existing infrastructure and proven technologies. It focuses on incremental growth, minimizing upfront investment, and ensuring compliance with local regulations while targeting reliable revenue streams through established distribution channels.\n\n**Fit Score:** 5/10\n\n**Assessment of this Path:** Too conservative and low\u2011risk, lacking the strategic ambition and innovation required.\n\n**Key Strategic Decisions:**\n\n- **Facility Infrastructure Strategy:** Retrofit existing agricultural barns with basic insulation and modular plastic tank systems\n- **Water Management Philosophy:** Traditional flow-through system with periodic saline discharge to local treatment facilities\n- **Market Integration Depth:** Wholesale live-shrimp sales to regional seafood distributors and processing plants\n- **Biological Sourcing and Genetics:** Purchase Specific Pathogen Free (SPF) post-larvae from external coastal hatcheries as needed\n- **Operational Scaling Model:** Single-site owner-operator model managed exclusively by the founding partners\n\n\n# Physical Locations\n\nThis plan implies one or more physical locations.\n\n## Requirements for physical locations\n\n- Located within the US Midwest region\n- Zoning allowance for aquaculture or light industrial use\n- Access to high-capacity water and electrical utilities\n- Proximity to high-end regional restaurant hubs\n- Climate-controlled or insulated structure suitability\n- Compliance with saline wastewater discharge regulations\n\n## Location 1\nUSA\n\nIndianapolis, Indiana\n\nIndustrial Corridor / Near I-465\n\n**Rationale**: Indiana has a supportive regulatory environment for aquaculture. Indianapolis provides a central Midwest hub with excellent logistics for 'Pond-to-Plate' distribution and proximity to a large concentration of high-end restaurants.\n\n## Location 2\nUSA\n\nDes Moines, Iowa\n\nAgricultural-Industrial Zones\n\n**Rationale**: Iowa offers strong agricultural infrastructure and potential for public-private partnerships. Des Moines is a growing culinary market and provides access to a workforce familiar with large-scale biological asset management.\n\n## Location 3\nUSA\n\nColumbus, Ohio\n\nRickenbacker International Airport Area\n\n**Rationale**: Columbus is one of the fastest-growing cities in the Midwest. The area near the logistics hub offers the specialized industrial space needed for purpose-built steel facilities and easy access to major regional markets like Cleveland and Cincinnati.\n\n## Location Summary\nThe plan explicitly targets the US Midwest for an indoor shrimp farm. The suggested locations in Indiana, Iowa, and Ohio were selected based on their robust agricultural heritage, favorable utility access for Recirculating Aquaculture Systems (RAS), and strategic proximity to the high-end restaurant contracts defined in the 'Builder's Foundation' strategic path.\n\n# Currency Strategy\n\nThis plan involves money.\n\n## Currencies\n\n- **USD:** The project is located entirely within the United States (Midwest region), involving domestic capital expenditures for construction, utility payments, and local labor.\n\n**Primary currency:** USD\n\n**Currency strategy:** The local currency (USD) will be used for all transactions, including facility acquisition, equipment procurement, and payroll. No international exchange risk management is required as the operations and target markets are domestic.\n\n# Identify Risks\n\n\n## Risk 1 - Operational & Biological\nMass mortality event due to Recirculating Aquaculture System (RAS) failure. In an indoor Midwest environment, a failure in the life support system (aeration, bio-filtration, or heating) can lead to total crop loss within hours due to ammonia spikes or thermal shock.\n\n**Impact:** Loss of an entire harvest cycle (approx. 3\u20134 months of growth). Financial impact of $50,000\u2013$150,000 per batch depending on shrimp density and age. Potential 4-month delay in revenue.\n\n**Likelihood:** Medium\n\n**Severity:** High\n\n**Action:** Install redundant power supplies (industrial generators), IoT-based water quality sensors with 24/7 mobile alerts, and automated emergency oxygen injection systems.\n\n## Risk 2 - Regulatory & Permitting\nSaline wastewater discharge compliance. Discharging high-salinity water from shrimp tanks into Midwest municipal sewer systems or local water tables often violates local environmental codes designed for freshwater agriculture.\n\n**Impact:** Fines of $1,000\u2013$5,000 per day of non-compliance. Potential project shutdown or a requirement to install a $50,000\u2013$100,000 on-site water treatment/desalination plant.\n\n**Likelihood:** High\n\n**Severity:** High\n\n**Action:** Engage with municipal water authorities during the site selection phase. Prioritize 'Zero-Exchange' technology or evaporation ponds to minimize liquid discharge.\n\n## Risk 3 - Financial & Capital\nHigh Operational Expenditure (OPEX) due to Midwest energy costs. Maintaining tropical temperatures (80\u00b0F+) in a steel facility during Indiana/Iowa winters (sub-zero) creates massive heating bills that can erode margins.\n\n**Impact:** Monthly utility overruns of $5,000\u2013$12,000 beyond projections during winter months. Could lead to a 20-30% increase in the cost-per-pound of shrimp produced.\n\n**Likelihood:** High\n\n**Severity:** Medium\n\n**Action:** Invest in high-R-value spray foam insulation and heat recovery ventilators (HRVs). Explore geothermal heat pumps or co-location near industrial waste-heat sources.\n\n## Risk 4 - Supply Chain\nBiosecurity and logistics of Post-Larvae (PL) sourcing. Relying on a single genetic provider for live larvae means any disease outbreak at the provider's hatchery or a transport delay (e.g., grounded flights) halts production.\n\n**Impact:** Empty tanks for 4\u20138 weeks. Loss of 'consistent supply' reputation with high-end restaurant partners. Estimated revenue loss of $20,000\u2013$40,000 per missed stocking window.\n\n**Likelihood:** Medium\n\n**Severity:** Medium\n\n**Action:** Establish secondary sourcing agreements with a backup hatchery. Implement a strict 30-day quarantine protocol for all incoming larvae to protect the main facility.\n\n## Risk 5 - Technical & Integration\nScaling complexity of the 'Hub-and-Spoke' model. Moving live shrimp or sensitive water between satellite grow-out tanks and a central processing hub increases the risk of physical damage to the product and cross-contamination.\n\n**Impact:** Product degradation leading to lower market prices (wholesale vs. premium). 10-15% increase in labor costs due to complex logistics. Potential 2-4 week delay in establishing the first 'spoke'.\n\n**Likelihood:** Medium\n\n**Severity:** Low\n\n**Action:** Standardize transport equipment (oxygenated hauling tanks) and develop a rigorous SOP for biosecurity transfers between sites.\n\n## Risk 6 - Social & Labor\nSpecialized talent gap. The Midwest lacks a deep pool of experienced warm-water aquaculture technicians. Relying on Larry, Bubba, and the founder to manage complex RAS chemistry may lead to burnout or human error.\n\n**Impact:** Operational inefficiencies and increased risk of system failure. Hiring specialized consultants from coastal regions could cost an extra $15,000\u2013$30,000 in relocation and salary premiums.\n\n**Likelihood:** High\n\n**Severity:** Medium\n\n**Action:** Partner with local universities (e.g., Purdue or Iowa State) to create an internship pipeline. Invest in simplified, automated 'tech stacks' to reduce the need for PhD-level water chemistry knowledge.\n\n## Risk summary\nThe project faces a 'High-Severity' profile primarily driven by Biological and Regulatory risks. The most critical threats are (1) the catastrophic loss of live assets due to Midwest climate-induced system failures and (2) the legal hurdles of saline waste management in a freshwater region. While the 'Builder's Foundation' strategy uses proven RAS technology, the team's success depends on over-engineering thermal insulation and securing ironclad discharge permits before capital is deployed. The trade-off between high upfront CAPEX for climate control and long-term OPEX stability is the project's central financial tension.\n\n# Make Assumptions\n\n\n## Question 1 - What is the total initial capital contribution from the three partners, and what is the maximum debt-to-equity ratio you are willing to accept?\n\n**Assumptions:** Assumption: The founding partners (You, Larry, and Bubba) have a combined liquid capital of $500,000 and intend to leverage an additional $1,000,000 through SBA 7(a) loans or agricultural equipment leasing. This assumption is based on the typical CAPEX requirements for a mid-scale indoor RAS facility in the Midwest.\n\n**Assessments:** Title: Financial Feasibility Assessment. Description: Evaluation of the capital structure against the high upfront costs of purpose-built steel facilities. Details: A $1.5M total budget allows for the construction of a ~10,000 sq. ft. facility. Risk: If initial capital is below $300k, the debt service on a $1.2M+ loan may exceed early-stage cash flow from restaurant contracts, creating a 'valley of death' before the third harvest cycle.\n\n## Question 2 - What is the specific target date for the first 'seed-to-harvest' cycle to be completed?\n\n**Assumptions:** Assumption: The project aims for a 'first harvest' within 14 months of the Feb 2026 start date. This includes 6 months for facility retrofitting/construction, 2 months for system cycling/bio-filter maturation, and 6 months for the first growth cycle. This follows industry standards for new RAS startups.\n\n**Assessments:** Title: Timeline & Milestones Assessment. Description: Analysis of the 'ASAP' start date relative to Midwest construction seasons. Details: Starting in February means construction begins during peak winter; if the facility isn't enclosed by November 2026, internal system installation will face 30-50% labor efficiency drops due to cold. Opportunity: Aligning the first harvest with the Spring 2027 'high-end' dining season maximizes initial margins.\n\n## Question 3 - Which of the three founders will be the full-time 'On-Site Manager,' and what is their specific experience with water chemistry or mechanical systems?\n\n**Assumptions:** Assumption: One founder will act as the full-time operator while the others provide part-time support or capital. It is assumed the team lacks formal aquaculture degrees but possesses 'hands-on' mechanical or agricultural experience. This is common in entrepreneurial 'Builder' scenarios.\n\n**Assessments:** Title: Resources & Personnel Assessment. Description: Evaluation of the 'Specialized Talent Gap' risk identified in the risk profile. Details: Without a dedicated 24/7 on-site presence, the likelihood of Risk 1 (Mass Mortality) increases by 40%. Mitigation: Budgeting $15k for a remote aquaculture consultant for the first 6 months of operation can bridge the expertise gap while training local staff.\n\n## Question 4 - Have you identified a specific municipal wastewater plant in Indianapolis, Des Moines, or Columbus that will accept saline discharge?\n\n**Assumptions:** Assumption: The project will utilize a 'Standard RAS' with a 10% daily water exchange rate, requiring the disposal of approximately 1,000\u20133,000 gallons of saline water per day. It is assumed that local industrial zones will require pre-treatment before discharge. This is based on EPA guidelines for inland aquaculture.\n\n**Assessments:** Title: Governance & Regulations Assessment. Description: Review of the legal feasibility of saline waste management. Details: High-salinity discharge can corrode municipal pipes. If a 'Zero-Exchange' system isn't used, the project may face a $100k unbudgeted expense for an on-site desalination/evaporation unit. Early engagement with the Indiana IDEM or Iowa DNR is critical to avoid a 'Stop Work' order.\n\n## Question 5 - What is the planned redundancy for the life support systems in the event of a multi-day Midwest power outage?\n\n**Assumptions:** Assumption: The facility will be equipped with a dual-fuel (Propane/Diesel) industrial generator capable of maintaining 100% of aeration and 50% of heating loads for 72 hours. This is a standard risk mitigation strategy for high-density indoor farming in storm-prone regions.\n\n**Assessments:** Title: Safety & Risk Management Assessment. Description: Analysis of the 'Operational & Biological' risk of system failure. Details: A 4-hour power failure in sub-zero temperatures without a generator results in 90%+ mortality. The cost of a 100kW generator (~$45k) is less than the cost of a single lost harvest ($50k-$150k), representing a 100% ROI upon the first major grid failure.\n\n## Question 6 - What is the target R-value for the facility insulation, and will you utilize geothermal or waste-heat recovery?\n\n**Assumptions:** Assumption: The facility will use R-30 spray foam insulation and a heat recovery ventilator (HRV) to capture 70% of heat from exhausted air. This assumption addresses the 'High OPEX' risk of Midwest winters. This is an industry benchmark for energy-efficient indoor agriculture.\n\n**Assessments:** Title: Environmental Impact & Energy Assessment. Description: Evaluation of the carbon footprint and energy cost-efficiency. Details: Without R-30+ insulation, winter heating costs in Iowa/Indiana can consume 40% of gross margins. Utilizing waste-heat recovery reduces the 'cost-per-pound' of shrimp by an estimated $1.20, significantly increasing competitiveness against coastal imports.\n\n## Question 7 - Which 5-10 high-end restaurants in the chosen city have been contacted for preliminary 'Letters of Intent' (LOI)?\n\n**Assumptions:** Assumption: The business model relies on securing LOIs for at least 30% of the projected first harvest at a premium price of $18-$22/lb. This assumes a 'Pond-to-Plate' marketing strategy where freshness justifies the 2x price over frozen imports.\n\n**Assessments:** Title: Stakeholder Involvement Assessment. Description: Analysis of market integration and revenue stability. Details: Direct-to-consumer and restaurant contracts provide higher margins but require high 'Logistical Complexity.' Failure to secure LOIs before the first stocking window increases the risk of being forced to sell to low-margin wholesalers at $8-$10/lb, threatening loan repayment.\n\n## Question 8 - What software or IoT platform will be used to integrate water quality sensors with the 'Hub-and-Spoke' logistics?\n\n**Assumptions:** Assumption: The project will deploy a cloud-based monitoring system (e.g., Aquamanager or similar) that provides real-time alerts to all three founders' mobile devices. This assumes a 'Tech-Forward' approach to manage the 'Scaling Complexity' risk.\n\n**Assessments:** Title: Operational Systems Assessment. Description: Evaluation of the technical infrastructure for multi-site management. Details: Using a centralized IoT dashboard allows the founders to monitor 'Spoke' tanks remotely, reducing the need for on-site specialized labor by 25%. This system is the 'digital backbone' required to prevent the 'Single-Point-of-Failure' risk identified in the scaling model.\n\n# Distill Assumptions\n\n- Founders provide $500,000 capital and leverage $1,000,000 in SBA loans or equipment leasing.\n- The project targets a first harvest within 14 months of the February 2026 start.\n- Facility construction and retrofitting are allocated a six-month timeline within the overall schedule.\n- One founder will serve as the full-time on-site operator for daily farm management.\n- The team relies on hands-on mechanical experience rather than formal aquaculture degrees.\n- Standard Recirculating Aquaculture Systems will require disposing 1,000\u20133,000 gallons of saline water daily.\n- Industrial zoning will necessitate pre-treatment of saline discharge per EPA and state guidelines.\n- A dual-fuel industrial generator will provide 72 hours of emergency power for life support.\n- Facility insulation will meet R-30 standards using spray foam and heat recovery ventilators.\n- The business model requires securing Letters of Intent for 30% of the first harvest.\n- Target pricing for premium direct-to-consumer shrimp is set between $18 and $22 per pound.\n- A cloud-based IoT platform will integrate water quality sensors for real-time remote monitoring.\n- The infrastructure strategy utilizes purpose-built climate-controlled steel facilities for thermal stability.\n- Biological sourcing relies on a long-term partnership with a single consistent genetic provider.\n- Scaling follows a hub-and-spoke model with centralized processing and satellite grow-out tanks."
}