[
  {
    "id": 1,
    "category": "Aquaculture Systems Engineer",
    "explanation": "Responsible for the design, installation, and calibration of the Recirculating Aquaculture System (RAS), including mechanical filtration, bio-bead reactors, and aeration redundancies.",
    "consequences": "Improper system integration leading to bio-filter failure, ammonia spikes, and total crop loss (mass mortality).",
    "count": "1",
    "contract_type": "independent_contractor",
    "contract_type_justification": "The design and installation of a specialized RAS require high-level engineering expertise that is typically project-based. Once the system is calibrated and operational, the need for this specific engineering role diminishes."
  },
  {
    "id": 2,
    "category": "Environmental Compliance & Wastewater Specialist",
    "explanation": "Navigates the complex Midwest regulations regarding saline discharge and manages the implementation of the Zero-Liquid Discharge (ZLD) or evaporation systems.",
    "consequences": "Legal shutdowns, heavy EPA/DNR fines, or the inability to obtain necessary operating permits for saline water management.",
    "count": "1",
    "contract_type": "independent_contractor",
    "contract_type_justification": "Navigating Midwest saline discharge regulations and ZLD implementation is a specialized legal and technical hurdle. A consultant or specialist is ideal for securing permits and setting up the framework during the pre-operational phase."
  },
  {
    "id": 3,
    "category": "Facility Operations & Climate Manager",
    "explanation": "Oversees the physical plant, focusing on maintaining the 80\u00b0F+ internal environment through R-30 insulation maintenance, HRV systems, and backup generator readiness.",
    "consequences": "Thermal shock to the shrimp during Midwest winters and astronomical utility bills due to inefficient climate control.",
    "count": "1",
    "contract_type": "full_time_employee",
    "contract_type_justification": "Maintaining a constant 80\u00b0F+ environment in Midwest winters is a 24/7 critical operation. This role requires a dedicated staff member to manage facility uptime, backup systems, and immediate response to climate failures."
  },
  {
    "id": 4,
    "category": "Aquatic Biologist / Husbandry Technician",
    "explanation": "Monitors shrimp health, manages the 30-day quarantine protocols for post-larvae, and optimizes Feed Conversion Ratios (FCR) to ensure growth targets are met.",
    "consequences": "Undetected disease outbreaks, poor growth rates, and inefficient feed usage which accounts for 50-60% of operating costs.",
    "count": "min 2, max 3, depending on the number of active tanks and harvest cycles.",
    "contract_type": "full_time_employee",
    "contract_type_justification": "Daily monitoring of biological assets, managing quarantine, and feeding protocols are core operational tasks. Given the high risk of mass mortality, dedicated full-time staff are needed to ensure consistency and biosecurity."
  },
  {
    "id": 5,
    "category": "IoT & Automation Systems Integrator",
    "explanation": "Sets up and maintains the cloud-based monitoring platform and water quality sensors to provide 24/7 alerts and data for the hub-and-spoke scaling model.",
    "consequences": "Lack of real-time visibility into water chemistry, leading to slow response times during equipment malfunctions.",
    "count": "1",
    "contract_type": "agency_temp",
    "contract_type_justification": "The initial setup of IoT sensors and cloud platforms can be handled by an agency or specialized firm. Ongoing maintenance can be managed via a service level agreement rather than a permanent hire."
  },
  {
    "id": 6,
    "category": "Supply Chain & Logistics Coordinator",
    "explanation": "Manages the procurement of biosecure feed, coordinates live shrimp transport in oxygenated tanks, and maintains the 3-month feed buffer.",
    "consequences": "Production halts due to feed shortages or high mortality during transport between satellite grow-out tanks.",
    "count": "1",
    "contract_type": "part_time_employee",
    "contract_type_justification": "While critical, procurement and logistics for a single 10,000 sq ft facility do not yet require a 40-hour work week. This role can scale to full-time as the hub-and-spoke model expands."
  },
  {
    "id": 7,
    "category": "Market Relations & Sales Director",
    "explanation": "Secures and manages 'Letters of Intent' (LOI) from high-end restaurants and handles the 'Pond-to-Plate' branding and direct-to-consumer sales channels.",
    "consequences": "Inability to command premium pricing ($18-22/lb), forcing the business to sell at low-margin commodity wholesale prices.",
    "count": "1",
    "contract_type": "full_time_employee",
    "contract_type_justification": "Securing high-margin restaurant contracts and managing the 'Pond-to-Plate' brand is essential for the project's financial viability. This requires a dedicated person to build relationships and manage the sales pipeline."
  },
  {
    "id": 8,
    "category": "Project Finance & Grant Administrator",
    "explanation": "Manages the $1.5M capital stack, ensures compliance with SBA 7(a) loan requirements, and pursues state agricultural grants for energy efficiency.",
    "consequences": "Cash flow insolvency during the 14-month 'financial valley of death' before the first harvest generates revenue.",
    "count": "1",
    "contract_type": "part_time_employee",
    "contract_type_justification": "Managing the $1.5M capital stack and SBA compliance is a specialized administrative task that can be performed on a part-time basis or by a fractional CFO to preserve capital during the 'financial valley of death'."
  }
]