[
  {
    "id": 1,
    "category": "Aquaculture Systems Engineer",
    "explanation": "Responsible for the design, installation, and calibration of the Recirculating Aquaculture System (RAS), including mechanical filtration, bio-bead reactors, and aeration redundancies.",
    "consequences": "Improper system integration leading to bio-filter failure, ammonia spikes, and total crop loss (mass mortality).",
    "count": "1",
    "contract_type": "independent_contractor",
    "contract_type_justification": "The design and installation of a specialized RAS require high-level engineering expertise that is typically project-based. Once the system is calibrated and operational, the need for this specific engineering role diminishes.",
    "typical_job_activities": "Designing and overseeing the installation of mechanical filtration units, bio-bead reactors, and aeration systems; calibrating water flow rates and pressure sensors; and establishing redundant fail-safe protocols for life-support hardware.",
    "background_story": "Marcus Thorne is a Chicago-based mechanical engineer with a Master\u2019s in Biosystems Engineering from Purdue University and over twelve years of experience in industrial fluid dynamics. Having previously designed closed-loop cooling systems for data centers, Marcus transitioned into aquaculture five years ago, mastering the intricacies of Recirculating Aquaculture Systems (RAS) and bio-filtration. He is deeply familiar with the challenges of maintaining precise water chemistry in volatile climates, making him the ideal candidate to ensure the Midwest facility's life-support systems are resilient against the region's extreme temperature swings."
  },
  {
    "id": 2,
    "category": "Environmental Compliance & Wastewater Specialist",
    "explanation": "Navigates the complex Midwest regulations regarding saline discharge and manages the implementation of the Zero-Liquid Discharge (ZLD) or evaporation systems.",
    "consequences": "Legal shutdowns, heavy EPA/DNR fines, or the inability to obtain necessary operating permits for saline water management.",
    "count": "1",
    "contract_type": "independent_contractor",
    "contract_type_justification": "Navigating Midwest saline discharge regulations and ZLD implementation is a specialized legal and technical hurdle. A consultant or specialist is ideal for securing permits and setting up the framework during the pre-operational phase.",
    "typical_job_activities": "Liaising with municipal water authorities and state environmental agencies; designing on-site salt recovery or evaporation systems; and conducting regular chloride limit studies to ensure total regulatory compliance.",
    "background_story": "Elena Rodriguez, based in Des Moines, Iowa, is an environmental scientist with a decade of experience navigating EPA and state-level DNR regulations for industrial agricultural runoff. With a background in chemical engineering and a specialized certification in wastewater management, she has successfully led three major projects involving Zero-Liquid Discharge (ZLD) systems for manufacturing plants. Her familiarity with the specific chloride limits of Midwest municipal treatment plants is vital for this project, as she provides the legal and technical bridge needed to secure saline discharge permits in landlocked jurisdictions."
  },
  {
    "id": 3,
    "category": "Facility Operations & Climate Manager",
    "explanation": "Oversees the physical plant, focusing on maintaining the 80\u00b0F+ internal environment through R-30 insulation maintenance, HRV systems, and backup generator readiness.",
    "consequences": "Thermal shock to the shrimp during Midwest winters and astronomical utility bills due to inefficient climate control.",
    "count": "1",
    "contract_type": "full_time_employee",
    "contract_type_justification": "Maintaining a constant 80\u00b0F+ environment in Midwest winters is a 24/7 critical operation. This role requires a dedicated staff member to manage facility uptime, backup systems, and immediate response to climate failures.",
    "typical_job_activities": "Monitoring and maintaining the facility's thermal envelope and HRV systems; performing routine maintenance on dual-fuel backup generators; and responding to 24/7 climate-related alerts to prevent thermal shock to the shrimp.",
    "background_story": "David 'Bubba' Jenkins is a lifelong resident of Indianapolis with twenty years of experience in commercial HVAC and industrial facility maintenance. While he lacks a formal degree in marine biology, his hands-on expertise with high-R-value insulation, heat recovery ventilators (HRV), and heavy-duty backup generators is unmatched in the local agricultural sector. As one of the founding partners, David is intimately familiar with the project's physical requirements and is uniquely qualified to manage the 24/7 operational demands of keeping a steel facility at a constant 80\u00b0F during a sub-zero Indiana winter."
  },
  {
    "id": 4,
    "category": "Aquatic Biologist / Husbandry Technician",
    "explanation": "Monitors shrimp health, manages the 30-day quarantine protocols for post-larvae, and optimizes Feed Conversion Ratios (FCR) to ensure growth targets are met.",
    "consequences": "Undetected disease outbreaks, poor growth rates, and inefficient feed usage which accounts for 50-60% of operating costs.",
    "count": "min 2, max 3, depending on the number of active tanks and harvest cycles.",
    "contract_type": "full_time_employee",
    "contract_type_justification": "Daily monitoring of biological assets, managing quarantine, and feeding protocols are core operational tasks. Given the high risk of mass mortality, dedicated full-time staff are needed to ensure consistency and biosecurity.",
    "typical_job_activities": "Managing 30-day quarantine protocols for post-larvae; monitoring shrimp health and growth rates; and adjusting feeding schedules to optimize FCR and minimize waste protein in the water.",
    "background_story": "Sarah Chen is an aquatic biologist located in Columbus, Ohio, holding a degree in Marine Science and extensive experience in crustacean husbandry from her time at coastal hatcheries. She specializes in biosecurity protocols and the optimization of Feed Conversion Ratios (FCR), having managed large-scale shrimp populations in high-density environments. Sarah is highly familiar with the 'Builder's Foundation' approach and is relevant to this project because her biological oversight will prevent the 'New Tank Syndrome' and disease outbreaks that often plague inland startups."
  },
  {
    "id": 5,
    "category": "IoT & Automation Systems Integrator",
    "explanation": "Sets up and maintains the cloud-based monitoring platform and water quality sensors to provide 24/7 alerts and data for the hub-and-spoke scaling model.",
    "consequences": "Lack of real-time visibility into water chemistry, leading to slow response times during equipment malfunctions.",
    "count": "1",
    "contract_type": "agency_temp",
    "contract_type_justification": "The initial setup of IoT sensors and cloud platforms can be handled by an agency or specialized firm. Ongoing maintenance can be managed via a service level agreement rather than a permanent hire.",
    "typical_job_activities": "Integrating water quality sensors with cloud-based monitoring platforms; configuring real-time mobile alerts for ammonia and oxygen levels; and maintaining the security and uptime of the automation tech stack.",
    "background_story": "Kevin Park is a systems architect based in Minneapolis who specializes in industrial IoT and cloud-based automation for the agricultural sector. With a background in computer science and five years of experience deploying remote sensor networks for smart-farms, Kevin is an expert at integrating disparate hardware into a unified dashboard. He is familiar with the hub-and-spoke model and is relevant here because he will build the digital backbone that allows the founders to monitor water quality across multiple satellite tanks from a single mobile interface."
  },
  {
    "id": 6,
    "category": "Supply Chain & Logistics Coordinator",
    "explanation": "Manages the procurement of biosecure feed, coordinates live shrimp transport in oxygenated tanks, and maintains the 3-month feed buffer.",
    "consequences": "Production halts due to feed shortages or high mortality during transport between satellite grow-out tanks.",
    "count": "1",
    "contract_type": "part_time_employee",
    "contract_type_justification": "While critical, procurement and logistics for a single 10,000 sq ft facility do not yet require a 40-hour work week. This role can scale to full-time as the hub-and-spoke model expands.",
    "typical_job_activities": "Coordinating the procurement of biosecure feed from specialized manufacturers; managing the logistics of live shrimp transport in oxygenated tanks; and maintaining inventory levels for all critical biological inputs.",
    "background_story": "Linda Wu is a logistics professional from Omaha with a background in cold-chain management and agricultural procurement. She has spent eight years coordinating the transport of perishable goods across the Midwest and has developed a deep network of contacts within the regional supply chain. Her familiarity with biosecure transport and just-in-time delivery is essential for maintaining the farm's three-month feed buffer and ensuring that live shrimp reach satellite grow-out tanks without suffering transport-related mortality."
  },
  {
    "id": 7,
    "category": "Market Relations & Sales Director",
    "explanation": "Secures and manages 'Letters of Intent' (LOI) from high-end restaurants and handles the 'Pond-to-Plate' branding and direct-to-consumer sales channels.",
    "consequences": "Inability to command premium pricing ($18-22/lb), forcing the business to sell at low-margin commodity wholesale prices.",
    "count": "1",
    "contract_type": "full_time_employee",
    "contract_type_justification": "Securing high-margin restaurant contracts and managing the 'Pond-to-Plate' brand is essential for the project's financial viability. This requires a dedicated person to build relationships and manage the sales pipeline.",
    "typical_job_activities": "Securing Letters of Intent (LOI) from high-end restaurants; managing the 'Pond-to-Plate' brand identity; and overseeing direct-to-consumer sales channels and subscription models.",
    "background_story": "Larry Miller, a founding partner based in Indianapolis, is a former regional sales manager for a major food distribution company with fifteen years of experience in the high-end culinary market. Larry possesses an extensive Rolodex of executive chefs and restaurant owners across the Midwest and understands the 'Pond-to-Plate' value proposition better than anyone. His familiarity with the premium seafood market is the key to the project's financial viability, as he is responsible for securing the high-margin contracts that justify the farm's significant CAPEX."
  },
  {
    "id": 8,
    "category": "Project Finance & Grant Administrator",
    "explanation": "Manages the $1.5M capital stack, ensures compliance with SBA 7(a) loan requirements, and pursues state agricultural grants for energy efficiency.",
    "consequences": "Cash flow insolvency during the 14-month 'financial valley of death' before the first harvest generates revenue.",
    "count": "1",
    "contract_type": "part_time_employee",
    "contract_type_justification": "Managing the $1.5M capital stack and SBA compliance is a specialized administrative task that can be performed on a part-time basis or by a fractional CFO to preserve capital during the 'financial valley of death'.",
    "typical_job_activities": "Managing the $1.5M capital stack and SBA 7(a) loan reporting; pursuing state agricultural and energy grants; and performing cash-flow forecasting to ensure operational runway through the first harvest.",
    "background_story": "Rachel Vance is a fractional CFO based in Chicago who specializes in agricultural finance and SBA loan compliance. With an MBA and a background in venture capital, she has helped dozens of startups navigate the 'financial valley of death' by optimizing capital stacks and securing state-level energy efficiency grants. She is highly familiar with the 14-month timeline of this project and is relevant because she will ensure the $1.5M budget is managed with the discipline required to reach the first harvest without insolvency."
  }
]