[
  {
    "id": "cc741284-9bd5-4122-be72-48fd5d5dfd08",
    "document_name": "Municipal Wastewater Chloride & TDS Limit Data",
    "description": "Official 'Local Limits' and pretreatment regulations for the municipal wastewater departments in Indianapolis, Des Moines, and Columbus. Crucial for determining if ZLD is mandatory.",
    "recency_requirement": "Current/Most recent version (2024-2026)",
    "responsible_role_type": "Environmental Compliance & Wastewater Specialist",
    "steps_to_find": [
      "Contact the Pretreatment Coordinator at Indianapolis (IDEM), Des Moines (DNR), and Columbus (Ohio EPA).",
      "Search municipal code portals for 'Industrial User' discharge limits."
    ],
    "access_difficulty": "Medium (Requires direct contact with city engineers and specific regulatory requests)",
    "essential_information": [
      "Identify the exact chloride and Total Dissolved Solids (TDS) limits for municipal wastewater discharge in Indianapolis, Des Moines, and Columbus.",
      "Detail the pretreatment requirements for saline wastewater as specified by each municipality's wastewater department.",
      "Quantify the cost implications of compliance with these limits, including any required on-site treatment systems (e.g., Zero-Liquid Discharge or evaporation).",
      "List the specific regulatory contacts and procedures for obtaining wastewater discharge permits in each city.",
      "Compare the feasibility of direct discharge versus on-site treatment for the project's planned saline wastewater output (1,000-3,000 gallons daily)."
    ],
    "risks_of_poor_quality": [
      "Inaccurate chloride or TDS limits lead to permit violations and potential fines of $1,000-$5,000 per day.",
      "Misinterpretation of pretreatment requirements results in improper system design, causing operational delays and retrofit costs of $50,000-$100,000.",
      "Outdated or incorrect data leads to regulatory non-compliance, risking project shutdown or enforced treatment upgrades."
    ],
    "worst_case_scenario": "The project is forced to halt operations due to untreated saline discharge violations, resulting in fines, mandated, and unbudgeted upgrades of $150,000-$250,000, and a 4-6 month delay in the first harvest.",
    "best_case_scenario": "Securing accurate and current wastewater discharge data enables the design of a compliant and cost-effective treatment system, ensuring smooth regulatory approval and allowing the project to stay on schedule and within budget.",
    "fallback_alternative_approaches": [
      "Engage a wastewater engineering consultant to perform a detailed chloride and TDS analysis for the chosen sites.",
      "Research and implement a Zero-Liquid Discharge (ZLD) system to eliminate discharge concerns entirely, despite higher upfront costs.",
      "Negotiate a variance or special permit with municipal authorities by demonstrating the project's economic benefits and commitment to environmental compliance.",
      "Explore alternative locations with more lenient saline discharge regulations if compliance proves too costly or unattainable."
    ]
  },
  {
    "id": "e0bc0db8-c89e-4138-88db-c580be25e794",
    "document_name": "Midwest Industrial Utility Rate Cards",
    "description": "Raw data on industrial electricity and natural gas rates for the specific counties targeted. Needed to model the OPEX for 80\u00b0F+ winter heating.",
    "recency_requirement": "Current year (2025/2026)",
    "responsible_role_type": "Project Finance & Grant Administrator",
    "steps_to_find": [
      "Access utility provider websites (e.g., AES Indiana, MidAmerican Energy).",
      "Request industrial rate schedules from local economic development corporations."
    ],
    "access_difficulty": "Easy (Publicly available on utility websites)",
    "essential_information": [
      "Identify the exact industrial electricity rate (cents per kWh) for the specific service territories in Indianapolis (AES Indiana), Des Moines (MidAmerican Energy), and Columbus (AEP Ohio).",
      "Identify the exact natural gas rates (per therm or MCF) for industrial users in the target counties.",
      "Detail the structure of demand charges (peak vs. off-peak) and how they apply to 24/7 life-support systems (aeration and pumps).",
      "Quantify any 'Economic Development' or 'Agricultural' riders/discounts available for new indoor farming operations.",
      "List the fixed monthly service fees and infrastructure connection charges for high-capacity industrial meters.",
      "Determine the seasonal rate fluctuations (Winter vs. Summer) to model the specific impact of heating an 80\u00b0F+ environment during Midwest sub-zero months."
    ],
    "risks_of_poor_quality": [
      "Underestimating heating OPEX leads to a 20-30% higher cost-per-pound, potentially erasing the premium margin expected from restaurant sales.",
      "Inaccurate demand charge modeling causes unexpected monthly cash flow shortages of $5,000-$12,000.",
      "Failure to account for peak-hour pricing could lead to inefficient scheduling of energy-intensive tasks (e.g., water heating or heavy filtration cycles).",
      "Incorrect utility data invalidates the Financial Feasibility Assessment, leading to a 'debt service coverage ratio' (DSCR) that fails SBA loan requirements."
    ],
    "worst_case_scenario": "The project faces financial insolvency within the first winter because heating costs exceed the total revenue from early harvests, and the $1.5M capital stack is exhausted before the system reaches biological maturity.",
    "best_case_scenario": "Precise utility modeling allows the founders to select the most cost-effective site, secure agricultural energy discounts, and optimize the ROI on R-30 insulation, ensuring a stable $1.20/lb cost advantage over coastal competitors.",
    "fallback_alternative_approaches": [
      "Engage a local energy consultant to provide a comparative utility cost analysis for the three target cities.",
      "Contact the Economic Development Corporation (EDC) in each city to request 'pro-forma' utility bills for similar-sized industrial facilities.",
      "Use state-level industrial average rates from the U.S. Energy Information Administration (EIA) as a temporary proxy while awaiting specific rate cards."
    ]
  },
  {
    "id": "ab36726a-0e11-48ca-b65e-abf72a09f2da",
    "document_name": "State-Specific Aquaculture & Biosecurity Laws",
    "description": "Official legislative text from Indiana, Iowa, and Ohio regarding the transport of live aquatic species and biosecurity requirements for indoor farms.",
    "recency_requirement": "Current regulations essential",
    "responsible_role_type": "Legal Counsel",
    "steps_to_find": [
      "Search state legislative databases for 'Aquaculture Producer' statutes.",
      "Check State Department of Agriculture websites for biosecurity and transport permit requirements."
    ],
    "access_difficulty": "Easy (Publicly available on government legislative portals)",
    "essential_information": [
      "Identify the specific 'Import Permit' requirements for transporting Specific Pathogen Free (SPF) post-larvae across state lines into Indiana, Iowa, and Ohio.",
      "What are the exact quarantine duration and facility isolation standards required by each state's Department of Agriculture before new stock can be integrated?",
      "List the 'Reportable Diseases' for shrimp in each jurisdiction and the mandatory reporting timeline (e.g., within 24 or 48 hours of detection).",
      "Detail the specific vehicle and container disinfection protocols mandated for the 'Hub-and-Spoke' transport of live shrimp between satellite tanks.",
      "Quantify the minimum distance requirements (if any) between the indoor aquaculture facility and existing livestock operations to prevent cross-contamination.",
      "Identify the required credentials for the 'On-Site Manager' to be recognized as a certified aquatic animal health inspector or equivalent."
    ],
    "risks_of_poor_quality": [
      "Seizure and destruction of expensive SPF post-larvae at state borders due to missing or incorrect transit permits.",
      "Mandatory facility-wide depopulation (culling) by state authorities if a reportable disease is discovered and biosecurity protocols are deemed non-compliant.",
      "Legal injunctions or 'Stop Work' orders during the critical 14-month startup phase due to failure to register as an official Aquaculture Producer.",
      "Ineligibility for state agricultural grants or SBA loan disbursements if the facility fails to meet baseline biosecurity standards."
    ],
    "worst_case_scenario": "A biosecurity breach leads to a mass mortality event, followed by a state-mandated permanent shutdown of the facility without compensation, resulting in a total loss of the $1.5M investment and potential legal liability for spreading pathogens to regional water bodies.",
    "best_case_scenario": "The project secures 'Certified Biosecure' status, enabling seamless interstate transport of shrimp, reducing insurance premiums by 20%, and serving as a 'Gold Standard' model that fast-tracks future regulatory approvals for the 'Farm-as-a-Service' expansion.",
    "fallback_alternative_approaches": [
      "Engage a specialized aquaculture regulatory consultant to provide a summary compliance matrix for the three target states.",
      "Request a formal 'Pre-Operational Review' from the State Veterinarian's office in the selected location.",
      "Limit initial operations to a single state (e.g., Indiana only) to simplify the regulatory burden until the first harvest is successful.",
      "Purchase a 'Regulatory Compliance Package' from the shrimp genetic provider that includes pre-vetted transport templates."
    ]
  },
  {
    "id": "cc301eb8-2e33-4354-aa16-98cde793f7d9",
    "document_name": "SPF Post-Larvae Provider Price & Availability Data",
    "description": "Raw pricing, seasonal availability schedules, and health certification standards from major coastal shrimp hatcheries (e.g., Florida/Texas).",
    "recency_requirement": "Published within last 12 months",
    "responsible_role_type": "Supply Chain & Logistics Coordinator",
    "steps_to_find": [
      "Contact sales departments of major SPF hatcheries.",
      "Request 'Certificate of Health' templates and shipping logistics data."
    ],
    "access_difficulty": "Medium (Requires direct business-to-business inquiry and verification of biosecurity status)",
    "essential_information": [
      "Identify the exact unit price per 1,000 post-larvae (PL) for quantities ranging from 100k to 1M units.",
      "Detail the specific seasonal availability windows (e.g., monthly hatch counts) to ensure year-round stocking for the Midwest facility.",
      "List the specific pathogens screened for in the 'Certificate of Health' (e.g., WSSV, TSV, EMS/AHPND) to meet biosecurity standards.",
      "Quantify the guaranteed survival rate during transit from coastal hatcheries to the Midwest (e.g., '95% survival upon arrival').",
      "Specify the minimum lead time required for orders and the maximum duration for holding a reserved hatch slot.",
      "Compare shipping costs and logistics requirements for oxygenated transport from Florida vs. Texas hatcheries."
    ],
    "risks_of_poor_quality": [
      "Inaccurate pricing leads to a 'financial valley of death' where the $1.5M capital stack is exhausted before the second harvest.",
      "Poor health certification standards introduce pathogens, causing a total crop loss and a 4-month revenue delay.",
      "Unreliable availability schedules result in empty tanks, increasing the cost-per-pound due to fixed overhead (heating/labor) without production.",
      "Underestimating shipping stress leads to high initial mortality, skewing Feed Conversion Ratio (FCR) data and profitability metrics."
    ],
    "worst_case_scenario": "A biosecurity breach from uncertified larvae causes a mass mortality event that triggers a mandatory state-ordered facility quarantine and total asset liquidation, leading to a $1.5M total loss and loan default.",
    "best_case_scenario": "Securing a reliable, high-health genetic partner ensures 95%+ survival rates and consistent 6-month growth cycles, allowing the project to hit the April 2027 harvest target with maximum margins.",
    "fallback_alternative_approaches": [
      "Engage a specialized aquaculture consultant to broker a deal with a secondary backup hatchery.",
      "Negotiate a 'Trial Batch' agreement with a smaller boutique provider to test transport resilience before committing to a long-term contract.",
      "Purchase a comprehensive industry market report on shrimp genetics if direct hatchery data is withheld for competitive reasons.",
      "Accelerate the 'In-house Hatchery' strategic choice if external supply chain risks are deemed unmanageable."
    ]
  },
  {
    "id": "ca157047-9099-4f20-a7dc-fdf657b63a05",
    "document_name": "Midwest Regional Climate & Soil Statistical Data",
    "description": "Historical temperature extremes and frost depth data for Indianapolis, Des Moines, and Columbus. Used to validate the 100kW generator sizing and construction timelines.",
    "recency_requirement": "Last 10-20 years of historical data",
    "responsible_role_type": "Aquaculture Systems Engineer",
    "steps_to_find": [
      "Access National Oceanic and Atmospheric Administration (NOAA) regional databases.",
      "Search state climatology office records for 'Polar Vortex' frequency."
    ],
    "access_difficulty": "Easy (Open data portals)",
    "essential_information": [
      "Identify the absolute minimum and maximum ambient temperatures recorded in Indianapolis, Des Moines, and Columbus over the last 20 years to calculate peak heating and cooling loads.",
      "Quantify the average and maximum duration of power outages during Midwest winter storm events to validate if the 72-hour fuel reserve for the 100kW generator is sufficient.",
      "Detail the local frost depth specifications for each city to determine the required depth for water intake/discharge piping and foundation footings.",
      "List the historical frequency and duration of 'Polar Vortex' events (temperatures below -10\u00b0F) to stress-test the R-30 insulation and HRV system efficiency assumptions.",
      "Compare monthly humidity averages to assess the risk of condensation and mold within a 80\u00b0F+ indoor shrimp environment during sub-zero external temperatures."
    ],
    "risks_of_poor_quality": [
      "Underestimated heating loads lead to thermal shock and mass shrimp mortality during extreme cold snaps.",
      "Inadequate frost depth planning causes burst pipes, leading to system-wide RAS failure and significant property damage.",
      "Insufficient generator fuel capacity during prolonged regional outages results in total loss of biological assets.",
      "Inaccurate construction windows lead to mid-winter concrete pours, increasing CAPEX by 30-50% due to heating and hoarding costs."
    ],
    "worst_case_scenario": "A record-breaking Polar Vortex occurs during the first winter; the heating system is undersized for the extreme delta, and the generator runs out of fuel during a 4-day grid failure, resulting in 100% crop mortality and a $150,000 loss that triggers loan default.",
    "best_case_scenario": "The facility is engineered with high-precision climate data, allowing it to maintain a steady 82\u00b0F during record lows with optimized energy consumption, proving the 'Builder's Foundation' model's resilience and securing lower insurance premiums.",
    "fallback_alternative_approaches": [
      "Consult with local structural engineers or agricultural extension offices (Purdue/Iowa State) for 'worst-case' design standards used in local livestock barns.",
      "Purchase a site-specific climate risk report from a commercial meteorological service.",
      "Over-engineer the heating and backup systems by a 25% safety margin if granular historical data is unavailable."
    ]
  },
  {
    "id": "5037dd92-4484-418c-a946-b3811b808dcd",
    "document_name": "Zoning & Land Use Regulations for Target Counties",
    "description": "Official zoning maps and permitted use tables for industrial corridors in the three target cities to identify 'Aquaculture' or 'Light Industrial' compatibility.",
    "recency_requirement": "Current regulations essential",
    "responsible_role_type": "Project Manager",
    "steps_to_find": [
      "Search municipal GIS portals for Indianapolis, Des Moines, and Columbus.",
      "Download 'Permitted Use' tables from county planning departments."
    ],
    "access_difficulty": "Easy (Publicly available on city/county websites)",
    "essential_information": [
      "Identify the specific zoning classification for each of the three target sites (e.g., I-1 Light Industrial, AG-Agricultural) and confirm if 'Aquaculture' or 'Indoor Livestock' is a permitted, accessory, or conditional use.",
      "What are the exact setback requirements and maximum building height restrictions for new steel facility construction in these specific industrial corridors?",
      "List the specific municipal codes governing 'Saline Wastewater Discharge' or 'Industrial Pre-treatment' for each county.",
      "Identify any 'Overlay Districts' (e.g., Airport, Environmental, or Logistics) that impose additional design standards or usage restrictions on the Rickenbacker or I-465 sites.",
      "Detail the step-by-step process, timeline, and fees for obtaining a 'Conditional Use Permit' (CUP) if aquaculture is not a 'Use by Right' in the selected zones.",
      "Quantify the minimum parking and loading dock requirements for a 10,000 sq ft industrial production facility to ensure hub-and-spoke logistics feasibility."
    ],
    "risks_of_poor_quality": [
      "Selection of a site where aquaculture is prohibited leads to immediate project halt and loss of earnest money/deposits.",
      "Misinterpretation of 'Light Industrial' vs. 'Heavy Industrial' requirements results in expensive, unplanned fire suppression or structural upgrades.",
      "Failure to identify restrictive overlay districts causes 3-6 month delays in building permit approvals, pushing the February 2026 start date into high-cost winter construction.",
      "Inaccurate setback data leads to facility designs that cannot be legally built on the acquired lot, requiring a total redesign."
    ],
    "worst_case_scenario": "The project acquires a site and begins retrofitting only to receive a 'Cease and Desist' order from the county because shrimp farming is classified as a prohibited 'Concentrated Animal Feeding Operation' (CAFO) in that specific zone, resulting in total loss of initial CAPEX and potential litigation.",
    "best_case_scenario": "The document identifies a 'Use by Right' site in a supportive zone, allowing for an accelerated 6-month construction timeline and securing all building permits without the need for public hearings or zoning variances.",
    "fallback_alternative_approaches": [
      "Engage a local land-use attorney or zoning consultant in the specific municipality to provide a formal 'Zoning Verification Letter'.",
      "Request a pre-development meeting with the City Planning Department to present the RAS technology and seek a formal 'Administrative Interpretation' of the use.",
      "Pivot site selection to 'Unincorporated' county land where agricultural exemptions may bypass restrictive municipal industrial zoning."
    ]
  }
]