[
  {
    "id": "92aa6c6e-04c0-4df0-96c4-9539286a9b4c",
    "document_name": "Project Charter: Midwest Indoor Shrimp Farm",
    "description": "A foundational document defining the project's purpose, high-level objectives (April 2027 first harvest), $1.5M capital structure, and the 'Builder's Foundation' strategic path. It formally authorizes the project and defines the roles of the three founding partners.",
    "responsible_role_type": "Project Manager",
    "document_template_primary": "PMI Project Charter Template",
    "document_template_secondary": null,
    "steps_to_create": [
      "Define project vision and SMART goals based on the 'Builder's Foundation' scenario.",
      "Outline the $500k equity and $1M debt capital stack.",
      "Identify high-level risks (biological, thermal, regulatory).",
      "Obtain signatures from the three founding partners."
    ],
    "approval_authorities": "Founding Partners (You, Larry, Bubba)",
    "essential_information": [
      "Define the specific roles and decision-making authorities of the three founding partners (You, Larry, Bubba), specifically identifying who serves as the full-time 'On-Site Manager' versus capital/strategic partners.",
      "Detail the $1.5M capital structure: explicitly break down the $500k partner equity and the $1M SBA 7(a) loan/leasing requirements.",
      "State the primary project objective: Achieving the first 'seed-to-harvest' cycle by April 2027 within a 10,000 sq ft purpose-built steel facility.",
      "Identify the 'Builder's Foundation' as the chosen strategic path, mandating the use of standard RAS technology and climate-controlled infrastructure.",
      "List the high-level success criteria: Completion of facility construction by Nov 2026, successful 90-day bio-filter maturation, and securing LOIs for 30% of the first harvest.",
      "Define the geographic scope: Selection of one primary site from the identified hubs (Indianapolis, Des Moines, or Columbus).",
      "Specify the high-level mitigation strategy for the 'Critical Risks': Redundant power (100kW generator) and saline waste management (ZLD or pre-treatment)."
    ],
    "risks_of_poor_quality": [
      "Ambiguity in founder roles leads to 'single-point-of-failure' risk if the on-site manager is not clearly designated and empowered.",
      "Inaccurate capital breakdown results in a 'financial valley of death' where funds exhaust before the second harvest due to underestimated OPEX (heating/feed).",
      "Lack of formal authorization for the ZLD/saline waste strategy leads to mid-project Stop Work orders from municipal authorities.",
      "Vague success criteria prevent the project from securing the necessary $1M in SBA financing due to perceived lack of operational rigor."
    ],
    "worst_case_scenario": "The project suffers a total loss of the first harvest ($150k value) and subsequent bankruptcy because the lack of a formal charter resulted in inadequate emergency power protocols and undefined operational accountability during a Midwest winter power outage.",
    "best_case_scenario": "The Charter enables immediate securing of SBA funding and local permits by demonstrating a professional, risk-aware management structure, directly leading to an on-time April 2027 harvest with 40% profit margins.",
    "fallback_alternative_approaches": [
      "Develop a 'Minimum Viable Charter' focusing exclusively on the capital allocation and the On-Site Manager's authority to prevent immediate delays.",
      "Utilize a standard PMI Project Charter template but append the 'Assumptions' and 'Strategic Decisions' documents as mandatory technical exhibits.",
      "Conduct a one-day 'Founder Alignment Workshop' to finalize the Charter's content if disagreements on labor or capital split arise."
    ]
  },
  {
    "id": "b9d322ed-b09c-48dc-b1ca-1de87f31cb45",
    "document_name": "Facility Infrastructure & Thermal Strategy Framework",
    "description": "A high-level strategy document detailing the requirements for purpose-built climate-controlled steel facilities. It addresses the core tension between CAPEX and Midwest thermal stability, focusing on R-30 insulation and HRV integration.",
    "responsible_role_type": "Aquaculture Systems Engineer",
    "document_template_primary": "Industrial Facility Design Strategy",
    "document_template_secondary": null,
    "steps_to_create": [
      "Define technical specifications for steel facility construction.",
      "Outline the thermal envelope requirements (R-30 spray foam).",
      "Specify the Heat Recovery Ventilation (HRV) and backup power (100kW generator) requirements.",
      "Align infrastructure design with the Hub-and-Spoke scaling model."
    ],
    "approval_authorities": "Founding Partners, Technical Lead",
    "essential_information": [
      "Define the specific structural requirements for the 10,000 sq ft steel facility to support the weight of RAS tanks and equipment.",
      "Detail the R-30 spray foam insulation application plan, including vapor barrier specifications to prevent moisture damage from high-humidity aquaculture environments.",
      "Specify the Heat Recovery Ventilation (HRV) system capacity required to maintain 80\u00b0F+ internal temperatures while managing air exchange and humidity.",
      "Quantify the 100kW dual-fuel generator's load distribution: Which specific life-support systems (aeration, heaters, sensors) are prioritized during a 72-hour outage?",
      "Provide a floor plan layout that optimizes the 'Hub-and-Spoke' model, specifically detailing the central processing area versus grow-out tank zones.",
      "Identify the geothermal or waste-heat recovery integration points to reduce the projected $5,000-$12,000 monthly heating OPEX.",
      "List the necessary inputs: Structural engineering load requirements for water tanks, local Midwest climate data (extreme lows), and energy efficiency benchmarks for indoor RAS."
    ],
    "risks_of_poor_quality": [
      "Inadequate insulation (below R-30) leads to 20-30% higher cost-per-pound, making the shrimp uncompetitive against imports.",
      "Poor thermal envelope design causes condensation and structural corrosion, leading to premature facility degradation and biosecurity breaches.",
      "Undersized HRV or backup power systems result in mass mortality (Risk 1) during the first Midwest winter storm, causing a $150,000 loss per batch.",
      "Failure to align infrastructure with scaling needs prevents the transition to a hub-and-spoke model, capping revenue potential."
    ],
    "worst_case_scenario": "A catastrophic thermal failure during a sub-zero Midwest winter freeze leads to 100% biological asset loss and structural damage, resulting in total financial insolvency and the inability to service the $1M SBA loan.",
    "best_case_scenario": "The facility achieves a 70% reduction in heating costs compared to standard retrofits, enabling a stable 80\u00b0F environment that accelerates shrimp growth cycles and secures a 40%+ profit margin on premium 'Pond-to-Plate' sales.",
    "fallback_alternative_approaches": [
      "If purpose-built steel construction is too slow, pivot to a brownfield retrofit of an existing industrial warehouse using modular 'box-in-box' insulation techniques.",
      "Utilize a pre-engineered metal building (PEMB) supplier with a specialized aquaculture package to accelerate the design phase.",
      "Develop a 'Minimum Viable Facility' (MVF) covering 5,000 sq ft initially to prove thermal stability before committing to the full 10,000 sq ft footprint.",
      "Engage a specialized HVAC consultant to produce a standalone Thermal Load Analysis if the internal team lacks specific thermodynamics expertise."
    ]
  },
  {
    "id": "7c1a80b1-0e5b-46d5-94d9-eddf47591c2d",
    "document_name": "Water Management & Saline Waste Strategy",
    "description": "A strategic framework for the Recirculating Aquaculture System (RAS) and waste management. It evaluates the transition from standard discharge to Zero-Liquid Discharge (ZLD) to meet Midwest chloride limits.",
    "responsible_role_type": "Environmental Compliance & Wastewater Specialist",
    "document_template_primary": "Industrial Wastewater Management Plan",
    "document_template_secondary": null,
    "steps_to_create": [
      "Define the RAS mechanical and bio-filtration philosophy.",
      "Outline the ZLD/evaporation strategy to bypass municipal discharge hurdles.",
      "Establish water quality monitoring parameters (ammonia, DO, temperature).",
      "Draft initial compliance pathways for IDEM/DNR/Ohio EPA."
    ],
    "approval_authorities": "Environmental Compliance Specialist, Municipal Water Authorities",
    "essential_information": [
      "What are the specific chloride and TDS (Total Dissolved Solids) limits for the chosen municipal wastewater treatment plant (e.g., Indianapolis, Des Moines, or Columbus)?",
      "Quantify the daily saline discharge volume (gallons) based on a 10% daily exchange rate for a 10,000 sq ft facility.",
      "Detail the technical specifications of the Zero-Exchange Biofloc or Zero-Liquid Discharge (ZLD) system, including evaporation pond dimensions or mechanical desalination unit capacity.",
      "A section comparing the CAPEX and OPEX of 'Standard RAS with Pre-treatment' vs. 'Full ZLD' to enable a final technology selection.",
      "Identify the specific water quality monitoring parameters and sensor placement (Ammonia, Dissolved Oxygen, Temperature, Salinity, pH) required for 24/7 IoT integration.",
      "List the concrete steps and documentation required for an Industrial Discharge Permit from the relevant state agency (IDEM, Iowa DNR, or Ohio EPA).",
      "Necessary inputs: Current municipal code for the specific site, RAS equipment flow-rate specs, and quotes for ZLD/evaporation hardware."
    ],
    "risks_of_poor_quality": [
      "Inaccurate salinity calculations lead to a 'Stop Work' order from municipal authorities during the first production cycle.",
      "Underestimating the cost of ZLD systems (estimated at $150k-$250k) causes a critical capital shortfall before the first harvest.",
      "Poorly defined water quality parameters result in 'New Tank Syndrome' or ammonia spikes, causing mass shrimp mortality and 100% loss of a $50k-$150k batch.",
      "Failure to account for Midwest winter evaporation rates leads to overflow of waste ponds and environmental fines."
    ],
    "worst_case_scenario": "The project is permanently shut down by state environmental agencies due to illegal saline discharge into freshwater systems, resulting in total loss of the $1.5M investment and potential legal liability for the founders.",
    "best_case_scenario": "Enables a confident 'Go' decision on a ZLD system that bypasses all municipal discharge hurdles, securing a 14-month path to harvest and positioning the farm as a sustainable, zero-waste model for future scaling.",
    "fallback_alternative_approaches": [
      "Engage a specialized aquaculture engineering firm to conduct a 2-week 'Wastewater Feasibility Study' if internal expertise is insufficient.",
      "Develop a 'Minimum Viable Waste Plan' focusing on a smaller pilot batch with hauled-away waste while the full ZLD system is being permitted.",
      "Utilize a pre-approved industrial wastewater template from the local Chamber of Commerce and adapt it specifically for saline aquaculture.",
      "Schedule a formal pre-consultation meeting with the State DNR to confirm if evaporation ponds are a viable alternative to mechanical desalination."
    ]
  },
  {
    "id": "4f816738-20e6-4d2e-aefc-bef497ab3b1e",
    "document_name": "Biological Sourcing & Biosecurity Framework",
    "description": "A high-level plan for securing SPF post-larvae and protecting the facility from pathogens. It addresses the risk of single-provider dependency and the biosecurity challenges of the hub-and-spoke model.",
    "responsible_role_type": "Aquatic Biologist / Husbandry Technician",
    "document_template_primary": "Aquaculture Biosecurity Standard Operating Framework",
    "document_template_secondary": null,
    "steps_to_create": [
      "Identify primary and secondary SPF post-larvae providers.",
      "Define the 30-day quarantine protocol for new shipments.",
      "Establish 'All-in/All-out' batch protocols for the hub-and-spoke model.",
      "Outline the feed supply chain biosecurity requirements."
    ],
    "approval_authorities": "Technical Lead, State Department of Agriculture",
    "essential_information": [
      "Identify the top 3 SPF (Specific Pathogen Free) post-larvae providers and evaluate their reliability, cost, and genetic quality.",
      "Detail a 30-day quarantine protocol for incoming post-larvae shipments to minimize biosecurity risks.",
      "Define 'All-in/All-out' batch protocols for the hub-and-spoke model to ensure biosecurity between sites and prevent cross-contamination.",
      "Outline biosecurity requirements for the feed supply chain, including storage, handling, and transportation of shrimp feed.",
      "Analyze the risks associated with single-provider dependency for post-larvae and propose mitigation strategies, such as backup agreements or in-house breeding feasibility.",
      "Provide a risk assessment matrix for potential pathogen introduction pathways within the facility and across the hub-and-spoke network.",
      "Detail the roles and responsibilities of the aquatic biologist and husbandry technician in implementing and maintaining biosecurity protocols."
    ],
    "risks_of_poor_quality": [
      "Inadequate quarantine protocols may lead to disease outbreaks, resulting in mass mortality and significant financial losses.",
      "Lack of clear biosecurity requirements for the feed supply chain could introduce pathogens, compromising shrimp health and safety.",
      "Poorly defined 'All-in/All-out' protocols may cause cross-contamination between sites, undermining the hub-and-spoke model\u2019s effectiveness.",
      "Insufficient analysis of single-provider dependency risks could lead to supply chain disruptions, delaying production cycles and impacting revenue."
    ],
    "worst_case_scenario": "A disease outbreak due to inadequate biosecurity protocols wipes out the entire shrimp population, leading to a complete production failure, loss of investor confidence, and potential bankruptcy of the project.",
    "best_case_scenario": "The document enables the implementation of a robust biosecurity framework that safeguards shrimp health, ensures consistent production cycles, and supports the scalability of the hub-and-spoke model, ultimately leading to reliable supply for direct-to-consumer and restaurant channels.",
    "fallback_alternative_approaches": [
      "Utilize a pre-approved aquaculture biosecurity template from a reputable industry organization and adapt it to the hub-and-spoke model\u2019s requirements.",
      "Engage an aquatic biosecurity consultant to expedite the development of quarantine and batch protocols.",
      "Conduct a focused workshop with the aquatic biologist and husbandry technician to collaboratively define and refine biosecurity measures.",
      "Develop a simplified 'minimum viable document' that prioritizes critical biosecurity elements, such as quarantine and 'All-in/All-out' protocols, and iteratively expand it based on early feedback and implementation experience."
    ]
  },
  {
    "id": "27aac2b4-8bac-4cb4-aba2-38347a5783b6",
    "document_name": "Initial High-Level Budget & Funding Framework",
    "description": "A foundational financial model outlining the $1.5M allocation across CAPEX (Facility/RAS/ZLD) and 14 months of OPEX. Includes the 20-40% contingency reserve recommended by experts.",
    "responsible_role_type": "Project Finance & Grant Administrator",
    "document_template_primary": "SBA 7(a) Financial Projection Template",
    "document_template_secondary": null,
    "steps_to_create": [
      "Consolidate equipment quotes for RAS and ZLD systems.",
      "Model heating OPEX based on R-30 insulation and Midwest utility data.",
      "Define the draw-down schedule for the $1M loan.",
      "Establish the 'Zero Revenue' contingency scenario for months 14-18."
    ],
    "approval_authorities": "Founding Partners, SBA Loan Officer",
    "essential_information": [
      "Quantify the total CAPEX breakdown: Facility construction ($1.5M target), RAS components, ZLD system ($150k-$250k estimate), and R-30 insulation/HVAC.",
      "Detail the 14-month OPEX runway: Calculate monthly heating costs for 80\u00b0F+ maintenance in Midwest winters, feed costs (based on FCR 1.2-1.5), and labor.",
      "Define the funding structure: Specify the $500k partner equity contribution and the $1M SBA 7(a) loan terms (interest rate, amortization, and draw-down schedule).",
      "Establish a 'Financial Valley of Death' contingency: A specific section modeling a 4-6 month delay in the first harvest (e.g., due to bio-filter maturation or construction delays).",
      "Identify specific data sources: Use utility rate benchmarks for Indianapolis/Des Moines/Columbus and equipment quotes from vendors like Zeigler Bros or RAS specialists.",
      "Answer: What is the minimum cash-on-hand required at Month 10 to survive until the first premium sale at $18-22/lb?"
    ],
    "risks_of_poor_quality": [
      "Underestimating ZLD or saline treatment costs leads to a 'Stop Work' order from municipal authorities mid-construction.",
      "Inaccurate heating OPEX projections result in the project running out of working capital during the first winter cycle.",
      "Failure to include a 20-40% contingency reserve causes loan default if the first harvest is delayed or suffers high mortality.",
      "Vague financial projections lead to SBA loan rejection or unfavorable terms that strain long-term cash flow."
    ],
    "worst_case_scenario": "The project exhausts all $1.5M in capital before the first harvest is ready, leading to total insolvency, personal financial loss for the founders, and the abandonment of a half-finished facility.",
    "best_case_scenario": "Secures full SBA funding with favorable terms, enables a 'go' decision on the ZLD investment to ensure regulatory peace of mind, and provides a clear 18-month liquidity map that survives initial operational hiccups.",
    "fallback_alternative_approaches": [
      "Develop a 'Minimum Viable Facility' budget: Scale down to a 5,000 sq ft pilot to prove the concept with the $500k equity before taking on $1M in debt.",
      "Utilize a pre-approved SBA financial template and hire a specialized agricultural financial consultant for a 2-day intensive review.",
      "Shift to a brownfield retrofit model (Decision 7, Option 1) if purpose-built steel facility quotes exceed the $1.5M total budget."
    ]
  }
]