[
  {
    "id": "92aa6c6e-04c0-4df0-96c4-9539286a9b4c",
    "document_name": "Project Charter: Midwest Indoor Shrimp Farm",
    "description": "A foundational document defining the project's purpose, high-level objectives (April 2027 first harvest), $1.5M capital structure, and the 'Builder's Foundation' strategic path. It formally authorizes the project and defines the roles of the three founding partners.",
    "responsible_role_type": "Project Manager",
    "document_template_primary": "PMI Project Charter Template",
    "document_template_secondary": null,
    "steps_to_create": [
      "Define project vision and SMART goals based on the 'Builder's Foundation' scenario.",
      "Outline the $500k equity and $1M debt capital stack.",
      "Identify high-level risks (biological, thermal, regulatory).",
      "Obtain signatures from the three founding partners."
    ],
    "approval_authorities": "Founding Partners (You, Larry, Bubba)"
  },
  {
    "id": "b9d322ed-b09c-48dc-b1ca-1de87f31cb45",
    "document_name": "Facility Infrastructure & Thermal Strategy Framework",
    "description": "A high-level strategy document detailing the requirements for purpose-built climate-controlled steel facilities. It addresses the core tension between CAPEX and Midwest thermal stability, focusing on R-30 insulation and HRV integration.",
    "responsible_role_type": "Aquaculture Systems Engineer",
    "document_template_primary": "Industrial Facility Design Strategy",
    "document_template_secondary": null,
    "steps_to_create": [
      "Define technical specifications for steel facility construction.",
      "Outline the thermal envelope requirements (R-30 spray foam).",
      "Specify the Heat Recovery Ventilation (HRV) and backup power (100kW generator) requirements.",
      "Align infrastructure design with the Hub-and-Spoke scaling model."
    ],
    "approval_authorities": "Founding Partners, Technical Lead"
  },
  {
    "id": "7c1a80b1-0e5b-46d5-94d9-eddf47591c2d",
    "document_name": "Water Management & Saline Waste Strategy",
    "description": "A strategic framework for the Recirculating Aquaculture System (RAS) and waste management. It evaluates the transition from standard discharge to Zero-Liquid Discharge (ZLD) to meet Midwest chloride limits.",
    "responsible_role_type": "Environmental Compliance & Wastewater Specialist",
    "document_template_primary": "Industrial Wastewater Management Plan",
    "document_template_secondary": null,
    "steps_to_create": [
      "Define the RAS mechanical and bio-filtration philosophy.",
      "Outline the ZLD/evaporation strategy to bypass municipal discharge hurdles.",
      "Establish water quality monitoring parameters (ammonia, DO, temperature).",
      "Draft initial compliance pathways for IDEM/DNR/Ohio EPA."
    ],
    "approval_authorities": "Environmental Compliance Specialist, Municipal Water Authorities"
  },
  {
    "id": "4f816738-20e6-4d2e-aefc-bef497ab3b1e",
    "document_name": "Biological Sourcing & Biosecurity Framework",
    "description": "A high-level plan for securing SPF post-larvae and protecting the facility from pathogens. It addresses the risk of single-provider dependency and the biosecurity challenges of the hub-and-spoke model.",
    "responsible_role_type": "Aquatic Biologist / Husbandry Technician",
    "document_template_primary": "Aquaculture Biosecurity Standard Operating Framework",
    "document_template_secondary": null,
    "steps_to_create": [
      "Identify primary and secondary SPF post-larvae providers.",
      "Define the 30-day quarantine protocol for new shipments.",
      "Establish 'All-in/All-out' batch protocols for the hub-and-spoke model.",
      "Outline the feed supply chain biosecurity requirements."
    ],
    "approval_authorities": "Technical Lead, State Department of Agriculture"
  },
  {
    "id": "2f3c58f1-a38d-4ea6-a973-3fc7e79a2e86",
    "document_name": "Market Integration & 'Pond-to-Plate' Strategy",
    "description": "A strategic plan for capturing premium margins ($18-22/lb) through direct-to-consumer and high-end restaurant channels. It defines the brand identity and the 'Killer App' for harvest alerts.",
    "responsible_role_type": "Market Relations & Sales Director",
    "document_template_primary": "Go-To-Market Strategy Framework",
    "document_template_secondary": null,
    "steps_to_create": [
      "Define the 'Pond-to-Plate' value proposition.",
      "Identify target high-end restaurants in Indy, Des Moines, and Columbus.",
      "Outline the subscription-based retail model and 'Killer App' features.",
      "Draft the Letter of Intent (LOI) template for restaurant partners."
    ],
    "approval_authorities": "Founding Partners, Marketing Lead"
  },
  {
    "id": "27aac2b4-8bac-4cb4-aba2-38347a5783b6",
    "document_name": "Initial High-Level Budget & Funding Framework",
    "description": "A foundational financial model outlining the $1.5M allocation across CAPEX (Facility/RAS/ZLD) and 14 months of OPEX. Includes the 20-40% contingency reserve recommended by experts.",
    "responsible_role_type": "Project Finance & Grant Administrator",
    "document_template_primary": "SBA 7(a) Financial Projection Template",
    "document_template_secondary": null,
    "steps_to_create": [
      "Consolidate equipment quotes for RAS and ZLD systems.",
      "Model heating OPEX based on R-30 insulation and Midwest utility data.",
      "Define the draw-down schedule for the $1M loan.",
      "Establish the 'Zero Revenue' contingency scenario for months 14-18."
    ],
    "approval_authorities": "Founding Partners, SBA Loan Officer"
  },
  {
    "id": "d0aa9eaf-1181-4010-acc9-92a380a18fe1",
    "document_name": "Stakeholder Engagement & Communication Plan",
    "description": "A plan to manage relationships with primary (SBA, Partners) and secondary (Chefs, Water Authorities, Universities) stakeholders. Focuses on securing LOIs and building the talent pipeline.",
    "responsible_role_type": "Communication Specialist",
    "document_template_primary": "Standard Stakeholder Engagement Matrix",
    "document_template_secondary": null,
    "steps_to_create": [
      "Map stakeholders by influence and interest.",
      "Define communication frequency for SBA reporting.",
      "Outline the outreach strategy for Purdue/Iowa State internship programs.",
      "Establish the 'Harvest Alert' notification system for restaurant partners."
    ],
    "approval_authorities": "Project Manager"
  }
]