{
  "essential_information": [
    "Identify the top 3 SPF (Specific Pathogen Free) post-larvae providers and evaluate their reliability, cost, and genetic quality.",
    "Detail a 30-day quarantine protocol for incoming post-larvae shipments to minimize biosecurity risks.",
    "Define 'All-in/All-out' batch protocols for the hub-and-spoke model to ensure biosecurity between sites and prevent cross-contamination.",
    "Outline biosecurity requirements for the feed supply chain, including storage, handling, and transportation of shrimp feed.",
    "Analyze the risks associated with single-provider dependency for post-larvae and propose mitigation strategies, such as backup agreements or in-house breeding feasibility.",
    "Provide a risk assessment matrix for potential pathogen introduction pathways within the facility and across the hub-and-spoke network.",
    "Detail the roles and responsibilities of the aquatic biologist and husbandry technician in implementing and maintaining biosecurity protocols."
  ],
  "risks_of_poor_quality": [
    "Inadequate quarantine protocols may lead to disease outbreaks, resulting in mass mortality and significant financial losses.",
    "Lack of clear biosecurity requirements for the feed supply chain could introduce pathogens, compromising shrimp health and safety.",
    "Poorly defined 'All-in/All-out' protocols may cause cross-contamination between sites, undermining the hub-and-spoke model\u2019s effectiveness.",
    "Insufficient analysis of single-provider dependency risks could lead to supply chain disruptions, delaying production cycles and impacting revenue."
  ],
  "worst_case_scenario": "A disease outbreak due to inadequate biosecurity protocols wipes out the entire shrimp population, leading to a complete production failure, loss of investor confidence, and potential bankruptcy of the project.",
  "best_case_scenario": "The document enables the implementation of a robust biosecurity framework that safeguards shrimp health, ensures consistent production cycles, and supports the scalability of the hub-and-spoke model, ultimately leading to reliable supply for direct-to-consumer and restaurant channels.",
  "fallback_alternative_approaches": [
    "Utilize a pre-approved aquaculture biosecurity template from a reputable industry organization and adapt it to the hub-and-spoke model\u2019s requirements.",
    "Engage an aquatic biosecurity consultant to expedite the development of quarantine and batch protocols.",
    "Conduct a focused workshop with the aquatic biologist and husbandry technician to collaboratively define and refine biosecurity measures.",
    "Develop a simplified 'minimum viable document' that prioritizes critical biosecurity elements, such as quarantine and 'All-in/All-out' protocols, and iteratively expand it based on early feedback and implementation experience."
  ],
  "metadata": {
    "context_window": 3900,
    "num_output": 8192,
    "is_chat_model": true,
    "is_function_calling_model": false,
    "model_name": "minimax/minimax-01",
    "system_role": "system",
    "llm_classname": "OpenRouter_LLM",
    "duration": 22
  },
  "system_prompt": "You are an AI assistant tasked with analyzing requests for specific documents that need to be **created** within a project context. Your goal is to transform each request into a structured analysis focused on actionability, necessary inputs, decision enablement, and project impact.\n\nBased on the user's request (which should include the document name and its purpose within the provided project context), generate a structured JSON object using the 'DocumentItem' schema.\n\nFocus on generating highly actionable and precise definitions:\n\n1.  `essential_information`: Detail the crucial information needs with **high precision**. Instead of broad topics, formulate these as:\n    *   **Specific questions** the document must answer (e.g., \"What are the key performance indicators for process X?\").\n    *   **Explicit data points** or analysis required (e.g., \"Calculate the projected ROI based on inputs A, B, C\").\n    *   **Concrete deliverables** or sections (e.g., \"A section detailing stakeholder roles and responsibilities\", \"A risk mitigation plan for the top 5 identified risks\").\n    *   **Necessary inputs or potential sources** required to create the content (e.g., \"Requires access to sales data from Q1\", \"Based on interviews with the engineering team\", \"Utilizes findings from the Market Demand Data document\").\n    Use action verbs where appropriate (Identify, List, Quantify, Detail, Compare, Analyze, Define). Prioritize clarity on **exactly** what needs to be known, produced, or decided based on this document.\n\n2.  `risks_of_poor_quality`: Describe the **specific, tangible problems** or negative project impacts caused by failing to **create** a high-quality document (e.g., \"An unclear scope definition leads to significant rework and budget overruns\", \"Inaccurate financial assessment prevents securing necessary funding\").\n\n3.  `worst_case_scenario`: State the most severe **plausible negative outcome** for the project directly linked to failure in **creating** or effectively using this document.\n\n4.  `best_case_scenario`: Describe the ideal **positive outcome** and **key decisions directly enabled** by successfully creating this document with high quality (e.g., \"Enables go/no-go decision on Phase 2 funding\", \"Provides clear requirements for the development team, reducing ambiguity\").\n\n5.  `fallback_alternative_approaches`: Describe **concrete alternative strategies for the creation process** or specific next steps if creating the ideal document proves too difficult, slow, or resource-intensive. Focus on the *action* that can be taken regarding the creation itself (e.g., \"Utilize a pre-approved company template and adapt it\", \"Schedule a focused workshop with stakeholders to define requirements collaboratively\", \"Engage a technical writer or subject matter expert for assistance\", \"Develop a simplified 'minimum viable document' covering only critical elements initially\").\n\nBe concise but ensure the output provides clear, actionable guidance for the creator, highlights necessary inputs, and clarifies the document's role in decision-making and project success, based on the context provided by the user.",
  "user_prompt": "File 'strategic_decisions.md':\n## Primary Decisions\nThe vital few decisions that have the most impact.\n\n\nThe 'Vital Few' levers (Infrastructure, Water, Market Depth, Genetics, and Scaling) address the core tension between High Upfront CAPEX/Complexity and Long-term Biological/Financial Resilience. By prioritizing these, the founders manage the fundamental risks of Midwest aquaculture: thermal stability, waste compliance, and margin protection. A missing dimension is 'Feed Supply Strategy,' which represents a major recurring cost and biosecurity risk in shrimp farming.\n\n### Decision 1: Facility Infrastructure Strategy\n**Lever ID:** `e4f54275-63e8-4fbb-8c09-a97f5b35b4cf`\n\n**The Core Decision:** The Facility Infrastructure Strategy lever determines the physical layout, design, and technological sophistication of the shrimp farm. It directly influences costs, scalability, and operational efficiency. Key success metrics include construction costs, energy efficiency, and biosecurity levels. Options range from retrofitting existing structures to deploying cutting-edge subterranean domes with AI monitoring.\n\n**Why It Matters:** Immediate: Lower upfront CAPEX \u2192 Systemic: 30% higher energy loss through poor insulation \u2192 Strategic: Long-term operational fragility against Midwest seasonal temperature extremes.\n\n**Strategic Choices:**\n\n1. Retrofit existing agricultural barns with basic insulation and modular plastic tank systems\n2. Construct purpose-built climate-controlled steel facilities with integrated heat recovery ventilation\n3. Deploy fully automated subterranean bio-secure domes utilizing geothermal heat exchange and AI-monitored life support\n\n**Trade-Off / Risk:** Controls Initial Capital Outlay vs. Operational Thermal Stability. Weakness: The options do not account for the specific zoning challenges of converting livestock barns to aquaculture.\n\n**Strategic Connections:**\n\n**Synergy:** This lever strongly synergizes with the Water Management Philosophy lever, as advanced infrastructure (e.g., subterranean domes) can better support sophisticated water recycling systems like Zero-Exchange Biofloc. It also complements the Biological Sourcing and Genetics lever by enabling controlled environments for specialized breeding programs.\n\n**Conflict:** This lever may conflict with the Operational Scaling Model lever, as highly sophisticated infrastructure (e.g., subterranean domes) could limit the feasibility of rapid, cost-effective scaling. It may also constrain the Capital Allocation Model lever by requiring higher upfront investments, potentially limiting funds for other critical areas.\n\n**Justification:** *Critical*, Critical because it is the primary physical 'hub' lever. It dictates the CAPEX/OPEX balance and determines the viability of all biological and water management systems in the harsh Midwest climate, directly impacting long-term operational fragility.\n\n### Decision 2: Water Management Philosophy\n**Lever ID:** `04962183-0fa8-4342-9ffe-6cfe978f668c`\n\n**The Core Decision:** The Water Management Philosophy lever defines how water is treated, recycled, and discharged within the shrimp farm. It impacts environmental sustainability, operational costs, and regulatory compliance. Success is measured by water usage efficiency, waste discharge levels, and system reliability. Options vary from traditional flow-through to advanced biofloc systems.\n\n**Why It Matters:** Immediate: Simplified plumbing requirements \u2192 Systemic: 15% weekly water replacement costs \u2192 Strategic: Increased regulatory scrutiny regarding saline wastewater discharge permits.\n\n**Strategic Choices:**\n\n1. Traditional flow-through system with periodic saline discharge to local treatment facilities\n2. Standard Recirculating Aquaculture System (RAS) with mechanical filtration and bio-bead reactors\n3. Zero-Exchange Biofloc technology utilizing microbial colonies to recycle waste into supplemental protein\n\n**Trade-Off / Risk:** Controls Technical Complexity vs. Environmental Compliance Costs. Weakness: Biofloc requires high-level microbiological expertise that the current team may lack.\n\n**Strategic Connections:**\n\n**Synergy:** This lever synergizes with the Facility Infrastructure Strategy lever, as more advanced water management systems (e.g., Zero-Exchange Biofloc) benefit from purpose-built or automated facilities. It also supports the Biological Sourcing and Genetics lever by maintaining optimal water conditions for specialized shrimp breeds.\n\n**Conflict:** This lever may conflict with the Market Integration Depth lever, as more sophisticated water systems (e.g., Zero-Exchange Biofloc) could complicate scaling for high-volume wholesale operations. It may also constrain the Operational Labor Model lever by requiring specialized expertise for maintenance.\n\n**Justification:** *Critical*, Critical as it controls the core technical risk and environmental compliance. In an indoor Midwest setting, water recycling efficiency and waste discharge permits are the 'make-or-break' factors for regulatory approval and biological yield.\n\n### Decision 3: Market Integration Depth\n**Lever ID:** `c984ecab-8105-41e7-a88e-2ad687a2810b`\n\n**The Core Decision:** The Market Integration Depth lever outlines the approach to selling shrimp, from basic wholesaling to full vertical integration. It affects revenue streams, brand control, and customer relationships. Key metrics include profit margins, market reach, and customer acquisition costs. Options range from selling to distributors to a 'Pond-to-Plate' model with direct delivery.\n\n**Why It Matters:** Immediate: Faster time to first sale \u2192 Systemic: 40% margin loss to third-party processors \u2192 Strategic: Total dependence on external logistics for perishable inventory.\n\n**Strategic Choices:**\n\n1. Wholesale live-shrimp sales to regional seafood distributors and processing plants\n2. Direct-to-consumer sales via local farmers markets and high-end regional restaurant contracts\n3. Full-stack 'Pond-to-Plate' model including on-site flash-freezing, branded packaging, and subscription delivery\n\n**Trade-Off / Risk:** Controls Revenue Margin vs. Logistical Complexity. Weakness: The radical option ignores the significant USDA/FDA certification hurdles for on-site processing.\n\n**Strategic Connections:**\n\n**Synergy:** This lever synergizes with the Operational Scaling Model lever, as a decentralized franchise model could support regional direct-to-consumer sales. It also complements the Talent Acquisition Approach lever by creating diverse roles for marketing, logistics, and customer service.\n\n**Conflict:** This lever may conflict with the Capital Allocation Model lever, as a full-stack 'Pond-to-Plate' model demands significant investment in logistics, packaging, and marketing. It may also constrain the Biological Sourcing and Genetics lever by requiring rapid, consistent shrimp supply for direct sales.\n\n**Justification:** *High*, High importance because it governs the fundamental revenue model and margin retention. It forces a strategic choice between being a commodity producer or a premium brand, which dictates the necessary scale and logistical complexity.\n\n### Decision 4: Biological Sourcing and Genetics\n**Lever ID:** `347e4fd0-6e04-4fbf-8e87-e27b04c60a02`\n\n**The Core Decision:** The Biological Sourcing and Genetics lever focuses on shrimp broodstock and post-larvae sourcing strategies, balancing cost, consistency, and genetic quality. Success is measured by growth rates, disease resistance, and adaptability to local conditions. Options include purchasing SPF larvae, partnering with providers, or developing in-house CRISPR-enhanced breeding programs.\n\n**Why It Matters:** Immediate: Reduced initial broodstock costs \u2192 Systemic: 20% higher mortality rates \u2192 Strategic: Inability to guarantee year-round supply due to seasonal larvae availability.\n\n**Strategic Choices:**\n\n1. Purchase Specific Pathogen Free (SPF) post-larvae from external coastal hatcheries as needed\n2. Establish a long-term partnership with a single genetic provider for consistent growth traits\n3. In-house closed-loop hatchery utilizing CRISPR-enhanced broodstock for cold-tolerance and rapid growth\n\n**Trade-Off / Risk:** Controls Supply Chain Reliability vs. R&D Investment. Weakness: It fails to address the biosecurity risks of transporting live larvae across state lines.\n\n**Strategic Connections:**\n\n**Synergy:** This lever synergizes with the Water Management Philosophy lever, as advanced water systems can support specialized genetic lines (e.g., cold-tolerant shrimp). It also complements the Facility Infrastructure Strategy lever by benefiting from controlled environments for breeding and growth.\n\n**Conflict:** This lever may conflict with the Operational Scaling Model lever, as in-house breeding programs could slow rapid expansion due to setup time and complexity. It may also constrain the Market Integration Depth lever by requiring additional resources for maintaining genetic quality during scaling.\n\n**Justification:** *High*, High importance due to its impact on supply chain reliability. For a Midwest farm, the ability to secure or produce larvae year-round is a significant strategic bottleneck that controls mortality rates and production consistency.\n\n### Decision 5: Operational Scaling Model\n**Lever ID:** `43b1a316-8d9d-4f00-b776-1aa77312152b`\n\n**The Core Decision:** The Operational Scaling Model lever defines the growth strategy for the shrimp farm, from single-site owner-operator to decentralized franchise models. It influences cost structures, market reach, and management complexity. Key metrics include scalability, operational control, and profitability. Options range from centralized to highly distributed models.\n\n**Why It Matters:** Immediate: Concentrated management focus \u2192 Systemic: Single-point-of-failure risk \u2192 Strategic: Limited ability to capture regional market share before competitors emerge.\n\n**Strategic Choices:**\n\n1. Single-site owner-operator model managed exclusively by the founding partners\n2. Hub-and-spoke expansion utilizing centralized processing with satellite grow-out tanks\n3. Decentralized 'Farm-as-a-Service' franchise model providing tech stacks to local Midwest farmers\n\n**Trade-Off / Risk:** Controls Management Control vs. Geographic Reach. Weakness: The franchise model assumes a level of process standardization that is difficult to achieve in live aquaculture.\n\n**Strategic Connections:**\n\n**Synergy:** This lever synergizes with the Market Integration Depth lever, as a decentralized 'Farm-as-a-Service' model could enable regional customization for direct-to-consumer sales. It also complements the Capital Allocation Model lever by spreading investments across multiple sites and stakeholders.\n\n**Conflict:** This lever may conflict with the Facility Infrastructure Strategy lever, as decentralized models could complicate the implementation of advanced, centralized infrastructure. It may also constrain the Biological Sourcing and Genetics lever by making it harder to maintain genetic consistency across multiple sites.\n\n**Justification:** *High*, High importance as it defines the project's ultimate ceiling. It manages the trade-off between tight founder control and the speed required to capture regional market share before competitors enter the indoor aquaculture space.\n\n---\n## Secondary Decisions\nThese decisions are less significant, but still worth considering.\n\n### Decision 6: Operational Labor Model\n**Lever ID:** `8f148afa-b5ac-4228-be99-1b1dffa76490`\n\n**The Core Decision:** The Operational Labor Model determines how labor is deployed for daily shrimp farm operations. It ranges from a hands-on approach with minimal overhead by relying on the founders, to hiring local staff for routine tasks, to leveraging AI and automation for efficiency. Success metrics include labor costs, operational efficiency, and scalability of processes.\n\n**Why It Matters:** Immediate: High reliance on founder sweat equity \u2192 Systemic: 50% slower scaling due to human bottleneck \u2192 Strategic: Limits the business to a single-site lifestyle operation.\n\n**Strategic Choices:**\n\n1. Execute all daily operations manually between the three founders to minimize overhead\n2. Hire a dedicated facility manager and local hourly staff for routine maintenance\n3. Integrate AI-driven biomass sensors and automated feeding systems to minimize human intervention\n\n**Trade-Off / Risk:** Controls Labor Cost vs. Operational Consistency. Weakness: Does not address the specialized aquaculture expertise required that the founders may lack.\n\n**Strategic Connections:**\n\n**Synergy:** This lever strongly synergizes with the 'Facility Infrastructure Strategy' by enabling scalable automation solutions for labor-intensive tasks. It also aligns with the 'Market Integration Depth' lever by freeing up resources for strategic growth activities.\n\n**Conflict:** Choosing high automation may conflict with the 'Talent Acquisition Approach' if it reduces the need for skilled local hires. It may also complicate the 'Regulatory Engagement Framework' if automated systems face scrutiny or require specialized permits.\n\n**Justification:** *Medium*, Medium importance; while it affects daily efficiency and scaling speed, it is largely a downstream consequence of the chosen Infrastructure and Scaling models rather than a primary driver of the business's existence.\n\n### Decision 7: Location Acquisition Strategy\n**Lever ID:** `ae9cd138-24a0-4e86-8c65-7bcc1b260ea0`\n\n**The Core Decision:** The Location Acquisition Strategy focuses on securing a physical space for the shrimp farm. Options include retrofitting an existing warehouse, converting a manufacturing facility through partnerships, or deploying modular farms using AI-driven systems. Key metrics are upfront costs, scalability, and compliance with local zoning and environmental regulations.\n\n**Why It Matters:** Immediate: Secure a site with existing utility infrastructure \u2192 Systemic: 30% reduction in construction costs through modular retrofits \u2192 Strategic: Enables market entry within 12 months, 20% faster than conventional builds.\n\n**Strategic Choices:**\n\n1. Utilize an existing industrial warehouse in a low\u2011cost county with minimal retrofits\n2. Acquire a former manufacturing facility and retrofit it with modular aquaculture systems under a public\u2011private partnership\n3. Deploy a pop\u2011up modular farm using shipping containers on leased land, integrating AI\u2011driven water recycling and edge\u2011computing monitoring\n\n**Trade-Off / Risk:** Controls Cost Efficiency vs. Speed to Market. Weakness: The options underestimate the impact of local zoning restrictions on site acquisition timelines.\n\n**Strategic Connections:**\n\n**Synergy:** This lever works synergistically with the 'Facility Infrastructure Strategy' by directly influencing the type of systems that can be installed. It also supports the 'Capital Allocation Model' by affecting long-term financial commitments and potential for public funding.\n\n**Conflict:** Selecting a modular farm approach may conflict with the 'Operational Labor Model' if it requires specialized skills for maintenance. It may also complicate the 'Regulatory Engagement Framework' due to the novelty of container-based farming methods.\n\n**Justification:** *Medium*, Medium importance. While essential for the 'ASAP' start, it is a tactical execution of the Facility Infrastructure Strategy. Once a site is secured, its strategic influence diminishes compared to the systems inside it.\n\n### Decision 8: Capital Allocation Model\n**Lever ID:** `cfb3708e-6b7b-4e74-b219-7bfc6c684f21`\n\n**The Core Decision:** The Capital Allocation Model outlines how funding is secured and deployed for the shrimp farm. It includes personal savings, blended loans with grants, or tokenized equity for broader investment. Success is measured by the ability to secure adequate funding, manage financial risk, and optimize cost-efficiency.\n\n**Why It Matters:** Immediate: Lock in initial capital through partner contributions \u2192 Systemic: 40% lower financing costs via equipment leasing \u2192 Strategic: Extends runway for technology scaling while maintaining control.\n\n**Strategic Choices:**\n\n1. Rely on equity financing from personal savings and partner contributions\n2. Secure a blended loan using equipment leasing and state agricultural grants\n3. Issue tokenized equity on a decentralized platform to attract venture capital and community investors\n\n**Trade-Off / Risk:** Controls Dilution vs. Growth Speed. Weakness: The tokenized equity option lacks clear investor protection mechanisms.\n\n**Strategic Connections:**\n\n**Synergy:** This lever complements the 'Location Acquisition Strategy' by aligning funding sources with the chosen facility approach. It also supports the 'Operational Labor Model' by ensuring funds are available for hiring or automation investments.\n\n**Conflict:** Relying on tokenized equity may conflict with the 'Regulatory Engagement Framework' if it introduces complexity in compliance or governance. It may also challenge the 'Talent Acquisition Approach' if investors demand cost-cutting in labor.\n\n**Justification:** *Medium*, Medium importance. It facilitates the project but doesn't define the operational success of the shrimp farm itself. It is a secondary lever that responds to the requirements set by the Infrastructure and Scaling choices.\n\n### Decision 9: Talent Acquisition Approach\n**Lever ID:** `51f7aa37-79f3-46c0-b868-e590a43c1125`\n\n**The Core Decision:** The Talent Acquisition Approach defines the strategy for hiring and training staff for the shrimp farm. It includes hiring local agricultural workers, recruiting specialized engineers, or building a remote AI-managed team. Key metrics are labor quality, cost-effectiveness, and alignment with operational needs.\n\n**Why It Matters:** Immediate: Assemble a core operational crew \u2192 Systemic: 25% faster staffing through targeted recruitment \u2192 Strategic: Reduces training costs by 35% while maintaining expertise.\n\n**Strategic Choices:**\n\n1. Hire local agricultural workers with on\u2011the\u2011job training\n2. Recruit aquaculture engineers from coastal regions with relocation incentives\n3. Build a remote AI\u2011managed operations team using offshore talent and immersive VR training\n\n**Trade-Off / Risk:** Controls Skill Depth vs. Operational Autonomy. Weakness: The offshore AI team option may face integration challenges with on\u2011site equipment.\n\n**Strategic Connections:**\n\n**Synergy:** This lever strengthens the 'Operational Labor Model' by ensuring the right talent is in place for the chosen approach, whether manual, staffed, or automated. It also supports the 'Market Integration Depth' by bringing in expertise for strategic growth.\n\n**Conflict:** Recruiting specialized engineers may conflict with the 'Capital Allocation Model' due to higher costs. It may also complicate the 'Regulatory Engagement Framework' if imported talent faces work permit or local labor law challenges.\n\n**Justification:** *Low*, Low importance because it is redundant with the Operational Labor Model. The choice of 'who' to hire is secondary to the 'how' of the operation (manual vs. automated) defined elsewhere.\n\n### Decision 10: Regulatory Engagement Framework\n**Lever ID:** `d6bf0357-3cab-46e5-b6f3-f56921708d5d`\n\n**The Core Decision:** The Regulatory Engagement Framework determines how the farm navigates legal and compliance requirements. It includes standard county processes, forming coalitions for streamlined approvals, or co-developing regulatory pathways with state agencies. Success is measured by the speed and cost of approvals and the ability to influence favorable policies.\n\n**Why It Matters:** Immediate: Submit permit applications \u2192 Systemic: 50% faster approval timeline through coalition advocacy \u2192 Strategic: Positions the farm as a model for future policy, attracting additional funding.\n\n**Strategic Choices:**\n\n1. Navigate permits through standard county processes with legal counsel\n2. Form a coalition with local chambers to streamline approvals\n3. Launch a pilot program with the state agriculture department to co\u2011develop regulatory pathways for indoor farms\n\n**Trade-Off / Risk:** Controls Compliance Timeline vs. Innovation Freedom. Weakness: The pilot program option may require extensive data that the project currently lacks.\n\n**Strategic Connections:**\n\n**Synergy:** This lever enhances the 'Location Acquisition Strategy' by ensuring compliance and reducing regulatory friction for facility choices. It also supports the 'Capital Allocation Model' by opening access to grants and incentives.\n\n**Conflict:** Engaging in pilot programs with state agencies may conflict with the 'Operational Labor Model' if it delays hiring or operational launch. It may also complicate the 'Market Entry Model' by introducing uncertainty in timelines.\n\n**Justification:** *Medium*, Medium importance. While it can accelerate timelines, it is a supporting function to the Water Management and Location levers, which are the actual subjects of the regulation.\n\n### Decision 11: Market Entry Model\n**Lever ID:** `eab38166-61f9-4905-8c60-5527e04c683b`\n\n**The Core Decision:** The Market Entry Model defines the primary commercial interface and revenue generation strategy for the shrimp farm. It dictates whether the business focuses on high-volume wholesale to local retailers, high-margin direct-to-consumer digital channels, or a diversified agritourism destination. This lever controls the brand identity, customer relationship management, and logistics requirements. Success is measured by customer acquisition costs, price premiums achieved over commodity markets, and the stability of the sales pipeline relative to the biological production cycles of the facility.\n\n**Why It Matters:** Immediate: Establish initial sales channels \u2192 Systemic: Capture 15% market share within two years through diversified channels \u2192 Strategic: Generates multiple revenue streams, reducing reliance on single buyer.\n\n**Strategic Choices:**\n\n1. Supply local restaurants and grocery chains directly\n2. Integrate with subscription meal kits and direct\u2011to\u2011consumer e\u2011commerce\n3. Create a farm\u2011to\u2011table agritourism experience with on\u2011site dining and educational tours\n\n**Trade-Off / Risk:** Controls Revenue Diversification vs. Operational Complexity. Weakness: The agritourism option may strain limited management capacity.\n\n**Strategic Connections:**\n\n**Synergy:** This lever strongly enhances Market Integration Depth by defining the specific touchpoints where the brand adds value. It also works in tandem with the Operational Scaling Model; for instance, a direct-to-consumer model provides the higher margins necessary to fund rapid facility expansion and technological upgrades across the Midwest.\n\n**Conflict:** A significant conflict exists with the Operational Labor Model, as an agritourism approach requires hospitality-trained staff rather than just aquaculture technicians. Furthermore, it constrains the Facility Infrastructure Strategy, as on-site dining or tours necessitate public-facing amenities and safety compliance that differ from a strictly industrial production environment.\n\n**Justification:** *Low*, Low importance as it overlaps significantly with Market Integration Depth. The strategic decision of 'how deep' to go in the value chain is more foundational than the specific 'entry' channel.\n\n\nFile 'scenarios.md':\n# Choosing Our Strategic Path\n## The Strategic Context\nUnderstanding the core ambitions and constraints that guide our decision.\n\n**Ambition and Scale:** Moderate to high ambition targeting regional commercial scale with a physical indoor shrimp farm in the Midwest.\n\n**Risk and Novelty:** Moderate risk with incremental novelty; the project is physically demanding but not groundbreaking.\n\n**Complexity and Constraints:** High operational complexity, significant capital investment, and regulatory hurdles related to location, construction, and bio\u2011security.\n\n**Domain and Tone:** Commercial aquaculture business, entrepreneurial and practical tone.\n\n**Holistic Profile:** A physically intensive, moderately ambitious commercial venture requiring substantial infrastructure, balancing growth aspirations with manageable risk and regulatory compliance.\n\n---\n## The Path Forward\nThis scenario aligns best with the project's characteristics and goals.\n\n### The Builder's Foundation\n**Strategic Logic:** This scenario focuses on a balanced approach that blends proven technologies with strategic innovation to create a scalable and resilient business model. It aims for steady growth by optimizing costs, managing risks, and building strong local partnerships while gradually expanding market reach.\n\n**Fit Score:** 9/10\n\n**Why This Path Was Chosen:** Balanced use of proven technology and moderate risk aligns well with the plan\u2019s physical and commercial focus.\n\n**Key Strategic Decisions:**\n\n- **Facility Infrastructure Strategy:** Construct purpose-built climate-controlled steel facilities with integrated heat recovery ventilation\n- **Water Management Philosophy:** Standard Recirculating Aquaculture System (RAS) with mechanical filtration and bio-bead reactors\n- **Market Integration Depth:** Direct-to-consumer sales via local farmers markets and high-end regional restaurant contracts\n- **Biological Sourcing and Genetics:** Establish a long-term partnership with a single genetic provider for consistent growth traits\n- **Operational Scaling Model:** Hub-and-spoke expansion utilizing centralized processing with satellite grow-out tanks\n\n**The Decisive Factors:**\n\n- The plan\u2019s ambition targets regional commercial scale with a physical Midwest facility, aligning with the Builder\u2019s balanced, scalable approach.\n- Its risk is moderate; the Builder\u2019s relies on proven RAS and genetic partnerships, matching the plan\u2019s manageable novelty.\n- Complexity is high, but the Builder\u2019s uses purpose\u2011built climate\u2011controlled steel facilities and hub\u2011and\u2011spoke expansion, providing controlled growth while avoiding the extreme capital and regulatory burdens of the Pioneer\u2019s Gambit.\n- The Consolidator\u2019s Path is overly conservative, lacking the innovation needed for market differentiation.\n- Additionally, the Builder\u2019s balances upfront investment with long\u2011term stability and leverages local partnerships and direct\u2011to\u2011consumer channels, ensuring sustainable profitability and growth.\n\n---\n## Alternative Paths\n### The Pioneer's Gambit\n**Strategic Logic:** This scenario embraces cutting-edge technology and a bold market approach to establish a dominant position in the Midwest shrimp farming industry. It prioritizes innovation, scalability, and a premium product offering, accepting higher initial costs and complexity in exchange for long-term growth and competitive advantage.\n\n**Fit Score:** 6/10\n\n**Assessment of this Path:** High ambition and novelty but excessive complexity and capital risk make it a partial fit.\n\n**Key Strategic Decisions:**\n\n- **Facility Infrastructure Strategy:** Deploy fully automated subterranean bio-secure domes utilizing geothermal heat exchange and AI-monitored life support\n- **Water Management Philosophy:** Zero-Exchange Biofloc technology utilizing microbial colonies to recycle waste into supplemental protein\n- **Market Integration Depth:** Full-stack 'Pond-to-Plate' model including on-site flash-freezing, branded packaging, and subscription delivery\n- **Biological Sourcing and Genetics:** In-house closed-loop hatchery utilizing CRISPR-enhanced broodstock for cold-tolerance and rapid growth\n- **Operational Scaling Model:** Decentralized 'Farm-as-a-Service' franchise model providing tech stacks to local Midwest farmers\n\n### The Consolidator's Path\n**Strategic Logic:** This scenario prioritizes stability, cost-efficiency, and risk mitigation by leveraging existing infrastructure and proven technologies. It focuses on incremental growth, minimizing upfront investment, and ensuring compliance with local regulations while targeting reliable revenue streams through established distribution channels.\n\n**Fit Score:** 5/10\n\n**Assessment of this Path:** Too conservative and low\u2011risk, lacking the strategic ambition and innovation required.\n\n**Key Strategic Decisions:**\n\n- **Facility Infrastructure Strategy:** Retrofit existing agricultural barns with basic insulation and modular plastic tank systems\n- **Water Management Philosophy:** Traditional flow-through system with periodic saline discharge to local treatment facilities\n- **Market Integration Depth:** Wholesale live-shrimp sales to regional seafood distributors and processing plants\n- **Biological Sourcing and Genetics:** Purchase Specific Pathogen Free (SPF) post-larvae from external coastal hatcheries as needed\n- **Operational Scaling Model:** Single-site owner-operator model managed exclusively by the founding partners\n\n\nFile 'assumptions.md':\n# Purpose\n# Indoor Shrimp Farm Establishment\n\n## Purpose\n\n- Business entrepreneurship and commercial aquaculture project management\n\n\n# Plan Type\nThis plan requires physical locations. Cannot be executed digitally.\n\nExplanation: Indoor shrimp farm needs Midwest site scouting/acquisition, facility construction/retrofitting, aquaculture tanks/filtration installation, live shrimp management, Larry/Bubba in-person collaboration, and regulatory inspections.\n\n# Physical Locations\nThis plan requires physical locations in US Midwest.\n\n## Requirements for physical locations\n\n- US Midwest region\n- Zoning for aquaculture or light industrial use\n- High-capacity water and electrical utilities\n- Proximity to high-end restaurant hubs\n- Climate-controlled or insulated structure\n- Saline wastewater discharge compliance\n\n## Location 1\nUSA  \nIndianapolis, Indiana  \nIndustrial Corridor / Near I-465  \n\nRationale: Supportive aquaculture regulations. Central hub with logistics for Pond-to-Plate and high-end restaurants.\n\n## Location 2\nUSA  \nDes Moines, Iowa  \nAgricultural-Industrial Zones  \n\nRationale: Strong agricultural infrastructure and partnerships. Growing culinary market with workforce for biological management.\n\n## Location 3\nUSA  \nColumbus, Ohio  \nRickenbacker International Airport Area  \n\nRationale: Fast-growing city. Logistics hub with industrial space for steel facilities and access to regional markets.\n\n## Location Summary\nTargets US Midwest indoor shrimp farm. Indiana, Iowa, Ohio selected for agricultural heritage, RAS utility access, and proximity to high-end restaurant contracts.\n\n# Currency Strategy\n## Currencies\n\n- USD: US Midwest project; domestic capex for construction, utilities, labor. Primary currency.\n\n- Currency strategy: Use USD for all transactions (facility acquisition, equipment procurement, payroll). No FX risk; domestic operations/markets.\n\n\n# Identify Risks\n## Risk 1 - Operational & Biological\nRAS failure (aeration, bio-filtration, heating) causes mass mortality from ammonia spikes or thermal shock in indoor Midwest.\n\nImpact: 3-4 month harvest loss ($50,000-$150,000 per batch); 4-month revenue delay.\n\nLikelihood: Medium\n\nSeverity: High\n\nAction: Redundant power supplies (generators), IoT water sensors with 24/7 alerts, automated oxygen injection.\n\n## Risk 2 - Regulatory & Permitting\nSaline wastewater discharge violates Midwest codes for freshwater agriculture.\n\nImpact: Fines $1,000-$5,000/day; shutdown or $50,000-$100,000 treatment plant.\n\nLikelihood: High\n\nSeverity: High\n\nAction: Engage water authorities in site selection; use Zero-Exchange or evaporation ponds.\n\n## Risk 3 - Financial & Capital\nHigh OPEX from Midwest winter heating for 80\u00b0F+ temperatures.\n\nImpact: $5,000-$12,000 monthly overruns; 20-30% higher cost-per-pound.\n\nLikelihood: High\n\nSeverity: Medium\n\nAction: High-R-value insulation, HRVs; geothermal pumps or waste-heat co-location.\n\n## Risk 4 - Supply Chain\nBiosecurity/logistics issues with single PL source (disease, delays).\n\nImpact: 4-8 week empty tanks; $20,000-$40,000 revenue loss.\n\nLikelihood: Medium\n\nSeverity: Medium\n\nAction: Backup hatchery agreements; 30-day quarantine protocol.\n\n## Risk 5 - Technical & Integration\nHub-and-Spoke scaling risks damage/contamination in shrimp/water transport.\n\nImpact: Lower prices, 10-15% labor increase; 2-4 week spoke delay.\n\nLikelihood: Medium\n\nSeverity: Low\n\nAction: Standardize oxygenated tanks; rigorous SOP for biosecurity transfers.\n\n## Risk 6 - Social & Labor\nMidwest shortage of RAS technicians risks burnout/error.\n\nImpact: Inefficiencies, failures; $15,000-$30,000 consultant costs.\n\nLikelihood: High\n\nSeverity: Medium\n\nAction: University internships (Purdue/Iowa State); automated tech stacks.\n\n## Risk summary\nHigh-Severity from Biological/Regulatory risks: (1) asset loss from climate failures, (2) saline waste hurdles. Success needs over-engineered insulation, pre-capital permits. CAPEX for climate control vs. OPEX stability is key tension.\n\n# Make Assumptions\n## Question 1 - What is the total initial capital contribution from the three partners, and what is the maximum debt-to-equity ratio you are willing to accept?\n\n- Assumptions: Founding partners (You, Larry, Bubba) have $500k combined liquid capital, leverage $1M via SBA 7(a) loans or ag equipment leasing for mid-scale indoor RAS in Midwest.\n- Assessments:\n\n  - Title: Financial Feasibility Assessment\n  - Description: Capital structure vs high upfront costs of steel facilities\n  - Details: $1.5M budget for ~10,000 sq ft facility\n  - Risk: Below $300k initial capital, $1.2M+ loan debt service exceeds early cash flow from restaurant contracts before third harvest\n\n## Question 2 - What is the specific target date for the first 'seed-to-harvest' cycle to be completed?\n\n- Assumptions: First harvest within 14 months of Feb 2026 start: 6 months construction, 2 months system cycling/bio-filter, 6 months growth per RAS standards.\n- Assessments:\n\n  - Title: Timeline & Milestones Assessment\n  - Description: ASAP start vs Midwest construction seasons\n  - Details: Feb start risks winter delays; enclosure by Nov 2026 avoids 30-50% labor drops\n  - Opportunity: First harvest aligns with Spring 2027 high-end dining season for max margins\n\n## Question 3 - Which of the three founders will be the full-time 'On-Site Manager,' and what is their specific experience with water chemistry or mechanical systems?\n\n- Assumptions: One founder full-time operator, others part-time/capital; team lacks aquaculture degrees but has hands-on mechanical/ag experience.\n- Assessments:\n\n  - Title: Resources & Personnel Assessment\n  - Description: Specialized talent gap risk\n  - Details: No 24/7 on-site raises Mass Mortality risk 40%\n  - Mitigation: $15k for remote consultant first 6 months to train staff\n\n## Question 4 - Have you identified a specific municipal wastewater plant in Indianapolis, Des Moines, or Columbus that will accept saline discharge?\n\n- Assumptions: Standard RAS with 10% daily exchange, 1,000-3,000 gal saline discharge/day; pre-treatment needed per EPA for inland aquaculture.\n- Assessments:\n\n  - Title: Governance & Regulations Assessment\n  - Description: Saline waste management feasibility\n  - Details: High salinity risks pipe corrosion; non-zero-exchange may need $100k desalination unit\n  - Recommendation: Early IDEM/Iowa DNR engagement to avoid Stop Work order\n\n## Question 5 - What is the planned redundancy for the life support systems in the event of a multi-day Midwest power outage?\n\n- Assumptions: Dual-fuel (Propane/Diesel) generator for 100% aeration, 50% heating for 72 hours in storm-prone areas.\n- Assessments:\n\n  - Title: Safety & Risk Management Assessment\n  - Description: Operational/biological failure risk\n  - Details: 4-hour outage in sub-zero without generator causes 90%+ mortality; $45k 100kW generator vs $50k-150k lost harvest (100% ROI on first failure)\n\n## Question 6 - What is the target R-value for the facility insulation, and will you utilize geothermal or waste-heat recovery?\n\n- Assumptions: R-30 spray foam insulation, HRV captures 70% exhaust heat vs Midwest winter OPEX risk; industry benchmark.\n- Assessments:\n\n  - Title: Environmental Impact & Energy Assessment\n  - Description: Carbon footprint and energy efficiency\n  - Details: No R-30+ means 40% margins to heating; waste-heat cuts cost-per-pound $1.20 vs coastal imports\n\n## Question 7 - Which 5-10 high-end restaurants in the chosen city have been contacted for preliminary 'Letters of Intent' (LOI)?\n\n- Assumptions: LOIs for 30% first harvest at $18-22/lb premium via Pond-to-Plate freshness (2x frozen imports).\n- Assessments:\n\n  - Title: Stakeholder Involvement Assessment\n  - Description: Market integration/revenue stability\n  - Details: Restaurant contracts boost margins but add logistics; no LOIs risks $8-10/lb wholesaler sales, threatening loans\n\n## Question 8 - What software or IoT platform will be used to integrate water quality sensors with the 'Hub-and-Spoke' logistics?\n\n- Assumptions: Cloud system (e.g., Aquamanager) for real-time mobile alerts to manage scaling complexity.\n- Assessments:\n\n  - Title: Operational Systems Assessment\n  - Description: Technical infrastructure for multi-site\n  - Details: IoT dashboard monitors remote spokes, cuts on-site labor 25%; digital backbone vs single-point failure\n\n# Distill Assumptions\n- Founders provide $500k capital + $1M SBA loans/equipment leasing.\n- First harvest within 14 months of Feb 2026 start; construction/retrofitting in 6 months.\n- One founder as full-time on-site operator; team uses hands-on mechanical experience (no formal aquaculture degrees).\n- RAS disposes 1,000-3,000 gal saline water daily; industrial zoning requires EPA/state pre-treatment.\n- Dual-fuel generator provides 72 hrs emergency power for life support.\n- Insulation meets R-30 with spray foam + heat recovery ventilators.\n- Secure LOIs for 30% first harvest; DTC shrimp priced $18-22/lb.\n- Cloud IoT platform for real-time water quality monitoring.\n- Purpose-built climate-controlled steel facilities for thermal stability.\n- Long-term partnership with single genetic provider.\n- Hub-and-spoke scaling: central processing + satellite grow-out tanks.\n\n\n# Review Assumptions\n## Domain of the expert reviewer\nAquaculture Infrastructure & Strategic Business Planning\n\n## Domain-specific considerations\n\n- Bio-secure recirculating aquaculture system (RAS) engineering\n- Midwest thermal dynamics and energy load balancing\n- Saline wastewater mitigation in landlocked jurisdictions\n- Biological asset risk management (shrimp-specific)\n- Direct-to-consumer (DTC) perishable supply chain logistics\n\n## Issue 1 - Missing Assumption: Feed Conversion Ratio (FCR) and Feed Supply Chain\nFeed is 50-60% of OPEX. Plan assumes premium price but lacks FCR or Midwest biosecure feed sourcing. Shipping and just-in-time risks threaten margins.\n\nRecommendation: Assume FCR 1.2-1.5. Vet two shrimp feed manufacturers (e.g., Zeigler Bros) and include 3-month feed storage buffer.\n\nSensitivity: 20% feed cost increase or FCR 1.8 (baseline 1.3) raises cost-per-pound $1.50-$2.50, reduces ROI 12-18%.\n\n## Issue 2 - Under-Explored Assumption: Saline Discharge Legal Precedent\nPlan assumes municipal acceptance of 1,000-3,000 gallons daily saline water with pre-treatment. Midwest POTWs have strict chloride limits; pre-treatment needs RO or evaporation.\n\nRecommendation: Study Zero-Liquid Discharge (ZLD). Budget on-site salt recovery or evaporation to avoid EPA/DNR halt.\n\nSensitivity: Denied discharge adds unbudgeted ZLD $150,000-$250,000 (10-15% CAPEX increase), delays first harvest 4-6 months.\n\n## Issue 3 - Unrealistic Assumption: 14-Month Timeline from Feb Start\nFebruary Midwest start risks frost delays in construction. RAS bio-filters need 3-4 months cycling, not 2.\n\nRecommendation: Start April or use brownfield retrofit. Extend cycling to 90 days to avoid New Tank Syndrome mortality.\n\nSensitivity: 3-month delay plus bio-filter crash pushes harvest 6-9 months, needs $100,000-$150,000 extra working capital.\n\n## Review conclusion\nBuilder's Foundation strategy sound but gaps in OPEX (feed) and regulations (saline waste). Critical risk: 14-month timeline's financial valley of death. $1.5M stack exhausts pre-second harvest without bio-filter or salt fixes. Prioritize ZLD and feed contracts.\n\nFile 'project-plan.md':\n**Goal Statement:** Establish a commercial indoor shrimp farm in the US Midwest using Recirculating Aquaculture System (RAS) technology to achieve the first harvest by April 2027.\n\n## SMART Criteria\n\n- **Specific:** Construct a purpose-built, climate-controlled steel facility of approximately 10,000 sq ft to house a Recirculating Aquaculture System for premium shrimp production.\n- **Measurable:** Success is measured by the completion of the facility, successful bio-filter maturation, and a first harvest yielding shrimp for direct-to-consumer and restaurant sales.\n- **Achievable:** The project is achievable by leveraging $1.5M in combined partner capital and SBA loans, utilizing the founders' mechanical expertise, and following the 'Builder's Foundation' strategic path.\n- **Relevant:** This goal addresses the demand for fresh, high-quality seafood in the Midwest while mitigating the risks of traditional coastal supply chains through local indoor production.\n- **Time-bound:** The project aims for a first harvest within 14 months of the February 2026 start date, specifically targeting April 2027.\n\n## Dependencies\n\n- Secure $500k initial partner capital and $1M in SBA 7(a) loans or equipment leasing\n- Acquire a 10,000 sq ft industrial site in Indianapolis, Des Moines, or Columbus with appropriate zoning\n- Obtain municipal permits for saline wastewater discharge or Zero-Liquid Discharge (ZLD) systems\n- Establish a long-term partnership with a genetic provider for SPF post-larvae\n- Contract with high-quality shrimp feed manufacturers\n\n## Resources Required\n\n- Climate-controlled steel facility (10,000 sq ft)\n- Recirculating Aquaculture System (RAS) components (mechanical filters, bio-bead reactors)\n- R-30 spray foam insulation and Heat Recovery Ventilators (HRV)\n- 100kW dual-fuel (propane/diesel) backup generator\n- IoT water quality sensors (ammonia, dissolved oxygen, temperature)\n- Oxygenated transport tanks for hub-and-spoke logistics\n- Specific Pathogen Free (SPF) post-larvae\n- High-quality shrimp feed (FCR 1.2-1.5)\n\n## Related Goals\n\n- Expand to a hub-and-spoke model with satellite grow-out tanks\n- Achieve 'Pond-to-Plate' premium branding in regional culinary markets\n- Implement Zero-Liquid Discharge (ZLD) for environmental sustainability\n\n## Tags\n\n- Aquaculture\n- Midwest Business\n- RAS Technology\n- Shrimp Farming\n- Sustainable Food\n\n## Risk Assessment and Mitigation Strategies\n\n\n### Key Risks\n\n- Mass mortality due to RAS failure or thermal shock during Midwest winters\n- Regulatory shutdown due to saline wastewater discharge violations\n- Financial insolvency due to high heating OPEX or delayed first harvest\n\n### Diverse Risks\n\n- Biosecurity breaches from contaminated post-larvae or feed\n- Shortage of skilled RAS technicians in the Midwest region\n- Supply chain disruptions for specialized shrimp feed\n\n### Mitigation Plans\n\n- Install redundant 100kW generators and 24/7 IoT monitoring with mobile alerts\n- Implement a Zero-Liquid Discharge (ZLD) system or on-site evaporation to bypass municipal chloride limits\n- Utilize R-30 insulation and HRV systems to reduce heating costs by 70%\n- Establish 30-day quarantine protocols and maintain a 3-month feed buffer\n- Partner with local universities (Purdue/Iowa State) for internship programs to build a talent pipeline\n\n## Stakeholder Analysis\n\n\n### Primary Stakeholders\n\n- Founding Partners (You, Larry, Bubba)\n- On-Site Facility Manager\n- SBA Loan Officers\n\n### Secondary Stakeholders\n\n- Regional High-End Restaurant Owners\n- State Department of Agriculture (Indiana/Iowa/Ohio)\n- Municipal Water Authorities\n- Shrimp Genetic Providers\n- Feed Suppliers (e.g., Zeigler Bros)\n\n### Engagement Strategies\n\n- Secure Letters of Intent (LOI) from 5-10 high-end restaurants to guarantee 30% of first harvest sales\n- Regular progress reporting to SBA lenders to ensure continued funding flow\n- Early-stage consultation with municipal water authorities to ensure wastewater compliance\n- Collaborative training sessions with genetic providers to optimize growth traits\n\n## Regulatory and Compliance Requirements\n\n\n### Permits and Licenses\n\n- Aquaculture Producer License\n- Industrial Discharge Permit\n- Building and Electrical Permits for RAS installation\n- Zoning Variance for indoor livestock/aquaculture\n\n### Compliance Standards\n\n- EPA Clean Water Act (saline discharge limits)\n- USDA/FDA food safety standards for live seafood\n- State-specific biosecurity and transport regulations\n\n### Regulatory Bodies\n\n- Indiana Department of Environmental Management (IDEM)\n- Iowa Department of Natural Resources (DNR)\n- Ohio Environmental Protection Agency\n- Local Municipal Wastewater Departments\n\n### Compliance Actions\n\n- Conduct a chloride limit study for the chosen municipality\n- Implement a biosecure feed handling and quarantine protocol\n- Schedule a pre-operational inspection with the State Department of Agriculture\n- Apply for saline wastewater pre-treatment certification\n\nFile 'document.json':\n{'id': '4f816738-20e6-4d2e-aefc-bef497ab3b1e', 'document_name': 'Biological Sourcing & Biosecurity Framework', 'description': 'A high-level plan for securing SPF post-larvae and protecting the facility from pathogens. It addresses the risk of single-provider dependency and the biosecurity challenges of the hub-and-spoke model.', 'responsible_role_type': 'Aquatic Biologist / Husbandry Technician', 'document_template_primary': 'Aquaculture Biosecurity Standard Operating Framework', 'document_template_secondary': None, 'steps_to_create': ['Identify primary and secondary SPF post-larvae providers.', 'Define the 30-day quarantine protocol for new shipments.', \"Establish 'All-in/All-out' batch protocols for the hub-and-spoke model.\", 'Outline the feed supply chain biosecurity requirements.'], 'approval_authorities': 'Technical Lead, State Department of Agriculture'}"
}