{
  "major_phase_details": [
    {
      "major_phase_wbs_number": "1.",
      "major_phase_title": "Project Planning and Financing",
      "subtasks": [
        {
          "subtask_wbs_number": "1.1",
          "subtask_title": "Secure $500k initial partner capital contributions"
        },
        {
          "subtask_wbs_number": "1.2",
          "subtask_title": "Apply for $1M SBA 7(a) loans and equipment leasing"
        },
        {
          "subtask_wbs_number": "1.3",
          "subtask_title": "Conduct municipal chloride limit and ZLD requirement studies"
        },
        {
          "subtask_wbs_number": "1.4",
          "subtask_title": "Perform thermal load and energy redundancy simulations"
        }
      ]
    },
    {
      "major_phase_wbs_number": "2.",
      "major_phase_title": "Site Acquisition and Permitting",
      "subtasks": [
        {
          "subtask_wbs_number": "2.1",
          "subtask_title": "Acquire 10,000 sq ft industrial site in target Midwest city"
        },
        {
          "subtask_wbs_number": "2.2",
          "subtask_title": "Obtain zoning variances for indoor aquaculture operations"
        },
        {
          "subtask_wbs_number": "2.3",
          "subtask_title": "Secure industrial saline wastewater discharge permits"
        },
        {
          "subtask_wbs_number": "2.4",
          "subtask_title": "Apply for building and electrical installation permits"
        }
      ]
    },
    {
      "major_phase_wbs_number": "3.",
      "major_phase_title": "Facility Construction and Infrastructure",
      "subtasks": [
        {
          "subtask_wbs_number": "3.1",
          "subtask_title": "Erect purpose-built climate-controlled steel facility"
        },
        {
          "subtask_wbs_number": "3.2",
          "subtask_title": "Install R-30 spray foam insulation and HRV systems"
        },
        {
          "subtask_wbs_number": "3.3",
          "subtask_title": "Deploy 100kW dual-fuel backup generator and fuel storage"
        },
        {
          "subtask_wbs_number": "3.4",
          "subtask_title": "Install IoT water quality sensor network and monitoring hub"
        }
      ]
    },
    {
      "major_phase_wbs_number": "4.",
      "major_phase_title": "RAS Installation and Biological Setup",
      "subtasks": [
        {
          "subtask_wbs_number": "4.1",
          "subtask_title": "Assemble mechanical filters and bio-bead reactors"
        },
        {
          "subtask_wbs_number": "4.2",
          "subtask_title": "Execute bio-filter maturation and water chemistry balancing"
        },
        {
          "subtask_wbs_number": "4.3",
          "subtask_title": "Establish SPF post-larvae supply partnership"
        },
        {
          "subtask_wbs_number": "4.4",
          "subtask_title": "Procure initial 3-month buffer of high-quality shrimp feed"
        }
      ]
    },
    {
      "major_phase_wbs_number": "5.",
      "major_phase_title": "Market Development and Operations",
      "subtasks": [
        {
          "subtask_wbs_number": "5.1",
          "subtask_title": "Secure Letters of Intent (LOI) from regional high-end restaurants"
        },
        {
          "subtask_wbs_number": "5.2",
          "subtask_title": "Hire and train facility manager and local operational staff"
        },
        {
          "subtask_wbs_number": "5.3",
          "subtask_title": "Implement biosecurity and quarantine protocols"
        },
        {
          "subtask_wbs_number": "5.4",
          "subtask_title": "Execute first commercial harvest and direct-to-consumer distribution"
        }
      ]
    }
  ],
  "metadata": {
    "context_window": 3900,
    "num_output": 8192,
    "is_chat_model": true,
    "is_function_calling_model": false,
    "model_name": "google/gemini-3-flash-preview",
    "system_role": "system",
    "llm_classname": "OpenRouter_LLM",
    "duration": 8
  },
  "query": "File 'strategic_decisions.md':\n## Primary Decisions\nThe vital few decisions that have the most impact.\n\n\nThe 'Vital Few' levers (Infrastructure, Water, Market Depth, Genetics, and Scaling) address the core tension between High Upfront CAPEX/Complexity and Long-term Biological/Financial Resilience. By prioritizing these, the founders manage the fundamental risks of Midwest aquaculture: thermal stability, waste compliance, and margin protection. A missing dimension is 'Feed Supply Strategy,' which represents a major recurring cost and biosecurity risk in shrimp farming.\n\n### Decision 1: Facility Infrastructure Strategy\n**Lever ID:** `e4f54275-63e8-4fbb-8c09-a97f5b35b4cf`\n\n**The Core Decision:** The Facility Infrastructure Strategy lever determines the physical layout, design, and technological sophistication of the shrimp farm. It directly influences costs, scalability, and operational efficiency. Key success metrics include construction costs, energy efficiency, and biosecurity levels. Options range from retrofitting existing structures to deploying cutting-edge subterranean domes with AI monitoring.\n\n**Why It Matters:** Immediate: Lower upfront CAPEX \u2192 Systemic: 30% higher energy loss through poor insulation \u2192 Strategic: Long-term operational fragility against Midwest seasonal temperature extremes.\n\n**Strategic Choices:**\n\n1. Retrofit existing agricultural barns with basic insulation and modular plastic tank systems\n2. Construct purpose-built climate-controlled steel facilities with integrated heat recovery ventilation\n3. Deploy fully automated subterranean bio-secure domes utilizing geothermal heat exchange and AI-monitored life support\n\n**Trade-Off / Risk:** Controls Initial Capital Outlay vs. Operational Thermal Stability. Weakness: The options do not account for the specific zoning challenges of converting livestock barns to aquaculture.\n\n**Strategic Connections:**\n\n**Synergy:** This lever strongly synergizes with the Water Management Philosophy lever, as advanced infrastructure (e.g., subterranean domes) can better support sophisticated water recycling systems like Zero-Exchange Biofloc. It also complements the Biological Sourcing and Genetics lever by enabling controlled environments for specialized breeding programs.\n\n**Conflict:** This lever may conflict with the Operational Scaling Model lever, as highly sophisticated infrastructure (e.g., subterranean domes) could limit the feasibility of rapid, cost-effective scaling. It may also constrain the Capital Allocation Model lever by requiring higher upfront investments, potentially limiting funds for other critical areas.\n\n**Justification:** *Critical*, Critical because it is the primary physical 'hub' lever. It dictates the CAPEX/OPEX balance and determines the viability of all biological and water management systems in the harsh Midwest climate, directly impacting long-term operational fragility.\n\n### Decision 2: Water Management Philosophy\n**Lever ID:** `04962183-0fa8-4342-9ffe-6cfe978f668c`\n\n**The Core Decision:** The Water Management Philosophy lever defines how water is treated, recycled, and discharged within the shrimp farm. It impacts environmental sustainability, operational costs, and regulatory compliance. Success is measured by water usage efficiency, waste discharge levels, and system reliability. Options vary from traditional flow-through to advanced biofloc systems.\n\n**Why It Matters:** Immediate: Simplified plumbing requirements \u2192 Systemic: 15% weekly water replacement costs \u2192 Strategic: Increased regulatory scrutiny regarding saline wastewater discharge permits.\n\n**Strategic Choices:**\n\n1. Traditional flow-through system with periodic saline discharge to local treatment facilities\n2. Standard Recirculating Aquaculture System (RAS) with mechanical filtration and bio-bead reactors\n3. Zero-Exchange Biofloc technology utilizing microbial colonies to recycle waste into supplemental protein\n\n**Trade-Off / Risk:** Controls Technical Complexity vs. Environmental Compliance Costs. Weakness: Biofloc requires high-level microbiological expertise that the current team may lack.\n\n**Strategic Connections:**\n\n**Synergy:** This lever synergizes with the Facility Infrastructure Strategy lever, as more advanced water management systems (e.g., Zero-Exchange Biofloc) benefit from purpose-built or automated facilities. It also supports the Biological Sourcing and Genetics lever by maintaining optimal water conditions for specialized shrimp breeds.\n\n**Conflict:** This lever may conflict with the Market Integration Depth lever, as more sophisticated water systems (e.g., Zero-Exchange Biofloc) could complicate scaling for high-volume wholesale operations. It may also constrain the Operational Labor Model lever by requiring specialized expertise for maintenance.\n\n**Justification:** *Critical*, Critical as it controls the core technical risk and environmental compliance. In an indoor Midwest setting, water recycling efficiency and waste discharge permits are the 'make-or-break' factors for regulatory approval and biological yield.\n\n### Decision 3: Market Integration Depth\n**Lever ID:** `c984ecab-8105-41e7-a88e-2ad687a2810b`\n\n**The Core Decision:** The Market Integration Depth lever outlines the approach to selling shrimp, from basic wholesaling to full vertical integration. It affects revenue streams, brand control, and customer relationships. Key metrics include profit margins, market reach, and customer acquisition costs. Options range from selling to distributors to a 'Pond-to-Plate' model with direct delivery.\n\n**Why It Matters:** Immediate: Faster time to first sale \u2192 Systemic: 40% margin loss to third-party processors \u2192 Strategic: Total dependence on external logistics for perishable inventory.\n\n**Strategic Choices:**\n\n1. Wholesale live-shrimp sales to regional seafood distributors and processing plants\n2. Direct-to-consumer sales via local farmers markets and high-end regional restaurant contracts\n3. Full-stack 'Pond-to-Plate' model including on-site flash-freezing, branded packaging, and subscription delivery\n\n**Trade-Off / Risk:** Controls Revenue Margin vs. Logistical Complexity. Weakness: The radical option ignores the significant USDA/FDA certification hurdles for on-site processing.\n\n**Strategic Connections:**\n\n**Synergy:** This lever synergizes with the Operational Scaling Model lever, as a decentralized franchise model could support regional direct-to-consumer sales. It also complements the Talent Acquisition Approach lever by creating diverse roles for marketing, logistics, and customer service.\n\n**Conflict:** This lever may conflict with the Capital Allocation Model lever, as a full-stack 'Pond-to-Plate' model demands significant investment in logistics, packaging, and marketing. It may also constrain the Biological Sourcing and Genetics lever by requiring rapid, consistent shrimp supply for direct sales.\n\n**Justification:** *High*, High importance because it governs the fundamental revenue model and margin retention. It forces a strategic choice between being a commodity producer or a premium brand, which dictates the necessary scale and logistical complexity.\n\n### Decision 4: Biological Sourcing and Genetics\n**Lever ID:** `347e4fd0-6e04-4fbf-8e87-e27b04c60a02`\n\n**The Core Decision:** The Biological Sourcing and Genetics lever focuses on shrimp broodstock and post-larvae sourcing strategies, balancing cost, consistency, and genetic quality. Success is measured by growth rates, disease resistance, and adaptability to local conditions. Options include purchasing SPF larvae, partnering with providers, or developing in-house CRISPR-enhanced breeding programs.\n\n**Why It Matters:** Immediate: Reduced initial broodstock costs \u2192 Systemic: 20% higher mortality rates \u2192 Strategic: Inability to guarantee year-round supply due to seasonal larvae availability.\n\n**Strategic Choices:**\n\n1. Purchase Specific Pathogen Free (SPF) post-larvae from external coastal hatcheries as needed\n2. Establish a long-term partnership with a single genetic provider for consistent growth traits\n3. In-house closed-loop hatchery utilizing CRISPR-enhanced broodstock for cold-tolerance and rapid growth\n\n**Trade-Off / Risk:** Controls Supply Chain Reliability vs. R&D Investment. Weakness: It fails to address the biosecurity risks of transporting live larvae across state lines.\n\n**Strategic Connections:**\n\n**Synergy:** This lever synergizes with the Water Management Philosophy lever, as advanced water systems can support specialized genetic lines (e.g., cold-tolerant shrimp). It also complements the Facility Infrastructure Strategy lever by benefiting from controlled environments for breeding and growth.\n\n**Conflict:** This lever may conflict with the Operational Scaling Model lever, as in-house breeding programs could slow rapid expansion due to setup time and complexity. It may also constrain the Market Integration Depth lever by requiring additional resources for maintaining genetic quality during scaling.\n\n**Justification:** *High*, High importance due to its impact on supply chain reliability. For a Midwest farm, the ability to secure or produce larvae year-round is a significant strategic bottleneck that controls mortality rates and production consistency.\n\n### Decision 5: Operational Scaling Model\n**Lever ID:** `43b1a316-8d9d-4f00-b776-1aa77312152b`\n\n**The Core Decision:** The Operational Scaling Model lever defines the growth strategy for the shrimp farm, from single-site owner-operator to decentralized franchise models. It influences cost structures, market reach, and management complexity. Key metrics include scalability, operational control, and profitability. Options range from centralized to highly distributed models.\n\n**Why It Matters:** Immediate: Concentrated management focus \u2192 Systemic: Single-point-of-failure risk \u2192 Strategic: Limited ability to capture regional market share before competitors emerge.\n\n**Strategic Choices:**\n\n1. Single-site owner-operator model managed exclusively by the founding partners\n2. Hub-and-spoke expansion utilizing centralized processing with satellite grow-out tanks\n3. Decentralized 'Farm-as-a-Service' franchise model providing tech stacks to local Midwest farmers\n\n**Trade-Off / Risk:** Controls Management Control vs. Geographic Reach. Weakness: The franchise model assumes a level of process standardization that is difficult to achieve in live aquaculture.\n\n**Strategic Connections:**\n\n**Synergy:** This lever synergizes with the Market Integration Depth lever, as a decentralized 'Farm-as-a-Service' model could enable regional customization for direct-to-consumer sales. It also complements the Capital Allocation Model lever by spreading investments across multiple sites and stakeholders.\n\n**Conflict:** This lever may conflict with the Facility Infrastructure Strategy lever, as decentralized models could complicate the implementation of advanced, centralized infrastructure. It may also constrain the Biological Sourcing and Genetics lever by making it harder to maintain genetic consistency across multiple sites.\n\n**Justification:** *High*, High importance as it defines the project's ultimate ceiling. It manages the trade-off between tight founder control and the speed required to capture regional market share before competitors enter the indoor aquaculture space.\n\n---\n## Secondary Decisions\nThese decisions are less significant, but still worth considering.\n\n### Decision 6: Operational Labor Model\n**Lever ID:** `8f148afa-b5ac-4228-be99-1b1dffa76490`\n\n**The Core Decision:** The Operational Labor Model determines how labor is deployed for daily shrimp farm operations. It ranges from a hands-on approach with minimal overhead by relying on the founders, to hiring local staff for routine tasks, to leveraging AI and automation for efficiency. Success metrics include labor costs, operational efficiency, and scalability of processes.\n\n**Why It Matters:** Immediate: High reliance on founder sweat equity \u2192 Systemic: 50% slower scaling due to human bottleneck \u2192 Strategic: Limits the business to a single-site lifestyle operation.\n\n**Strategic Choices:**\n\n1. Execute all daily operations manually between the three founders to minimize overhead\n2. Hire a dedicated facility manager and local hourly staff for routine maintenance\n3. Integrate AI-driven biomass sensors and automated feeding systems to minimize human intervention\n\n**Trade-Off / Risk:** Controls Labor Cost vs. Operational Consistency. Weakness: Does not address the specialized aquaculture expertise required that the founders may lack.\n\n**Strategic Connections:**\n\n**Synergy:** This lever strongly synergizes with the 'Facility Infrastructure Strategy' by enabling scalable automation solutions for labor-intensive tasks. It also aligns with the 'Market Integration Depth' lever by freeing up resources for strategic growth activities.\n\n**Conflict:** Choosing high automation may conflict with the 'Talent Acquisition Approach' if it reduces the need for skilled local hires. It may also complicate the 'Regulatory Engagement Framework' if automated systems face scrutiny or require specialized permits.\n\n**Justification:** *Medium*, Medium importance; while it affects daily efficiency and scaling speed, it is largely a downstream consequence of the chosen Infrastructure and Scaling models rather than a primary driver of the business's existence.\n\n### Decision 7: Location Acquisition Strategy\n**Lever ID:** `ae9cd138-24a0-4e86-8c65-7bcc1b260ea0`\n\n**The Core Decision:** The Location Acquisition Strategy focuses on securing a physical space for the shrimp farm. Options include retrofitting an existing warehouse, converting a manufacturing facility through partnerships, or deploying modular farms using AI-driven systems. Key metrics are upfront costs, scalability, and compliance with local zoning and environmental regulations.\n\n**Why It Matters:** Immediate: Secure a site with existing utility infrastructure \u2192 Systemic: 30% reduction in construction costs through modular retrofits \u2192 Strategic: Enables market entry within 12 months, 20% faster than conventional builds.\n\n**Strategic Choices:**\n\n1. Utilize an existing industrial warehouse in a low\u2011cost county with minimal retrofits\n2. Acquire a former manufacturing facility and retrofit it with modular aquaculture systems under a public\u2011private partnership\n3. Deploy a pop\u2011up modular farm using shipping containers on leased land, integrating AI\u2011driven water recycling and edge\u2011computing monitoring\n\n**Trade-Off / Risk:** Controls Cost Efficiency vs. Speed to Market. Weakness: The options underestimate the impact of local zoning restrictions on site acquisition timelines.\n\n**Strategic Connections:**\n\n**Synergy:** This lever works synergistically with the 'Facility Infrastructure Strategy' by directly influencing the type of systems that can be installed. It also supports the 'Capital Allocation Model' by affecting long-term financial commitments and potential for public funding.\n\n**Conflict:** Selecting a modular farm approach may conflict with the 'Operational Labor Model' if it requires specialized skills for maintenance. It may also complicate the 'Regulatory Engagement Framework' due to the novelty of container-based farming methods.\n\n**Justification:** *Medium*, Medium importance. While essential for the 'ASAP' start, it is a tactical execution of the Facility Infrastructure Strategy. Once a site is secured, its strategic influence diminishes compared to the systems inside it.\n\n### Decision 8: Capital Allocation Model\n**Lever ID:** `cfb3708e-6b7b-4e74-b219-7bfc6c684f21`\n\n**The Core Decision:** The Capital Allocation Model outlines how funding is secured and deployed for the shrimp farm. It includes personal savings, blended loans with grants, or tokenized equity for broader investment. Success is measured by the ability to secure adequate funding, manage financial risk, and optimize cost-efficiency.\n\n**Why It Matters:** Immediate: Lock in initial capital through partner contributions \u2192 Systemic: 40% lower financing costs via equipment leasing \u2192 Strategic: Extends runway for technology scaling while maintaining control.\n\n**Strategic Choices:**\n\n1. Rely on equity financing from personal savings and partner contributions\n2. Secure a blended loan using equipment leasing and state agricultural grants\n3. Issue tokenized equity on a decentralized platform to attract venture capital and community investors\n\n**Trade-Off / Risk:** Controls Dilution vs. Growth Speed. Weakness: The tokenized equity option lacks clear investor protection mechanisms.\n\n**Strategic Connections:**\n\n**Synergy:** This lever complements the 'Location Acquisition Strategy' by aligning funding sources with the chosen facility approach. It also supports the 'Operational Labor Model' by ensuring funds are available for hiring or automation investments.\n\n**Conflict:** Relying on tokenized equity may conflict with the 'Regulatory Engagement Framework' if it introduces complexity in compliance or governance. It may also challenge the 'Talent Acquisition Approach' if investors demand cost-cutting in labor.\n\n**Justification:** *Medium*, Medium importance. It facilitates the project but doesn't define the operational success of the shrimp farm itself. It is a secondary lever that responds to the requirements set by the Infrastructure and Scaling choices.\n\n### Decision 9: Talent Acquisition Approach\n**Lever ID:** `51f7aa37-79f3-46c0-b868-e590a43c1125`\n\n**The Core Decision:** The Talent Acquisition Approach defines the strategy for hiring and training staff for the shrimp farm. It includes hiring local agricultural workers, recruiting specialized engineers, or building a remote AI-managed team. Key metrics are labor quality, cost-effectiveness, and alignment with operational needs.\n\n**Why It Matters:** Immediate: Assemble a core operational crew \u2192 Systemic: 25% faster staffing through targeted recruitment \u2192 Strategic: Reduces training costs by 35% while maintaining expertise.\n\n**Strategic Choices:**\n\n1. Hire local agricultural workers with on\u2011the\u2011job training\n2. Recruit aquaculture engineers from coastal regions with relocation incentives\n3. Build a remote AI\u2011managed operations team using offshore talent and immersive VR training\n\n**Trade-Off / Risk:** Controls Skill Depth vs. Operational Autonomy. Weakness: The offshore AI team option may face integration challenges with on\u2011site equipment.\n\n**Strategic Connections:**\n\n**Synergy:** This lever strengthens the 'Operational Labor Model' by ensuring the right talent is in place for the chosen approach, whether manual, staffed, or automated. It also supports the 'Market Integration Depth' by bringing in expertise for strategic growth.\n\n**Conflict:** Recruiting specialized engineers may conflict with the 'Capital Allocation Model' due to higher costs. It may also complicate the 'Regulatory Engagement Framework' if imported talent faces work permit or local labor law challenges.\n\n**Justification:** *Low*, Low importance because it is redundant with the Operational Labor Model. The choice of 'who' to hire is secondary to the 'how' of the operation (manual vs. automated) defined elsewhere.\n\n### Decision 10: Regulatory Engagement Framework\n**Lever ID:** `d6bf0357-3cab-46e5-b6f3-f56921708d5d`\n\n**The Core Decision:** The Regulatory Engagement Framework determines how the farm navigates legal and compliance requirements. It includes standard county processes, forming coalitions for streamlined approvals, or co-developing regulatory pathways with state agencies. Success is measured by the speed and cost of approvals and the ability to influence favorable policies.\n\n**Why It Matters:** Immediate: Submit permit applications \u2192 Systemic: 50% faster approval timeline through coalition advocacy \u2192 Strategic: Positions the farm as a model for future policy, attracting additional funding.\n\n**Strategic Choices:**\n\n1. Navigate permits through standard county processes with legal counsel\n2. Form a coalition with local chambers to streamline approvals\n3. Launch a pilot program with the state agriculture department to co\u2011develop regulatory pathways for indoor farms\n\n**Trade-Off / Risk:** Controls Compliance Timeline vs. Innovation Freedom. Weakness: The pilot program option may require extensive data that the project currently lacks.\n\n**Strategic Connections:**\n\n**Synergy:** This lever enhances the 'Location Acquisition Strategy' by ensuring compliance and reducing regulatory friction for facility choices. It also supports the 'Capital Allocation Model' by opening access to grants and incentives.\n\n**Conflict:** Engaging in pilot programs with state agencies may conflict with the 'Operational Labor Model' if it delays hiring or operational launch. It may also complicate the 'Market Entry Model' by introducing uncertainty in timelines.\n\n**Justification:** *Medium*, Medium importance. While it can accelerate timelines, it is a supporting function to the Water Management and Location levers, which are the actual subjects of the regulation.\n\n### Decision 11: Market Entry Model\n**Lever ID:** `eab38166-61f9-4905-8c60-5527e04c683b`\n\n**The Core Decision:** The Market Entry Model defines the primary commercial interface and revenue generation strategy for the shrimp farm. It dictates whether the business focuses on high-volume wholesale to local retailers, high-margin direct-to-consumer digital channels, or a diversified agritourism destination. This lever controls the brand identity, customer relationship management, and logistics requirements. Success is measured by customer acquisition costs, price premiums achieved over commodity markets, and the stability of the sales pipeline relative to the biological production cycles of the facility.\n\n**Why It Matters:** Immediate: Establish initial sales channels \u2192 Systemic: Capture 15% market share within two years through diversified channels \u2192 Strategic: Generates multiple revenue streams, reducing reliance on single buyer.\n\n**Strategic Choices:**\n\n1. Supply local restaurants and grocery chains directly\n2. Integrate with subscription meal kits and direct\u2011to\u2011consumer e\u2011commerce\n3. Create a farm\u2011to\u2011table agritourism experience with on\u2011site dining and educational tours\n\n**Trade-Off / Risk:** Controls Revenue Diversification vs. Operational Complexity. Weakness: The agritourism option may strain limited management capacity.\n\n**Strategic Connections:**\n\n**Synergy:** This lever strongly enhances Market Integration Depth by defining the specific touchpoints where the brand adds value. It also works in tandem with the Operational Scaling Model; for instance, a direct-to-consumer model provides the higher margins necessary to fund rapid facility expansion and technological upgrades across the Midwest.\n\n**Conflict:** A significant conflict exists with the Operational Labor Model, as an agritourism approach requires hospitality-trained staff rather than just aquaculture technicians. Furthermore, it constrains the Facility Infrastructure Strategy, as on-site dining or tours necessitate public-facing amenities and safety compliance that differ from a strictly industrial production environment.\n\n**Justification:** *Low*, Low importance as it overlaps significantly with Market Integration Depth. The strategic decision of 'how deep' to go in the value chain is more foundational than the specific 'entry' channel.\n\n\nFile 'scenarios.md':\n# Choosing Our Strategic Path\n## The Strategic Context\nUnderstanding the core ambitions and constraints that guide our decision.\n\n**Ambition and Scale:** Moderate to high ambition targeting regional commercial scale with a physical indoor shrimp farm in the Midwest.\n\n**Risk and Novelty:** Moderate risk with incremental novelty; the project is physically demanding but not groundbreaking.\n\n**Complexity and Constraints:** High operational complexity, significant capital investment, and regulatory hurdles related to location, construction, and bio\u2011security.\n\n**Domain and Tone:** Commercial aquaculture business, entrepreneurial and practical tone.\n\n**Holistic Profile:** A physically intensive, moderately ambitious commercial venture requiring substantial infrastructure, balancing growth aspirations with manageable risk and regulatory compliance.\n\n---\n## The Path Forward\nThis scenario aligns best with the project's characteristics and goals.\n\n### The Builder's Foundation\n**Strategic Logic:** This scenario focuses on a balanced approach that blends proven technologies with strategic innovation to create a scalable and resilient business model. It aims for steady growth by optimizing costs, managing risks, and building strong local partnerships while gradually expanding market reach.\n\n**Fit Score:** 9/10\n\n**Why This Path Was Chosen:** Balanced use of proven technology and moderate risk aligns well with the plan\u2019s physical and commercial focus.\n\n**Key Strategic Decisions:**\n\n- **Facility Infrastructure Strategy:** Construct purpose-built climate-controlled steel facilities with integrated heat recovery ventilation\n- **Water Management Philosophy:** Standard Recirculating Aquaculture System (RAS) with mechanical filtration and bio-bead reactors\n- **Market Integration Depth:** Direct-to-consumer sales via local farmers markets and high-end regional restaurant contracts\n- **Biological Sourcing and Genetics:** Establish a long-term partnership with a single genetic provider for consistent growth traits\n- **Operational Scaling Model:** Hub-and-spoke expansion utilizing centralized processing with satellite grow-out tanks\n\n**The Decisive Factors:**\n\n- The plan\u2019s ambition targets regional commercial scale with a physical Midwest facility, aligning with the Builder\u2019s balanced, scalable approach.\n- Its risk is moderate; the Builder\u2019s relies on proven RAS and genetic partnerships, matching the plan\u2019s manageable novelty.\n- Complexity is high, but the Builder\u2019s uses purpose\u2011built climate\u2011controlled steel facilities and hub\u2011and\u2011spoke expansion, providing controlled growth while avoiding the extreme capital and regulatory burdens of the Pioneer\u2019s Gambit.\n- The Consolidator\u2019s Path is overly conservative, lacking the innovation needed for market differentiation.\n- Additionally, the Builder\u2019s balances upfront investment with long\u2011term stability and leverages local partnerships and direct\u2011to\u2011consumer channels, ensuring sustainable profitability and growth.\n\n---\n## Alternative Paths\n### The Pioneer's Gambit\n**Strategic Logic:** This scenario embraces cutting-edge technology and a bold market approach to establish a dominant position in the Midwest shrimp farming industry. It prioritizes innovation, scalability, and a premium product offering, accepting higher initial costs and complexity in exchange for long-term growth and competitive advantage.\n\n**Fit Score:** 6/10\n\n**Assessment of this Path:** High ambition and novelty but excessive complexity and capital risk make it a partial fit.\n\n**Key Strategic Decisions:**\n\n- **Facility Infrastructure Strategy:** Deploy fully automated subterranean bio-secure domes utilizing geothermal heat exchange and AI-monitored life support\n- **Water Management Philosophy:** Zero-Exchange Biofloc technology utilizing microbial colonies to recycle waste into supplemental protein\n- **Market Integration Depth:** Full-stack 'Pond-to-Plate' model including on-site flash-freezing, branded packaging, and subscription delivery\n- **Biological Sourcing and Genetics:** In-house closed-loop hatchery utilizing CRISPR-enhanced broodstock for cold-tolerance and rapid growth\n- **Operational Scaling Model:** Decentralized 'Farm-as-a-Service' franchise model providing tech stacks to local Midwest farmers\n\n### The Consolidator's Path\n**Strategic Logic:** This scenario prioritizes stability, cost-efficiency, and risk mitigation by leveraging existing infrastructure and proven technologies. It focuses on incremental growth, minimizing upfront investment, and ensuring compliance with local regulations while targeting reliable revenue streams through established distribution channels.\n\n**Fit Score:** 5/10\n\n**Assessment of this Path:** Too conservative and low\u2011risk, lacking the strategic ambition and innovation required.\n\n**Key Strategic Decisions:**\n\n- **Facility Infrastructure Strategy:** Retrofit existing agricultural barns with basic insulation and modular plastic tank systems\n- **Water Management Philosophy:** Traditional flow-through system with periodic saline discharge to local treatment facilities\n- **Market Integration Depth:** Wholesale live-shrimp sales to regional seafood distributors and processing plants\n- **Biological Sourcing and Genetics:** Purchase Specific Pathogen Free (SPF) post-larvae from external coastal hatcheries as needed\n- **Operational Scaling Model:** Single-site owner-operator model managed exclusively by the founding partners\n\n\nFile 'project_plan.md':\n**Goal Statement:** Establish a commercial indoor shrimp farm in the US Midwest using Recirculating Aquaculture System (RAS) technology to achieve the first harvest by April 2027.\n\n## SMART Criteria\n\n- **Specific:** Construct a purpose-built, climate-controlled steel facility of approximately 10,000 sq ft to house a Recirculating Aquaculture System for premium shrimp production.\n- **Measurable:** Success is measured by the completion of the facility, successful bio-filter maturation, and a first harvest yielding shrimp for direct-to-consumer and restaurant sales.\n- **Achievable:** The project is achievable by leveraging $1.5M in combined partner capital and SBA loans, utilizing the founders' mechanical expertise, and following the 'Builder's Foundation' strategic path.\n- **Relevant:** This goal addresses the demand for fresh, high-quality seafood in the Midwest while mitigating the risks of traditional coastal supply chains through local indoor production.\n- **Time-bound:** The project aims for a first harvest within 14 months of the February 2026 start date, specifically targeting April 2027.\n\n## Dependencies\n\n- Secure $500k initial partner capital and $1M in SBA 7(a) loans or equipment leasing\n- Acquire a 10,000 sq ft industrial site in Indianapolis, Des Moines, or Columbus with appropriate zoning\n- Obtain municipal permits for saline wastewater discharge or Zero-Liquid Discharge (ZLD) systems\n- Establish a long-term partnership with a genetic provider for SPF post-larvae\n- Contract with high-quality shrimp feed manufacturers\n\n## Resources Required\n\n- Climate-controlled steel facility (10,000 sq ft)\n- Recirculating Aquaculture System (RAS) components (mechanical filters, bio-bead reactors)\n- R-30 spray foam insulation and Heat Recovery Ventilators (HRV)\n- 100kW dual-fuel (propane/diesel) backup generator\n- IoT water quality sensors (ammonia, dissolved oxygen, temperature)\n- Oxygenated transport tanks for hub-and-spoke logistics\n- Specific Pathogen Free (SPF) post-larvae\n- High-quality shrimp feed (FCR 1.2-1.5)\n\n## Related Goals\n\n- Expand to a hub-and-spoke model with satellite grow-out tanks\n- Achieve 'Pond-to-Plate' premium branding in regional culinary markets\n- Implement Zero-Liquid Discharge (ZLD) for environmental sustainability\n\n## Tags\n\n- Aquaculture\n- Midwest Business\n- RAS Technology\n- Shrimp Farming\n- Sustainable Food\n\n## Risk Assessment and Mitigation Strategies\n\n\n### Key Risks\n\n- Mass mortality due to RAS failure or thermal shock during Midwest winters\n- Regulatory shutdown due to saline wastewater discharge violations\n- Financial insolvency due to high heating OPEX or delayed first harvest\n\n### Diverse Risks\n\n- Biosecurity breaches from contaminated post-larvae or feed\n- Shortage of skilled RAS technicians in the Midwest region\n- Supply chain disruptions for specialized shrimp feed\n\n### Mitigation Plans\n\n- Install redundant 100kW generators and 24/7 IoT monitoring with mobile alerts\n- Implement a Zero-Liquid Discharge (ZLD) system or on-site evaporation to bypass municipal chloride limits\n- Utilize R-30 insulation and HRV systems to reduce heating costs by 70%\n- Establish 30-day quarantine protocols and maintain a 3-month feed buffer\n- Partner with local universities (Purdue/Iowa State) for internship programs to build a talent pipeline\n\n## Stakeholder Analysis\n\n\n### Primary Stakeholders\n\n- Founding Partners (You, Larry, Bubba)\n- On-Site Facility Manager\n- SBA Loan Officers\n\n### Secondary Stakeholders\n\n- Regional High-End Restaurant Owners\n- State Department of Agriculture (Indiana/Iowa/Ohio)\n- Municipal Water Authorities\n- Shrimp Genetic Providers\n- Feed Suppliers (e.g., Zeigler Bros)\n\n### Engagement Strategies\n\n- Secure Letters of Intent (LOI) from 5-10 high-end restaurants to guarantee 30% of first harvest sales\n- Regular progress reporting to SBA lenders to ensure continued funding flow\n- Early-stage consultation with municipal water authorities to ensure wastewater compliance\n- Collaborative training sessions with genetic providers to optimize growth traits\n\n## Regulatory and Compliance Requirements\n\n\n### Permits and Licenses\n\n- Aquaculture Producer License\n- Industrial Discharge Permit\n- Building and Electrical Permits for RAS installation\n- Zoning Variance for indoor livestock/aquaculture\n\n### Compliance Standards\n\n- EPA Clean Water Act (saline discharge limits)\n- USDA/FDA food safety standards for live seafood\n- State-specific biosecurity and transport regulations\n\n### Regulatory Bodies\n\n- Indiana Department of Environmental Management (IDEM)\n- Iowa Department of Natural Resources (DNR)\n- Ohio Environmental Protection Agency\n- Local Municipal Wastewater Departments\n\n### Compliance Actions\n\n- Conduct a chloride limit study for the chosen municipality\n- Implement a biosecure feed handling and quarantine protocol\n- Schedule a pre-operational inspection with the State Department of Agriculture\n- Apply for saline wastewater pre-treatment certification\n\nFile 'WBS Level 1.json':\n{\"id\":\"7462edca-a044-4f45-95ec-ab47c0a832d7\",\"project_title\":\"Midwest Shrimp Farm\",\"final_deliverable\":\"Operational RAS Facility\"}\n\nFile 'data_collection.md':\n## 1. Municipal Saline Discharge Limits & ZLD Requirements\n\nMidwest inland treatment plants have strict chloride limits to prevent pipe corrosion and protect freshwater ecosystems. Failure to validate this leads to immediate 'Cease and Desist' orders.\n\n### Data to Collect\n\n- Local Limits for Chloride and Total Dissolved Solids (TDS) for Indianapolis, Des Moines, and Columbus POTWs.\n- Industrial User permit requirements and pretreatment surcharges.\n- Technical specifications and CAPEX/OPEX for Zero-Liquid Discharge (ZLD) systems.\n\n### Simulation Steps\n\n- Use EPA's 'Industrial User Permitting' online resources to identify pretreatment standards.\n- Model wastewater salinity impact using 'AQUASIM' or similar fluid dynamic software to estimate dilution requirements.\n- Utilize 'WAVE' (Water Application Value Engine) software by DuPont to simulate ZLD performance and energy consumption.\n\n### Expert Validation Steps\n\n- Consult with the Pretreatment Coordinator at the Indianapolis Department of Public Works.\n- Engage a Professional Engineer (PE) specializing in industrial brine management to review discharge plans.\n- Submit preliminary data to the Indiana Department of Environmental Management (IDEM) for a 'Letter of Interpretation'.\n\n### Responsible Parties\n\n- Environmental Compliance & Wastewater Specialist\n- Project Finance & Grant Administrator\n\n### Assumptions\n\n- **High:** Municipalities will allow 1,000-3,000 gal/day saline discharge with basic pretreatment.\n\n### SMART Validation Objective\n\nObtain written confirmation of chloride discharge limits from at least two target municipalities by March 1, 2026.\n\n### Notes\n\n- ZLD systems can add $150k-$250k to CAPEX.\n- Estimated validation cost: $5,000 (PE consultation fees).\n\n\n## 2. Thermal Load & Energy Redundancy Validation\n\nMaintaining 80\u00b0F in a Midwest winter is the primary OPEX driver. A 4-hour power failure in sub-zero temps results in 90%+ biological mortality.\n\n### Data to Collect\n\n- Historical hourly temperature data for target cities (10-year polar vortex extremes).\n- Utility rate cards for industrial gas and electricity in Marion (IN), Polk (IA), and Franklin (OH) counties.\n- Fuel consumption rates for 100kW dual-fuel generators under 100% load.\n\n### Simulation Steps\n\n- Run thermal envelope simulations using 'EnergyPlus' or 'eQUEST' to calculate BTU loss at -20\u00b0F.\n- Use 'HOMER Pro' to simulate microgrid/backup power reliability and fuel autonomy durations.\n- Calculate R-30 insulation performance vs. humidity-induced condensation using 'WUFI' software.\n\n### Expert Validation Steps\n\n- Consult with a regional HVAC engineer experienced in industrial climate control.\n- Review backup power strategy with a representative from a generator manufacturer (e.g., Generac or CAT).\n- Validate utility rate assumptions with local Economic Development Corporations (EDC).\n\n### Responsible Parties\n\n- Facility Operations & Climate Manager\n- Aquaculture Systems Engineer\n\n### Assumptions\n\n- **High:** R-30 insulation and HRV will reduce heating costs by 70% compared to uninsulated barns.\n\n### SMART Validation Objective\n\nComplete a thermal load report and backup fuel strategy that guarantees 72-hour autonomy by April 15, 2026.\n\n### Notes\n\n- Propane prices fluctuate significantly in winter; storage capacity is critical.\n- Estimated validation cost: $3,500 (Thermal modeling software/consultant).\n\n\n## 3. Feed Conversion Ratio (FCR) & Supply Chain Biosecurity\n\nFeed is 50-60% of OPEX. Underestimating FCR or facing supply disruptions directly threatens the 14-month financial runway.\n\n### Data to Collect\n\n- Guaranteed FCR and protein content specs from manufacturers (e.g., Zeigler Bros).\n- Lead times and biosecure transport costs for 3-month feed buffers.\n- Pathogen screening protocols for incoming feed batches.\n\n### Simulation Steps\n\n- Use 'AquaManager' software to simulate growth cycles and feed demand based on FCR variables (1.2 to 1.8).\n- Perform a sensitivity analysis on a spreadsheet to determine the 'break-even' FCR at $18/lb sales price.\n- Map supply chain routes using 'AnyLogistix' to identify weather-related bottleneck risks.\n\n### Expert Validation Steps\n\n- Consult with a nutritionist at a major aquaculture feed manufacturer.\n- Interview an Aquatic Biologist to verify the feasibility of maintaining a 1.5 FCR in a new RAS.\n- Review biosecurity protocols with a USDA APHIS (Animal and Plant Health Inspection Service) officer.\n\n### Responsible Parties\n\n- Aquatic Biologist / Husbandry Technician\n- Supply Chain & Logistics Coordinator\n\n### Assumptions\n\n- **Medium:** Feed Conversion Ratio (FCR) will remain at 1.5 or lower across the first three cycles.\n\n### SMART Validation Objective\n\nSecure a signed supply agreement and FCR performance data from a primary feed vendor by May 1, 2026.\n\n### Notes\n\n- FCR of 1.8 instead of 1.5 reduces ROI by 15%.\n- Estimated validation cost: $1,000 (Sample testing and logistics mapping).\n\n## Summary\n\nThe project's success hinges on three high-sensitivity pillars: environmental compliance (saline waste), thermal resilience (Midwest winters), and biological efficiency (FCR). Immediate action is required to validate municipal discharge limits, as a denial would necessitate a $200k+ ZLD system, potentially invalidating the current $1.5M capital stack. Stakeholders must prioritize the 'Industrial User' permit inquiry and the thermal load simulation before committing to a facility lease. The next 60 days should focus on 'de-risking' the saline waste and energy assumptions to ensure the SBA loan application is grounded in regulatory reality."
}