[
  {
    "id": "b84f7e57-b087-4961-a0f4-c29d131b5d73",
    "major_phase_title": "Project Planning and Financing",
    "subtasks": [
      {
        "id": "d8b627be-c173-42ff-94aa-a6725b1f604b",
        "description": "Secure $500k initial partner capital contributions"
      },
      {
        "id": "8b2ffa58-cfe3-4986-98b1-fbd17766ae7c",
        "description": "Apply for $1M SBA 7(a) loans and equipment leasing"
      },
      {
        "id": "62c6b72d-f9bd-4949-af89-13e2136ba2cb",
        "description": "Conduct municipal chloride limit and ZLD requirement studies"
      },
      {
        "id": "9e3770fc-4205-4f5a-a779-a627000ccef2",
        "description": "Perform thermal load and energy redundancy simulations"
      }
    ]
  },
  {
    "id": "e8d762b1-69de-4013-abf1-965090889d0c",
    "major_phase_title": "Site Acquisition and Permitting",
    "subtasks": [
      {
        "id": "de830e65-141a-407a-b7ef-22c02e062406",
        "description": "Acquire 10,000 sq ft industrial site in target Midwest city"
      },
      {
        "id": "fbdf75ff-8647-4e90-9f03-520ecbf89a20",
        "description": "Obtain zoning variances for indoor aquaculture operations"
      },
      {
        "id": "a364367f-d164-4439-99d7-30b3b2ef1b75",
        "description": "Secure industrial saline wastewater discharge permits"
      },
      {
        "id": "62ac2381-caff-469e-87b6-9aca04e43f4b",
        "description": "Apply for building and electrical installation permits"
      }
    ]
  },
  {
    "id": "0d9c5439-a1ff-4b7d-b4f5-2801b4d16019",
    "major_phase_title": "Facility Construction and Infrastructure",
    "subtasks": [
      {
        "id": "4c5f16ef-9532-4ae7-98fc-4e0ff005fa84",
        "description": "Erect purpose-built climate-controlled steel facility"
      },
      {
        "id": "f5be8ffb-077f-4d77-93d2-625fb4dd3c5a",
        "description": "Install R-30 spray foam insulation and HRV systems"
      },
      {
        "id": "b1d274a1-4163-42ea-a292-43bc71f0a6b5",
        "description": "Deploy 100kW dual-fuel backup generator and fuel storage"
      },
      {
        "id": "035e81e3-847c-493c-bd80-32ef4569d314",
        "description": "Install IoT water quality sensor network and monitoring hub"
      }
    ]
  },
  {
    "id": "61c5d57a-1084-4021-afb7-5c6faffbfcc8",
    "major_phase_title": "RAS Installation and Biological Setup",
    "subtasks": [
      {
        "id": "224ffaf9-0c5a-4738-91e0-da4273113211",
        "description": "Assemble mechanical filters and bio-bead reactors"
      },
      {
        "id": "1902ab21-1c2e-4a72-adf5-2ec86564b198",
        "description": "Execute bio-filter maturation and water chemistry balancing"
      },
      {
        "id": "c5cdec7e-1d4a-4b05-bcb7-170a4377d896",
        "description": "Establish SPF post-larvae supply partnership"
      },
      {
        "id": "082b14a7-e163-4455-9227-8b99cd7549d9",
        "description": "Procure initial 3-month buffer of high-quality shrimp feed"
      }
    ]
  },
  {
    "id": "b1a9543f-f248-42e3-859b-cee5032a19ba",
    "major_phase_title": "Market Development and Operations",
    "subtasks": [
      {
        "id": "71e38f1d-1f0d-474d-8636-36d7d0149b9a",
        "description": "Secure Letters of Intent (LOI) from regional high-end restaurants"
      },
      {
        "id": "14438a32-7989-4281-a341-f5e1e05a59a4",
        "description": "Hire and train facility manager and local operational staff"
      },
      {
        "id": "7953dd5c-734a-460d-8b6d-91702df520b8",
        "description": "Implement biosecurity and quarantine protocols"
      },
      {
        "id": "eea9822a-6647-4932-8732-09ee5a2ee17e",
        "description": "Execute first commercial harvest and direct-to-consumer distribution"
      }
    ]
  }
]