{
  "task_details": [
    {
      "task_id": "71e38f1d-1f0d-474d-8636-36d7d0149b9a",
      "delay_risks": "Chef skepticism regarding inland shrimp quality and reluctance to commit to long-term purchase agreements before seeing the physical product.",
      "mitigation_strategy": "Provide samples from pilot batches or similar RAS facilities and offer tiered pricing incentives for early-adopter Letters of Intent.",
      "days_min": 30,
      "days_max": 90,
      "days_realistic": 60
    },
    {
      "task_id": "14438a32-7989-4281-a341-f5e1e05a59a4",
      "delay_risks": "Shortage of candidates with specific RAS or aquaculture experience in the Midwest, leading to extended recruitment cycles.",
      "mitigation_strategy": "Partner with aquaculture programs at Purdue and Iowa State for recruitment and develop an internal standardized training manual to upskill mechanical technicians.",
      "days_min": 45,
      "days_max": 120,
      "days_realistic": 75
    },
    {
      "task_id": "7953dd5c-734a-460d-8b6d-91702df520b8",
      "delay_risks": "Complexity in aligning facility workflows with strict biosecurity standards and potential delays in receiving specialized sanitation equipment.",
      "mitigation_strategy": "Engage a biosecurity consultant during the facility design phase to integrate protocols into the physical layout and order sanitation supplies 90 days in advance.",
      "days_min": 14,
      "days_max": 45,
      "days_realistic": 30
    }
  ],
  "metadata": {
    "context_window": 3900,
    "num_output": 8192,
    "is_chat_model": true,
    "is_function_calling_model": false,
    "model_name": "google/gemini-3-flash-preview",
    "system_role": "system",
    "llm_classname": "OpenRouter_LLM",
    "duration": 4
  },
  "query": "\nThe project plan:\n{\"goal_statement\":\"Establish a commercial indoor shrimp farm in the US Midwest using Recirculating Aquaculture System (RAS) technology to achieve the first harvest by April 2027.\",\"smart_criteria\":{\"specific\":\"Construct a purpose-built, climate-controlled steel facility of approximately 10,000 sq ft to house a Recirculating Aquaculture System for premium shrimp production.\",\"measurable\":\"Success is measured by the completion of the facility, successful bio-filter maturation, and a first harvest yielding shrimp for direct-to-consumer and restaurant sales.\",\"achievable\":\"The project is achievable by leveraging $1.5M in combined partner capital and SBA loans, utilizing the founders' mechanical expertise, and following the 'Builder's Foundation' strategic path.\",\"relevant\":\"This goal addresses the demand for fresh, high-quality seafood in the Midwest while mitigating the risks of traditional coastal supply chains through local indoor production.\",\"time_bound\":\"The project aims for a first harvest within 14 months of the February 2026 start date, specifically targeting April 2027.\"},\"dependencies\":[\"Secure $500k initial partner capital and $1M in SBA 7(a) loans or equipment leasing\",\"Acquire a 10,000 sq ft industrial site in Indianapolis, Des Moines, or Columbus with appropriate zoning\",\"Obtain municipal permits for saline wastewater discharge or Zero-Liquid Discharge (ZLD) systems\",\"Establish a long-term partnership with a genetic provider for SPF post-larvae\",\"Contract with high-quality shrimp feed manufacturers\"],\"resources_required\":[\"Climate-controlled steel facility (10,000 sq ft)\",\"Recirculating Aquaculture System (RAS) components (mechanical filters, bio-bead reactors)\",\"R-30 spray foam insulation and Heat Recovery Ventilators (HRV)\",\"100kW dual-fuel (propane/diesel) backup generator\",\"IoT water quality sensors (ammonia, dissolved oxygen, temperature)\",\"Oxygenated transport tanks for hub-and-spoke logistics\",\"Specific Pathogen Free (SPF) post-larvae\",\"High-quality shrimp feed (FCR 1.2-1.5)\"],\"related_goals\":[\"Expand to a hub-and-spoke model with satellite grow-out tanks\",\"Achieve 'Pond-to-Plate' premium branding in regional culinary markets\",\"Implement Zero-Liquid Discharge (ZLD) for environmental sustainability\"],\"tags\":[\"Aquaculture\",\"Midwest Business\",\"RAS Technology\",\"Shrimp Farming\",\"Sustainable Food\"],\"risk_assessment_and_mitigation_strategies\":{\"key_risks\":[\"Mass mortality due to RAS failure or thermal shock during Midwest winters\",\"Regulatory shutdown due to saline wastewater discharge violations\",\"Financial insolvency due to high heating OPEX or delayed first harvest\"],\"diverse_risks\":[\"Biosecurity breaches from contaminated post-larvae or feed\",\"Shortage of skilled RAS technicians in the Midwest region\",\"Supply chain disruptions for specialized shrimp feed\"],\"mitigation_plans\":[\"Install redundant 100kW generators and 24/7 IoT monitoring with mobile alerts\",\"Implement a Zero-Liquid Discharge (ZLD) system or on-site evaporation to bypass municipal chloride limits\",\"Utilize R-30 insulation and HRV systems to reduce heating costs by 70%\",\"Establish 30-day quarantine protocols and maintain a 3-month feed buffer\",\"Partner with local universities (Purdue/Iowa State) for internship programs to build a talent pipeline\"]},\"stakeholder_analysis\":{\"primary_stakeholders\":[\"Founding Partners (You, Larry, Bubba)\",\"On-Site Facility Manager\",\"SBA Loan Officers\"],\"secondary_stakeholders\":[\"Regional High-End Restaurant Owners\",\"State Department of Agriculture (Indiana/Iowa/Ohio)\",\"Municipal Water Authorities\",\"Shrimp Genetic Providers\",\"Feed Suppliers (e.g., Zeigler Bros)\"],\"engagement_strategies\":[\"Secure Letters of Intent (LOI) from 5-10 high-end restaurants to guarantee 30% of first harvest sales\",\"Regular progress reporting to SBA lenders to ensure continued funding flow\",\"Early-stage consultation with municipal water authorities to ensure wastewater compliance\",\"Collaborative training sessions with genetic providers to optimize growth traits\"]},\"regulatory_and_compliance_requirements\":{\"permits_and_licenses\":[\"Aquaculture Producer License\",\"Industrial Discharge Permit\",\"Building and Electrical Permits for RAS installation\",\"Zoning Variance for indoor livestock/aquaculture\"],\"compliance_standards\":[\"EPA Clean Water Act (saline discharge limits)\",\"USDA/FDA food safety standards for live seafood\",\"State-specific biosecurity and transport regulations\"],\"regulatory_bodies\":[\"Indiana Department of Environmental Management (IDEM)\",\"Iowa Department of Natural Resources (DNR)\",\"Ohio Environmental Protection Agency\",\"Local Municipal Wastewater Departments\"],\"compliance_actions\":[\"Conduct a chloride limit study for the chosen municipality\",\"Implement a biosecure feed handling and quarantine protocol\",\"Schedule a pre-operational inspection with the State Department of Agriculture\",\"Apply for saline wastewater pre-treatment certification\"]}}\n\nThe Work Breakdown Structure (WBS):\n[{\"id\":\"b84f7e57-b087-4961-a0f4-c29d131b5d73\",\"description\":\"Project Planning and Financing\",\"task_children\":[{\"id\":\"d8b627be-c173-42ff-94aa-a6725b1f604b\",\"description\":\"Secure $500k initial partner capital contributions\"},{\"id\":\"8b2ffa58-cfe3-4986-98b1-fbd17766ae7c\",\"description\":\"Apply for $1M SBA 7(a) loans and equipment leasing\"},{\"id\":\"62c6b72d-f9bd-4949-af89-13e2136ba2cb\",\"description\":\"Conduct municipal chloride limit and ZLD requirement studies\"},{\"id\":\"9e3770fc-4205-4f5a-a779-a627000ccef2\",\"description\":\"Perform thermal load and energy redundancy simulations\"}]},{\"id\":\"e8d762b1-69de-4013-abf1-965090889d0c\",\"description\":\"Site Acquisition and Permitting\",\"task_children\":[{\"id\":\"de830e65-141a-407a-b7ef-22c02e062406\",\"description\":\"Acquire 10,000 sq ft industrial site in target Midwest city\"},{\"id\":\"fbdf75ff-8647-4e90-9f03-520ecbf89a20\",\"description\":\"Obtain zoning variances for indoor aquaculture operations\"},{\"id\":\"a364367f-d164-4439-99d7-30b3b2ef1b75\",\"description\":\"Secure industrial saline wastewater discharge permits\"},{\"id\":\"62ac2381-caff-469e-87b6-9aca04e43f4b\",\"description\":\"Apply for building and electrical installation permits\"}]},{\"id\":\"0d9c5439-a1ff-4b7d-b4f5-2801b4d16019\",\"description\":\"Facility Construction and Infrastructure\",\"task_children\":[{\"id\":\"4c5f16ef-9532-4ae7-98fc-4e0ff005fa84\",\"description\":\"Erect purpose-built climate-controlled steel facility\"},{\"id\":\"f5be8ffb-077f-4d77-93d2-625fb4dd3c5a\",\"description\":\"Install R-30 spray foam insulation and HRV systems\"},{\"id\":\"b1d274a1-4163-42ea-a292-43bc71f0a6b5\",\"description\":\"Deploy 100kW dual-fuel backup generator and fuel storage\"},{\"id\":\"035e81e3-847c-493c-bd80-32ef4569d314\",\"description\":\"Install IoT water quality sensor network and monitoring hub\"}]},{\"id\":\"61c5d57a-1084-4021-afb7-5c6faffbfcc8\",\"description\":\"RAS Installation and Biological Setup\",\"task_children\":[{\"id\":\"224ffaf9-0c5a-4738-91e0-da4273113211\",\"description\":\"Assemble mechanical filters and bio-bead reactors\"},{\"id\":\"1902ab21-1c2e-4a72-adf5-2ec86564b198\",\"description\":\"Execute bio-filter maturation and water chemistry balancing\"},{\"id\":\"c5cdec7e-1d4a-4b05-bcb7-170a4377d896\",\"description\":\"Establish SPF post-larvae supply partnership\"},{\"id\":\"082b14a7-e163-4455-9227-8b99cd7549d9\",\"description\":\"Procure initial 3-month buffer of high-quality shrimp feed\"}]},{\"id\":\"b1a9543f-f248-42e3-859b-cee5032a19ba\",\"description\":\"Market Development and Operations\",\"task_children\":[{\"id\":\"71e38f1d-1f0d-474d-8636-36d7d0149b9a\",\"description\":\"Secure Letters of Intent (LOI) from regional high-end restaurants\"},{\"id\":\"14438a32-7989-4281-a341-f5e1e05a59a4\",\"description\":\"Hire and train facility manager and local operational staff\"},{\"id\":\"7953dd5c-734a-460d-8b6d-91702df520b8\",\"description\":\"Implement biosecurity and quarantine protocols\"},{\"id\":\"eea9822a-6647-4932-8732-09ee5a2ee17e\",\"description\":\"Execute first commercial harvest and direct-to-consumer distribution\"}]}]\n\nOnly estimate these 3 tasks:\n\"71e38f1d-1f0d-474d-8636-36d7d0149b9a\"\n\"14438a32-7989-4281-a341-f5e1e05a59a4\"\n\"7953dd5c-734a-460d-8b6d-91702df520b8\"\n"
}