[
  {
    "id": "6ccba963-6e24-446d-a795-195b9a04bc7b",
    "name": "Draft partner capital contribution agreement",
    "description": "Create a formal legal document outlining the specific equity percentages, total dollar amounts, and the mandatory deposit schedule for each founding partner (You, Larry, and Bubba).",
    "resources_needed": [
      "Legal counsel",
      "Founding partners",
      "Operating agreement template"
    ],
    "parent_id": "d8b627be-c173-42ff-94aa-a6725b1f604b"
  },
  {
    "id": "6ff19947-21ea-4bcf-9db4-16170c30d46c",
    "name": "Verify partner liquidity and proof of funds",
    "description": "Collect and review official bank statements or brokerage letters from each partner to ensure the $500k in initial capital is readily available for transfer.",
    "resources_needed": [
      "Financial statements",
      "Project Finance Administrator"
    ],
    "parent_id": "d8b627be-c173-42ff-94aa-a6725b1f604b"
  },
  {
    "id": "f9419810-1682-47ea-8a25-e9ce680302bf",
    "name": "Execute capital calls and fund escrow",
    "description": "Initiate the formal transfer of committed funds from personal accounts into a dedicated business escrow or corporate holding account to secure the project's start.",
    "resources_needed": [
      "Business bank account",
      "Escrow agent",
      "Partner capital"
    ],
    "parent_id": "d8b627be-c173-42ff-94aa-a6725b1f604b"
  },
  {
    "id": "4ef1c4cf-7fff-4213-879e-9a5d95e38b16",
    "name": "Issue equity certificates to partners",
    "description": "Finalize the internal ledger and issue formal documentation confirming the ownership stake of each partner based on their verified capital contributions.",
    "resources_needed": [
      "Corporate secretary",
      "Legal counsel",
      "Stock/Equity ledger"
    ],
    "parent_id": "d8b627be-c173-42ff-94aa-a6725b1f604b"
  },
  {
    "id": "7c6c2560-40f2-407e-a62e-ab5d989a73cc",
    "name": "Prepare SBA loan application",
    "description": "Gather all necessary documentation, including financial projections, business plan, and required permits, to submit a complete SBA 7(a) loan application.",
    "resources_needed": [
      "Project manager",
      "Financial analyst",
      "SBA loan specialist"
    ],
    "parent_id": "8b2ffa58-cfe3-4986-98b1-fbd17766ae7c"
  },
  {
    "id": "458cfb59-4bac-4ca9-bec4-e82e5800a7cd",
    "name": "Engage SBA-preferred lender",
    "description": "Identify and establish a relationship with an SBA-preferred lender experienced in aquaculture financing to facilitate the loan application process.",
    "resources_needed": [
      "Business development manager",
      "SBA loan specialist",
      "Legal advisor"
    ],
    "parent_id": "8b2ffa58-cfe3-4986-98b1-fbd17766ae7c"
  },
  {
    "id": "07e72a30-72f7-435d-b4b2-c29bc169b78c",
    "name": "Assemble financial projections",
    "description": "Develop detailed financial projections, including startup costs, operating expenses, revenue forecasts, and debt service schedules, to demonstrate project viability.",
    "resources_needed": [
      "Financial analyst",
      "Accountant",
      "Project manager"
    ],
    "parent_id": "8b2ffa58-cfe3-4986-98b1-fbd17766ae7c"
  },
  {
    "id": "9b238c61-3a2d-456d-8955-35c43c836339",
    "name": "Prepare RAS technology documentation",
    "description": "Compile technical documentation and feasibility studies related to the Recirculating Aquaculture System (RAS) to address SBA's concerns about technology viability.",
    "resources_needed": [
      "RAS engineer",
      "Technical writer",
      "Project manager"
    ],
    "parent_id": "8b2ffa58-cfe3-4986-98b1-fbd17766ae7c"
  },
  {
    "id": "66400e33-ba41-4bad-9274-7308c6d8e86a",
    "name": "Conduct lender meetings and negotiations",
    "description": "Schedule and conduct meetings with the SBA-preferred lender to discuss the loan application, address any concerns, and negotiate terms.",
    "resources_needed": [
      "Business development manager",
      "Legal advisor",
      "SBA loan specialist"
    ],
    "parent_id": "8b2ffa58-cfe3-4986-98b1-fbd17766ae7c"
  },
  {
    "id": "c74c395a-2074-43c1-bd45-c9de3674919a",
    "name": "Audit municipal chloride and TDS limits",
    "description": "Research and document the specific local discharge limits for chloride and Total Dissolved Solids (TDS) at Publicly Owned Treatment Works (POTWs) in Indianapolis, Des Moines, and Columbus.",
    "resources_needed": [
      "Environmental Compliance Specialist",
      "EPA Industrial User resources",
      "Municipal water quality reports"
    ],
    "parent_id": "62c6b72d-f9bd-4949-af89-13e2136ba2cb"
  },
  {
    "id": "ea422899-dd85-4a19-b346-f2b2cbfa9c73",
    "name": "Simulate ZLD system performance",
    "description": "Model wastewater salinity impacts and evaluate the CAPEX/OPEX requirements for Zero-Liquid Discharge (ZLD) systems using WAVE or AQUASIM software to determine financial viability.",
    "resources_needed": [
      "Aquaculture Systems Engineer",
      "WAVE or AQUASIM software",
      "ZLD technical specifications"
    ],
    "parent_id": "62c6b72d-f9bd-4949-af89-13e2136ba2cb"
  },
  {
    "id": "ceb28557-4619-493f-a48f-b730abe7eaab",
    "name": "Consult municipal pretreatment coordinators",
    "description": "Conduct formal interviews with city engineers and pretreatment coordinators to discuss industrial user permit requirements and potential pretreatment surcharges for saline waste.",
    "resources_needed": [
      "Project Manager",
      "Professional Engineer (PE)",
      "Municipal contact directory"
    ],
    "parent_id": "62c6b72d-f9bd-4949-af89-13e2136ba2cb"
  },
  {
    "id": "f62b057b-24d8-4866-95ac-04df2e2c0b6d",
    "name": "Secure regulatory letters of interpretation",
    "description": "Submit preliminary discharge data to state agencies like IDEM or Ohio EPA to obtain formal written confirmation of compliance pathways and chloride discharge limits.",
    "resources_needed": [
      "Environmental Consultant",
      "Professional Engineer (PE)",
      "State environmental agency guidelines"
    ],
    "parent_id": "62c6b72d-f9bd-4949-af89-13e2136ba2cb"
  },
  {
    "id": "804dd41b-a78e-439f-bc42-64189c3ac63a",
    "name": "Collect historical Midwest climate data",
    "description": "Gather 10-year hourly temperature and humidity data for Indianapolis, Des Moines, and Columbus, focusing on polar vortex extremes to establish worst-case heating requirements.",
    "resources_needed": [
      "NOAA Climate Databases",
      "Facility Operations Manager",
      "Data Analyst"
    ],
    "parent_id": "9e3770fc-4205-4f5a-a779-a627000ccef2"
  },
  {
    "id": "c0980553-a28b-4e1c-98ee-ee9d61694e9f",
    "name": "Model facility thermal envelope performance",
    "description": "Run EnergyPlus or eQUEST simulations to calculate BTU loss at -20\u00b0F, specifically testing the effectiveness of R-30 spray foam and Heat Recovery Ventilators (HRV).",
    "resources_needed": [
      "EnergyPlus or eQUEST software",
      "HVAC Engineer",
      "Building Specifications"
    ],
    "parent_id": "9e3770fc-4205-4f5a-a779-a627000ccef2"
  },
  {
    "id": "1890b965-7233-4f4b-9ba0-1608ec87eb82",
    "name": "Simulate backup power and fuel autonomy",
    "description": "Use HOMER Pro to model the 100kW dual-fuel generator's performance under full load, ensuring the fuel storage strategy supports 72 hours of autonomous operation.",
    "resources_needed": [
      "HOMER Pro software",
      "Electrical Engineer",
      "Generator Technical Specs"
    ],
    "parent_id": "9e3770fc-4205-4f5a-a779-a627000ccef2"
  },
  {
    "id": "995d609d-835d-4152-86af-1ec57af23e5e",
    "name": "Finalize energy redundancy validation report",
    "description": "Compile simulation results into a comprehensive strategy document that outlines heating OPEX, insulation ROI, and emergency power protocols for SBA review.",
    "resources_needed": [
      "Aquaculture Systems Engineer",
      "Project Finance Administrator",
      "Technical Writer"
    ],
    "parent_id": "9e3770fc-4205-4f5a-a779-a627000ccef2"
  },
  {
    "id": "cc09d8da-b977-4d2f-a1b6-4fa1de28cbab",
    "name": "Hire industrial real estate broker",
    "description": "Identify and contract a specialized commercial broker with expertise in the Indianapolis, Des Moines, or Columbus industrial markets to source off-market properties.",
    "resources_needed": [
      "Founding Partners",
      "Legal Counsel",
      "Brokerage Agreement"
    ],
    "parent_id": "de830e65-141a-407a-b7ef-22c02e062406"
  },
  {
    "id": "1ad1c35b-6131-42f3-b528-375740dd0c7d",
    "name": "Vet sites for utility capacity",
    "description": "Conduct technical evaluations of shortlisted 10,000 sq ft properties to ensure they meet high-capacity electrical, water, and saline discharge requirements.",
    "resources_needed": [
      "Aquaculture Systems Engineer",
      "Utility records",
      "Site inspection tools"
    ],
    "parent_id": "de830e65-141a-407a-b7ef-22c02e062406"
  },
  {
    "id": "f9e96ff2-ba1a-4bb5-9d12-49d2819c2d96",
    "name": "Negotiate lease or purchase terms",
    "description": "Draft and submit Letters of Intent (LOI) and negotiate final contract terms, including contingencies for zoning variances and environmental permits.",
    "resources_needed": [
      "Real Estate Broker",
      "Legal Counsel",
      "Financial Projections"
    ],
    "parent_id": "de830e65-141a-407a-b7ef-22c02e062406"
  },
  {
    "id": "d4b04fca-1fa2-48e9-90da-a78701404c0e",
    "name": "Finalize property acquisition",
    "description": "Complete the due diligence period, execute the final purchase or lease agreement, and secure physical access to the facility for construction prep.",
    "resources_needed": [
      "SBA Loan Officer",
      "Escrow Agent",
      "Founding Partners"
    ],
    "parent_id": "de830e65-141a-407a-b7ef-22c02e062406"
  },
  {
    "id": "d30eaad6-73f9-4994-9eb4-20f002f32647",
    "name": "Prepare aquaculture impact presentation",
    "description": "Develop a comprehensive visual and technical presentation for the planning commission. The content must emphasize the closed-loop, odorless, and indoor nature of RAS technology to differentiate it from traditional outdoor livestock operations.",
    "resources_needed": [
      "Aquaculture Consultant",
      "Graphic Designer",
      "Technical RAS Specifications"
    ],
    "parent_id": "fbdf75ff-8647-4e90-9f03-520ecbf89a20"
  },
  {
    "id": "0a3cd437-e56a-483f-81de-918d1978c812",
    "name": "Conduct pre-application meetings with city planners",
    "description": "Schedule and attend informal meetings with municipal zoning staff to identify potential hurdles, clarify land-use definitions for indoor aquaculture, and build rapport before the formal public hearing process.",
    "resources_needed": [
      "Founding Partners",
      "Local Land Use Attorney",
      "Site Preliminary Plans"
    ],
    "parent_id": "fbdf75ff-8647-4e90-9f03-520ecbf89a20"
  },
  {
    "id": "9ae84602-e0ea-4950-8318-899374d68dbb",
    "name": "Submit formal zoning variance applications",
    "description": "Complete and file all required municipal forms, including site surveys, environmental impact summaries, and the formal request for a variance to operate an aquaculture facility within an industrial zone.",
    "resources_needed": [
      "Civil Engineer",
      "Land Use Attorney",
      "Application Fees"
    ],
    "parent_id": "fbdf75ff-8647-4e90-9f03-520ecbf89a20"
  },
  {
    "id": "649e8471-cd45-49d4-bafd-dda5b7de5b47",
    "name": "Represent project at public zoning hearings",
    "description": "Provide expert testimony and answer community questions during mandatory public notice periods and planning commission hearings to secure the final vote for the zoning variance.",
    "resources_needed": [
      "Founding Partners",
      "Aquaculture Expert",
      "Legal Counsel"
    ],
    "parent_id": "fbdf75ff-8647-4e90-9f03-520ecbf89a20"
  },
  {
    "id": "76c5df92-c48f-428c-b8cd-403901df7920",
    "name": "Conduct municipal chloride limit study",
    "description": "Research and document specific chloride and Total Dissolved Solids (TDS) discharge limits for the target municipalities (Indianapolis, Des Moines, or Columbus). This includes identifying pretreatment surcharges and local industrial user requirements.",
    "resources_needed": [
      "Environmental Consultant",
      "Municipal Water Quality Data",
      "City Pretreatment Coordinator"
    ],
    "parent_id": "a364367f-d164-4439-99d7-30b3b2ef1b75"
  },
  {
    "id": "3f83048d-b762-407d-8eb2-4d9254265899",
    "name": "Design saline wastewater pretreatment system",
    "description": "Develop engineering specifications for an on-site pretreatment or Zero-Liquid Discharge (ZLD) system to ensure effluent meets municipal standards. Create technical drawings and flow diagrams for the permit application.",
    "resources_needed": [
      "Professional Engineer (PE)",
      "WAVE Software",
      "RAS Technical Specs"
    ],
    "parent_id": "a364367f-d164-4439-99d7-30b3b2ef1b75"
  },
  {
    "id": "3d50b3f4-08c5-4bc8-a01b-51330aab4093",
    "name": "Submit industrial discharge permit applications",
    "description": "Prepare and file formal applications with the relevant state environmental agencies (e.g., IDEM, Ohio EPA) and local wastewater departments. This includes all technical attachments and impact simulations.",
    "resources_needed": [
      "Project Manager",
      "Legal Counsel",
      "Engineering Reports"
    ],
    "parent_id": "a364367f-d164-4439-99d7-30b3b2ef1b75"
  },
  {
    "id": "01dc2552-b153-4406-8f61-5e345c4474f8",
    "name": "Secure final saline discharge approval",
    "description": "Coordinate with agency reviewers to address technical inquiries, attend municipal hearings if required, and obtain the signed 'Letter of Interpretation' or formal discharge permit.",
    "resources_needed": [
      "Environmental Specialist",
      "Municipal Planning Board",
      "State EPA Representative"
    ],
    "parent_id": "a364367f-d164-4439-99d7-30b3b2ef1b75"
  },
  {
    "id": "3ed8fdb6-e9fe-46f5-9c63-bcbf87ea1cc6",
    "name": "Compile RAS engineering and electrical plans",
    "description": "Gather detailed technical drawings, load calculations for the 100kW generator, and RAS equipment specifications to ensure the application package meets municipal code requirements.",
    "resources_needed": [
      "Aquaculture Systems Engineer",
      "Electrical Engineer",
      "RAS equipment technical manuals"
    ],
    "parent_id": "62ac2381-caff-469e-87b6-9aca04e43f4b"
  },
  {
    "id": "12a2aff4-fed6-4943-ab71-2328ead0b456",
    "name": "Engage local permit expeditor",
    "description": "Hire a consultant familiar with the specific Midwest municipality to review the documentation for compliance with local industrial codes and to facilitate communication with the planning office.",
    "resources_needed": [
      "Local Permit Expeditor",
      "Project Budget for consulting fees"
    ],
    "parent_id": "62ac2381-caff-469e-87b6-9aca04e43f4b"
  },
  {
    "id": "77a6406b-c7ea-44ab-a6e6-c3bb229d4ea9",
    "name": "Submit applications and track reviews",
    "description": "Formally file the building and electrical permit applications with the city department and monitor the status to quickly address any requests for additional information or technical corrections.",
    "resources_needed": [
      "Project Manager",
      "Municipal application portal access",
      "Application fee funds"
    ],
    "parent_id": "62ac2381-caff-469e-87b6-9aca04e43f4b"
  },
  {
    "id": "58c347df-7874-4b99-84f4-76a63240d8ea",
    "name": "Coordinate pre-approval site inspections",
    "description": "Schedule and host preliminary walk-throughs with municipal inspectors if required to verify site conditions before the final issuance of construction and high-voltage installation permits.",
    "resources_needed": [
      "Facility Operations Manager",
      "Municipal Building Inspector",
      "Site access keys"
    ],
    "parent_id": "62ac2381-caff-469e-87b6-9aca04e43f4b"
  },
  {
    "id": "251be599-8aec-440d-ac31-44cac971d9a4",
    "name": "Pour reinforced concrete slab foundation",
    "description": "Excavate the site, install utility rough-ins for RAS plumbing, and pour a high-strength reinforced concrete slab capable of supporting heavy water loads and steel structural columns.",
    "resources_needed": [
      "Concrete contractor",
      "Excavation equipment",
      "Plumbing specialist",
      "Structural engineer",
      "Reinforced steel rebar"
    ],
    "parent_id": "4c5f16ef-9532-4ae7-98fc-4e0ff005fa84"
  },
  {
    "id": "ca88d29c-ea3e-46ad-bc59-2f98dd6dc712",
    "name": "Erect primary structural steel frame",
    "description": "Assemble and bolt the pre-engineered steel columns, beams, and girts to the foundation to create the 10,000 sq ft building skeleton.",
    "resources_needed": [
      "Steel erection crew",
      "Crane operator",
      "Pre-engineered steel building kit",
      "Safety inspector"
    ],
    "parent_id": "4c5f16ef-9532-4ae7-98fc-4e0ff005fa84"
  },
  {
    "id": "b26db0ca-34f3-41d0-a796-38cd663519a8",
    "name": "Install insulated wall and roof panels",
    "description": "Attach exterior metal cladding and roofing to the frame, ensuring a weather-tight seal to protect the interior environment from Midwest winter conditions.",
    "resources_needed": [
      "Construction crew",
      "Scissor lifts",
      "Metal wall and roof panels",
      "Industrial sealants"
    ],
    "parent_id": "4c5f16ef-9532-4ae7-98fc-4e0ff005fa84"
  },
  {
    "id": "ec123c88-895a-451c-bd8b-c80434b1a24f",
    "name": "Complete interior climate shell sealing",
    "description": "Finalize the building envelope by installing industrial-grade doors and sealing all joints to prepare for the application of high-R-value spray foam insulation.",
    "resources_needed": [
      "General contractor",
      "Industrial door technician",
      "Building envelope specialist"
    ],
    "parent_id": "4c5f16ef-9532-4ae7-98fc-4e0ff005fa84"
  },
  {
    "id": "e011d083-fbbc-4e9d-a211-4b87816e46ac",
    "name": "Procure insulation and HRV components",
    "description": "Finalize orders for R-30 closed-cell spray foam kits and industrial Heat Recovery Ventilators. Ensure all materials are scheduled for delivery to the Midwest site at least two weeks before the installation window to account for logistics delays.",
    "resources_needed": [
      "Procurement Officer",
      "HVAC Vendor",
      "Insulation Supplier",
      "Capital Funds"
    ],
    "parent_id": "f5be8ffb-077f-4d77-93d2-625fb4dd3c5a"
  },
  {
    "id": "e40d2b2c-5f17-4a58-b6b4-05c3e4200c33",
    "name": "Prepare facility for foam application",
    "description": "Clean and prep all interior steel surfaces of the 10,000 sq ft facility. Set up temporary internal space heaters to maintain the minimum ambient temperature required for the spray foam to cure correctly during winter conditions.",
    "resources_needed": [
      "Facility Operations Manager",
      "Cleaning Crew",
      "Industrial Space Heaters",
      "Propane/Diesel Fuel"
    ],
    "parent_id": "f5be8ffb-077f-4d77-93d2-625fb4dd3c5a"
  },
  {
    "id": "a0e4729e-bae5-4edc-ac2c-ee5e6d8785da",
    "name": "Apply R-30 spray foam insulation",
    "description": "Execute the application of spray foam to the walls and ceiling to achieve R-30 thermal resistance. Monitor chemical mixing and curing thickness to ensure a seamless thermal envelope and prevent future condensation issues.",
    "resources_needed": [
      "Certified Insulation Contractors",
      "Spray Foam Equipment",
      "Safety PPE",
      "On-site Supervisor"
    ],
    "parent_id": "f5be8ffb-077f-4d77-93d2-625fb4dd3c5a"
  },
  {
    "id": "fbc2d953-00c4-492f-96f0-dbf30b3a4762",
    "name": "Install and balance HRV systems",
    "description": "Mount the Heat Recovery Ventilators and integrate them with the facility's climate control network. Calibrate the systems to manage high humidity levels while recovering heat to minimize energy consumption.",
    "resources_needed": [
      "HVAC Engineer",
      "Electrical Technician",
      "HRV Units",
      "Testing and Balancing Tools"
    ],
    "parent_id": "f5be8ffb-077f-4d77-93d2-625fb4dd3c5a"
  },
  {
    "id": "7e8f8dbe-33fd-4b34-97d4-473e7b634c81",
    "name": "Procure generator and transfer switch",
    "description": "Secure the 100kW dual-fuel backup generator and associated transfer switch to ensure uninterrupted power supply for the facility.",
    "resources_needed": [
      "Procurement officer",
      "Electrical engineer",
      "Generator supplier"
    ],
    "parent_id": "b1d274a1-4163-42ea-a292-43bc71f0a6b5"
  },
  {
    "id": "e80f8f91-5a5b-40c2-9b66-9f5464ca8d52",
    "name": "Schedule pre-inspection meeting",
    "description": "Arrange a meeting with the local electrical inspector to review the backup power system plans and ensure compliance with safety codes.",
    "resources_needed": [
      "Facility manager",
      "Electrical inspector",
      "Project coordinator"
    ],
    "parent_id": "b1d274a1-4163-42ea-a292-43bc71f0a6b5"
  },
  {
    "id": "a8d64b21-958a-43e3-8fa9-720164692dbc",
    "name": "Install generator and switch",
    "description": "Physically install the 100kW dual-fuel generator and transfer switch at the designated location within the facility.",
    "resources_needed": [
      "Electrical contractor",
      "Technicians",
      "Construction crew"
    ],
    "parent_id": "b1d274a1-4163-42ea-a292-43bc71f0a6b5"
  },
  {
    "id": "d2271e42-3e62-4ab2-8b21-68d6ea04c42b",
    "name": "Conduct generator testing",
    "description": "Perform comprehensive testing of the installed generator to verify its operational readiness and compliance with performance specifications.",
    "resources_needed": [
      "Electrical engineer",
      "Technicians",
      "Testing equipment"
    ],
    "parent_id": "b1d274a1-4163-42ea-a292-43bc71f0a6b5"
  },
  {
    "id": "ce3fff6c-5e40-44c2-8cd5-435682a8d930",
    "name": "Coordinate with local utility",
    "description": "Work with the local utility provider to ensure proper integration of the backup power system with the main power grid and address any interconnection requirements.",
    "resources_needed": [
      "Utility liaison",
      "Project coordinator",
      "Electrical engineer"
    ],
    "parent_id": "b1d274a1-4163-42ea-a292-43bc71f0a6b5"
  },
  {
    "id": "1f1a2ce1-9fcc-45f3-973c-9e8695a74de2",
    "name": "Bench-test sensors and calibrate equipment",
    "description": "Conduct initial calibration of ammonia, dissolved oxygen, and temperature sensors in a controlled environment to ensure accuracy before tank deployment.",
    "resources_needed": [
      "IoT water quality sensors",
      "Calibration solutions",
      "Aquaculture Systems Engineer",
      "Testing lab space"
    ],
    "parent_id": "035e81e3-847c-493c-bd80-32ef4569d314"
  },
  {
    "id": "d44b42a1-16e5-444d-be9b-5dad9c907ace",
    "name": "Install network gateways and signal repeaters",
    "description": "Mount the central monitoring hub and install wireless signal repeaters to overcome connectivity interference caused by the steel facility structure.",
    "resources_needed": [
      "IoT Gateway",
      "Wireless repeaters",
      "Network Technician",
      "Mounting hardware"
    ],
    "parent_id": "035e81e3-847c-493c-bd80-32ef4569d314"
  },
  {
    "id": "ad3d8147-a2f0-420e-a4c5-d1f0e44390b6",
    "name": "Integrate sensors into RAS tanks",
    "description": "Physically install the calibrated sensors into the mechanical filters and grow-out tanks, ensuring secure placement and waterproof cabling.",
    "resources_needed": [
      "Sensor probes",
      "Waterproof conduits",
      "Facility Operations Manager",
      "Hand tools"
    ],
    "parent_id": "035e81e3-847c-493c-bd80-32ef4569d314"
  },
  {
    "id": "90c4ef92-b53d-49f0-b10b-fd10386758cd",
    "name": "Configure mobile alerts and dashboard",
    "description": "Set up the software interface to display real-time data and program automated mobile alerts for parameters exceeding safe biological thresholds.",
    "resources_needed": [
      "Monitoring software license",
      "Cloud server access",
      "Software Developer",
      "Mobile devices"
    ],
    "parent_id": "035e81e3-847c-493c-bd80-32ef4569d314"
  },
  {
    "id": "dd728454-dd12-4d62-9b4d-bf3db82ef40e",
    "name": "Receive RAS components delivery",
    "description": "Ensure all mechanical filters and bio-bead reactors are received and inspected for any damage or missing parts during transit.",
    "resources_needed": [
      "Shipping and Receiving Clerk",
      "Inventory Management Software",
      "Inspection Checklist"
    ],
    "parent_id": "224ffaf9-0c5a-4738-91e0-da4273113211"
  },
  {
    "id": "9f56224a-f26d-4dd1-85b3-109a5d798ff5",
    "name": "Conduct inventory audit",
    "description": "Perform a detailed audit of all received RAS components to confirm completeness and identify any discrepancies or damages.",
    "resources_needed": [
      "Inventory Specialist",
      "Audit Documentation",
      "Component Manifest"
    ],
    "parent_id": "224ffaf9-0c5a-4738-91e0-da4273113211"
  },
  {
    "id": "ff63d4c4-b2bb-4ff7-b5d1-44d73bc1761d",
    "name": "Assemble mechanical filters",
    "description": "Install and configure mechanical filters according to the manufacturer's guidelines and RAS system specifications.",
    "resources_needed": [
      "Certified RAS Technician",
      "Assembly Tools",
      "Manufacturer Guidelines"
    ],
    "parent_id": "224ffaf9-0c5a-4738-91e0-da4273113211"
  },
  {
    "id": "b6d368ca-f877-41b2-a846-c28d3f29770a",
    "name": "Install bio-bead reactors",
    "description": "Set up bio-bead reactors, ensuring proper placement and connection within the RAS system for optimal biological filtration.",
    "resources_needed": [
      "Certified RAS Technician",
      "Plumbing Tools",
      "System Schematics"
    ],
    "parent_id": "224ffaf9-0c5a-4738-91e0-da4273113211"
  },
  {
    "id": "6e2ffd1e-fcc3-4f76-98b5-99b83ee562cd",
    "name": "Verify plumbing connections",
    "description": "Check all plumbing connections for mechanical filters and bio-bead reactors to ensure there are no leaks and proper flow rates are maintained.",
    "resources_needed": [
      "Plumber",
      "Pressure Testing Equipment",
      "Leak Detection Tools"
    ],
    "parent_id": "224ffaf9-0c5a-4738-91e0-da4273113211"
  },
  {
    "id": "210855eb-76d6-42b8-95ae-da6df9bc7105",
    "name": "Inoculate bio-filters with nitrifying bacteria",
    "description": "Introduce commercial bacterial starters into the RAS bio-bead reactors to begin the colonization of Nitrosomonas and Nitrobacter species necessary for the nitrogen cycle.",
    "resources_needed": [
      "Commercial bacterial starter cultures",
      "Ammonium chloride (fuel source)",
      "Aquaculture Systems Engineer"
    ],
    "parent_id": "1902ab21-1c2e-4a72-adf5-2ec86564b198"
  },
  {
    "id": "9fac6b04-da17-488c-b961-16afa564bcf2",
    "name": "Monitor and adjust water chemistry parameters",
    "description": "Perform daily testing of ammonia, nitrite, nitrate, pH, and alkalinity to ensure the environment supports bacterial growth and future shrimp health.",
    "resources_needed": [
      "IoT water quality sensors",
      "Digital titration kits",
      "Sodium bicarbonate (alkalinity buffer)",
      "Husbandry Technician"
    ],
    "parent_id": "1902ab21-1c2e-4a72-adf5-2ec86564b198"
  },
  {
    "id": "d96405ac-26be-4ba4-9f11-219aac488e94",
    "name": "Stabilize thermal and oxygen levels",
    "description": "Calibrate the heat recovery ventilators and oxygen cones to maintain a consistent 80\u00b0F and optimal dissolved oxygen levels during the maturation phase.",
    "resources_needed": [
      "HRV system",
      "Oxygen cones",
      "Industrial climate control software",
      "Facility Operations Manager"
    ],
    "parent_id": "1902ab21-1c2e-4a72-adf5-2ec86564b198"
  },
  {
    "id": "60ceecb0-356b-4f04-b0ee-de6e477cb598",
    "name": "Validate bio-filter efficiency for stocking",
    "description": "Conduct a stress test by spiking ammonia levels and measuring the system's reduction rate to confirm the bio-filter can handle the biological load of the first PL shipment.",
    "resources_needed": [
      "Water quality lab reports",
      "Aquatic Biologist",
      "System performance logs"
    ],
    "parent_id": "1902ab21-1c2e-4a72-adf5-2ec86564b198"
  },
  {
    "id": "2f38ee1e-51d6-4cf7-adc0-0e2e47916bca",
    "name": "Vet SPF shrimp genetic providers",
    "description": "Research and identify reputable hatcheries that provide Specific Pathogen Free (SPF) post-larvae. Evaluate their health certification history, genetic growth traits, and shipping reliability to the Midwest.",
    "resources_needed": [
      "Aquatic Biologist",
      "Hatchery health records",
      "Industry reputation reports"
    ],
    "parent_id": "c5cdec7e-1d4a-4b05-bcb7-170a4377d896"
  },
  {
    "id": "ae0c5539-8d76-416b-b93f-8c0f47bf7545",
    "name": "Audit hatchery biosecurity protocols",
    "description": "Review the provider's biosecurity manuals and USDA APHIS certifications. Conduct virtual or on-site inspections of the broodstock facilities to ensure compliance with SPF standards.",
    "resources_needed": [
      "Biosecurity Consultant",
      "USDA APHIS documentation",
      "Video conferencing tools"
    ],
    "parent_id": "c5cdec7e-1d4a-4b05-bcb7-170a4377d896"
  },
  {
    "id": "35f7ad4b-abcf-4744-9d37-b00f24d1a5d6",
    "name": "Negotiate post-larvae supply agreement",
    "description": "Draft and finalize a long-term supply contract specifying monthly delivery volumes, price per thousand units, guaranteed survival rates during transport, and pathogen-free warranties.",
    "resources_needed": [
      "Legal Counsel",
      "Project Finance Manager",
      "Genetic Provider Sales Team"
    ],
    "parent_id": "c5cdec7e-1d4a-4b05-bcb7-170a4377d896"
  },
  {
    "id": "f692048d-4c88-4abd-889e-e01a18aa1c6d",
    "name": "Coordinate logistics and transport",
    "description": "Establish a specialized cold-chain transport route from the hatchery to the Midwest facility. Validate the provider's oxygenated packing methods and emergency transit protocols.",
    "resources_needed": [
      "Supply Chain Coordinator",
      "Specialized courier service",
      "Water quality testing kits"
    ],
    "parent_id": "c5cdec7e-1d4a-4b05-bcb7-170a4377d896"
  },
  {
    "id": "f902d93b-d349-402a-88e9-51df8f3a2b32",
    "name": "Identify feed vendors",
    "description": "Research and identify potential suppliers of high-quality shrimp feed with a focus on those who can provide a 3-month buffer supply. Evaluate their production capacity, reliability, and biosecurity protocols.",
    "resources_needed": [
      "Supply Chain Coordinator",
      "Aquaculture Nutritionist",
      "Logistics Analyst"
    ],
    "parent_id": "082b14a7-e163-4455-9227-8b99cd7549d9"
  },
  {
    "id": "1d1dc430-2e9b-469e-aa52-4cd0a0f77cd8",
    "name": "Evaluate feed specifications",
    "description": "Analyze the guaranteed Feed Conversion Ratio (FCR) and protein content from shortlisted feed vendors. Ensure the feed meets the nutritional requirements for optimal shrimp growth in the RAS environment.",
    "resources_needed": [
      "Aquaculture Nutritionist",
      "RAS Systems Engineer",
      "Aquatic Biologist"
    ],
    "parent_id": "082b14a7-e163-4455-9227-8b99cd7549d9"
  },
  {
    "id": "82ee80b0-95cd-4968-bf52-8b9ec41b6561",
    "name": "Negotiate supply terms",
    "description": "Engage with selected feed vendors to negotiate pricing, lead times, and biosecure transport options. Discuss contingency plans for potential supply chain disruptions.",
    "resources_needed": [
      "Procurement Officer",
      "Legal Advisor",
      "Supply Chain Coordinator"
    ],
    "parent_id": "082b14a7-e163-4455-9227-8b99cd7549d9"
  },
  {
    "id": "c5db8a41-8f73-4d96-9b66-c5cdc5b60213",
    "name": "Plan feed storage and handling",
    "description": "Design a feed storage and handling system that maintains feed quality and biosecurity. Ensure adequate storage capacity for a 3-month buffer supply and implement a first-in, first-out (FIFO) inventory management system.",
    "resources_needed": [
      "Facility Operations Manager",
      "Biosecurity Consultant",
      "Warehouse Staff"
    ],
    "parent_id": "082b14a7-e163-4455-9227-8b99cd7549d9"
  },
  {
    "id": "be7fcee1-1e4d-403c-9a22-49dce531f187",
    "name": "Establish delivery schedule",
    "description": "Coordinate with feed vendors to establish a delivery schedule that ensures a continuous supply of feed while minimizing storage costs. Plan for buffer stock replenishment and emergency deliveries.",
    "resources_needed": [
      "Logistics Coordinator",
      "Supply Chain Analyst",
      "Facility Operations Manager"
    ],
    "parent_id": "082b14a7-e163-4455-9227-8b99cd7549d9"
  },
  {
    "id": "662d1ceb-66c6-40bb-846c-5db62bb50d5c",
    "name": "Identify target high-end restaurants",
    "description": "Research and compile a qualified lead list of 50+ farm-to-table and high-end seafood restaurants in Indianapolis, Columbus, and Des Moines that prioritize local sourcing.",
    "resources_needed": [
      "Market Researcher",
      "CRM Software",
      "Industry Databases"
    ],
    "parent_id": "71e38f1d-1f0d-474d-8636-36d7d0149b9a"
  },
  {
    "id": "6f318b46-9209-4430-a50a-864ed495264d",
    "name": "Develop chef marketing collateral",
    "description": "Create a professional pitch deck and physical 'Pond-to-Plate' branding kit highlighting RAS sustainability, shrimp quality specs, and year-round availability.",
    "resources_needed": [
      "Graphic Designer",
      "Marketing Manager",
      "Printing Services"
    ],
    "parent_id": "71e38f1d-1f0d-474d-8636-36d7d0149b9a"
  },
  {
    "id": "f57384cd-b6dc-4bf5-92ec-023ebf66ea1c",
    "name": "Conduct product sampling and site tours",
    "description": "Organize tasting sessions with executive chefs using pilot harvest samples and host virtual or in-person tours of the RAS facility to build trust in the production method.",
    "resources_needed": [
      "Founding Partners",
      "Aquaculture Technician",
      "Sample Shrimp Batches",
      "Transport Cooler"
    ],
    "parent_id": "71e38f1d-1f0d-474d-8636-36d7d0149b9a"
  },
  {
    "id": "52e2335e-8327-44d6-89e3-b54e2bc26198",
    "name": "Negotiate and sign Letters of Intent",
    "description": "Draft and execute non-binding LOIs with 5-10 key culinary partners to secure commitments for 30% of the first harvest volume at premium price points.",
    "resources_needed": [
      "Legal Counsel",
      "Sales Lead",
      "Standard LOI Template"
    ],
    "parent_id": "71e38f1d-1f0d-474d-8636-36d7d0149b9a"
  },
  {
    "id": "f66b7441-b69b-41ce-af5e-5b5f3eb9eb88",
    "name": "Identify RAS talent sources",
    "description": "Research and identify potential sources for hiring skilled RAS professionals, including universities, industry networks, and online platforms.",
    "resources_needed": [
      "Recruitment team",
      "Industry contacts",
      "Online job platforms"
    ],
    "parent_id": "14438a32-7989-4281-a341-f5e1e05a59a4"
  },
  {
    "id": "8bc7a83d-c61b-4f69-bd88-5d99587240a6",
    "name": "Develop job descriptions",
    "description": "Create detailed job descriptions for the facility manager and operational staff roles, highlighting required skills and experience in RAS and aquaculture.",
    "resources_needed": [
      "HR specialist",
      "Aquaculture consultant"
    ],
    "parent_id": "14438a32-7989-4281-a341-f5e1e05a59a4"
  },
  {
    "id": "29560036-44e2-457c-a859-9ab11f038854",
    "name": "Advertise job openings",
    "description": "Post job listings on relevant platforms, including university job boards, industry-specific websites, and local employment agencies.",
    "resources_needed": [
      "Marketing team",
      "University partnerships",
      "Online job boards"
    ],
    "parent_id": "14438a32-7989-4281-a341-f5e1e05a59a4"
  },
  {
    "id": "c744e5c7-36ba-49c9-963a-8e5dde506407",
    "name": "Conduct candidate interviews",
    "description": "Schedule and conduct interviews with potential candidates, assessing their technical skills, experience, and cultural fit for the organization.",
    "resources_needed": [
      "Hiring manager",
      "Technical experts",
      "Interview rooms"
    ],
    "parent_id": "14438a32-7989-4281-a341-f5e1e05a59a4"
  },
  {
    "id": "6c684654-4eb1-4d55-90fe-313991e4a1f4",
    "name": "Onboard and train new staff",
    "description": "Plan and execute an onboarding program for new hires, including training on RAS systems, facility operations, and biosecurity protocols.",
    "resources_needed": [
      "Training materials",
      "RAS technicians",
      "Training facilities"
    ],
    "parent_id": "14438a32-7989-4281-a341-f5e1e05a59a4"
  },
  {
    "id": "3e336817-7cce-42dc-967e-b8f423267b7d",
    "name": "Design biosecurity zones and workflows",
    "description": "Define physical boundaries for 'clean' and 'dirty' zones within the facility. Establish mandatory footbath stations, PPE requirements, and restricted access points to prevent pathogen entry.",
    "resources_needed": [
      "Biosecurity consultant",
      "Facility floor plans",
      "Facility Manager"
    ],
    "parent_id": "7953dd5c-734a-460d-8b6d-91702df520b8"
  },
  {
    "id": "07d9dd83-4356-40c8-89cd-aa591dca0922",
    "name": "Procure sanitation and PPE supplies",
    "description": "Source and purchase industrial-grade disinfectants, footbaths, specialized footwear, and protective clothing. Ensure a 90-day lead time for specialized aquaculture sanitation chemicals.",
    "resources_needed": [
      "Procurement officer",
      "Sanitation equipment vendors",
      "Budget for supplies"
    ],
    "parent_id": "7953dd5c-734a-460d-8b6d-91702df520b8"
  },
  {
    "id": "a98cfea0-cf49-44c0-96af-e6617d043ff4",
    "name": "Draft Standard Operating Procedures",
    "description": "Create detailed written manuals for daily disinfection, visitor logging, equipment sterilization, and emergency disease response protocols.",
    "resources_needed": [
      "Aquatic Biologist",
      "Technical writer",
      "USDA APHIS guidelines"
    ],
    "parent_id": "7953dd5c-734a-460d-8b6d-91702df520b8"
  },
  {
    "id": "040ae5b9-2c35-480d-8b7f-95ac867a7115",
    "name": "Train staff on biosecurity compliance",
    "description": "Conduct hands-on training sessions for all operational staff to ensure strict adherence to quarantine and sanitation protocols. Perform drills for pathogen containment.",
    "resources_needed": [
      "Facility Manager",
      "Operational staff",
      "Training manuals"
    ],
    "parent_id": "7953dd5c-734a-460d-8b6d-91702df520b8"
  },
  {
    "id": "366839cf-b30d-4732-a57c-1b4ec888d141",
    "name": "Prepare harvest equipment",
    "description": "Ensure all equipment, including oxygenated transport tanks and weight sampling tools, is operational and ready for the first commercial harvest.",
    "resources_needed": [
      "Harvest crew",
      "Transport tanks",
      "Weight sampling tools",
      "Maintenance tools"
    ],
    "parent_id": "eea9822a-6647-4932-8732-09ee5a2ee17e"
  },
  {
    "id": "39f0656e-3147-4d47-9e27-e09b840867f2",
    "name": "Conduct pre-harvest inspection",
    "description": "Perform a thorough inspection of the facility and equipment to identify and address any potential issues before the harvest begins.",
    "resources_needed": [
      "Facility manager",
      "Inspection checklist",
      "Maintenance team"
    ],
    "parent_id": "eea9822a-6647-4932-8732-09ee5a2ee17e"
  },
  {
    "id": "8d5aab1a-1480-40c9-a53d-968a61d49b70",
    "name": "Execute dry run of harvest process",
    "description": "Conduct a mock harvest to test the logistics, equipment, and workflow, ensuring everything is in place for a smooth commercial harvest.",
    "resources_needed": [
      "Harvest crew",
      "Transport tanks",
      "Facility manager",
      "Logistics coordinator"
    ],
    "parent_id": "eea9822a-6647-4932-8732-09ee5a2ee17e"
  },
  {
    "id": "6abd9c56-2c95-4257-8990-8740265457e7",
    "name": "Harvest and pack shrimp",
    "description": "Carry out the actual harvest, ensuring shrimp are carefully collected, sorted, and packed according to quality and size specifications.",
    "resources_needed": [
      "Harvest crew",
      "Sorting equipment",
      "Packing materials",
      "Quality control personnel"
    ],
    "parent_id": "eea9822a-6647-4932-8732-09ee5a2ee17e"
  },
  {
    "id": "806c13b1-8442-4742-9064-8f0d0fbe7c30",
    "name": "Distribute shrimp to consumers",
    "description": "Organize and manage the logistics of delivering the harvested shrimp to direct-to-consumer channels and regional high-end restaurants.",
    "resources_needed": [
      "Logistics team",
      "Delivery vehicles",
      "Customer service personnel",
      "Tracking system"
    ],
    "parent_id": "eea9822a-6647-4932-8732-09ee5a2ee17e"
  }
]