{
  "subtasks": [
    {
      "name": "Design biosecurity zones and workflows",
      "description": "Define physical boundaries for 'clean' and 'dirty' zones within the facility. Establish mandatory footbath stations, PPE requirements, and restricted access points to prevent pathogen entry.",
      "resources_needed": [
        "Biosecurity consultant",
        "Facility floor plans",
        "Facility Manager"
      ]
    },
    {
      "name": "Procure sanitation and PPE supplies",
      "description": "Source and purchase industrial-grade disinfectants, footbaths, specialized footwear, and protective clothing. Ensure a 90-day lead time for specialized aquaculture sanitation chemicals.",
      "resources_needed": [
        "Procurement officer",
        "Sanitation equipment vendors",
        "Budget for supplies"
      ]
    },
    {
      "name": "Draft Standard Operating Procedures",
      "description": "Create detailed written manuals for daily disinfection, visitor logging, equipment sterilization, and emergency disease response protocols.",
      "resources_needed": [
        "Aquatic Biologist",
        "Technical writer",
        "USDA APHIS guidelines"
      ]
    },
    {
      "name": "Train staff on biosecurity compliance",
      "description": "Conduct hands-on training sessions for all operational staff to ensure strict adherence to quarantine and sanitation protocols. Perform drills for pathogen containment.",
      "resources_needed": [
        "Facility Manager",
        "Operational staff",
        "Training manuals"
      ]
    }
  ],
  "metadata": {
    "context_window": 3900,
    "num_output": 8192,
    "is_chat_model": true,
    "is_function_calling_model": false,
    "model_name": "google/gemini-3-flash-preview",
    "system_role": "system",
    "llm_classname": "OpenRouter_LLM",
    "duration": 5
  },
  "query": "The project plan:\n{\"goal_statement\":\"Establish a commercial indoor shrimp farm in the US Midwest using Recirculating Aquaculture System (RAS) technology to achieve the first harvest by April 2027.\",\"smart_criteria\":{\"specific\":\"Construct a purpose-built, climate-controlled steel facility of approximately 10,000 sq ft to house a Recirculating Aquaculture System for premium shrimp production.\",\"measurable\":\"Success is measured by the completion of the facility, successful bio-filter maturation, and a first harvest yielding shrimp for direct-to-consumer and restaurant sales.\",\"achievable\":\"The project is achievable by leveraging $1.5M in combined partner capital and SBA loans, utilizing the founders' mechanical expertise, and following the 'Builder's Foundation' strategic path.\",\"relevant\":\"This goal addresses the demand for fresh, high-quality seafood in the Midwest while mitigating the risks of traditional coastal supply chains through local indoor production.\",\"time_bound\":\"The project aims for a first harvest within 14 months of the February 2026 start date, specifically targeting April 2027.\"},\"dependencies\":[\"Secure $500k initial partner capital and $1M in SBA 7(a) loans or equipment leasing\",\"Acquire a 10,000 sq ft industrial site in Indianapolis, Des Moines, or Columbus with appropriate zoning\",\"Obtain municipal permits for saline wastewater discharge or Zero-Liquid Discharge (ZLD) systems\",\"Establish a long-term partnership with a genetic provider for SPF post-larvae\",\"Contract with high-quality shrimp feed manufacturers\"],\"resources_required\":[\"Climate-controlled steel facility (10,000 sq ft)\",\"Recirculating Aquaculture System (RAS) components (mechanical filters, bio-bead reactors)\",\"R-30 spray foam insulation and Heat Recovery Ventilators (HRV)\",\"100kW dual-fuel (propane/diesel) backup generator\",\"IoT water quality sensors (ammonia, dissolved oxygen, temperature)\",\"Oxygenated transport tanks for hub-and-spoke logistics\",\"Specific Pathogen Free (SPF) post-larvae\",\"High-quality shrimp feed (FCR 1.2-1.5)\"],\"related_goals\":[\"Expand to a hub-and-spoke model with satellite grow-out tanks\",\"Achieve 'Pond-to-Plate' premium branding in regional culinary markets\",\"Implement Zero-Liquid Discharge (ZLD) for environmental sustainability\"],\"tags\":[\"Aquaculture\",\"Midwest Business\",\"RAS Technology\",\"Shrimp Farming\",\"Sustainable Food\"],\"risk_assessment_and_mitigation_strategies\":{\"key_risks\":[\"Mass mortality due to RAS failure or thermal shock during Midwest winters\",\"Regulatory shutdown due to saline wastewater discharge violations\",\"Financial insolvency due to high heating OPEX or delayed first harvest\"],\"diverse_risks\":[\"Biosecurity breaches from contaminated post-larvae or feed\",\"Shortage of skilled RAS technicians in the Midwest region\",\"Supply chain disruptions for specialized shrimp feed\"],\"mitigation_plans\":[\"Install redundant 100kW generators and 24/7 IoT monitoring with mobile alerts\",\"Implement a Zero-Liquid Discharge (ZLD) system or on-site evaporation to bypass municipal chloride limits\",\"Utilize R-30 insulation and HRV systems to reduce heating costs by 70%\",\"Establish 30-day quarantine protocols and maintain a 3-month feed buffer\",\"Partner with local universities (Purdue/Iowa State) for internship programs to build a talent pipeline\"]},\"stakeholder_analysis\":{\"primary_stakeholders\":[\"Founding Partners (You, Larry, Bubba)\",\"On-Site Facility Manager\",\"SBA Loan Officers\"],\"secondary_stakeholders\":[\"Regional High-End Restaurant Owners\",\"State Department of Agriculture (Indiana/Iowa/Ohio)\",\"Municipal Water Authorities\",\"Shrimp Genetic Providers\",\"Feed Suppliers (e.g., Zeigler Bros)\"],\"engagement_strategies\":[\"Secure Letters of Intent (LOI) from 5-10 high-end restaurants to guarantee 30% of first harvest sales\",\"Regular progress reporting to SBA lenders to ensure continued funding flow\",\"Early-stage consultation with municipal water authorities to ensure wastewater compliance\",\"Collaborative training sessions with genetic providers to optimize growth traits\"]},\"regulatory_and_compliance_requirements\":{\"permits_and_licenses\":[\"Aquaculture Producer License\",\"Industrial Discharge Permit\",\"Building and Electrical Permits for RAS installation\",\"Zoning Variance for indoor livestock/aquaculture\"],\"compliance_standards\":[\"EPA Clean Water Act (saline discharge limits)\",\"USDA/FDA food safety standards for live seafood\",\"State-specific biosecurity and transport regulations\"],\"regulatory_bodies\":[\"Indiana Department of Environmental Management (IDEM)\",\"Iowa Department of Natural Resources (DNR)\",\"Ohio Environmental Protection Agency\",\"Local Municipal Wastewater Departments\"],\"compliance_actions\":[\"Conduct a chloride limit study for the chosen municipality\",\"Implement a biosecure feed handling and quarantine protocol\",\"Schedule a pre-operational inspection with the State Department of Agriculture\",\"Apply for saline wastewater pre-treatment certification\"]}}\n\nData collection:\n## 1. Municipal Saline Discharge Limits & ZLD Requirements\n\nMidwest inland treatment plants have strict chloride limits to prevent pipe corrosion and protect freshwater ecosystems. Failure to validate this leads to immediate 'Cease and Desist' orders.\n\n### Data to Collect\n\n- Local Limits for Chloride and Total Dissolved Solids (TDS) for Indianapolis, Des Moines, and Columbus POTWs.\n- Industrial User permit requirements and pretreatment surcharges.\n- Technical specifications and CAPEX/OPEX for Zero-Liquid Discharge (ZLD) systems.\n\n### Simulation Steps\n\n- Use EPA's 'Industrial User Permitting' online resources to identify pretreatment standards.\n- Model wastewater salinity impact using 'AQUASIM' or similar fluid dynamic software to estimate dilution requirements.\n- Utilize 'WAVE' (Water Application Value Engine) software by DuPont to simulate ZLD performance and energy consumption.\n\n### Expert Validation Steps\n\n- Consult with the Pretreatment Coordinator at the Indianapolis Department of Public Works.\n- Engage a Professional Engineer (PE) specializing in industrial brine management to review discharge plans.\n- Submit preliminary data to the Indiana Department of Environmental Management (IDEM) for a 'Letter of Interpretation'.\n\n### Responsible Parties\n\n- Environmental Compliance & Wastewater Specialist\n- Project Finance & Grant Administrator\n\n### Assumptions\n\n- **High:** Municipalities will allow 1,000-3,000 gal/day saline discharge with basic pretreatment.\n\n### SMART Validation Objective\n\nObtain written confirmation of chloride discharge limits from at least two target municipalities by March 1, 2026.\n\n### Notes\n\n- ZLD systems can add $150k-$250k to CAPEX.\n- Estimated validation cost: $5,000 (PE consultation fees).\n\n\n## 2. Thermal Load & Energy Redundancy Validation\n\nMaintaining 80\u00b0F in a Midwest winter is the primary OPEX driver. A 4-hour power failure in sub-zero temps results in 90%+ biological mortality.\n\n### Data to Collect\n\n- Historical hourly temperature data for target cities (10-year polar vortex extremes).\n- Utility rate cards for industrial gas and electricity in Marion (IN), Polk (IA), and Franklin (OH) counties.\n- Fuel consumption rates for 100kW dual-fuel generators under 100% load.\n\n### Simulation Steps\n\n- Run thermal envelope simulations using 'EnergyPlus' or 'eQUEST' to calculate BTU loss at -20\u00b0F.\n- Use 'HOMER Pro' to simulate microgrid/backup power reliability and fuel autonomy durations.\n- Calculate R-30 insulation performance vs. humidity-induced condensation using 'WUFI' software.\n\n### Expert Validation Steps\n\n- Consult with a regional HVAC engineer experienced in industrial climate control.\n- Review backup power strategy with a representative from a generator manufacturer (e.g., Generac or CAT).\n- Validate utility rate assumptions with local Economic Development Corporations (EDC).\n\n### Responsible Parties\n\n- Facility Operations & Climate Manager\n- Aquaculture Systems Engineer\n\n### Assumptions\n\n- **High:** R-30 insulation and HRV will reduce heating costs by 70% compared to uninsulated barns.\n\n### SMART Validation Objective\n\nComplete a thermal load report and backup fuel strategy that guarantees 72-hour autonomy by April 15, 2026.\n\n### Notes\n\n- Propane prices fluctuate significantly in winter; storage capacity is critical.\n- Estimated validation cost: $3,500 (Thermal modeling software/consultant).\n\n\n## 3. Feed Conversion Ratio (FCR) & Supply Chain Biosecurity\n\nFeed is 50-60% of OPEX. Underestimating FCR or facing supply disruptions directly threatens the 14-month financial runway.\n\n### Data to Collect\n\n- Guaranteed FCR and protein content specs from manufacturers (e.g., Zeigler Bros).\n- Lead times and biosecure transport costs for 3-month feed buffers.\n- Pathogen screening protocols for incoming feed batches.\n\n### Simulation Steps\n\n- Use 'AquaManager' software to simulate growth cycles and feed demand based on FCR variables (1.2 to 1.8).\n- Perform a sensitivity analysis on a spreadsheet to determine the 'break-even' FCR at $18/lb sales price.\n- Map supply chain routes using 'AnyLogistix' to identify weather-related bottleneck risks.\n\n### Expert Validation Steps\n\n- Consult with a nutritionist at a major aquaculture feed manufacturer.\n- Interview an Aquatic Biologist to verify the feasibility of maintaining a 1.5 FCR in a new RAS.\n- Review biosecurity protocols with a USDA APHIS (Animal and Plant Health Inspection Service) officer.\n\n### Responsible Parties\n\n- Aquatic Biologist / Husbandry Technician\n- Supply Chain & Logistics Coordinator\n\n### Assumptions\n\n- **Medium:** Feed Conversion Ratio (FCR) will remain at 1.5 or lower across the first three cycles.\n\n### SMART Validation Objective\n\nSecure a signed supply agreement and FCR performance data from a primary feed vendor by May 1, 2026.\n\n### Notes\n\n- FCR of 1.8 instead of 1.5 reduces ROI by 15%.\n- Estimated validation cost: $1,000 (Sample testing and logistics mapping).\n\n## Summary\n\nThe project's success hinges on three high-sensitivity pillars: environmental compliance (saline waste), thermal resilience (Midwest winters), and biological efficiency (FCR). Immediate action is required to validate municipal discharge limits, as a denial would necessitate a $200k+ ZLD system, potentially invalidating the current $1.5M capital stack. Stakeholders must prioritize the 'Industrial User' permit inquiry and the thermal load simulation before committing to a facility lease. The next 60 days should focus on 'de-risking' the saline waste and energy assumptions to ensure the SBA loan application is grounded in regulatory reality.\n\nWork breakdown structure:\n{\"wbs_project\":{\"id\":\"7462edca-a044-4f45-95ec-ab47c0a832d7\",\"description\":\"Midwest Shrimp Farm\",\"extra_fields\":{\"final_deliverable\":\"Operational RAS Facility\"},\"task_children\":[{\"id\":\"b84f7e57-b087-4961-a0f4-c29d131b5d73\",\"description\":\"Project Planning and Financing\",\"extra_fields\":{\"delay_risks\":\"Misalignment between founding partners on equity distribution and prolonged negotiation periods with federal lending institutions regarding RAS technology viability.\",\"mitigation_strategy\":\"Draft a comprehensive operating agreement prior to funding rounds and utilize a specialized agricultural consultant to validate the business plan for SBA reviewers.\",\"days_min\":60,\"days_max\":120,\"days_realistic\":90},\"task_children\":[{\"id\":\"d8b627be-c173-42ff-94aa-a6725b1f604b\",\"description\":\"Secure $500k initial partner capital contributions\",\"extra_fields\":{\"delay_risks\":\"Personal liquidity issues among partners or delays in transferring assets from high-yield investment accounts to the business entity.\",\"mitigation_strategy\":\"Establish a firm deadline for capital calls and require proof of funds from all partners during the initial project kickoff phase.\",\"days_min\":15,\"days_max\":45,\"days_realistic\":30}},{\"id\":\"8b2ffa58-cfe3-4986-98b1-fbd17766ae7c\",\"description\":\"Apply for $1M SBA 7(a) loans and equipment leasing\",\"extra_fields\":{\"delay_risks\":\"Extensive documentation requests from the SBA regarding environmental impact and potential fluctuations in interest rates affecting debt-to-income ratios.\",\"mitigation_strategy\":\"Engage an SBA-preferred lender with experience in aquaculture and prepare a 'ready-to-file' document package including all required permits and financial projections.\",\"days_min\":60,\"days_max\":150,\"days_realistic\":90}},{\"id\":\"62c6b72d-f9bd-4949-af89-13e2136ba2cb\",\"description\":\"Conduct municipal chloride limit and ZLD requirement studies\",\"extra_fields\":{\"delay_risks\":\"Delays in receiving water quality data from municipal authorities and complexities in local environmental code interpretations regarding saline discharge.\",\"mitigation_strategy\":\"Engage a specialized environmental consultant early to facilitate communication with city engineers and prepare a Zero-Liquid Discharge (ZLD) contingency design.\",\"days_min\":14,\"days_max\":45,\"days_realistic\":28}},{\"id\":\"9e3770fc-4205-4f5a-a779-a627000ccef2\",\"description\":\"Perform thermal load and energy redundancy simulations\",\"extra_fields\":{\"delay_risks\":\"Inaccurate historical climate data for extreme Midwest winter events and potential software modeling errors for high-humidity indoor environments.\",\"mitigation_strategy\":\"Utilize multi-decade peak weather data and consult with RAS-specific HVAC engineers to validate energy redundancy requirements and insulation specifications.\",\"days_min\":10,\"days_max\":30,\"days_realistic\":21}}]},{\"id\":\"e8d762b1-69de-4013-abf1-965090889d0c\",\"description\":\"Site Acquisition and Permitting\",\"extra_fields\":{\"delay_risks\":\"Protracted negotiations with property owners and potential public opposition during municipal zoning variance hearings for aquaculture use.\",\"mitigation_strategy\":\"Identify three viable backup sites across different jurisdictions and launch a community education campaign highlighting the sustainable, indoor nature of the facility.\",\"days_min\":60,\"days_max\":150,\"days_realistic\":90},\"task_children\":[{\"id\":\"de830e65-141a-407a-b7ef-22c02e062406\",\"description\":\"Acquire 10,000 sq ft industrial site in target Midwest city\",\"extra_fields\":{\"delay_risks\":\"Limited availability of industrial properties with high-capacity water/power infrastructure; prolonged lease or purchase negotiations with commercial landlords.\",\"mitigation_strategy\":\"Engage a specialized industrial real estate broker in the target Midwest markets to identify off-market opportunities and pre-vet sites for utility capacity.\",\"days_min\":45,\"days_max\":120,\"days_realistic\":75}},{\"id\":\"fbdf75ff-8647-4e90-9f03-520ecbf89a20\",\"description\":\"Obtain zoning variances for indoor aquaculture operations\",\"extra_fields\":{\"delay_risks\":\"Potential pushback from local planning commissions regarding indoor livestock in industrial zones; lengthy public hearing schedules and notice periods.\",\"mitigation_strategy\":\"Prepare a comprehensive impact presentation highlighting the closed-loop, odorless nature of RAS technology and engage in pre-application meetings with city planners.\",\"days_min\":60,\"days_max\":180,\"days_realistic\":90}},{\"id\":\"a364367f-d164-4439-99d7-30b3b2ef1b75\",\"description\":\"Secure industrial saline wastewater discharge permits\",\"extra_fields\":{\"delay_risks\":\"Strict municipal chloride limits for saline water discharge and extensive technical review times by state environmental agencies (e.g., IDEM or Ohio EPA).\",\"mitigation_strategy\":\"Submit detailed engineering plans for on-site pre-treatment or Zero-Liquid Discharge (ZLD) systems early to demonstrate compliance with Clean Water Act standards.\",\"days_min\":90,\"days_max\":210,\"days_realistic\":120}},{\"id\":\"62ac2381-caff-469e-87b6-9aca04e43f4b\",\"description\":\"Apply for building and electrical installation permits\",\"extra_fields\":{\"delay_risks\":\"Backlogs at the municipal planning office or incomplete technical documentation regarding the specialized RAS electrical loads.\",\"mitigation_strategy\":\"Engage a local expeditor familiar with Midwest industrial codes and submit pre-vetted engineering plans to ensure first-pass approval.\",\"days_min\":14,\"days_max\":60,\"days_realistic\":30}}]},{\"id\":\"0d9c5439-a1ff-4b7d-b4f5-2801b4d16019\",\"description\":\"Facility Construction and Infrastructure\",\"extra_fields\":{\"delay_risks\":\"Compounded delays from structural steel lead times, extreme Midwest winter weather preventing concrete pours, and specialized IoT component shortages.\",\"mitigation_strategy\":\"Implement a phased construction schedule with weather-contingency buffers and pre-order long-lead mechanical components 6 months in advance.\",\"days_min\":120,\"days_max\":210,\"days_realistic\":165},\"task_children\":[{\"id\":\"4c5f16ef-9532-4ae7-98fc-4e0ff005fa84\",\"description\":\"Erect purpose-built climate-controlled steel facility\",\"extra_fields\":{\"delay_risks\":\"Supply chain disruptions in the steel market and availability of specialized crews capable of erecting large-scale climate-controlled shells.\",\"mitigation_strategy\":\"Secure a fixed-price contract with a reputable steel building manufacturer and schedule the erection during the late spring to avoid frost-related foundation issues.\",\"days_min\":45,\"days_max\":90,\"days_realistic\":60}},{\"id\":\"f5be8ffb-077f-4d77-93d2-625fb4dd3c5a\",\"description\":\"Install R-30 spray foam insulation and HRV systems\",\"extra_fields\":{\"delay_risks\":\"Supply chain shortages for closed-cell spray foam components; extreme Midwest winter temperatures preventing proper chemical curing of the insulation.\",\"mitigation_strategy\":\"Pre-order insulation materials three months in advance and utilize temporary internal space heaters to maintain the required ambient temperature for application.\",\"days_min\":10,\"days_max\":21,\"days_realistic\":14}},{\"id\":\"b1d274a1-4163-42ea-a292-43bc71f0a6b5\",\"description\":\"Deploy 100kW dual-fuel backup generator and fuel storage\",\"extra_fields\":{\"delay_risks\":\"Long lead times for industrial-grade dual-fuel transfer switches; potential delays in municipal electrical inspections for high-voltage backup systems.\",\"mitigation_strategy\":\"Secure the generator and transfer switch early in the procurement phase and schedule a pre-inspection meeting with the local electrical inspector to ensure code compliance.\",\"days_min\":7,\"days_max\":25,\"days_realistic\":12}},{\"id\":\"035e81e3-847c-493c-bd80-32ef4569d314\",\"description\":\"Install IoT water quality sensor network and monitoring hub\",\"extra_fields\":{\"delay_risks\":\"Calibration errors with ammonia and dissolved oxygen sensors; connectivity issues between the IoT gateway and the facility's steel-shielded network environment.\",\"mitigation_strategy\":\"Conduct a bench-test of all sensors in a controlled environment prior to tank installation and install signal repeaters to ensure robust wireless coverage throughout the facility.\",\"days_min\":5,\"days_max\":15,\"days_realistic\":10}}]},{\"id\":\"61c5d57a-1084-4021-afb7-5c6faffbfcc8\",\"description\":\"RAS Installation and Biological Setup\",\"extra_fields\":{\"delay_risks\":\"Supply chain delays for specialized RAS components and potential technical failures during the initial system integration phase.\",\"mitigation_strategy\":\"Maintain a list of secondary equipment vendors and conduct a phased integration with rigorous testing at each stage of the setup.\",\"days_min\":60,\"days_max\":120,\"days_realistic\":90},\"task_children\":[{\"id\":\"224ffaf9-0c5a-4738-91e0-da4273113211\",\"description\":\"Assemble mechanical filters and bio-bead reactors\",\"extra_fields\":{\"delay_risks\":\"Missing or damaged proprietary components during shipping and potential assembly errors due to the complexity of the bio-bead reactor configuration.\",\"mitigation_strategy\":\"Perform a comprehensive inventory audit upon delivery and utilize a certified RAS technician to oversee the assembly and plumbing connections.\",\"days_min\":14,\"days_max\":30,\"days_realistic\":21}},{\"id\":\"1902ab21-1c2e-4a72-adf5-2ec86564b198\",\"description\":\"Execute bio-filter maturation and water chemistry balancing\",\"extra_fields\":{\"delay_risks\":\"Slow colonization of nitrifying bacteria due to water temperature fluctuations or chemical imbalances, leading to toxic ammonia spikes.\",\"mitigation_strategy\":\"Utilize commercial bacterial starters to accelerate colonization and implement 24/7 automated water quality monitoring to ensure optimal parameters.\",\"days_min\":30,\"days_max\":60,\"days_realistic\":45}},{\"id\":\"c5cdec7e-1d4a-4b05-bcb7-170a4377d896\",\"description\":\"Establish SPF post-larvae supply partnership\",\"extra_fields\":{\"delay_risks\":\"Limited availability of Specific Pathogen Free (SPF) broodstock from reputable hatcheries and potential delays in biosecurity certification verification.\",\"mitigation_strategy\":\"Initiate negotiations with multiple genetic providers simultaneously and perform early audits of their health certificates and shipping reliability.\",\"days_min\":14,\"days_max\":45,\"days_realistic\":30}},{\"id\":\"082b14a7-e163-4455-9227-8b99cd7549d9\",\"description\":\"Procure initial 3-month buffer of high-quality shrimp feed\",\"extra_fields\":{\"delay_risks\":\"Supply chain disruptions in specialized aquaculture feed ingredients and logistical bottlenecks in freight delivery to the Midwest region.\",\"mitigation_strategy\":\"Establish accounts with secondary feed millers and maintain a rolling three-month inventory buffer to insulate operations from short-term market shortages.\",\"days_min\":10,\"days_max\":30,\"days_realistic\":21}}]},{\"id\":\"b1a9543f-f248-42e3-859b-cee5032a19ba\",\"description\":\"Market Development and Operations\",\"extra_fields\":{\"delay_risks\":\"Difficulty in recruiting specialized RAS talent in a non-coastal market and slower-than-expected growth rates during the initial biological cycle.\",\"mitigation_strategy\":\"Partner with regional university aquaculture programs for recruitment and implement a phased marketing launch to align harvest volumes with buyer demand.\",\"days_min\":120,\"days_max\":210,\"days_realistic\":180},\"task_children\":[{\"id\":\"71e38f1d-1f0d-474d-8636-36d7d0149b9a\",\"description\":\"Secure Letters of Intent (LOI) from regional high-end restaurants\",\"extra_fields\":{\"delay_risks\":\"Chef skepticism regarding inland shrimp quality and reluctance to commit to long-term purchase agreements before seeing the physical product.\",\"mitigation_strategy\":\"Provide samples from pilot batches or similar RAS facilities and offer tiered pricing incentives for early-adopter Letters of Intent.\",\"days_min\":30,\"days_max\":90,\"days_realistic\":60}},{\"id\":\"14438a32-7989-4281-a341-f5e1e05a59a4\",\"description\":\"Hire and train facility manager and local operational staff\",\"extra_fields\":{\"delay_risks\":\"Shortage of candidates with specific RAS or aquaculture experience in the Midwest, leading to extended recruitment cycles.\",\"mitigation_strategy\":\"Partner with aquaculture programs at Purdue and Iowa State for recruitment and develop an internal standardized training manual to upskill mechanical technicians.\",\"days_min\":45,\"days_max\":120,\"days_realistic\":75}},{\"id\":\"7953dd5c-734a-460d-8b6d-91702df520b8\",\"description\":\"Implement biosecurity and quarantine protocols\",\"extra_fields\":{\"delay_risks\":\"Complexity in aligning facility workflows with strict biosecurity standards and potential delays in receiving specialized sanitation equipment.\",\"mitigation_strategy\":\"Engage a biosecurity consultant during the facility design phase to integrate protocols into the physical layout and order sanitation supplies 90 days in advance.\",\"days_min\":14,\"days_max\":45,\"days_realistic\":30}},{\"id\":\"eea9822a-6647-4932-8732-09ee5a2ee17e\",\"description\":\"Execute first commercial harvest and direct-to-consumer distribution\",\"extra_fields\":{\"delay_risks\":\"Logistical bottlenecks during the first harvest cycle, potential equipment failure in the oxygenated transport tanks, and slower-than-expected shrimp growth rates affecting target weight.\",\"mitigation_strategy\":\"Conduct a 'dry run' of the harvest and packing process 48 hours prior, maintain on-site spare parts for transport tanks, and perform weekly weight sampling to adjust feed protocols for on-time maturity.\",\"days_min\":3,\"days_max\":10,\"days_realistic\":5}}]}]}}\n\nOnly decompose this task:\n\"7953dd5c-734a-460d-8b6d-91702df520b8\""
}