Level 1;Level 2;Level 3;Level 4;Task ID
Midwest Shrimp Farm;;;;7462edca-a044-4f45-95ec-ab47c0a832d7
;Project Planning and Financing;;;b84f7e57-b087-4961-a0f4-c29d131b5d73
;;Secure $500k initial partner capital contributions;;d8b627be-c173-42ff-94aa-a6725b1f604b
;;;Draft partner capital contribution agreement;6ccba963-6e24-446d-a795-195b9a04bc7b
;;;Verify partner liquidity and proof of funds;6ff19947-21ea-4bcf-9db4-16170c30d46c
;;;Execute capital calls and fund escrow;f9419810-1682-47ea-8a25-e9ce680302bf
;;;Issue equity certificates to partners;4ef1c4cf-7fff-4213-879e-9a5d95e38b16
;;Apply for $1M SBA 7(a) loans and equipment leasing;;8b2ffa58-cfe3-4986-98b1-fbd17766ae7c
;;;Prepare SBA loan application;7c6c2560-40f2-407e-a62e-ab5d989a73cc
;;;Engage SBA-preferred lender;458cfb59-4bac-4ca9-bec4-e82e5800a7cd
;;;Assemble financial projections;07e72a30-72f7-435d-b4b2-c29bc169b78c
;;;Prepare RAS technology documentation;9b238c61-3a2d-456d-8955-35c43c836339
;;;Conduct lender meetings and negotiations;66400e33-ba41-4bad-9274-7308c6d8e86a
;;Conduct municipal chloride limit and ZLD requirement studies;;62c6b72d-f9bd-4949-af89-13e2136ba2cb
;;;Audit municipal chloride and TDS limits;c74c395a-2074-43c1-bd45-c9de3674919a
;;;Simulate ZLD system performance;ea422899-dd85-4a19-b346-f2b2cbfa9c73
;;;Consult municipal pretreatment coordinators;ceb28557-4619-493f-a48f-b730abe7eaab
;;;Secure regulatory letters of interpretation;f62b057b-24d8-4866-95ac-04df2e2c0b6d
;;Perform thermal load and energy redundancy simulations;;9e3770fc-4205-4f5a-a779-a627000ccef2
;;;Collect historical Midwest climate data;804dd41b-a78e-439f-bc42-64189c3ac63a
;;;Model facility thermal envelope performance;c0980553-a28b-4e1c-98ee-ee9d61694e9f
;;;Simulate backup power and fuel autonomy;1890b965-7233-4f4b-9ba0-1608ec87eb82
;;;Finalize energy redundancy validation report;995d609d-835d-4152-86af-1ec57af23e5e
;Site Acquisition and Permitting;;;e8d762b1-69de-4013-abf1-965090889d0c
;;Acquire 10,000 sq ft industrial site in target Midwest city;;de830e65-141a-407a-b7ef-22c02e062406
;;;Hire industrial real estate broker;cc09d8da-b977-4d2f-a1b6-4fa1de28cbab
;;;Vet sites for utility capacity;1ad1c35b-6131-42f3-b528-375740dd0c7d
;;;Negotiate lease or purchase terms;f9e96ff2-ba1a-4bb5-9d12-49d2819c2d96
;;;Finalize property acquisition;d4b04fca-1fa2-48e9-90da-a78701404c0e
;;Obtain zoning variances for indoor aquaculture operations;;fbdf75ff-8647-4e90-9f03-520ecbf89a20
;;;Prepare aquaculture impact presentation;d30eaad6-73f9-4994-9eb4-20f002f32647
;;;Conduct pre-application meetings with city planners;0a3cd437-e56a-483f-81de-918d1978c812
;;;Submit formal zoning variance applications;9ae84602-e0ea-4950-8318-899374d68dbb
;;;Represent project at public zoning hearings;649e8471-cd45-49d4-bafd-dda5b7de5b47
;;Secure industrial saline wastewater discharge permits;;a364367f-d164-4439-99d7-30b3b2ef1b75
;;;Conduct municipal chloride limit study;76c5df92-c48f-428c-b8cd-403901df7920
;;;Design saline wastewater pretreatment system;3f83048d-b762-407d-8eb2-4d9254265899
;;;Submit industrial discharge permit applications;3d50b3f4-08c5-4bc8-a01b-51330aab4093
;;;Secure final saline discharge approval;01dc2552-b153-4406-8f61-5e345c4474f8
;;Apply for building and electrical installation permits;;62ac2381-caff-469e-87b6-9aca04e43f4b
;;;Compile RAS engineering and electrical plans;3ed8fdb6-e9fe-46f5-9c63-bcbf87ea1cc6
;;;Engage local permit expeditor;12a2aff4-fed6-4943-ab71-2328ead0b456
;;;Submit applications and track reviews;77a6406b-c7ea-44ab-a6e6-c3bb229d4ea9
;;;Coordinate pre-approval site inspections;58c347df-7874-4b99-84f4-76a63240d8ea
;Facility Construction and Infrastructure;;;0d9c5439-a1ff-4b7d-b4f5-2801b4d16019
;;Erect purpose-built climate-controlled steel facility;;4c5f16ef-9532-4ae7-98fc-4e0ff005fa84
;;;Pour reinforced concrete slab foundation;251be599-8aec-440d-ac31-44cac971d9a4
;;;Erect primary structural steel frame;ca88d29c-ea3e-46ad-bc59-2f98dd6dc712
;;;Install insulated wall and roof panels;b26db0ca-34f3-41d0-a796-38cd663519a8
;;;Complete interior climate shell sealing;ec123c88-895a-451c-bd8b-c80434b1a24f
;;Install R-30 spray foam insulation and HRV systems;;f5be8ffb-077f-4d77-93d2-625fb4dd3c5a
;;;Procure insulation and HRV components;e011d083-fbbc-4e9d-a211-4b87816e46ac
;;;Prepare facility for foam application;e40d2b2c-5f17-4a58-b6b4-05c3e4200c33
;;;Apply R-30 spray foam insulation;a0e4729e-bae5-4edc-ac2c-ee5e6d8785da
;;;Install and balance HRV systems;fbc2d953-00c4-492f-96f0-dbf30b3a4762
;;Deploy 100kW dual-fuel backup generator and fuel storage;;b1d274a1-4163-42ea-a292-43bc71f0a6b5
;;;Procure generator and transfer switch;7e8f8dbe-33fd-4b34-97d4-473e7b634c81
;;;Schedule pre-inspection meeting;e80f8f91-5a5b-40c2-9b66-9f5464ca8d52
;;;Install generator and switch;a8d64b21-958a-43e3-8fa9-720164692dbc
;;;Conduct generator testing;d2271e42-3e62-4ab2-8b21-68d6ea04c42b
;;;Coordinate with local utility;ce3fff6c-5e40-44c2-8cd5-435682a8d930
;;Install IoT water quality sensor network and monitoring hub;;035e81e3-847c-493c-bd80-32ef4569d314
;;;Bench-test sensors and calibrate equipment;1f1a2ce1-9fcc-45f3-973c-9e8695a74de2
;;;Install network gateways and signal repeaters;d44b42a1-16e5-444d-be9b-5dad9c907ace
;;;Integrate sensors into RAS tanks;ad3d8147-a2f0-420e-a4c5-d1f0e44390b6
;;;Configure mobile alerts and dashboard;90c4ef92-b53d-49f0-b10b-fd10386758cd
;RAS Installation and Biological Setup;;;61c5d57a-1084-4021-afb7-5c6faffbfcc8
;;Assemble mechanical filters and bio-bead reactors;;224ffaf9-0c5a-4738-91e0-da4273113211
;;;Receive RAS components delivery;dd728454-dd12-4d62-9b4d-bf3db82ef40e
;;;Conduct inventory audit;9f56224a-f26d-4dd1-85b3-109a5d798ff5
;;;Assemble mechanical filters;ff63d4c4-b2bb-4ff7-b5d1-44d73bc1761d
;;;Install bio-bead reactors;b6d368ca-f877-41b2-a846-c28d3f29770a
;;;Verify plumbing connections;6e2ffd1e-fcc3-4f76-98b5-99b83ee562cd
;;Execute bio-filter maturation and water chemistry balancing;;1902ab21-1c2e-4a72-adf5-2ec86564b198
;;;Inoculate bio-filters with nitrifying bacteria;210855eb-76d6-42b8-95ae-da6df9bc7105
;;;Monitor and adjust water chemistry parameters;9fac6b04-da17-488c-b961-16afa564bcf2
;;;Stabilize thermal and oxygen levels;d96405ac-26be-4ba4-9f11-219aac488e94
;;;Validate bio-filter efficiency for stocking;60ceecb0-356b-4f04-b0ee-de6e477cb598
;;Establish SPF post-larvae supply partnership;;c5cdec7e-1d4a-4b05-bcb7-170a4377d896
;;;Vet SPF shrimp genetic providers;2f38ee1e-51d6-4cf7-adc0-0e2e47916bca
;;;Audit hatchery biosecurity protocols;ae0c5539-8d76-416b-b93f-8c0f47bf7545
;;;Negotiate post-larvae supply agreement;35f7ad4b-abcf-4744-9d37-b00f24d1a5d6
;;;Coordinate logistics and transport;f692048d-4c88-4abd-889e-e01a18aa1c6d
;;Procure initial 3-month buffer of high-quality shrimp feed;;082b14a7-e163-4455-9227-8b99cd7549d9
;;;Identify feed vendors;f902d93b-d349-402a-88e9-51df8f3a2b32
;;;Evaluate feed specifications;1d1dc430-2e9b-469e-aa52-4cd0a0f77cd8
;;;Negotiate supply terms;82ee80b0-95cd-4968-bf52-8b9ec41b6561
;;;Plan feed storage and handling;c5db8a41-8f73-4d96-9b66-c5cdc5b60213
;;;Establish delivery schedule;be7fcee1-1e4d-403c-9a22-49dce531f187
;Market Development and Operations;;;b1a9543f-f248-42e3-859b-cee5032a19ba
;;Secure Letters of Intent (LOI) from regional high-end restaurants;;71e38f1d-1f0d-474d-8636-36d7d0149b9a
;;;Identify target high-end restaurants;662d1ceb-66c6-40bb-846c-5db62bb50d5c
;;;Develop chef marketing collateral;6f318b46-9209-4430-a50a-864ed495264d
;;;Conduct product sampling and site tours;f57384cd-b6dc-4bf5-92ec-023ebf66ea1c
;;;Negotiate and sign Letters of Intent;52e2335e-8327-44d6-89e3-b54e2bc26198
;;Hire and train facility manager and local operational staff;;14438a32-7989-4281-a341-f5e1e05a59a4
;;;Identify RAS talent sources;f66b7441-b69b-41ce-af5e-5b5f3eb9eb88
;;;Develop job descriptions;8bc7a83d-c61b-4f69-bd88-5d99587240a6
;;;Advertise job openings;29560036-44e2-457c-a859-9ab11f038854
;;;Conduct candidate interviews;c744e5c7-36ba-49c9-963a-8e5dde506407
;;;Onboard and train new staff;6c684654-4eb1-4d55-90fe-313991e4a1f4
;;Implement biosecurity and quarantine protocols;;7953dd5c-734a-460d-8b6d-91702df520b8
;;;Design biosecurity zones and workflows;3e336817-7cce-42dc-967e-b8f423267b7d
;;;Procure sanitation and PPE supplies;07d9dd83-4356-40c8-89cd-aa591dca0922
;;;Draft Standard Operating Procedures;a98cfea0-cf49-44c0-96af-e6617d043ff4
;;;Train staff on biosecurity compliance;040ae5b9-2c35-480d-8b7f-95ac867a7115
;;Execute first commercial harvest and direct-to-consumer distribution;;eea9822a-6647-4932-8732-09ee5a2ee17e
;;;Prepare harvest equipment;366839cf-b30d-4732-a57c-1b4ec888d141
;;;Conduct pre-harvest inspection;39f0656e-3147-4d47-9e27-e09b840867f2
;;;Execute dry run of harvest process;8d5aab1a-1480-40c9-a53d-968a61d49b70
;;;Harvest and pack shrimp;6abd9c56-2c95-4257-8990-8740265457e7
;;;Distribute shrimp to consumers;806c13b1-8442-4742-9064-8f0d0fbe7c30