project_key,project_name,project_description,project_start_date,project_end_date,project_progress,project_parent,originating_department
7462edca-a044-4f45-95ec-ab47c0a832d7,Midwest Shrimp Farm,"Midwest Shrimp Farm

Final deliverable:
Operational RAS Facility",2/19/2026,8/6/2028,0,,PlanExe
b84f7e57-b087-4961-a0f4-c29d131b5d73,Project Planning and Financing,,2/19/2026,8/12/2026,0,7462edca-a044-4f45-95ec-ab47c0a832d7,PlanExe
d8b627be-c173-42ff-94aa-a6725b1f604b,Secure $500k initial partner capital contributions,,2/19/2026,3/23/2026,0,b84f7e57-b087-4961-a0f4-c29d131b5d73,PlanExe
6ccba963-6e24-446d-a795-195b9a04bc7b,Draft partner capital contribution agreement,"Draft partner capital contribution agreement

Description:
Create a formal legal document outlining the specific equity percentages, total dollar amounts, and the mandatory deposit schedule for each founding partner (You, Larry, and Bubba).

Resources needed:
• Legal counsel
• Founding partners
• Operating agreement template",2/19/2026,2/27/2026,0,d8b627be-c173-42ff-94aa-a6725b1f604b,PlanExe
6ff19947-21ea-4bcf-9db4-16170c30d46c,Verify partner liquidity and proof of funds,"Verify partner liquidity and proof of funds

Description:
Collect and review official bank statements or brokerage letters from each partner to ensure the $500k in initial capital is readily available for transfer.

Resources needed:
• Financial statements
• Project Finance Administrator",2/27/2026,3/7/2026,0,6ccba963-6e24-446d-a795-195b9a04bc7b,PlanExe
f9419810-1682-47ea-8a25-e9ce680302bf,Execute capital calls and fund escrow,"Execute capital calls and fund escrow

Description:
Initiate the formal transfer of committed funds from personal accounts into a dedicated business escrow or corporate holding account to secure the project's start.

Resources needed:
• Business bank account
• Escrow agent
• Partner capital",3/7/2026,3/15/2026,0,6ff19947-21ea-4bcf-9db4-16170c30d46c,PlanExe
4ef1c4cf-7fff-4213-879e-9a5d95e38b16,Issue equity certificates to partners,"Issue equity certificates to partners

Description:
Finalize the internal ledger and issue formal documentation confirming the ownership stake of each partner based on their verified capital contributions.

Resources needed:
• Corporate secretary
• Legal counsel
• Stock/Equity ledger",3/15/2026,3/23/2026,0,d8b627be-c173-42ff-94aa-a6725b1f604b,PlanExe
8b2ffa58-cfe3-4986-98b1-fbd17766ae7c,Apply for $1M SBA 7(a) loans and equipment leasing,,3/23/2026,6/21/2026,0,d8b627be-c173-42ff-94aa-a6725b1f604b,PlanExe
7c6c2560-40f2-407e-a62e-ab5d989a73cc,Prepare SBA loan application,"Prepare SBA loan application

Description:
Gather all necessary documentation, including financial projections, business plan, and required permits, to submit a complete SBA 7(a) loan application.

Resources needed:
• Project manager
• Financial analyst
• SBA loan specialist",3/23/2026,4/10/2026,0,8b2ffa58-cfe3-4986-98b1-fbd17766ae7c,PlanExe
458cfb59-4bac-4ca9-bec4-e82e5800a7cd,Engage SBA-preferred lender,"Engage SBA-preferred lender

Description:
Identify and establish a relationship with an SBA-preferred lender experienced in aquaculture financing to facilitate the loan application process.

Resources needed:
• Business development manager
• SBA loan specialist
• Legal advisor",4/10/2026,4/28/2026,0,7c6c2560-40f2-407e-a62e-ab5d989a73cc,PlanExe
07e72a30-72f7-435d-b4b2-c29bc169b78c,Assemble financial projections,"Assemble financial projections

Description:
Develop detailed financial projections, including startup costs, operating expenses, revenue forecasts, and debt service schedules, to demonstrate project viability.

Resources needed:
• Financial analyst
• Accountant
• Project manager",4/28/2026,5/16/2026,0,458cfb59-4bac-4ca9-bec4-e82e5800a7cd,PlanExe
9b238c61-3a2d-456d-8955-35c43c836339,Prepare RAS technology documentation,"Prepare RAS technology documentation

Description:
Compile technical documentation and feasibility studies related to the Recirculating Aquaculture System (RAS) to address SBA's concerns about technology viability.

Resources needed:
• RAS engineer
• Technical writer
• Project manager",5/16/2026,6/3/2026,0,07e72a30-72f7-435d-b4b2-c29bc169b78c,PlanExe
66400e33-ba41-4bad-9274-7308c6d8e86a,Conduct lender meetings and negotiations,"Conduct lender meetings and negotiations

Description:
Schedule and conduct meetings with the SBA-preferred lender to discuss the loan application, address any concerns, and negotiate terms.

Resources needed:
• Business development manager
• Legal advisor
• SBA loan specialist",6/3/2026,6/21/2026,0,8b2ffa58-cfe3-4986-98b1-fbd17766ae7c,PlanExe
62c6b72d-f9bd-4949-af89-13e2136ba2cb,Conduct municipal chloride limit and ZLD requirement studies,,6/21/2026,7/19/2026,0,8b2ffa58-cfe3-4986-98b1-fbd17766ae7c,PlanExe
c74c395a-2074-43c1-bd45-c9de3674919a,Audit municipal chloride and TDS limits,"Audit municipal chloride and TDS limits

Description:
Research and document the specific local discharge limits for chloride and Total Dissolved Solids (TDS) at Publicly Owned Treatment Works (POTWs) in Indianapolis, Des Moines, and Columbus.

Resources needed:
• Environmental Compliance Specialist
• EPA Industrial User resources
• Municipal water quality reports",6/21/2026,6/28/2026,0,62c6b72d-f9bd-4949-af89-13e2136ba2cb,PlanExe
ea422899-dd85-4a19-b346-f2b2cbfa9c73,Simulate ZLD system performance,"Simulate ZLD system performance

Description:
Model wastewater salinity impacts and evaluate the CAPEX/OPEX requirements for Zero-Liquid Discharge (ZLD) systems using WAVE or AQUASIM software to determine financial viability.

Resources needed:
• Aquaculture Systems Engineer
• WAVE or AQUASIM software
• ZLD technical specifications",6/28/2026,7/5/2026,0,c74c395a-2074-43c1-bd45-c9de3674919a,PlanExe
ceb28557-4619-493f-a48f-b730abe7eaab,Consult municipal pretreatment coordinators,"Consult municipal pretreatment coordinators

Description:
Conduct formal interviews with city engineers and pretreatment coordinators to discuss industrial user permit requirements and potential pretreatment surcharges for saline waste.

Resources needed:
• Project Manager
• Professional Engineer (PE)
• Municipal contact directory",7/5/2026,7/12/2026,0,ea422899-dd85-4a19-b346-f2b2cbfa9c73,PlanExe
f62b057b-24d8-4866-95ac-04df2e2c0b6d,Secure regulatory letters of interpretation,"Secure regulatory letters of interpretation

Description:
Submit preliminary discharge data to state agencies like IDEM or Ohio EPA to obtain formal written confirmation of compliance pathways and chloride discharge limits.

Resources needed:
• Environmental Consultant
• Professional Engineer (PE)
• State environmental agency guidelines",7/12/2026,7/19/2026,0,62c6b72d-f9bd-4949-af89-13e2136ba2cb,PlanExe
9e3770fc-4205-4f5a-a779-a627000ccef2,Perform thermal load and energy redundancy simulations,,7/19/2026,8/12/2026,0,b84f7e57-b087-4961-a0f4-c29d131b5d73,PlanExe
804dd41b-a78e-439f-bc42-64189c3ac63a,Collect historical Midwest climate data,"Collect historical Midwest climate data

Description:
Gather 10-year hourly temperature and humidity data for Indianapolis, Des Moines, and Columbus, focusing on polar vortex extremes to establish worst-case heating requirements.

Resources needed:
• NOAA Climate Databases
• Facility Operations Manager
• Data Analyst",7/19/2026,7/25/2026,0,9e3770fc-4205-4f5a-a779-a627000ccef2,PlanExe
c0980553-a28b-4e1c-98ee-ee9d61694e9f,Model facility thermal envelope performance,"Model facility thermal envelope performance

Description:
Run EnergyPlus or eQUEST simulations to calculate BTU loss at -20°F, specifically testing the effectiveness of R-30 spray foam and Heat Recovery Ventilators (HRV).

Resources needed:
• EnergyPlus or eQUEST software
• HVAC Engineer
• Building Specifications",7/25/2026,7/31/2026,0,804dd41b-a78e-439f-bc42-64189c3ac63a,PlanExe
1890b965-7233-4f4b-9ba0-1608ec87eb82,Simulate backup power and fuel autonomy,"Simulate backup power and fuel autonomy

Description:
Use HOMER Pro to model the 100kW dual-fuel generator's performance under full load, ensuring the fuel storage strategy supports 72 hours of autonomous operation.

Resources needed:
• HOMER Pro software
• Electrical Engineer
• Generator Technical Specs",7/31/2026,8/6/2026,0,c0980553-a28b-4e1c-98ee-ee9d61694e9f,PlanExe
995d609d-835d-4152-86af-1ec57af23e5e,Finalize energy redundancy validation report,"Finalize energy redundancy validation report

Description:
Compile simulation results into a comprehensive strategy document that outlines heating OPEX, insulation ROI, and emergency power protocols for SBA review.

Resources needed:
• Aquaculture Systems Engineer
• Project Finance Administrator
• Technical Writer",8/6/2026,8/12/2026,0,9e3770fc-4205-4f5a-a779-a627000ccef2,PlanExe
e8d762b1-69de-4013-abf1-965090889d0c,Site Acquisition and Permitting,,8/12/2026,6/28/2027,0,b84f7e57-b087-4961-a0f4-c29d131b5d73,PlanExe
de830e65-141a-407a-b7ef-22c02e062406,"Acquire 10,000 sq ft industrial site in target Midwest city",,8/12/2026,10/27/2026,0,e8d762b1-69de-4013-abf1-965090889d0c,PlanExe
cc09d8da-b977-4d2f-a1b6-4fa1de28cbab,Hire industrial real estate broker,"Hire industrial real estate broker

Description:
Identify and contract a specialized commercial broker with expertise in the Indianapolis, Des Moines, or Columbus industrial markets to source off-market properties.

Resources needed:
• Founding Partners
• Legal Counsel
• Brokerage Agreement",8/12/2026,8/31/2026,0,de830e65-141a-407a-b7ef-22c02e062406,PlanExe
1ad1c35b-6131-42f3-b528-375740dd0c7d,Vet sites for utility capacity,"Vet sites for utility capacity

Description:
Conduct technical evaluations of shortlisted 10,000 sq ft properties to ensure they meet high-capacity electrical, water, and saline discharge requirements.

Resources needed:
• Aquaculture Systems Engineer
• Utility records
• Site inspection tools",8/31/2026,9/19/2026,0,cc09d8da-b977-4d2f-a1b6-4fa1de28cbab,PlanExe
f9e96ff2-ba1a-4bb5-9d12-49d2819c2d96,Negotiate lease or purchase terms,"Negotiate lease or purchase terms

Description:
Draft and submit Letters of Intent (LOI) and negotiate final contract terms, including contingencies for zoning variances and environmental permits.

Resources needed:
• Real Estate Broker
• Legal Counsel
• Financial Projections",9/19/2026,10/8/2026,0,1ad1c35b-6131-42f3-b528-375740dd0c7d,PlanExe
d4b04fca-1fa2-48e9-90da-a78701404c0e,Finalize property acquisition,"Finalize property acquisition

Description:
Complete the due diligence period, execute the final purchase or lease agreement, and secure physical access to the facility for construction prep.

Resources needed:
• SBA Loan Officer
• Escrow Agent
• Founding Partners",10/8/2026,10/27/2026,0,de830e65-141a-407a-b7ef-22c02e062406,PlanExe
fbdf75ff-8647-4e90-9f03-520ecbf89a20,Obtain zoning variances for indoor aquaculture operations,,10/27/2026,1/27/2027,0,de830e65-141a-407a-b7ef-22c02e062406,PlanExe
d30eaad6-73f9-4994-9eb4-20f002f32647,Prepare aquaculture impact presentation,"Prepare aquaculture impact presentation

Description:
Develop a comprehensive visual and technical presentation for the planning commission. The content must emphasize the closed-loop, odorless, and indoor nature of RAS technology to differentiate it from traditional outdoor livestock operations.

Resources needed:
• Aquaculture Consultant
• Graphic Designer
• Technical RAS Specifications",10/27/2026,11/19/2026,0,fbdf75ff-8647-4e90-9f03-520ecbf89a20,PlanExe
0a3cd437-e56a-483f-81de-918d1978c812,Conduct pre-application meetings with city planners,"Conduct pre-application meetings with city planners

Description:
Schedule and attend informal meetings with municipal zoning staff to identify potential hurdles, clarify land-use definitions for indoor aquaculture, and build rapport before the formal public hearing process.

Resources needed:
• Founding Partners
• Local Land Use Attorney
• Site Preliminary Plans",11/19/2026,12/12/2026,0,d30eaad6-73f9-4994-9eb4-20f002f32647,PlanExe
9ae84602-e0ea-4950-8318-899374d68dbb,Submit formal zoning variance applications,"Submit formal zoning variance applications

Description:
Complete and file all required municipal forms, including site surveys, environmental impact summaries, and the formal request for a variance to operate an aquaculture facility within an industrial zone.

Resources needed:
• Civil Engineer
• Land Use Attorney
• Application Fees",12/12/2026,1/4/2027,0,0a3cd437-e56a-483f-81de-918d1978c812,PlanExe
649e8471-cd45-49d4-bafd-dda5b7de5b47,Represent project at public zoning hearings,"Represent project at public zoning hearings

Description:
Provide expert testimony and answer community questions during mandatory public notice periods and planning commission hearings to secure the final vote for the zoning variance.

Resources needed:
• Founding Partners
• Aquaculture Expert
• Legal Counsel",1/4/2027,1/27/2027,0,fbdf75ff-8647-4e90-9f03-520ecbf89a20,PlanExe
a364367f-d164-4439-99d7-30b3b2ef1b75,Secure industrial saline wastewater discharge permits,,1/27/2027,5/27/2027,0,fbdf75ff-8647-4e90-9f03-520ecbf89a20,PlanExe
76c5df92-c48f-428c-b8cd-403901df7920,Conduct municipal chloride limit study,"Conduct municipal chloride limit study

Description:
Research and document specific chloride and Total Dissolved Solids (TDS) discharge limits for the target municipalities (Indianapolis, Des Moines, or Columbus). This includes identifying pretreatment surcharges and local industrial user requirements.

Resources needed:
• Environmental Consultant
• Municipal Water Quality Data
• City Pretreatment Coordinator",1/27/2027,2/26/2027,0,a364367f-d164-4439-99d7-30b3b2ef1b75,PlanExe
3f83048d-b762-407d-8eb2-4d9254265899,Design saline wastewater pretreatment system,"Design saline wastewater pretreatment system

Description:
Develop engineering specifications for an on-site pretreatment or Zero-Liquid Discharge (ZLD) system to ensure effluent meets municipal standards. Create technical drawings and flow diagrams for the permit application.

Resources needed:
• Professional Engineer (PE)
• WAVE Software
• RAS Technical Specs",2/26/2027,3/28/2027,0,76c5df92-c48f-428c-b8cd-403901df7920,PlanExe
3d50b3f4-08c5-4bc8-a01b-51330aab4093,Submit industrial discharge permit applications,"Submit industrial discharge permit applications

Description:
Prepare and file formal applications with the relevant state environmental agencies (e.g., IDEM, Ohio EPA) and local wastewater departments. This includes all technical attachments and impact simulations.

Resources needed:
• Project Manager
• Legal Counsel
• Engineering Reports",3/28/2027,4/27/2027,0,3f83048d-b762-407d-8eb2-4d9254265899,PlanExe
01dc2552-b153-4406-8f61-5e345c4474f8,Secure final saline discharge approval,"Secure final saline discharge approval

Description:
Coordinate with agency reviewers to address technical inquiries, attend municipal hearings if required, and obtain the signed 'Letter of Interpretation' or formal discharge permit.

Resources needed:
• Environmental Specialist
• Municipal Planning Board
• State EPA Representative",4/27/2027,5/27/2027,0,a364367f-d164-4439-99d7-30b3b2ef1b75,PlanExe
62ac2381-caff-469e-87b6-9aca04e43f4b,Apply for building and electrical installation permits,,5/27/2027,6/28/2027,0,e8d762b1-69de-4013-abf1-965090889d0c,PlanExe
3ed8fdb6-e9fe-46f5-9c63-bcbf87ea1cc6,Compile RAS engineering and electrical plans,"Compile RAS engineering and electrical plans

Description:
Gather detailed technical drawings, load calculations for the 100kW generator, and RAS equipment specifications to ensure the application package meets municipal code requirements.

Resources needed:
• Aquaculture Systems Engineer
• Electrical Engineer
• RAS equipment technical manuals",5/27/2027,6/4/2027,0,62ac2381-caff-469e-87b6-9aca04e43f4b,PlanExe
12a2aff4-fed6-4943-ab71-2328ead0b456,Engage local permit expeditor,"Engage local permit expeditor

Description:
Hire a consultant familiar with the specific Midwest municipality to review the documentation for compliance with local industrial codes and to facilitate communication with the planning office.

Resources needed:
• Local Permit Expeditor
• Project Budget for consulting fees",6/4/2027,6/12/2027,0,3ed8fdb6-e9fe-46f5-9c63-bcbf87ea1cc6,PlanExe
77a6406b-c7ea-44ab-a6e6-c3bb229d4ea9,Submit applications and track reviews,"Submit applications and track reviews

Description:
Formally file the building and electrical permit applications with the city department and monitor the status to quickly address any requests for additional information or technical corrections.

Resources needed:
• Project Manager
• Municipal application portal access
• Application fee funds",6/12/2027,6/20/2027,0,12a2aff4-fed6-4943-ab71-2328ead0b456,PlanExe
58c347df-7874-4b99-84f4-76a63240d8ea,Coordinate pre-approval site inspections,"Coordinate pre-approval site inspections

Description:
Schedule and host preliminary walk-throughs with municipal inspectors if required to verify site conditions before the final issuance of construction and high-voltage installation permits.

Resources needed:
• Facility Operations Manager
• Municipal Building Inspector
• Site access keys",6/20/2027,6/28/2027,0,62ac2381-caff-469e-87b6-9aca04e43f4b,PlanExe
0d9c5439-a1ff-4b7d-b4f5-2801b4d16019,Facility Construction and Infrastructure,,6/28/2027,10/9/2027,0,e8d762b1-69de-4013-abf1-965090889d0c,PlanExe
4c5f16ef-9532-4ae7-98fc-4e0ff005fa84,Erect purpose-built climate-controlled steel facility,,6/28/2027,8/27/2027,0,0d9c5439-a1ff-4b7d-b4f5-2801b4d16019,PlanExe
251be599-8aec-440d-ac31-44cac971d9a4,Pour reinforced concrete slab foundation,"Pour reinforced concrete slab foundation

Description:
Excavate the site, install utility rough-ins for RAS plumbing, and pour a high-strength reinforced concrete slab capable of supporting heavy water loads and steel structural columns.

Resources needed:
• Concrete contractor
• Excavation equipment
• Plumbing specialist
• Structural engineer
• Reinforced steel rebar",6/28/2027,7/13/2027,0,4c5f16ef-9532-4ae7-98fc-4e0ff005fa84,PlanExe
ca88d29c-ea3e-46ad-bc59-2f98dd6dc712,Erect primary structural steel frame,"Erect primary structural steel frame

Description:
Assemble and bolt the pre-engineered steel columns, beams, and girts to the foundation to create the 10,000 sq ft building skeleton.

Resources needed:
• Steel erection crew
• Crane operator
• Pre-engineered steel building kit
• Safety inspector",7/13/2027,7/28/2027,0,251be599-8aec-440d-ac31-44cac971d9a4,PlanExe
b26db0ca-34f3-41d0-a796-38cd663519a8,Install insulated wall and roof panels,"Install insulated wall and roof panels

Description:
Attach exterior metal cladding and roofing to the frame, ensuring a weather-tight seal to protect the interior environment from Midwest winter conditions.

Resources needed:
• Construction crew
• Scissor lifts
• Metal wall and roof panels
• Industrial sealants",7/28/2027,8/12/2027,0,ca88d29c-ea3e-46ad-bc59-2f98dd6dc712,PlanExe
ec123c88-895a-451c-bd8b-c80434b1a24f,Complete interior climate shell sealing,"Complete interior climate shell sealing

Description:
Finalize the building envelope by installing industrial-grade doors and sealing all joints to prepare for the application of high-R-value spray foam insulation.

Resources needed:
• General contractor
• Industrial door technician
• Building envelope specialist",8/12/2027,8/27/2027,0,4c5f16ef-9532-4ae7-98fc-4e0ff005fa84,PlanExe
f5be8ffb-077f-4d77-93d2-625fb4dd3c5a,Install R-30 spray foam insulation and HRV systems,,8/27/2027,9/12/2027,0,4c5f16ef-9532-4ae7-98fc-4e0ff005fa84,PlanExe
e011d083-fbbc-4e9d-a211-4b87816e46ac,Procure insulation and HRV components,"Procure insulation and HRV components

Description:
Finalize orders for R-30 closed-cell spray foam kits and industrial Heat Recovery Ventilators. Ensure all materials are scheduled for delivery to the Midwest site at least two weeks before the installation window to account for logistics delays.

Resources needed:
• Procurement Officer
• HVAC Vendor
• Insulation Supplier
• Capital Funds",8/27/2027,8/31/2027,0,f5be8ffb-077f-4d77-93d2-625fb4dd3c5a,PlanExe
e40d2b2c-5f17-4a58-b6b4-05c3e4200c33,Prepare facility for foam application,"Prepare facility for foam application

Description:
Clean and prep all interior steel surfaces of the 10,000 sq ft facility. Set up temporary internal space heaters to maintain the minimum ambient temperature required for the spray foam to cure correctly during winter conditions.

Resources needed:
• Facility Operations Manager
• Cleaning Crew
• Industrial Space Heaters
• Propane/Diesel Fuel",8/31/2027,9/4/2027,0,e011d083-fbbc-4e9d-a211-4b87816e46ac,PlanExe
a0e4729e-bae5-4edc-ac2c-ee5e6d8785da,Apply R-30 spray foam insulation,"Apply R-30 spray foam insulation

Description:
Execute the application of spray foam to the walls and ceiling to achieve R-30 thermal resistance. Monitor chemical mixing and curing thickness to ensure a seamless thermal envelope and prevent future condensation issues.

Resources needed:
• Certified Insulation Contractors
• Spray Foam Equipment
• Safety PPE
• On-site Supervisor",9/4/2027,9/8/2027,0,e40d2b2c-5f17-4a58-b6b4-05c3e4200c33,PlanExe
fbc2d953-00c4-492f-96f0-dbf30b3a4762,Install and balance HRV systems,"Install and balance HRV systems

Description:
Mount the Heat Recovery Ventilators and integrate them with the facility's climate control network. Calibrate the systems to manage high humidity levels while recovering heat to minimize energy consumption.

Resources needed:
• HVAC Engineer
• Electrical Technician
• HRV Units
• Testing and Balancing Tools",9/8/2027,9/12/2027,0,f5be8ffb-077f-4d77-93d2-625fb4dd3c5a,PlanExe
b1d274a1-4163-42ea-a292-43bc71f0a6b5,Deploy 100kW dual-fuel backup generator and fuel storage,,9/12/2027,9/27/2027,0,f5be8ffb-077f-4d77-93d2-625fb4dd3c5a,PlanExe
7e8f8dbe-33fd-4b34-97d4-473e7b634c81,Procure generator and transfer switch,"Procure generator and transfer switch

Description:
Secure the 100kW dual-fuel backup generator and associated transfer switch to ensure uninterrupted power supply for the facility.

Resources needed:
• Procurement officer
• Electrical engineer
• Generator supplier",9/12/2027,9/15/2027,0,b1d274a1-4163-42ea-a292-43bc71f0a6b5,PlanExe
e80f8f91-5a5b-40c2-9b66-9f5464ca8d52,Schedule pre-inspection meeting,"Schedule pre-inspection meeting

Description:
Arrange a meeting with the local electrical inspector to review the backup power system plans and ensure compliance with safety codes.

Resources needed:
• Facility manager
• Electrical inspector
• Project coordinator",9/15/2027,9/18/2027,0,7e8f8dbe-33fd-4b34-97d4-473e7b634c81,PlanExe
a8d64b21-958a-43e3-8fa9-720164692dbc,Install generator and switch,"Install generator and switch

Description:
Physically install the 100kW dual-fuel generator and transfer switch at the designated location within the facility.

Resources needed:
• Electrical contractor
• Technicians
• Construction crew",9/18/2027,9/21/2027,0,e80f8f91-5a5b-40c2-9b66-9f5464ca8d52,PlanExe
d2271e42-3e62-4ab2-8b21-68d6ea04c42b,Conduct generator testing,"Conduct generator testing

Description:
Perform comprehensive testing of the installed generator to verify its operational readiness and compliance with performance specifications.

Resources needed:
• Electrical engineer
• Technicians
• Testing equipment",9/21/2027,9/24/2027,0,a8d64b21-958a-43e3-8fa9-720164692dbc,PlanExe
ce3fff6c-5e40-44c2-8cd5-435682a8d930,Coordinate with local utility,"Coordinate with local utility

Description:
Work with the local utility provider to ensure proper integration of the backup power system with the main power grid and address any interconnection requirements.

Resources needed:
• Utility liaison
• Project coordinator
• Electrical engineer",9/24/2027,9/27/2027,0,b1d274a1-4163-42ea-a292-43bc71f0a6b5,PlanExe
035e81e3-847c-493c-bd80-32ef4569d314,Install IoT water quality sensor network and monitoring hub,,9/27/2027,10/9/2027,0,0d9c5439-a1ff-4b7d-b4f5-2801b4d16019,PlanExe
1f1a2ce1-9fcc-45f3-973c-9e8695a74de2,Bench-test sensors and calibrate equipment,"Bench-test sensors and calibrate equipment

Description:
Conduct initial calibration of ammonia, dissolved oxygen, and temperature sensors in a controlled environment to ensure accuracy before tank deployment.

Resources needed:
• IoT water quality sensors
• Calibration solutions
• Aquaculture Systems Engineer
• Testing lab space",9/27/2027,9/30/2027,0,035e81e3-847c-493c-bd80-32ef4569d314,PlanExe
d44b42a1-16e5-444d-be9b-5dad9c907ace,Install network gateways and signal repeaters,"Install network gateways and signal repeaters

Description:
Mount the central monitoring hub and install wireless signal repeaters to overcome connectivity interference caused by the steel facility structure.

Resources needed:
• IoT Gateway
• Wireless repeaters
• Network Technician
• Mounting hardware",9/30/2027,10/3/2027,0,1f1a2ce1-9fcc-45f3-973c-9e8695a74de2,PlanExe
ad3d8147-a2f0-420e-a4c5-d1f0e44390b6,Integrate sensors into RAS tanks,"Integrate sensors into RAS tanks

Description:
Physically install the calibrated sensors into the mechanical filters and grow-out tanks, ensuring secure placement and waterproof cabling.

Resources needed:
• Sensor probes
• Waterproof conduits
• Facility Operations Manager
• Hand tools",10/3/2027,10/6/2027,0,d44b42a1-16e5-444d-be9b-5dad9c907ace,PlanExe
90c4ef92-b53d-49f0-b10b-fd10386758cd,Configure mobile alerts and dashboard,"Configure mobile alerts and dashboard

Description:
Set up the software interface to display real-time data and program automated mobile alerts for parameters exceeding safe biological thresholds.

Resources needed:
• Monitoring software license
• Cloud server access
• Software Developer
• Mobile devices",10/6/2027,10/9/2027,0,035e81e3-847c-493c-bd80-32ef4569d314,PlanExe
61c5d57a-1084-4021-afb7-5c6faffbfcc8,RAS Installation and Biological Setup,,10/9/2027,2/16/2028,0,0d9c5439-a1ff-4b7d-b4f5-2801b4d16019,PlanExe
224ffaf9-0c5a-4738-91e0-da4273113211,Assemble mechanical filters and bio-bead reactors,,10/9/2027,11/3/2027,0,61c5d57a-1084-4021-afb7-5c6faffbfcc8,PlanExe
dd728454-dd12-4d62-9b4d-bf3db82ef40e,Receive RAS components delivery,"Receive RAS components delivery

Description:
Ensure all mechanical filters and bio-bead reactors are received and inspected for any damage or missing parts during transit.

Resources needed:
• Shipping and Receiving Clerk
• Inventory Management Software
• Inspection Checklist",10/9/2027,10/14/2027,0,224ffaf9-0c5a-4738-91e0-da4273113211,PlanExe
9f56224a-f26d-4dd1-85b3-109a5d798ff5,Conduct inventory audit,"Conduct inventory audit

Description:
Perform a detailed audit of all received RAS components to confirm completeness and identify any discrepancies or damages.

Resources needed:
• Inventory Specialist
• Audit Documentation
• Component Manifest",10/14/2027,10/19/2027,0,dd728454-dd12-4d62-9b4d-bf3db82ef40e,PlanExe
ff63d4c4-b2bb-4ff7-b5d1-44d73bc1761d,Assemble mechanical filters,"Assemble mechanical filters

Description:
Install and configure mechanical filters according to the manufacturer's guidelines and RAS system specifications.

Resources needed:
• Certified RAS Technician
• Assembly Tools
• Manufacturer Guidelines",10/19/2027,10/24/2027,0,9f56224a-f26d-4dd1-85b3-109a5d798ff5,PlanExe
b6d368ca-f877-41b2-a846-c28d3f29770a,Install bio-bead reactors,"Install bio-bead reactors

Description:
Set up bio-bead reactors, ensuring proper placement and connection within the RAS system for optimal biological filtration.

Resources needed:
• Certified RAS Technician
• Plumbing Tools
• System Schematics",10/24/2027,10/29/2027,0,ff63d4c4-b2bb-4ff7-b5d1-44d73bc1761d,PlanExe
6e2ffd1e-fcc3-4f76-98b5-99b83ee562cd,Verify plumbing connections,"Verify plumbing connections

Description:
Check all plumbing connections for mechanical filters and bio-bead reactors to ensure there are no leaks and proper flow rates are maintained.

Resources needed:
• Plumber
• Pressure Testing Equipment
• Leak Detection Tools",10/29/2027,11/3/2027,0,224ffaf9-0c5a-4738-91e0-da4273113211,PlanExe
1902ab21-1c2e-4a72-adf5-2ec86564b198,Execute bio-filter maturation and water chemistry balancing,,11/3/2027,12/21/2027,0,224ffaf9-0c5a-4738-91e0-da4273113211,PlanExe
210855eb-76d6-42b8-95ae-da6df9bc7105,Inoculate bio-filters with nitrifying bacteria,"Inoculate bio-filters with nitrifying bacteria

Description:
Introduce commercial bacterial starters into the RAS bio-bead reactors to begin the colonization of Nitrosomonas and Nitrobacter species necessary for the nitrogen cycle.

Resources needed:
• Commercial bacterial starter cultures
• Ammonium chloride (fuel source)
• Aquaculture Systems Engineer",11/3/2027,11/15/2027,0,1902ab21-1c2e-4a72-adf5-2ec86564b198,PlanExe
9fac6b04-da17-488c-b961-16afa564bcf2,Monitor and adjust water chemistry parameters,"Monitor and adjust water chemistry parameters

Description:
Perform daily testing of ammonia, nitrite, nitrate, pH, and alkalinity to ensure the environment supports bacterial growth and future shrimp health.

Resources needed:
• IoT water quality sensors
• Digital titration kits
• Sodium bicarbonate (alkalinity buffer)
• Husbandry Technician",11/15/2027,11/27/2027,0,210855eb-76d6-42b8-95ae-da6df9bc7105,PlanExe
d96405ac-26be-4ba4-9f11-219aac488e94,Stabilize thermal and oxygen levels,"Stabilize thermal and oxygen levels

Description:
Calibrate the heat recovery ventilators and oxygen cones to maintain a consistent 80°F and optimal dissolved oxygen levels during the maturation phase.

Resources needed:
• HRV system
• Oxygen cones
• Industrial climate control software
• Facility Operations Manager",11/27/2027,12/9/2027,0,9fac6b04-da17-488c-b961-16afa564bcf2,PlanExe
60ceecb0-356b-4f04-b0ee-de6e477cb598,Validate bio-filter efficiency for stocking,"Validate bio-filter efficiency for stocking

Description:
Conduct a stress test by spiking ammonia levels and measuring the system's reduction rate to confirm the bio-filter can handle the biological load of the first PL shipment.

Resources needed:
• Water quality lab reports
• Aquatic Biologist
• System performance logs",12/9/2027,12/21/2027,0,1902ab21-1c2e-4a72-adf5-2ec86564b198,PlanExe
c5cdec7e-1d4a-4b05-bcb7-170a4377d896,Establish SPF post-larvae supply partnership,,12/21/2027,1/22/2028,0,1902ab21-1c2e-4a72-adf5-2ec86564b198,PlanExe
2f38ee1e-51d6-4cf7-adc0-0e2e47916bca,Vet SPF shrimp genetic providers,"Vet SPF shrimp genetic providers

Description:
Research and identify reputable hatcheries that provide Specific Pathogen Free (SPF) post-larvae. Evaluate their health certification history, genetic growth traits, and shipping reliability to the Midwest.

Resources needed:
• Aquatic Biologist
• Hatchery health records
• Industry reputation reports",12/21/2027,12/29/2027,0,c5cdec7e-1d4a-4b05-bcb7-170a4377d896,PlanExe
ae0c5539-8d76-416b-b93f-8c0f47bf7545,Audit hatchery biosecurity protocols,"Audit hatchery biosecurity protocols

Description:
Review the provider's biosecurity manuals and USDA APHIS certifications. Conduct virtual or on-site inspections of the broodstock facilities to ensure compliance with SPF standards.

Resources needed:
• Biosecurity Consultant
• USDA APHIS documentation
• Video conferencing tools",12/29/2027,1/6/2028,0,2f38ee1e-51d6-4cf7-adc0-0e2e47916bca,PlanExe
35f7ad4b-abcf-4744-9d37-b00f24d1a5d6,Negotiate post-larvae supply agreement,"Negotiate post-larvae supply agreement

Description:
Draft and finalize a long-term supply contract specifying monthly delivery volumes, price per thousand units, guaranteed survival rates during transport, and pathogen-free warranties.

Resources needed:
• Legal Counsel
• Project Finance Manager
• Genetic Provider Sales Team",1/6/2028,1/14/2028,0,ae0c5539-8d76-416b-b93f-8c0f47bf7545,PlanExe
f692048d-4c88-4abd-889e-e01a18aa1c6d,Coordinate logistics and transport,"Coordinate logistics and transport

Description:
Establish a specialized cold-chain transport route from the hatchery to the Midwest facility. Validate the provider's oxygenated packing methods and emergency transit protocols.

Resources needed:
• Supply Chain Coordinator
• Specialized courier service
• Water quality testing kits",1/14/2028,1/22/2028,0,c5cdec7e-1d4a-4b05-bcb7-170a4377d896,PlanExe
082b14a7-e163-4455-9227-8b99cd7549d9,Procure initial 3-month buffer of high-quality shrimp feed,,1/22/2028,2/16/2028,0,61c5d57a-1084-4021-afb7-5c6faffbfcc8,PlanExe
f902d93b-d349-402a-88e9-51df8f3a2b32,Identify feed vendors,"Identify feed vendors

Description:
Research and identify potential suppliers of high-quality shrimp feed with a focus on those who can provide a 3-month buffer supply. Evaluate their production capacity, reliability, and biosecurity protocols.

Resources needed:
• Supply Chain Coordinator
• Aquaculture Nutritionist
• Logistics Analyst",1/22/2028,1/27/2028,0,082b14a7-e163-4455-9227-8b99cd7549d9,PlanExe
1d1dc430-2e9b-469e-aa52-4cd0a0f77cd8,Evaluate feed specifications,"Evaluate feed specifications

Description:
Analyze the guaranteed Feed Conversion Ratio (FCR) and protein content from shortlisted feed vendors. Ensure the feed meets the nutritional requirements for optimal shrimp growth in the RAS environment.

Resources needed:
• Aquaculture Nutritionist
• RAS Systems Engineer
• Aquatic Biologist",1/27/2028,2/1/2028,0,f902d93b-d349-402a-88e9-51df8f3a2b32,PlanExe
82ee80b0-95cd-4968-bf52-8b9ec41b6561,Negotiate supply terms,"Negotiate supply terms

Description:
Engage with selected feed vendors to negotiate pricing, lead times, and biosecure transport options. Discuss contingency plans for potential supply chain disruptions.

Resources needed:
• Procurement Officer
• Legal Advisor
• Supply Chain Coordinator",2/1/2028,2/6/2028,0,1d1dc430-2e9b-469e-aa52-4cd0a0f77cd8,PlanExe
c5db8a41-8f73-4d96-9b66-c5cdc5b60213,Plan feed storage and handling,"Plan feed storage and handling

Description:
Design a feed storage and handling system that maintains feed quality and biosecurity. Ensure adequate storage capacity for a 3-month buffer supply and implement a first-in, first-out (FIFO) inventory management system.

Resources needed:
• Facility Operations Manager
• Biosecurity Consultant
• Warehouse Staff",2/6/2028,2/11/2028,0,82ee80b0-95cd-4968-bf52-8b9ec41b6561,PlanExe
be7fcee1-1e4d-403c-9a22-49dce531f187,Establish delivery schedule,"Establish delivery schedule

Description:
Coordinate with feed vendors to establish a delivery schedule that ensures a continuous supply of feed while minimizing storage costs. Plan for buffer stock replenishment and emergency deliveries.

Resources needed:
• Logistics Coordinator
• Supply Chain Analyst
• Facility Operations Manager",2/11/2028,2/16/2028,0,082b14a7-e163-4455-9227-8b99cd7549d9,PlanExe
b1a9543f-f248-42e3-859b-cee5032a19ba,Market Development and Operations,,2/16/2028,8/6/2028,0,7462edca-a044-4f45-95ec-ab47c0a832d7,PlanExe
71e38f1d-1f0d-474d-8636-36d7d0149b9a,Secure Letters of Intent (LOI) from regional high-end restaurants,,2/16/2028,4/16/2028,0,b1a9543f-f248-42e3-859b-cee5032a19ba,PlanExe
662d1ceb-66c6-40bb-846c-5db62bb50d5c,Identify target high-end restaurants,"Identify target high-end restaurants

Description:
Research and compile a qualified lead list of 50+ farm-to-table and high-end seafood restaurants in Indianapolis, Columbus, and Des Moines that prioritize local sourcing.

Resources needed:
• Market Researcher
• CRM Software
• Industry Databases",2/16/2028,3/2/2028,0,71e38f1d-1f0d-474d-8636-36d7d0149b9a,PlanExe
6f318b46-9209-4430-a50a-864ed495264d,Develop chef marketing collateral,"Develop chef marketing collateral

Description:
Create a professional pitch deck and physical 'Pond-to-Plate' branding kit highlighting RAS sustainability, shrimp quality specs, and year-round availability.

Resources needed:
• Graphic Designer
• Marketing Manager
• Printing Services",3/2/2028,3/17/2028,0,662d1ceb-66c6-40bb-846c-5db62bb50d5c,PlanExe
f57384cd-b6dc-4bf5-92ec-023ebf66ea1c,Conduct product sampling and site tours,"Conduct product sampling and site tours

Description:
Organize tasting sessions with executive chefs using pilot harvest samples and host virtual or in-person tours of the RAS facility to build trust in the production method.

Resources needed:
• Founding Partners
• Aquaculture Technician
• Sample Shrimp Batches
• Transport Cooler",3/17/2028,4/1/2028,0,6f318b46-9209-4430-a50a-864ed495264d,PlanExe
52e2335e-8327-44d6-89e3-b54e2bc26198,Negotiate and sign Letters of Intent,"Negotiate and sign Letters of Intent

Description:
Draft and execute non-binding LOIs with 5-10 key culinary partners to secure commitments for 30% of the first harvest volume at premium price points.

Resources needed:
• Legal Counsel
• Sales Lead
• Standard LOI Template",4/1/2028,4/16/2028,0,71e38f1d-1f0d-474d-8636-36d7d0149b9a,PlanExe
14438a32-7989-4281-a341-f5e1e05a59a4,Hire and train facility manager and local operational staff,,4/16/2028,6/30/2028,0,71e38f1d-1f0d-474d-8636-36d7d0149b9a,PlanExe
f66b7441-b69b-41ce-af5e-5b5f3eb9eb88,Identify RAS talent sources,"Identify RAS talent sources

Description:
Research and identify potential sources for hiring skilled RAS professionals, including universities, industry networks, and online platforms.

Resources needed:
• Recruitment team
• Industry contacts
• Online job platforms",4/16/2028,5/1/2028,0,14438a32-7989-4281-a341-f5e1e05a59a4,PlanExe
8bc7a83d-c61b-4f69-bd88-5d99587240a6,Develop job descriptions,"Develop job descriptions

Description:
Create detailed job descriptions for the facility manager and operational staff roles, highlighting required skills and experience in RAS and aquaculture.

Resources needed:
• HR specialist
• Aquaculture consultant",5/1/2028,5/16/2028,0,f66b7441-b69b-41ce-af5e-5b5f3eb9eb88,PlanExe
29560036-44e2-457c-a859-9ab11f038854,Advertise job openings,"Advertise job openings

Description:
Post job listings on relevant platforms, including university job boards, industry-specific websites, and local employment agencies.

Resources needed:
• Marketing team
• University partnerships
• Online job boards",5/16/2028,5/31/2028,0,8bc7a83d-c61b-4f69-bd88-5d99587240a6,PlanExe
c744e5c7-36ba-49c9-963a-8e5dde506407,Conduct candidate interviews,"Conduct candidate interviews

Description:
Schedule and conduct interviews with potential candidates, assessing their technical skills, experience, and cultural fit for the organization.

Resources needed:
• Hiring manager
• Technical experts
• Interview rooms",5/31/2028,6/15/2028,0,29560036-44e2-457c-a859-9ab11f038854,PlanExe
6c684654-4eb1-4d55-90fe-313991e4a1f4,Onboard and train new staff,"Onboard and train new staff

Description:
Plan and execute an onboarding program for new hires, including training on RAS systems, facility operations, and biosecurity protocols.

Resources needed:
• Training materials
• RAS technicians
• Training facilities",6/15/2028,6/30/2028,0,14438a32-7989-4281-a341-f5e1e05a59a4,PlanExe
7953dd5c-734a-460d-8b6d-91702df520b8,Implement biosecurity and quarantine protocols,,6/30/2028,8/1/2028,0,14438a32-7989-4281-a341-f5e1e05a59a4,PlanExe
3e336817-7cce-42dc-967e-b8f423267b7d,Design biosecurity zones and workflows,"Design biosecurity zones and workflows

Description:
Define physical boundaries for 'clean' and 'dirty' zones within the facility. Establish mandatory footbath stations, PPE requirements, and restricted access points to prevent pathogen entry.

Resources needed:
• Biosecurity consultant
• Facility floor plans
• Facility Manager",6/30/2028,7/8/2028,0,7953dd5c-734a-460d-8b6d-91702df520b8,PlanExe
07d9dd83-4356-40c8-89cd-aa591dca0922,Procure sanitation and PPE supplies,"Procure sanitation and PPE supplies

Description:
Source and purchase industrial-grade disinfectants, footbaths, specialized footwear, and protective clothing. Ensure a 90-day lead time for specialized aquaculture sanitation chemicals.

Resources needed:
• Procurement officer
• Sanitation equipment vendors
• Budget for supplies",7/8/2028,7/16/2028,0,3e336817-7cce-42dc-967e-b8f423267b7d,PlanExe
a98cfea0-cf49-44c0-96af-e6617d043ff4,Draft Standard Operating Procedures,"Draft Standard Operating Procedures

Description:
Create detailed written manuals for daily disinfection, visitor logging, equipment sterilization, and emergency disease response protocols.

Resources needed:
• Aquatic Biologist
• Technical writer
• USDA APHIS guidelines",7/16/2028,7/24/2028,0,07d9dd83-4356-40c8-89cd-aa591dca0922,PlanExe
040ae5b9-2c35-480d-8b7f-95ac867a7115,Train staff on biosecurity compliance,"Train staff on biosecurity compliance

Description:
Conduct hands-on training sessions for all operational staff to ensure strict adherence to quarantine and sanitation protocols. Perform drills for pathogen containment.

Resources needed:
• Facility Manager
• Operational staff
• Training manuals",7/24/2028,8/1/2028,0,7953dd5c-734a-460d-8b6d-91702df520b8,PlanExe
eea9822a-6647-4932-8732-09ee5a2ee17e,Execute first commercial harvest and direct-to-consumer distribution,,8/1/2028,8/6/2028,0,b1a9543f-f248-42e3-859b-cee5032a19ba,PlanExe
366839cf-b30d-4732-a57c-1b4ec888d141,Prepare harvest equipment,"Prepare harvest equipment

Description:
Ensure all equipment, including oxygenated transport tanks and weight sampling tools, is operational and ready for the first commercial harvest.

Resources needed:
• Harvest crew
• Transport tanks
• Weight sampling tools
• Maintenance tools",8/1/2028,8/2/2028,0,eea9822a-6647-4932-8732-09ee5a2ee17e,PlanExe
39f0656e-3147-4d47-9e27-e09b840867f2,Conduct pre-harvest inspection,"Conduct pre-harvest inspection

Description:
Perform a thorough inspection of the facility and equipment to identify and address any potential issues before the harvest begins.

Resources needed:
• Facility manager
• Inspection checklist
• Maintenance team",8/2/2028,8/3/2028,0,366839cf-b30d-4732-a57c-1b4ec888d141,PlanExe
8d5aab1a-1480-40c9-a53d-968a61d49b70,Execute dry run of harvest process,"Execute dry run of harvest process

Description:
Conduct a mock harvest to test the logistics, equipment, and workflow, ensuring everything is in place for a smooth commercial harvest.

Resources needed:
• Harvest crew
• Transport tanks
• Facility manager
• Logistics coordinator",8/3/2028,8/4/2028,0,39f0656e-3147-4d47-9e27-e09b840867f2,PlanExe
6abd9c56-2c95-4257-8990-8740265457e7,Harvest and pack shrimp,"Harvest and pack shrimp

Description:
Carry out the actual harvest, ensuring shrimp are carefully collected, sorted, and packed according to quality and size specifications.

Resources needed:
• Harvest crew
• Sorting equipment
• Packing materials
• Quality control personnel",8/4/2028,8/5/2028,0,8d5aab1a-1480-40c9-a53d-968a61d49b70,PlanExe
806c13b1-8442-4742-9064-8f0d0fbe7c30,Distribute shrimp to consumers,"Distribute shrimp to consumers

Description:
Organize and manage the logistics of delivering the harvested shrimp to direct-to-consumer channels and regional high-end restaurants.

Resources needed:
• Logistics team
• Delivery vehicles
• Customer service personnel
• Tracking system",8/5/2028,8/6/2028,0,eea9822a-6647-4932-8732-09ee5a2ee17e,PlanExe
