[
  {
    "lever_id": "7739b29c-225a-41d5-ae3f-543d98f372cb",
    "name": "Robot Sourcing Strategy",
    "consequences": "Choosing advanced robots impacts initial costs and maintenance. Immediate: Higher upfront costs. \u2192 Systemic: 30% increase in operational efficiency due to reduced downtime. \u2192 Strategic: Faster ROI and improved long-term profitability, but increased initial capital risk.",
    "options": [
      "Prioritize cost-effective, commercially available robots with basic functionality and extensive customization.",
      "Balance cost with performance by selecting mid-range robots offering a mix of pre-built capabilities and customization options.",
      "Invest in cutting-edge humanoid robots with advanced AI and physical dexterity, accepting higher initial costs for superior realism and guest interaction."
    ],
    "review": "Controls Cost vs. Realism. Weakness: The options don't explicitly address the trade-off between robot reliability and advanced features."
  },
  {
    "lever_id": "044a2b77-b751-4b57-bcdb-a2ad8ce870ae",
    "name": "Narrative Complexity Strategy",
    "consequences": "The depth of the narrative impacts development time and guest engagement. Immediate: Longer development cycles. \u2192 Systemic: 15% higher guest satisfaction scores due to richer experiences. \u2192 Strategic: Stronger brand reputation and repeat visitation, balanced against increased initial development costs and complexity.",
    "options": [
      "Implement a linear narrative with limited branching paths and pre-scripted robot interactions.",
      "Develop a branching narrative with multiple storylines and dynamic robot responses based on guest choices.",
      "Create an emergent narrative where robot behavior and storylines evolve organically based on guest interactions and AI-driven improvisation."
    ],
    "review": "Controls Development Cost vs. Guest Engagement. Weakness: The options fail to consider the impact of narrative complexity on robot maintenance and repair schedules."
  },
  {
    "lever_id": "e0a93c07-11a3-4750-9eaf-54c94e0f0843",
    "name": "Regulatory Engagement Strategy",
    "consequences": "Proactive regulatory engagement affects approval timelines and operational flexibility. Immediate: Increased upfront legal costs. \u2192 Systemic: 20% faster regulatory approval process and fewer operational restrictions. \u2192 Strategic: Reduced time-to-market and greater freedom to innovate, offset by higher initial compliance expenses.",
    "options": [
      "Adopt a reactive approach, addressing regulatory requirements as they arise during development and testing.",
      "Engage with regulatory bodies early in the project to understand requirements and proactively address potential concerns.",
      "Collaborate with regulatory agencies to co-develop safety standards and guidelines for humanoid robot deployment in entertainment environments."
    ],
    "review": "Controls Compliance Cost vs. Operational Flexibility. Weakness: The options don't address the potential for negative publicity from regulatory scrutiny."
  },
  {
    "lever_id": "02003fdf-87ee-4025-bb9a-73b939a1c5a0",
    "name": "Risk Mitigation Strategy",
    "consequences": "The level of risk mitigation impacts insurance costs and guest safety. Immediate: Higher insurance premiums. \u2192 Systemic: 99.99% reduction in potential safety incidents. \u2192 Strategic: Enhanced brand trust and reduced liability exposure, balanced against increased operational overhead and potential for over-regulation.",
    "options": [
      "Implement basic safety protocols and rely on standard liability insurance coverage.",
      "Develop comprehensive safety protocols, conduct regular risk assessments, and secure specialized robot liability insurance.",
      "Integrate advanced sensor technology and AI-driven monitoring systems to proactively detect and prevent safety incidents, coupled with comprehensive insurance and emergency response plans."
    ],
    "review": "Controls Insurance Cost vs. Guest Safety. Weakness: The options don't consider the impact of risk mitigation strategies on the guest experience (e.g., overly restrictive safety measures)."
  },
  {
    "lever_id": "cb3b58a2-6985-49f8-9ab9-da31345f158c",
    "name": "Guest Experience Strategy",
    "consequences": "The focus on guest experience impacts operational costs and repeat visitation. Immediate: Higher staffing costs for personalized service. \u2192 Systemic: 40% increase in repeat visitor rate due to exceptional experiences. \u2192 Strategic: Stronger customer loyalty and word-of-mouth marketing, balanced against increased operational expenses and potential for service bottlenecks.",
    "options": [
      "Provide a standardized guest experience with minimal personalization and limited interaction with robot hosts.",
      "Offer a personalized guest experience with tailored narrative paths and customized robot interactions based on guest preferences.",
      "Empower guests to co-create their own narratives and experiences through direct interaction with AI-driven robot hosts and real-time feedback mechanisms."
    ],
    "review": "Controls Staffing Cost vs. Guest Loyalty. Weakness: The options fail to address the potential for negative guest experiences due to robot malfunctions or AI errors."
  },
  {
    "lever_id": "bcff69dd-6cac-4f0d-a470-b06b83046ec8",
    "name": "Regulatory Engagement Strategy",
    "consequences": "Proactive engagement shapes favorable standards but delays launch. Immediate: Increased compliance costs \u2192 Systemic: Reduced regulatory uncertainty \u2192 Strategic: Enhanced long-term operational freedom, but potentially delayed market entry.",
    "options": [
      "Reactive Compliance: Address regulations as they arise, minimizing upfront costs.",
      "Collaborative Shaping: Engage with regulators to influence standards, balancing cost and control.",
      "Proactive Advocacy: Champion new regulatory frameworks for entertainment robotics, potentially delaying launch but securing a competitive advantage."
    ],
    "review": "Controls Cost vs. Control. Weakness: The options don't consider the potential for public backlash against perceived regulatory capture."
  },
  {
    "lever_id": "18abbf78-84a5-4c5b-b7dc-d3f532806767",
    "name": "Robot Interaction Protocol",
    "consequences": "Interaction protocols impact guest safety and immersion. Immediate: Constrained robot behavior \u2192 Systemic: Reduced liability risk, but potentially diminished guest experience \u2192 Strategic: Balancing safety and entertainment value to achieve target NPS.",
    "options": [
      "Strict Guardrails: Implement extensive limitations on robot-guest interaction, prioritizing safety.",
      "Adaptive Boundaries: Use AI to dynamically adjust interaction limits based on guest behavior and risk assessment.",
      "Unrestricted Engagement: Allow near-full physical and verbal interaction, accepting higher risk and liability."
    ],
    "review": "Controls Safety vs. Immersion. Weakness: The options fail to account for cultural differences in personal space and acceptable interaction levels."
  },
  {
    "lever_id": "21ce4e75-1b5b-4a83-8f7a-adb97f1a5552",
    "name": "Narrative Complexity Strategy",
    "consequences": "Narrative complexity affects AI development costs and guest engagement. Immediate: Simplified storylines \u2192 Systemic: Reduced AI development overhead \u2192 Strategic: Lower initial investment, but potentially limited long-term appeal and repeat visits.",
    "options": [
      "Linear Storylines: Implement pre-scripted narratives with minimal branching, minimizing AI complexity.",
      "Branching Narratives: Offer multiple story paths based on guest choices, increasing engagement.",
      "Emergent Storytelling: Utilize AI to generate dynamic narratives based on real-time guest interactions, maximizing immersion but increasing development risk."
    ],
    "review": "Controls Cost vs. Immersion. Weakness: The options don't address the potential for narrative fatigue or the need for ongoing content updates."
  },
  {
    "lever_id": "59b35d7d-a6aa-4bf9-983a-b9d4c1ca5db6",
    "name": "Robot Customization Depth",
    "consequences": "Customization depth impacts realism and cost. Immediate: Limited aesthetic modifications \u2192 Systemic: Reduced capital expenditure \u2192 Strategic: Lower initial investment, but potentially diminished guest immersion and brand differentiation.",
    "options": [
      "Minimal Customization: Utilize off-the-shelf robots with basic cosmetic enhancements, minimizing costs.",
      "Partial Customization: Modify robot appearance and behavior to fit the theme, balancing cost and realism.",
      "Extensive Customization: Develop bespoke robot designs with advanced animatronics and expressive capabilities, maximizing realism but increasing costs."
    ],
    "review": "Controls Cost vs. Realism. Weakness: The options don't consider the impact of robot maintenance and repair on long-term operational costs."
  },
  {
    "lever_id": "03e850b7-8ce5-4ccd-8718-ec905895d3dc",
    "name": "Talent Acquisition Strategy",
    "consequences": "Talent strategy impacts innovation and operational efficiency. Immediate: Reliance on generalists \u2192 Systemic: Reduced specialization and innovation \u2192 Strategic: Lower initial labor costs, but potentially compromised long-term competitiveness and operational excellence.",
    "options": [
      "Generalist Hiring: Recruit staff with broad skill sets, minimizing specialization costs.",
      "Hybrid Teams: Combine generalists with specialized consultants, balancing cost and expertise.",
      "Specialized Recruitment: Build dedicated teams with deep expertise in robotics, AI, and entertainment, maximizing innovation and operational efficiency."
    ],
    "review": "Controls Cost vs. Expertise. Weakness: The options fail to address the cultural nuances of hiring and retaining talent in the Japanese market."
  },
  {
    "lever_id": "c842f4bd-6ffb-40e1-b0ee-3855871c95df",
    "name": "Regulatory Engagement Strategy",
    "consequences": "Proactive regulatory engagement impacts long-term viability. Immediate: Early consultation with regulators \u2192 Systemic: Reduced risk of non-compliance and delays \u2192 Strategic: Enhanced investor confidence and faster path to commercialization.",
    "options": [
      "Reactive Compliance: Address regulatory requirements as they arise during development.",
      "Proactive Consultation: Engage with regulatory bodies early to understand requirements and shape the project accordingly.",
      "Collaborative Development: Partner with regulators to co-develop safety standards and guidelines for entertainment robotics."
    ],
    "review": "Controls Cost vs. Compliance. Weakness: The options don't address the potential for conflicting regulations across different agencies."
  },
  {
    "lever_id": "6f35171e-892d-4ba5-84c5-436b71580df7",
    "name": "Robot Interaction Protocol",
    "consequences": "Robot-guest interaction protocols directly affect safety and immersion. Immediate: Defined interaction parameters \u2192 Systemic: Minimized risk of injury and enhanced guest comfort \u2192 Strategic: Positive brand perception and repeat visitation.",
    "options": [
      "Restricted Interaction: Robots maintain a safe distance and primarily deliver pre-scripted content.",
      "Guided Interaction: Robots engage in limited physical interaction with clear boundaries and staff oversight.",
      "Unscripted Interaction: Robots allow for free-form interaction, leveraging advanced AI for real-time risk assessment and intervention."
    ],
    "review": "Controls Safety vs. Immersion. Weakness: The options fail to consider the cultural nuances of personal space in Japan."
  },
  {
    "lever_id": "86b47bd3-24e5-4250-9733-cb8f32e9ea6d",
    "name": "Thematic Authenticity Approach",
    "consequences": "Thematic authenticity impacts guest immersion and cultural sensitivity. Immediate: Design choices reflecting cultural understanding \u2192 Systemic: Enhanced guest satisfaction and positive cultural representation \u2192 Strategic: Stronger brand reputation and market appeal.",
    "options": [
      "Surface-Level Theming: Focus on visual aesthetics without deep cultural integration.",
      "Contextual Immersion: Incorporate cultural elements and historical accuracy into narrative and design.",
      "Co-Creative Design: Collaborate with cultural experts and community members to ensure authentic and respectful representation."
    ],
    "review": "Controls Cost vs. Authenticity. Weakness: The options don't address the potential for cultural appropriation."
  },
  {
    "lever_id": "47ca5fc6-55ea-446a-8331-fed25c4dadd2",
    "name": "Narrative Complexity Strategy",
    "consequences": "Narrative complexity affects guest engagement and operational overhead. Immediate: Level of narrative branching \u2192 Systemic: Guest satisfaction and robot maintenance complexity \u2192 Strategic: Long-term content scalability and operational efficiency.",
    "options": [
      "Linear Narrative: A single, pre-defined storyline with minimal branching.",
      "Branching Narrative: Multiple storylines with guest choices influencing the outcome.",
      "Emergent Narrative: AI-driven storylines that dynamically adapt to guest interactions and environmental factors."
    ],
    "review": "Controls Engagement vs. Scalability. Weakness: The options don't consider the impact of narrative complexity on robot maintenance and repair schedules."
  },
  {
    "lever_id": "a5874534-6ba1-47aa-bba3-74ce9bda08bf",
    "name": "Robot Sourcing Model",
    "consequences": "Robot sourcing impacts cost, customization, and long-term maintenance. Immediate: Robot platform selection \u2192 Systemic: Development costs and maintenance overhead \u2192 Strategic: Technological differentiation and competitive advantage.",
    "options": [
      "Off-the-Shelf Integration: Utilize existing commercial robots with minimal customization.",
      "Hybrid Customization: Modify existing robots with custom skin, costuming, and animatronics.",
      "Bespoke Development: Design and build custom robots from the ground up, tailored to specific requirements."
    ],
    "review": "Controls Cost vs. Differentiation. Weakness: The options fail to consider the long-term availability of spare parts and technical support for each sourcing model."
  }
]