[
  {
    "id": 1,
    "category": "Robotics Integration Lead",
    "explanation": "This role is crucial for selecting, customizing, and integrating the humanoid robots into the theme park environment. They ensure the robots meet performance and safety standards.",
    "consequences": "Significant delays in robot deployment, increased costs due to integration issues, and potential safety hazards.",
    "count": "min 2, max 4, depending on the number of robot platforms selected and the complexity of the customization required.",
    "contract_type": "full_time_employee",
    "contract_type_justification": "Robotics Integration Lead requires deep involvement throughout the project lifecycle, from platform selection to ongoing integration and troubleshooting. Full-time ensures dedicated focus and availability."
  },
  {
    "id": 2,
    "category": "AI Narrative Architect",
    "explanation": "This role designs and implements the AI narrative engine that drives robot interactions and storylines. They ensure the AI is engaging, responsive, and safe for guests.",
    "consequences": "A lackluster guest experience, limited robot interaction capabilities, and potential for AI-driven safety incidents.",
    "count": "min 2, max 3, depending on the desired narrative complexity and the level of AI sophistication.",
    "contract_type": "full_time_employee",
    "contract_type_justification": "AI Narrative Architect needs to be deeply embedded in the project to develop and refine the AI narrative engine. Full-time ensures consistent focus and collaboration with the robotics and guest experience teams."
  },
  {
    "id": 3,
    "category": "Japanese Regulatory Compliance Specialist",
    "explanation": "This role navigates the complex regulatory landscape in Japan, securing necessary permits and ensuring compliance with robot safety standards. They mitigate legal and financial risks.",
    "consequences": "Project delays, legal liabilities, and potential shutdown due to non-compliance with Japanese regulations.",
    "count": "1",
    "contract_type": "independent_contractor",
    "contract_type_justification": "Japanese Regulatory Compliance Specialist benefits from specialized expertise in Japanese regulations. An independent contractor provides flexibility and access to specific knowledge without long-term employment commitments."
  },
  {
    "id": 4,
    "category": "Guest Experience Director",
    "explanation": "This role designs and oversees the overall guest experience, ensuring it is immersive, engaging, and safe. They focus on maximizing guest satisfaction and driving repeat visits.",
    "consequences": "A poor guest experience, negative word-of-mouth, and reduced visitor demand.",
    "count": "1",
    "contract_type": "full_time_employee",
    "contract_type_justification": "Guest Experience Director requires a dedicated, long-term commitment to shaping and overseeing the guest experience. Full-time ensures consistent focus and alignment with the project's goals."
  },
  {
    "id": 5,
    "category": "Risk and Safety Manager",
    "explanation": "This role identifies and mitigates potential safety risks associated with robot-guest interactions. They develop safety protocols, conduct risk assessments, and ensure staff are properly trained.",
    "consequences": "Increased risk of safety incidents, potential injuries to guests or staff, and legal liabilities.",
    "count": "1",
    "contract_type": "full_time_employee",
    "contract_type_justification": "Risk and Safety Manager needs to be fully integrated into the project to identify and mitigate safety risks. Full-time ensures consistent focus and availability for safety-related tasks."
  },
  {
    "id": 6,
    "category": "Thematic Authenticity Consultant",
    "explanation": "This role ensures the cultural accuracy and sensitivity of the themed zones, avoiding cultural appropriation and creating a respectful environment for guests.",
    "consequences": "Cultural insensitivity, negative public perception, and potential damage to the project's reputation.",
    "count": "min 1, max 2, depending on the depth of cultural research and consultation required.",
    "contract_type": "independent_contractor",
    "contract_type_justification": "Thematic Authenticity Consultant requires specialized knowledge of Japanese culture. An independent contractor provides access to this expertise without a long-term employment commitment."
  },
  {
    "id": 7,
    "category": "Robot Maintenance Technician Team Lead",
    "explanation": "This role leads a team responsible for the ongoing maintenance, repair, and troubleshooting of the humanoid robots. They ensure the robots are operational and safe for guest interaction.",
    "consequences": "Robot downtime, increased operational costs, and a degraded guest experience due to malfunctioning robots.",
    "count": "min 2, max 3, depending on the number of robots and the complexity of their maintenance requirements.",
    "contract_type": "full_time_employee",
    "contract_type_justification": "Robot Maintenance Technician Team Lead requires a dedicated team to ensure the robots are operational. Full-time ensures consistent focus and availability for maintenance-related tasks."
  },
  {
    "id": 8,
    "category": "Data Security and Privacy Officer",
    "explanation": "This role is responsible for ensuring the security and privacy of guest data collected during interactions with the robots. They implement data anonymization protocols, secure data storage systems, and data governance policies.",
    "consequences": "Data breaches, privacy violations, legal liabilities, and damage to the project's reputation.",
    "count": "1",
    "contract_type": "full_time_employee",
    "contract_type_justification": "Data Security and Privacy Officer requires a dedicated, long-term commitment to ensuring the security and privacy of guest data. Full-time ensures consistent focus and alignment with the project's goals."
  }
]