[
  {
    "id": 1,
    "category": "Robotics Integration Lead",
    "explanation": "This role is crucial for selecting, customizing, and integrating the humanoid robots into the theme park environment. They ensure the robots meet performance and safety standards.",
    "consequences": "Significant delays in robot deployment, increased costs due to integration issues, and potential safety hazards.",
    "count": "min 2, max 4, depending on the number of robot platforms selected and the complexity of the customization required.",
    "contract_type": "full_time_employee",
    "contract_type_justification": "Robotics Integration Lead requires deep involvement throughout the project lifecycle, from platform selection to ongoing integration and troubleshooting. Full-time ensures dedicated focus and availability.",
    "typical_job_activities": "Selecting appropriate robot platforms, customizing robots with skins, costumes, and animatronics, integrating robots into the theme park environment, ensuring robots meet performance and safety standards, troubleshooting integration issues, and managing a team of robotics technicians.",
    "background_story": "Kenji Tanaka, born and raised in Osaka, has always been fascinated by robotics. He earned a Master's degree in Robotics Engineering from Osaka University, specializing in mechatronics and control systems. Before joining this project, Kenji spent five years at Kawasaki Robotics, where he led a team responsible for integrating robotic arms into automotive assembly lines. He's deeply familiar with various robot platforms and has hands-on experience in customization and integration. Kenji's expertise in Japanese robotics and his proven track record in industrial automation make him an ideal Robotics Integration Lead.",
    "equipment_needs": "High-performance computer, robotics simulation software, robot development kits, testing platforms, diagnostic tools, oscilloscope, soldering station, 3D printer, access to robot component suppliers, VR/AR equipment for remote robot control and monitoring.",
    "facility_needs": "Robotics lab with testing area, secure robot storage, electronics workbench, access to machine shop, meeting room for team collaboration, high-bandwidth internet access."
  },
  {
    "id": 2,
    "category": "AI Narrative Architect",
    "explanation": "This role designs and implements the AI narrative engine that drives robot interactions and storylines. They ensure the AI is engaging, responsive, and safe for guests.",
    "consequences": "A lackluster guest experience, limited robot interaction capabilities, and potential for AI-driven safety incidents.",
    "count": "min 2, max 3, depending on the desired narrative complexity and the level of AI sophistication.",
    "contract_type": "full_time_employee",
    "contract_type_justification": "AI Narrative Architect needs to be deeply embedded in the project to develop and refine the AI narrative engine. Full-time ensures consistent focus and collaboration with the robotics and guest experience teams.",
    "typical_job_activities": "Designing and implementing the AI narrative engine, developing storylines and dialogue for robot interactions, training AI models to respond to guest interactions, ensuring the AI is engaging, responsive, and safe, collaborating with the robotics and guest experience teams, and monitoring AI performance.",
    "background_story": "Aisha Khan, originally from Mumbai, India, moved to Tokyo after completing her Ph.D. in Artificial Intelligence at the University of Tokyo. Her dissertation focused on natural language processing and emotional AI. Before this project, Aisha worked at Sony AI, developing conversational AI for entertainment robots. She's skilled in Python, TensorFlow, and various machine learning frameworks. Aisha's deep understanding of AI and her experience in developing AI for entertainment make her an ideal AI Narrative Architect.",
    "equipment_needs": "High-performance computer with GPU, AI/ML software libraries (TensorFlow, PyTorch), cloud computing resources (AWS, Azure, GCP), large language models, data storage, microphone, speaker, VR/AR equipment for testing AI interactions.",
    "facility_needs": "Quiet office space, access to meeting rooms, high-bandwidth internet access, secure data storage, collaboration tools (Slack, Teams)."
  },
  {
    "id": 3,
    "category": "Japanese Regulatory Compliance Specialist",
    "explanation": "This role navigates the complex regulatory landscape in Japan, securing necessary permits and ensuring compliance with robot safety standards. They mitigate legal and financial risks.",
    "consequences": "Project delays, legal liabilities, and potential shutdown due to non-compliance with Japanese regulations.",
    "count": "1",
    "contract_type": "independent_contractor",
    "contract_type_justification": "Japanese Regulatory Compliance Specialist benefits from specialized expertise in Japanese regulations. An independent contractor provides flexibility and access to specific knowledge without long-term employment commitments.",
    "typical_job_activities": "Navigating the complex regulatory landscape in Japan, securing necessary permits and licenses, ensuring compliance with robot safety standards (ISO 13482, ISO 10218, METI guidelines), conducting risk assessments, advising on legal and financial risks, and liaising with Japanese regulatory bodies.",
    "background_story": "Hiroshi Sato, a native of Tokyo, is a seasoned legal professional specializing in Japanese regulatory compliance. He holds a law degree from Keio University and has over 15 years of experience advising companies on regulatory matters in Japan. Before becoming an independent consultant, Hiroshi worked at a top-tier law firm in Tokyo, where he specialized in robot safety regulations and intellectual property law. His deep understanding of Japanese law and his experience in the robotics industry make him an invaluable Japanese Regulatory Compliance Specialist.",
    "equipment_needs": "Legal research databases (Westlaw Japan, LexisNexis), regulatory compliance software, secure communication channels with regulatory bodies, document management system.",
    "facility_needs": "Secure office space, access to legal library, high-speed internet access, confidential communication lines, meeting room for client consultations."
  },
  {
    "id": 4,
    "category": "Guest Experience Director",
    "explanation": "This role designs and oversees the overall guest experience, ensuring it is immersive, engaging, and safe. They focus on maximizing guest satisfaction and driving repeat visits.",
    "consequences": "A poor guest experience, negative word-of-mouth, and reduced visitor demand.",
    "count": "1",
    "contract_type": "full_time_employee",
    "contract_type_justification": "Guest Experience Director requires a dedicated, long-term commitment to shaping and overseeing the guest experience. Full-time ensures consistent focus and alignment with the project's goals.",
    "typical_job_activities": "Designing and overseeing the overall guest experience, ensuring it is immersive, engaging, and safe, developing guest journey maps, creating themed environments, training staff on guest interaction protocols, monitoring guest satisfaction, and driving repeat visits.",
    "background_story": "Emily Carter, originally from Orlando, Florida, has spent her entire career in the hospitality and entertainment industry. After graduating from the University of Central Florida with a degree in Hospitality Management, she worked at Disney World for 10 years, rising through the ranks to become a Senior Manager of Guest Experience. Emily moved to Japan five years ago and has since worked as a consultant for several theme parks and resorts. Her extensive experience in creating immersive and engaging guest experiences makes her an ideal Guest Experience Director.",
    "equipment_needs": "Guest experience analytics software, survey tools, VR/AR equipment for simulating guest experiences, presentation software, communication tools (CRM), access to guest feedback platforms.",
    "facility_needs": "Office space, access to guest feedback data, meeting room for brainstorming and planning, access to theme park design mockups, high-speed internet access."
  },
  {
    "id": 5,
    "category": "Risk and Safety Manager",
    "explanation": "This role identifies and mitigates potential safety risks associated with robot-guest interactions. They develop safety protocols, conduct risk assessments, and ensure staff are properly trained.",
    "consequences": "Increased risk of safety incidents, potential injuries to guests or staff, and legal liabilities.",
    "count": "1",
    "contract_type": "full_time_employee",
    "contract_type_justification": "Risk and Safety Manager needs to be fully integrated into the project to identify and mitigate safety risks. Full-time ensures consistent focus and availability for safety-related tasks.",
    "typical_job_activities": "Identifying and mitigating potential safety risks associated with robot-guest interactions, developing safety protocols, conducting risk assessments, ensuring staff are properly trained, implementing emergency response plans, monitoring safety performance, and investigating safety incidents.",
    "background_story": "David Lee, born in Seoul, South Korea, has a background in safety engineering and risk management. He holds a Master's degree in Safety Engineering from the University of California, Berkeley, and is a certified Safety Professional (CSP). Before joining this project, David worked at Samsung Engineering, where he was responsible for identifying and mitigating safety risks in large-scale construction projects. He moved to Japan five years ago and has since worked as a consultant for several manufacturing companies. David's expertise in safety engineering and risk management makes him an ideal Risk and Safety Manager.",
    "equipment_needs": "Risk assessment software, safety monitoring equipment (sensors, cameras), incident reporting system, personal protective equipment (PPE), safety training materials, access to safety standards databases.",
    "facility_needs": "Office space, access to safety data, meeting room for risk assessment meetings, access to theme park blueprints, high-speed internet access."
  },
  {
    "id": 6,
    "category": "Thematic Authenticity Consultant",
    "explanation": "This role ensures the cultural accuracy and sensitivity of the themed zones, avoiding cultural appropriation and creating a respectful environment for guests.",
    "consequences": "Cultural insensitivity, negative public perception, and potential damage to the project's reputation.",
    "count": "min 1, max 2, depending on the depth of cultural research and consultation required.",
    "contract_type": "independent_contractor",
    "contract_type_justification": "Thematic Authenticity Consultant requires specialized knowledge of Japanese culture. An independent contractor provides access to this expertise without a long-term employment commitment.",
    "typical_job_activities": "Ensuring the cultural accuracy and sensitivity of the themed zones, conducting cultural research, advising on historical accuracy, avoiding cultural appropriation, creating a respectful environment for guests, and consulting with cultural experts.",
    "background_story": "Akari Nakamura, a Kyoto native, is a renowned cultural anthropologist specializing in Japanese history and traditions. She holds a Ph.D. in Cultural Anthropology from Kyoto University and has published several books on Japanese culture. Before becoming an independent consultant, Akari worked as a curator at the Kyoto National Museum, where she was responsible for preserving and interpreting Japanese cultural artifacts. Her deep knowledge of Japanese culture and her experience in cultural preservation make her an invaluable Thematic Authenticity Consultant.",
    "equipment_needs": "Cultural research databases, access to cultural experts and consultants, translation software, presentation software, travel budget for site visits and cultural immersion.",
    "facility_needs": "Office space, access to cultural research materials, meeting room for consultations, high-speed internet access."
  },
  {
    "id": 7,
    "category": "Robot Maintenance Technician Team Lead",
    "explanation": "This role leads a team responsible for the ongoing maintenance, repair, and troubleshooting of the humanoid robots. They ensure the robots are operational and safe for guest interaction.",
    "consequences": "Robot downtime, increased operational costs, and a degraded guest experience due to malfunctioning robots.",
    "count": "min 2, max 3, depending on the number of robots and the complexity of their maintenance requirements.",
    "contract_type": "full_time_employee",
    "contract_type_justification": "Robot Maintenance Technician Team Lead requires a dedicated team to ensure the robots are operational. Full-time ensures consistent focus and availability for maintenance-related tasks.",
    "typical_job_activities": "Leading a team responsible for the ongoing maintenance, repair, and troubleshooting of the humanoid robots, diagnosing and repairing mechanical, electrical, and software issues, ensuring the robots are operational and safe for guest interaction, developing maintenance schedules, and managing spare parts inventory.",
    "background_story": "Ricardo Rodriguez, originally from Mexico City, has always been passionate about robotics and mechanics. He earned an Associate's degree in Robotics Technology from a technical college in California and has over 10 years of experience in robot maintenance and repair. Before moving to Japan, Ricardo worked at a robotics repair shop in Los Angeles, where he specialized in servicing industrial robots. He's skilled in diagnosing and repairing mechanical, electrical, and software issues. Ricardo's hands-on experience and his passion for robotics make him an ideal Robot Maintenance Technician Team Lead.",
    "equipment_needs": "Robotics diagnostic tools, robot repair equipment, spare parts inventory, maintenance management software, remote monitoring system, oscilloscope, soldering station, multimeter.",
    "facility_needs": "Robot maintenance workshop, secure robot storage, electronics workbench, access to machine shop, high-speed internet access."
  },
  {
    "id": 8,
    "category": "Data Security and Privacy Officer",
    "explanation": "This role is responsible for ensuring the security and privacy of guest data collected during interactions with the robots. They implement data anonymization protocols, secure data storage systems, and data governance policies.",
    "consequences": "Data breaches, privacy violations, legal liabilities, and damage to the project's reputation.",
    "count": "1",
    "contract_type": "full_time_employee",
    "contract_type_justification": "Data Security and Privacy Officer requires a dedicated, long-term commitment to ensuring the security and privacy of guest data. Full-time ensures consistent focus and alignment with the project's goals.",
    "typical_job_activities": "Ensuring the security and privacy of guest data collected during interactions with the robots, implementing data anonymization protocols, securing data storage systems, developing data governance policies, conducting security audits, and responding to security incidents.",
    "background_story": "Mei Lin, born in Shanghai, China, has a strong background in cybersecurity and data privacy. She holds a Master's degree in Computer Science from Carnegie Mellon University, specializing in cybersecurity. Before joining this project, Mei worked at Google, where she was responsible for implementing data security and privacy protocols for cloud services. She's skilled in data anonymization, encryption, and access control. Mei's expertise in cybersecurity and data privacy makes her an ideal Data Security and Privacy Officer.",
    "equipment_needs": "Data security software, encryption tools, data anonymization software, security auditing tools, incident response system, data governance software, access to cybersecurity threat intelligence feeds.",
    "facility_needs": "Secure office space, access to data storage systems, security monitoring center, high-speed internet access, secure communication channels."
  }
]