[
  {
    "id": "10c5aff6-2766-4ed6-990a-19f09d648875",
    "document_name": "Project Charter",
    "description": "A formal document that authorizes the project, defines its objectives, identifies key stakeholders, and outlines high-level roles and responsibilities. This Project Charter is specific to the Immersive Entertainment Theme Park Prototype in Japan.",
    "responsible_role_type": "Project Manager",
    "document_template_primary": "PMI Project Charter Template",
    "document_template_secondary": null,
    "steps_to_create": [
      "Define project scope and objectives based on the goal statement.",
      "Identify key stakeholders and their roles.",
      "Outline high-level project deliverables and milestones.",
      "Establish project governance and decision-making processes.",
      "Obtain approval from key stakeholders."
    ],
    "approval_authorities": "Project Sponsor, CEO"
  },
  {
    "id": "f96348fa-84d6-4303-81a4-070a3d62277c",
    "document_name": "Risk Register",
    "description": "A comprehensive log of identified project risks, their potential impact, likelihood, and mitigation strategies. This Risk Register is specific to the Immersive Entertainment Theme Park Prototype in Japan.",
    "responsible_role_type": "Risk and Safety Manager",
    "document_template_primary": null,
    "document_template_secondary": null,
    "steps_to_create": [
      "Identify potential risks based on project scope and objectives.",
      "Assess the likelihood and impact of each risk.",
      "Develop mitigation strategies for high-priority risks.",
      "Assign risk owners and track mitigation progress.",
      "Regularly review and update the risk register."
    ],
    "approval_authorities": "Project Manager, Risk and Safety Manager"
  },
  {
    "id": "c62f376a-fb46-4776-af5d-3612a9ad0d46",
    "document_name": "High-Level Budget/Funding Framework",
    "description": "A high-level overview of the project budget, including funding sources and allocation across major project phases. This Budget/Funding Framework is specific to the Immersive Entertainment Theme Park Prototype in Japan.",
    "responsible_role_type": "Financial Analyst",
    "document_template_primary": null,
    "document_template_secondary": null,
    "steps_to_create": [
      "Estimate costs for each project phase.",
      "Identify potential funding sources.",
      "Allocate budget across major project phases.",
      "Establish budget tracking and reporting mechanisms.",
      "Obtain approval from key stakeholders."
    ],
    "approval_authorities": "Project Sponsor, CFO"
  },
  {
    "id": "5b4cbd5f-7002-4a3d-9946-5a41a90b7fb3",
    "document_name": "Initial High-Level Schedule/Timeline",
    "description": "A high-level timeline outlining major project milestones and their estimated completion dates. This Schedule/Timeline is specific to the Immersive Entertainment Theme Park Prototype in Japan.",
    "responsible_role_type": "Project Manager",
    "document_template_primary": "Gantt Chart Template",
    "document_template_secondary": null,
    "steps_to_create": [
      "Identify major project milestones.",
      "Estimate the duration of each milestone.",
      "Establish dependencies between milestones.",
      "Create a high-level timeline using a Gantt chart or similar tool.",
      "Obtain approval from key stakeholders."
    ],
    "approval_authorities": "Project Manager, Project Sponsor"
  },
  {
    "id": "ec82e86d-8eda-44e0-b96c-29a1a1ef6aed",
    "document_name": "Robot Sourcing Strategy Framework",
    "description": "A framework outlining the criteria and process for selecting and acquiring humanoid robots, balancing cost, functionality, and realism. This framework is specific to the Immersive Entertainment Theme Park Prototype in Japan.",
    "responsible_role_type": "Robotics Integration Lead",
    "document_template_primary": null,
    "document_template_secondary": null,
    "steps_to_create": [
      "Define minimum performance standards for locomotion and interaction.",
      "Establish desired level of aesthetic realism.",
      "Identify potential robot suppliers and platforms.",
      "Evaluate robot platforms based on cost, functionality, and realism.",
      "Develop a robot acquisition plan."
    ],
    "approval_authorities": "Robotics Integration Lead, Project Manager"
  },
  {
    "id": "53a9ace0-4f47-415d-a2aa-2938c9e8e070",
    "document_name": "Risk Mitigation Strategy Plan",
    "description": "A plan outlining the approach to safety and liability, including investment in safety protocols, monitoring systems, and insurance coverage. This plan is specific to the Immersive Entertainment Theme Park Prototype in Japan.",
    "responsible_role_type": "Risk and Safety Manager",
    "document_template_primary": null,
    "document_template_secondary": null,
    "steps_to_create": [
      "Identify potential safety hazards and risks.",
      "Develop comprehensive safety protocols and procedures.",
      "Establish monitoring systems and emergency response plans.",
      "Secure specialized robot liability insurance.",
      "Implement a safety training program for staff."
    ],
    "approval_authorities": "Risk and Safety Manager, Project Manager"
  },
  {
    "id": "37ddbece-e9be-4619-9b1a-a68199f0059f",
    "document_name": "Regulatory Engagement Strategy Plan",
    "description": "A plan outlining the approach to interacting with Japanese regulatory bodies to secure necessary permits and certifications. This plan is specific to the Immersive Entertainment Theme Park Prototype in Japan.",
    "responsible_role_type": "Japanese Regulatory Compliance Specialist",
    "document_template_primary": null,
    "document_template_secondary": null,
    "steps_to_create": [
      "Identify relevant Japanese regulatory bodies and requirements.",
      "Establish communication channels with regulatory bodies.",
      "Develop a proactive engagement strategy.",
      "Prepare necessary documentation for permit applications.",
      "Monitor regulatory changes and updates."
    ],
    "approval_authorities": "Japanese Regulatory Compliance Specialist, Project Manager"
  },
  {
    "id": "0edc6618-ac6d-4705-9c8a-219431e3883b",
    "document_name": "Robot Interaction Protocol Framework",
    "description": "A framework defining the permissible range of interactions between robots and guests, balancing immersion with safety. This framework is specific to the Immersive Entertainment Theme Park Prototype in Japan.",
    "responsible_role_type": "Guest Experience Director",
    "document_template_primary": null,
    "document_template_secondary": null,
    "steps_to_create": [
      "Define safe interaction parameters.",
      "Establish guidelines for physical contact and conversational freedom.",
      "Determine the level of autonomous decision-making allowed for robots.",
      "Develop a monitoring system for robot-guest interactions.",
      "Implement a training program for staff on robot interaction protocols."
    ],
    "approval_authorities": "Guest Experience Director, Project Manager"
  },
  {
    "id": "932fab4b-7565-49e8-a239-abbb76cad2ff",
    "document_name": "Narrative Complexity Strategy Plan",
    "description": "A plan defining the depth and breadth of the storylines within the theme park, including branching, guest agency, and AI-driven adaptation. This plan is specific to the Immersive Entertainment Theme Park Prototype in Japan.",
    "responsible_role_type": "AI Narrative Architect",
    "document_template_primary": null,
    "document_template_secondary": null,
    "steps_to_create": [
      "Define the overall narrative structure.",
      "Establish the level of branching and guest agency.",
      "Develop AI-driven adaptation mechanisms.",
      "Create storylines and character backstories.",
      "Implement a testing and feedback process for narrative content."
    ],
    "approval_authorities": "AI Narrative Architect, Project Manager"
  },
  {
    "id": "f1abcc07-feb6-40f3-827f-affdc0c1182f",
    "document_name": "Data Strategy Plan",
    "description": "A plan outlining the approach to data acquisition, storage, processing, security, and privacy for the project. This plan is specific to the Immersive Entertainment Theme Park Prototype in Japan.",
    "responsible_role_type": "Data Security and Privacy Officer",
    "document_template_primary": null,
    "document_template_secondary": null,
    "steps_to_create": [
      "Identify data sources and types.",
      "Establish data storage and processing infrastructure.",
      "Implement data security and privacy protocols.",
      "Develop data governance policies.",
      "Establish a data breach response plan."
    ],
    "approval_authorities": "Data Security and Privacy Officer, Project Manager"
  },
  {
    "id": "5e8671b5-32f6-4cea-8ebf-17ca1c23e7eb",
    "document_name": "Robot Maintenance and Obsolescence Plan",
    "description": "A plan outlining the approach to long-term robot maintenance, repair, and replacement. This plan is specific to the Immersive Entertainment Theme Park Prototype in Japan.",
    "responsible_role_type": "Robot Maintenance Technician Team Lead",
    "document_template_primary": null,
    "document_template_secondary": null,
    "steps_to_create": [
      "Develop a maintenance schedule.",
      "Establish a spare parts inventory.",
      "Secure access to qualified technicians.",
      "Develop a robot replacement strategy.",
      "Allocate a budget for robot maintenance and replacement."
    ],
    "approval_authorities": "Robot Maintenance Technician Team Lead, Project Manager"
  },
  {
    "id": "5b2d3aea-a6a9-450c-89f8-8aa4c051cbcc",
    "document_name": "Community Engagement and Ethical Framework",
    "description": "A framework outlining the approach to community engagement and ethical considerations related to the project. This framework is specific to the Immersive Entertainment Theme Park Prototype in Japan.",
    "responsible_role_type": "Project Manager",
    "document_template_primary": null,
    "document_template_secondary": null,
    "steps_to_create": [
      "Conduct public opinion research.",
      "Engage with ethicists and community leaders.",
      "Develop ethical guidelines for robot deployment.",
      "Communicate transparently about the project's goals.",
      "Establish a mechanism for addressing guest complaints."
    ],
    "approval_authorities": "Project Manager"
  }
]