[
  {
    "id": "10c5aff6-2766-4ed6-990a-19f09d648875",
    "document_name": "Project Charter",
    "description": "A formal document that authorizes the project, defines its objectives, identifies key stakeholders, and outlines high-level roles and responsibilities. This Project Charter is specific to the Immersive Entertainment Theme Park Prototype in Japan.",
    "responsible_role_type": "Project Manager",
    "document_template_primary": "PMI Project Charter Template",
    "document_template_secondary": null,
    "steps_to_create": [
      "Define project scope and objectives based on the goal statement.",
      "Identify key stakeholders and their roles.",
      "Outline high-level project deliverables and milestones.",
      "Establish project governance and decision-making processes.",
      "Obtain approval from key stakeholders."
    ],
    "approval_authorities": "Project Sponsor, CEO",
    "essential_information": [
      "What is the project's overarching goal and how does it align with the company's strategic objectives?",
      "What are the specific, measurable, achievable, relevant, and time-bound (SMART) objectives for the Immersive Entertainment Theme Park Prototype in Japan?",
      "List all key project dependencies (e.g., funding, site acquisition, technology availability, regulatory approvals).",
      "What resources (human, financial, technological) are required to successfully execute the project?",
      "Identify all primary and secondary stakeholders and their respective roles and responsibilities.",
      "Outline the high-level project timeline, including key milestones and deliverables for each phase (R&D, construction, testing, soft launch).",
      "What are the key regulatory and compliance requirements (permits, licenses, standards) in Japan, and which regulatory bodies are involved?",
      "Identify the top 5-10 project risks (e.g., regulatory hurdles, technical integration challenges, cost overruns, safety incidents) and outline corresponding mitigation strategies.",
      "What is the project's budget, broken down by phase and key cost categories (R&D, construction, content creation, marketing, operations)?",
      "Define the project's scope, including what is included and excluded from the prototype.",
      "What are the criteria for project success and how will they be measured?",
      "What are the related goals or future expansion plans for the theme park beyond the prototype phase?",
      "What are the high-level roles and responsibilities of the project team members (Project Manager, Robotics Engineers, AI Developers, etc.)?",
      "What are the project's key assumptions (e.g., funding secured, technology feasible, regulatory approvals obtained, market demand exists)?",
      "What are the project's tags or keywords for easy categorization and retrieval?"
    ],
    "risks_of_poor_quality": [
      "Unclear project objectives lead to scope creep and misaligned efforts.",
      "Inadequate stakeholder identification results in communication breakdowns and unmet expectations.",
      "Missing risk assessment leads to unforeseen challenges and costly delays.",
      "Lack of defined success criteria makes it impossible to objectively evaluate project performance.",
      "Insufficiently defined roles and responsibilities cause confusion and accountability issues.",
      "Vague regulatory compliance requirements result in legal issues and project delays."
    ],
    "worst_case_scenario": "The project fails to secure necessary funding or regulatory approvals due to a poorly defined scope and risk assessment in the Project Charter, leading to complete project abandonment and significant financial losses.",
    "best_case_scenario": "The Project Charter clearly defines the project's objectives, scope, stakeholders, and risks, enabling efficient execution, proactive risk mitigation, and successful delivery of the Immersive Entertainment Theme Park Prototype within budget and timeline. This leads to securing Series A funding and expanding the theme park.",
    "fallback_alternative_approaches": [
      "Utilize a pre-approved company project charter template and adapt it to the specific requirements of the Immersive Entertainment Theme Park Prototype.",
      "Conduct a focused workshop with key stakeholders to collaboratively define the project's scope, objectives, and success criteria.",
      "Engage a project management consultant to assist in developing a comprehensive Project Charter.",
      "Develop a simplified 'minimum viable Project Charter' covering only the most critical elements (scope, objectives, stakeholders, risks) initially, and expand it iteratively."
    ]
  },
  {
    "id": "f96348fa-84d6-4303-81a4-070a3d62277c",
    "document_name": "Risk Register",
    "description": "A comprehensive log of identified project risks, their potential impact, likelihood, and mitigation strategies. This Risk Register is specific to the Immersive Entertainment Theme Park Prototype in Japan.",
    "responsible_role_type": "Risk and Safety Manager",
    "document_template_primary": null,
    "document_template_secondary": null,
    "steps_to_create": [
      "Identify potential risks based on project scope and objectives.",
      "Assess the likelihood and impact of each risk.",
      "Develop mitigation strategies for high-priority risks.",
      "Assign risk owners and track mitigation progress.",
      "Regularly review and update the risk register."
    ],
    "approval_authorities": "Project Manager, Risk and Safety Manager",
    "essential_information": [
      "Identify all potential risks associated with the Immersive Entertainment Theme Park Prototype in Japan, categorized by area (e.g., regulatory, technical, financial, operational, social, security, environmental, supply chain, market).",
      "For each identified risk, quantify the potential impact on project timeline, budget, and quality (e.g., delays in months, cost overruns in JPY, reduction in guest satisfaction score).",
      "Assess the likelihood of each risk occurring (e.g., using a scale of Low, Medium, High) based on available data and expert judgment.",
      "Develop specific, actionable mitigation strategies for each high and medium priority risk, including assigned risk owners and deadlines.",
      "Define trigger events or key indicators that would signal the occurrence of each risk.",
      "Detail contingency plans to be implemented if mitigation strategies are unsuccessful.",
      "Include a risk scoring matrix that combines likelihood and impact to prioritize risks.",
      "Specify the source of information used to identify and assess each risk (e.g., expert interviews, historical data, regulatory documents).",
      "Outline the process for regularly reviewing and updating the Risk Register (frequency, responsible parties, approval process).",
      "Requires access to the project plan, regulatory documents, technical specifications, and financial projections."
    ],
    "risks_of_poor_quality": [
      "Failure to identify critical risks leads to unexpected project delays and cost overruns.",
      "Inaccurate risk assessments result in misallocation of resources and ineffective mitigation strategies.",
      "Lack of clear mitigation strategies leaves the project vulnerable to significant negative impacts.",
      "An outdated Risk Register fails to reflect current project conditions and emerging threats.",
      "Poorly defined risk ownership leads to inaction and accountability gaps."
    ],
    "worst_case_scenario": "A major safety incident involving a robot and a guest occurs due to an unmitigated risk, resulting in severe injury, legal liabilities, significant reputational damage, project shutdown, and potential criminal charges.",
    "best_case_scenario": "Proactive identification and mitigation of key risks enables the project to stay on schedule and within budget, resulting in a successful prototype launch, positive media coverage, strong investor confidence, and a clear path to expansion.",
    "fallback_alternative_approaches": [
      "Utilize a pre-existing risk register template from a similar robotics or entertainment project and adapt it to the specific context.",
      "Conduct a series of focused brainstorming sessions with key stakeholders to identify potential risks collaboratively.",
      "Engage a risk management consultant to conduct a comprehensive risk assessment and develop mitigation strategies.",
      "Develop a simplified 'top 10' risk register focusing on the most critical threats initially, with plans to expand it later."
    ]
  },
  {
    "id": "c62f376a-fb46-4776-af5d-3612a9ad0d46",
    "document_name": "High-Level Budget/Funding Framework",
    "description": "A high-level overview of the project budget, including funding sources and allocation across major project phases. This Budget/Funding Framework is specific to the Immersive Entertainment Theme Park Prototype in Japan.",
    "responsible_role_type": "Financial Analyst",
    "document_template_primary": null,
    "document_template_secondary": null,
    "steps_to_create": [
      "Estimate costs for each project phase.",
      "Identify potential funding sources.",
      "Allocate budget across major project phases.",
      "Establish budget tracking and reporting mechanisms.",
      "Obtain approval from key stakeholders."
    ],
    "approval_authorities": "Project Sponsor, CFO",
    "essential_information": [
      "What is the total estimated project cost, broken down by major phases (R&D, Construction, Content, Marketing, Operations)?",
      "What are the potential funding sources (e.g., venture capital, private equity, corporate partnerships, government grants)?",
      "What is the planned allocation of funds across each project phase, expressed as percentages and absolute amounts?",
      "What are the key assumptions underlying the cost estimates (e.g., robot pricing, construction costs, labor rates)?",
      "What are the contingency plans for cost overruns in each phase?",
      "What are the key financial metrics that will be used to track project performance (e.g., ROI, payback period, net present value)?",
      "What is the process for requesting and approving budget changes?",
      "What are the reporting requirements for tracking budget expenditures?",
      "What are the criteria for releasing funds to each project phase?",
      "What are the roles and responsibilities for budget management and oversight?"
    ],
    "risks_of_poor_quality": [
      "Inaccurate cost estimates lead to budget overruns and project delays.",
      "Failure to secure sufficient funding jeopardizes project viability.",
      "Poor budget allocation results in inefficient resource utilization.",
      "Lack of budget tracking and reporting hinders project control.",
      "Unclear funding criteria delays project progress.",
      "Inadequate contingency planning leaves the project vulnerable to unforeseen expenses."
    ],
    "worst_case_scenario": "The project runs out of funding midway through construction, resulting in a partially completed theme park and significant financial losses for investors.",
    "best_case_scenario": "The project secures sufficient funding, stays within budget, and generates a strong return on investment, enabling expansion to a full-scale theme park and establishing a sustainable business model for entertainment robotics. Enables go/no-go decision on Phase 2 funding.",
    "fallback_alternative_approaches": [
      "Develop a simplified 'minimum viable budget' focusing on essential expenses only.",
      "Utilize a pre-approved company template for budget planning and adapt it to the project's specific needs.",
      "Schedule a focused workshop with the project team and financial experts to refine cost estimates and funding strategies.",
      "Engage a financial consultant to provide expert advice on budget planning and funding options."
    ]
  },
  {
    "id": "5b4cbd5f-7002-4a3d-9946-5a41a90b7fb3",
    "document_name": "Initial High-Level Schedule/Timeline",
    "description": "A high-level timeline outlining major project milestones and their estimated completion dates. This Schedule/Timeline is specific to the Immersive Entertainment Theme Park Prototype in Japan.",
    "responsible_role_type": "Project Manager",
    "document_template_primary": "Gantt Chart Template",
    "document_template_secondary": null,
    "steps_to_create": [
      "Identify major project milestones.",
      "Estimate the duration of each milestone.",
      "Establish dependencies between milestones.",
      "Create a high-level timeline using a Gantt chart or similar tool.",
      "Obtain approval from key stakeholders."
    ],
    "approval_authorities": "Project Manager, Project Sponsor",
    "essential_information": [
      "What are the major project milestones (e.g., funding secured, site acquisition, robot platform selection, facility construction, robot customization, safety certification, beta testing, soft launch)?",
      "What is the estimated start and end date for each milestone?",
      "What are the dependencies between milestones (e.g., site acquisition must precede facility construction)?",
      "What is the critical path for the project, identifying the milestones that directly impact the overall project completion date?",
      "What are the key decision points that could impact the schedule (e.g., robot sourcing strategy decision, regulatory approval milestones)?",
      "What are the resource allocation assumptions for each milestone (e.g., team availability, budget allocation)?",
      "What are the potential risks and delays associated with each milestone (e.g., regulatory hurdles, technology development delays, supply chain disruptions)?",
      "What are the contingency plans for mitigating potential delays (e.g., alternative suppliers, expedited regulatory processes)?",
      "What are the key performance indicators (KPIs) for tracking schedule progress (e.g., percentage of milestones completed on time, variance from planned schedule)?",
      "What are the approval gates for each phase of the project, and who are the approval authorities?",
      "What are the communication protocols for reporting schedule progress to stakeholders?",
      "What are the assumptions regarding external factors that could impact the schedule (e.g., weather conditions, political events)?",
      "What are the key deliverables associated with each milestone?",
      "What are the dependencies on external parties (e.g., suppliers, regulatory agencies) and how will these be managed?",
      "What are the planned review and update cycles for the schedule?"
    ],
    "risks_of_poor_quality": [
      "Unrealistic timelines lead to rushed execution and compromised quality.",
      "Missed deadlines result in budget overruns and delayed project completion.",
      "Poorly defined dependencies cause bottlenecks and inefficiencies.",
      "Inaccurate estimates lead to resource misallocation and project delays.",
      "Lack of stakeholder alignment results in conflicting priorities and schedule disruptions.",
      "Failure to identify critical path leads to inefficient resource allocation and delays in key activities.",
      "Inadequate risk assessment leads to unforeseen delays and cost increases.",
      "Insufficient communication results in lack of awareness and coordination among stakeholders."
    ],
    "worst_case_scenario": "Failure to meet critical milestones results in loss of investor confidence, project cancellation, and significant financial losses.",
    "best_case_scenario": "The project is completed on time and within budget, demonstrating efficient project management and attracting further investment for expansion. Enables timely go/no-go decisions at each phase gate.",
    "fallback_alternative_approaches": [
      "Utilize a pre-approved project schedule template and adapt it to the specific project requirements.",
      "Schedule a focused workshop with key stakeholders to collaboratively define milestones and dependencies.",
      "Engage a project scheduling expert for assistance in developing a realistic and achievable timeline.",
      "Develop a simplified 'minimum viable schedule' covering only critical milestones initially, and expand it iteratively.",
      "Use agile project management methodologies to allow for flexible adaptation to changing requirements and priorities."
    ]
  },
  {
    "id": "ec82e86d-8eda-44e0-b96c-29a1a1ef6aed",
    "document_name": "Robot Sourcing Strategy Framework",
    "description": "A framework outlining the criteria and process for selecting and acquiring humanoid robots, balancing cost, functionality, and realism. This framework is specific to the Immersive Entertainment Theme Park Prototype in Japan.",
    "responsible_role_type": "Robotics Integration Lead",
    "document_template_primary": null,
    "document_template_secondary": null,
    "steps_to_create": [
      "Define minimum performance standards for locomotion and interaction.",
      "Establish desired level of aesthetic realism.",
      "Identify potential robot suppliers and platforms.",
      "Evaluate robot platforms based on cost, functionality, and realism.",
      "Develop a robot acquisition plan."
    ],
    "approval_authorities": "Robotics Integration Lead, Project Manager",
    "essential_information": [
      "What are the minimum acceptable performance standards for robot locomotion (speed, stability, terrain adaptability) within the park environment?",
      "What are the minimum acceptable performance standards for robot interaction (speech recognition accuracy, gesture responsiveness, object manipulation) with guests?",
      "What is the desired level of aesthetic realism for the robots, considering the park's thematic elements (e.g., Western, feudal Japan, near-future)?",
      "Identify at least three potential robot suppliers and their available platforms that meet the minimum performance and realism standards.",
      "Compare and contrast the identified robot platforms based on a weighted scoring system considering acquisition cost, customization expenses, maintenance costs, and guest perception of realism (provide the scoring rubric).",
      "Detail the robot acquisition plan, including the number of robots to be acquired, the timeline for acquisition, and the budget allocation for each robot platform.",
      "What are the key performance indicators (KPIs) for evaluating the success of the robot sourcing strategy (e.g., robot uptime, guest satisfaction with robot interactions, maintenance costs)?",
      "What are the specific customization options available for each robot platform, and what are the associated costs and timelines?",
      "What are the power requirements and battery life of each robot platform, and how do these factors impact operational logistics?",
      "What are the safety certifications and compliance standards met by each robot platform, and what additional certifications are required for operation in Japan?"
    ],
    "risks_of_poor_quality": [
      "Selecting robots that do not meet minimum performance standards leads to a degraded guest experience and increased maintenance costs.",
      "Choosing robots with inadequate aesthetic realism undermines the park's immersive environment and reduces guest satisfaction.",
      "Failing to secure a sufficient number of robots within budget delays the project timeline and compromises the park's operational capacity.",
      "An inadequate sourcing strategy results in higher long-term operational costs due to increased maintenance, repairs, or replacements.",
      "Poorly defined selection criteria leads to subjective decision-making and potential biases in robot selection."
    ],
    "worst_case_scenario": "The project acquires a fleet of robots that are unreliable, expensive to maintain, and fail to meet guest expectations, leading to significant financial losses, reputational damage, and project failure.",
    "best_case_scenario": "The project successfully acquires a fleet of high-performing, aesthetically pleasing, and cost-effective robots that enhance the guest experience, minimize operational costs, and contribute to the park's long-term profitability, enabling a successful Series A funding round.",
    "fallback_alternative_approaches": [
      "Utilize a simplified scoring matrix focusing on only the most critical criteria (e.g., cost, reliability, safety) to expedite the robot selection process.",
      "Engage a robotics consultant to provide expert advice and recommendations on robot sourcing strategies.",
      "Lease robots instead of purchasing them to reduce upfront capital expenditure and mitigate the risk of obsolescence.",
      "Focus on sourcing robots with basic functionality initially and plan for phased upgrades as the project progresses.",
      "Conduct a pilot program with a small number of robots to test different platforms and gather data before making a large-scale acquisition."
    ]
  },
  {
    "id": "53a9ace0-4f47-415d-a2aa-2938c9e8e070",
    "document_name": "Risk Mitigation Strategy Plan",
    "description": "A plan outlining the approach to safety and liability, including investment in safety protocols, monitoring systems, and insurance coverage. This plan is specific to the Immersive Entertainment Theme Park Prototype in Japan.",
    "responsible_role_type": "Risk and Safety Manager",
    "document_template_primary": null,
    "document_template_secondary": null,
    "steps_to_create": [
      "Identify potential safety hazards and risks.",
      "Develop comprehensive safety protocols and procedures.",
      "Establish monitoring systems and emergency response plans.",
      "Secure specialized robot liability insurance.",
      "Implement a safety training program for staff."
    ],
    "approval_authorities": "Risk and Safety Manager, Project Manager",
    "essential_information": [
      "What are the specific safety hazards associated with humanoid robots interacting with guests in a theme park environment?",
      "Detail the comprehensive safety protocols and procedures to mitigate identified risks, including emergency stops, restricted zones, and real-time monitoring.",
      "What monitoring systems will be implemented to proactively detect and prevent safety incidents, including sensor technology and AI-driven monitoring?",
      "Specify the requirements for specialized robot liability insurance, including coverage amounts and policy terms.",
      "Outline the safety training program for staff, including content, frequency, and assessment methods.",
      "What are the key performance indicators (KPIs) for measuring the effectiveness of the risk mitigation strategy (e.g., number of safety incidents, insurance premiums, regulatory compliance audit results)?",
      "Detail the process for conducting regular risk assessments and updating the risk mitigation strategy based on new information or incidents.",
      "How will the Risk Mitigation Strategy address potential conflicts with other strategic decisions, such as the Robot Sourcing Strategy or Guest Experience Strategy?",
      "What are the specific compliance requirements related to robot safety in Japan (e.g., ISO 13482, METI guidelines)?",
      "Requires access to the Risk Assessment document, Robot Sourcing Strategy document, and Regulatory Engagement Strategy document."
    ],
    "risks_of_poor_quality": [
      "Inadequate safety protocols lead to accidents, injuries, and potential legal liabilities.",
      "Insufficient insurance coverage results in financial losses due to liability claims.",
      "Failure to comply with safety regulations leads to fines, project delays, and reputational damage.",
      "An unclear risk mitigation strategy results in increased operational costs and reduced guest satisfaction.",
      "Lack of proactive risk assessment leads to unforeseen safety incidents and reactive problem-solving."
    ],
    "worst_case_scenario": "A major safety incident involving a robot and a guest results in severe injury or fatality, leading to project shutdown, significant financial losses, and irreparable damage to the company's reputation.",
    "best_case_scenario": "The Risk Mitigation Strategy effectively minimizes safety risks, ensuring a safe and enjoyable guest experience. This leads to positive brand perception, increased visitor demand, and successful regulatory compliance, enabling the project to secure further funding and expand operations. Enables go/no-go decision on park opening.",
    "fallback_alternative_approaches": [
      "Utilize a pre-approved company template for risk mitigation plans and adapt it to the specific context of the theme park.",
      "Schedule a focused workshop with safety experts, robotics engineers, and regulatory consultants to collaboratively define safety protocols.",
      "Engage a specialized risk management consultant to develop a comprehensive risk mitigation strategy.",
      "Develop a simplified 'minimum viable risk mitigation plan' covering only critical safety elements initially, with plans to expand it later."
    ]
  },
  {
    "id": "37ddbece-e9be-4619-9b1a-a68199f0059f",
    "document_name": "Regulatory Engagement Strategy Plan",
    "description": "A plan outlining the approach to interacting with Japanese regulatory bodies to secure necessary permits and certifications. This plan is specific to the Immersive Entertainment Theme Park Prototype in Japan.",
    "responsible_role_type": "Japanese Regulatory Compliance Specialist",
    "document_template_primary": null,
    "document_template_secondary": null,
    "steps_to_create": [
      "Identify relevant Japanese regulatory bodies and requirements.",
      "Establish communication channels with regulatory bodies.",
      "Develop a proactive engagement strategy.",
      "Prepare necessary documentation for permit applications.",
      "Monitor regulatory changes and updates."
    ],
    "approval_authorities": "Japanese Regulatory Compliance Specialist, Project Manager",
    "essential_information": [
      "Identify all relevant Japanese regulatory bodies (e.g., METI, local municipal authorities, Fire Safety Agency) and their specific requirements for entertainment robotics, including ISO 13482, ISO 10218, Electrical Appliance Law, Radio Law, and local ordinances.",
      "Define the specific permits and licenses required for the theme park prototype, including building permits, fire safety certifications, and robot safety certifications.",
      "Establish clear communication channels and protocols for interacting with each regulatory body, including designated points of contact and escalation procedures.",
      "Develop a proactive engagement strategy that outlines how the project will proactively consult with regulators to understand requirements and shape the project accordingly, including specific meeting schedules and agenda items.",
      "Detail the process for preparing and submitting all necessary documentation for permit applications, including timelines, responsible parties, and required formats.",
      "Define a system for monitoring regulatory changes and updates, including identifying sources of information and establishing a process for disseminating updates to the project team.",
      "Outline a contingency plan for addressing potential regulatory challenges or delays, including alternative approaches and escalation procedures.",
      "Specify the budget allocated for regulatory engagement activities, including consultant fees, application fees, and travel expenses.",
      "Detail the metrics for measuring the success of the regulatory engagement strategy, such as the speed of permit approvals and the number of regulatory challenges encountered.",
      "Based on the 'Risk Assessment' document, incorporate specific mitigation strategies for 'Risk 1 - Regulatory & Permitting'.",
      "Based on the 'Assumptions' document, detail how the assumptions related to regulations (Question 4) will be validated and managed throughout the project lifecycle.",
      "Identify potential conflicts between different regulatory agencies and outline strategies for resolving them."
    ],
    "risks_of_poor_quality": [
      "Failure to secure necessary permits and certifications, leading to project delays and increased costs.",
      "Non-compliance with Japanese regulations, resulting in legal liabilities and reputational damage.",
      "Misinterpretation of regulatory requirements, leading to rework and wasted resources.",
      "Lack of proactive engagement with regulators, resulting in unforeseen challenges and delays.",
      "Inadequate documentation for permit applications, leading to rejection or delays.",
      "Failure to monitor regulatory changes, resulting in non-compliance and potential penalties."
    ],
    "worst_case_scenario": "The project is unable to obtain necessary regulatory approvals, resulting in a complete shutdown of the theme park prototype and significant financial losses.",
    "best_case_scenario": "The project secures all necessary permits and certifications quickly and efficiently, enabling the theme park prototype to launch on schedule and within budget. Proactive engagement with regulators establishes a positive working relationship and shapes the regulatory landscape for entertainment robotics in Japan, enabling future expansion.",
    "fallback_alternative_approaches": [
      "Engage a specialized Japanese regulatory compliance firm to provide expert guidance and support.",
      "Develop a simplified 'minimum viable compliance' plan focusing on the most critical regulatory requirements initially.",
      "Schedule a focused workshop with regulatory experts and project stakeholders to collaboratively define a clear path to compliance.",
      "Utilize a pre-approved company template for regulatory engagement plans and adapt it to the specific requirements of the project."
    ]
  },
  {
    "id": "0edc6618-ac6d-4705-9c8a-219431e3883b",
    "document_name": "Robot Interaction Protocol Framework",
    "description": "A framework defining the permissible range of interactions between robots and guests, balancing immersion with safety. This framework is specific to the Immersive Entertainment Theme Park Prototype in Japan.",
    "responsible_role_type": "Guest Experience Director",
    "document_template_primary": null,
    "document_template_secondary": null,
    "steps_to_create": [
      "Define safe interaction parameters.",
      "Establish guidelines for physical contact and conversational freedom.",
      "Determine the level of autonomous decision-making allowed for robots.",
      "Develop a monitoring system for robot-guest interactions.",
      "Implement a training program for staff on robot interaction protocols."
    ],
    "approval_authorities": "Guest Experience Director, Project Manager",
    "essential_information": [
      "What are the specific, measurable safety parameters for robot-guest interactions (e.g., minimum safe distance, maximum allowed touch pressure, acceptable range of robot movements)?",
      "Detail the escalation process for safety incidents, including roles, responsibilities, and communication channels.",
      "Define the specific types of physical contact permitted (e.g., handshakes, high-fives, hugs) and under what conditions.",
      "What are the pre-approved conversational topics and phrases for robots, categorized by theme and guest age group?",
      "Detail the process for updating and maintaining the robot's conversational database.",
      "What are the limitations on robot autonomy in decision-making, particularly in response to unexpected guest behavior?",
      "Define the criteria for triggering a robot's emergency stop or calling for human assistance.",
      "What are the specific sensor data points (e.g., proximity, force, audio levels) that will be monitored to ensure safety?",
      "Detail the design of the monitoring system, including alert thresholds, data storage, and reporting mechanisms.",
      "What are the training modules for staff on robot interaction protocols, including safety procedures, guest communication, and emergency response?",
      "Define the process for gathering and incorporating guest feedback on robot interactions to improve the protocol.",
      "How will the framework address cultural nuances of personal space and interaction norms in Japan?",
      "What are the specific compliance requirements related to robot safety and guest interaction in Japan (e.g., ISO 13482, METI guidelines)?",
      "Detail the process for reviewing and updating the framework based on regulatory changes and incident reports.",
      "Requires input from the Risk Mitigation Strategy document to ensure alignment on safety protocols.",
      "Requires input from the Regulatory Engagement Strategy document to ensure compliance with Japanese regulations.",
      "Requires input from the Robot Sourcing Strategy document to understand the capabilities and limitations of the chosen robots.",
      "Requires input from the Guest Experience Strategy document to align the protocol with the desired guest experience.",
      "Requires input from the Talent Acquisition Strategy document to ensure staff have the necessary skills to manage robot interactions."
    ],
    "risks_of_poor_quality": [
      "Unclear or inadequate safety parameters lead to guest injuries or accidents.",
      "Insufficiently defined conversational guidelines result in offensive or inappropriate robot interactions.",
      "Lack of clarity on robot autonomy leads to unpredictable and potentially dangerous robot behavior.",
      "Inadequate monitoring systems fail to detect safety incidents in a timely manner.",
      "Poorly trained staff are unable to effectively manage robot-guest interactions or respond to emergencies.",
      "Failure to address cultural nuances leads to guest dissatisfaction or offense.",
      "Non-compliance with Japanese regulations results in fines, delays, or project shutdown."
    ],
    "worst_case_scenario": "A serious safety incident involving a robot and a guest results in severe injury, legal liabilities, reputational damage, and potential closure of the theme park prototype.",
    "best_case_scenario": "The framework enables safe, engaging, and culturally appropriate robot-guest interactions, resulting in high guest satisfaction, positive media coverage, and a strong foundation for future expansion. Enables informed decisions on robot deployment and interaction design.",
    "fallback_alternative_approaches": [
      "Utilize a simplified interaction protocol with pre-scripted interactions and limited physical contact.",
      "Engage a consultant specializing in robot safety and human-robot interaction to develop the framework.",
      "Conduct a pilot program with a small group of guests to test and refine the protocol before full implementation.",
      "Focus initially on non-physical interactions, such as information delivery and wayfinding, and gradually introduce more complex interactions as safety protocols are refined.",
      "Develop a 'minimum viable protocol' focusing solely on essential safety measures and gradually expanding functionality based on testing and feedback."
    ]
  },
  {
    "id": "932fab4b-7565-49e8-a239-abbb76cad2ff",
    "document_name": "Narrative Complexity Strategy Plan",
    "description": "A plan defining the depth and breadth of the storylines within the theme park, including branching, guest agency, and AI-driven adaptation. This plan is specific to the Immersive Entertainment Theme Park Prototype in Japan.",
    "responsible_role_type": "AI Narrative Architect",
    "document_template_primary": null,
    "document_template_secondary": null,
    "steps_to_create": [
      "Define the overall narrative structure.",
      "Establish the level of branching and guest agency.",
      "Develop AI-driven adaptation mechanisms.",
      "Create storylines and character backstories.",
      "Implement a testing and feedback process for narrative content."
    ],
    "approval_authorities": "AI Narrative Architect, Project Manager",
    "essential_information": [
      "Define the overall narrative structure of the theme park experience, including the core storyline and any overarching themes.",
      "Establish the level of branching and guest agency within the narrative, specifying how guest choices will impact the storyline and outcomes.",
      "Detail the AI-driven adaptation mechanisms that will dynamically adjust the narrative based on guest interactions and environmental factors.",
      "Create detailed storylines and character backstories for the robots and other key elements of the theme park experience.",
      "Define the process for testing and gathering feedback on the narrative content, including metrics for measuring guest engagement and satisfaction.",
      "Specify the tools and technologies required to implement the narrative complexity strategy, including AI engines, content management systems, and robot control interfaces.",
      "Quantify the content creation workload associated with each level of narrative complexity (linear, branching, emergent).",
      "Identify potential risks associated with each narrative complexity level, such as safety concerns, ethical considerations, and technical limitations.",
      "Detail how the Narrative Complexity Strategy will integrate with the Guest Experience Strategy and the Robot Interaction Protocol.",
      "Define the key performance indicators (KPIs) that will be used to measure the success of the Narrative Complexity Strategy (e.g., guest engagement metrics, repeat visit rates, narrative completion rates)."
    ],
    "risks_of_poor_quality": [
      "Lack of guest engagement due to a shallow or uninteresting narrative.",
      "Increased operational overhead due to complex and unmanageable storylines.",
      "Safety concerns arising from unpredictable or uncontrolled narrative elements.",
      "Inconsistent or disjointed guest experience due to poor integration with other theme park elements.",
      "Inability to adapt the narrative to changing guest preferences or environmental conditions.",
      "Increased robot maintenance and repair schedules due to narrative demands."
    ],
    "worst_case_scenario": "The theme park fails to attract visitors due to a boring or confusing narrative, leading to significant financial losses and project termination. Negative media coverage results from ethical concerns or safety incidents related to the AI-driven narrative.",
    "best_case_scenario": "The theme park becomes a highly popular destination due to its engaging and replayable narrative, generating significant revenue and positive word-of-mouth. The AI-driven narrative adapts seamlessly to guest preferences, creating a personalized and memorable experience for each visitor. Enables go/no-go decision on expansion to a full-scale facility.",
    "fallback_alternative_approaches": [
      "Start with a linear narrative and gradually introduce branching elements based on guest feedback.",
      "Utilize a pre-written narrative template and adapt it to the theme park's specific setting and characters.",
      "Engage a professional screenwriter or narrative designer to develop the core storyline and character backstories.",
      "Develop a simplified 'minimum viable narrative' covering only critical elements initially, and expand later."
    ]
  },
  {
    "id": "f1abcc07-feb6-40f3-827f-affdc0c1182f",
    "document_name": "Data Strategy Plan",
    "description": "A plan outlining the approach to data acquisition, storage, processing, security, and privacy for the project. This plan is specific to the Immersive Entertainment Theme Park Prototype in Japan.",
    "responsible_role_type": "Data Security and Privacy Officer",
    "document_template_primary": null,
    "document_template_secondary": null,
    "steps_to_create": [
      "Identify data sources and types.",
      "Establish data storage and processing infrastructure.",
      "Implement data security and privacy protocols.",
      "Develop data governance policies.",
      "Establish a data breach response plan."
    ],
    "approval_authorities": "Data Security and Privacy Officer, Project Manager",
    "essential_information": [
      "Identify all data sources required for AI training, robot interaction, guest personalization, and operational analytics.",
      "Define data types (e.g., guest demographics, robot sensor data, interaction logs, environmental data) and formats.",
      "Establish data quality standards, including validation procedures and error handling mechanisms.",
      "Detail the data storage infrastructure, including database systems, cloud storage, and data warehousing solutions.",
      "Outline data processing pipelines for cleaning, transforming, and analyzing data.",
      "Define data security protocols, including encryption, access controls, and intrusion detection systems.",
      "Establish data privacy policies, including anonymization techniques, consent management, and compliance with Japanese data protection laws (e.g., Act on the Protection of Personal Information).",
      "Develop data governance policies, including roles and responsibilities for data management, access control, and data quality assurance.",
      "Establish a data breach response plan, including procedures for incident reporting, containment, and recovery.",
      "Quantify the budget required for data acquisition, storage, processing, and security.",
      "Specify the tools and technologies required for data management and analysis.",
      "Detail the process for obtaining necessary data usage consents from guests.",
      "Define metrics for monitoring data quality and security.",
      "Describe how data will be used to improve the guest experience and operational efficiency.",
      "Based on the review of assumptions, address the missing assumption of detailed data strategy and availability."
    ],
    "risks_of_poor_quality": [
      "Poor data quality leads to inaccurate AI models and degraded robot performance.",
      "Insufficient data volume limits the effectiveness of AI training and personalization.",
      "Inadequate data security results in data breaches and privacy violations.",
      "Lack of data governance leads to inconsistent data and compliance issues.",
      "Failure to comply with Japanese data protection laws results in legal penalties and reputational damage.",
      "Unclear data ownership and access controls lead to unauthorized data access and misuse.",
      "Inability to track data lineage and provenance compromises data integrity.",
      "Inefficient data processing pipelines result in delays in data analysis and decision-making.",
      "Lack of a data breach response plan leads to delayed incident response and increased damage.",
      "Compromised guest satisfaction due to poor AI performance or privacy concerns.",
      "Reduced repeat visitation due to negative experiences related to data usage.",
      "Decreased ROI due to inefficient data management and analysis."
    ],
    "worst_case_scenario": "A major data breach compromises guest data, leading to significant financial losses, legal liabilities, reputational damage, and loss of customer trust, potentially forcing the project to shut down.",
    "best_case_scenario": "A comprehensive data strategy enables the development of highly effective AI models, personalized guest experiences, and efficient operational processes, resulting in high guest satisfaction, strong repeat visitation, and a significant return on investment. The project becomes a model for responsible and innovative data usage in the entertainment industry, enabling go/no-go decision on Phase 2 funding.",
    "fallback_alternative_approaches": [
      "Utilize publicly available datasets and pre-trained AI models to minimize data acquisition costs.",
      "Implement a simplified data governance framework focusing on essential data security and privacy requirements.",
      "Outsource data storage and processing to a third-party cloud provider with robust security certifications.",
      "Focus on collecting only essential data points to minimize data storage and processing requirements.",
      "Develop a 'minimum viable data strategy' covering only critical elements initially and iterate based on project needs.",
      "Engage a data privacy consultant to ensure compliance with Japanese regulations.",
      "Utilize a pre-approved company template and adapt it to the project's specific data needs."
    ]
  },
  {
    "id": "5e8671b5-32f6-4cea-8ebf-17ca1c23e7eb",
    "document_name": "Robot Maintenance and Obsolescence Plan",
    "description": "A plan outlining the approach to long-term robot maintenance, repair, and replacement. This plan is specific to the Immersive Entertainment Theme Park Prototype in Japan.",
    "responsible_role_type": "Robot Maintenance Technician Team Lead",
    "document_template_primary": null,
    "document_template_secondary": null,
    "steps_to_create": [
      "Develop a maintenance schedule.",
      "Establish a spare parts inventory.",
      "Secure access to qualified technicians.",
      "Develop a robot replacement strategy.",
      "Allocate a budget for robot maintenance and replacement."
    ],
    "approval_authorities": "Robot Maintenance Technician Team Lead, Project Manager",
    "essential_information": [
      "What is the detailed maintenance schedule for each robot model, including preventative and reactive maintenance tasks?",
      "What is the process for procuring and managing spare parts, including identifying critical components and establishing relationships with suppliers?",
      "How will access to qualified technicians be secured, including internal training programs and external service agreements?",
      "What is the robot replacement strategy, including criteria for determining when a robot should be replaced and the process for acquiring new robots?",
      "What is the allocated budget for robot maintenance and replacement, including labor, parts, and new robot acquisition costs?",
      "Identify potential robot failure modes and their impact on park operations.",
      "Detail the escalation process for robot malfunctions, including response times and communication protocols.",
      "What are the key performance indicators (KPIs) for robot maintenance, such as uptime, repair time, and maintenance costs?",
      "What is the plan for decommissioning and disposing of obsolete robots in an environmentally responsible manner?",
      "How will the plan address the potential for technological advancements and the need to upgrade or replace robots with newer models?"
    ],
    "risks_of_poor_quality": [
      "Robot downtime leading to a degraded guest experience and negative reviews.",
      "Increased operational costs due to inefficient maintenance practices and unplanned repairs.",
      "Safety incidents resulting from malfunctioning robots.",
      "Inability to meet performance targets due to poorly maintained robots.",
      "Financial losses due to premature robot obsolescence and unplanned replacement costs."
    ],
    "worst_case_scenario": "Multiple critical robot failures during peak season, resulting in significant guest dissatisfaction, safety concerns, negative media coverage, and substantial financial losses, potentially jeopardizing the project's viability.",
    "best_case_scenario": "Ensures high robot uptime, minimizes maintenance costs, and provides a seamless guest experience, leading to positive reviews, increased visitor demand, and a strong return on investment. Enables data-driven decisions on robot maintenance and replacement, optimizing resource allocation and maximizing the lifespan of the robot fleet.",
    "fallback_alternative_approaches": [
      "Develop a simplified 'minimum viable plan' focusing on immediate maintenance needs and deferring long-term obsolescence planning.",
      "Utilize a pre-approved company template for equipment maintenance and adapt it to the specific requirements of the humanoid robots.",
      "Engage a robotics maintenance consultant to provide expert guidance on developing the plan.",
      "Schedule a focused workshop with the robotics engineering team and operations staff to collaboratively define maintenance procedures and replacement strategies."
    ]
  },
  {
    "id": "5b2d3aea-a6a9-450c-89f8-8aa4c051cbcc",
    "document_name": "Community Engagement and Ethical Framework",
    "description": "A framework outlining the approach to community engagement and ethical considerations related to the project. This framework is specific to the Immersive Entertainment Theme Park Prototype in Japan.",
    "responsible_role_type": "Project Manager",
    "document_template_primary": null,
    "document_template_secondary": null,
    "steps_to_create": [
      "Conduct public opinion research.",
      "Engage with ethicists and community leaders.",
      "Develop ethical guidelines for robot deployment.",
      "Communicate transparently about the project's goals.",
      "Establish a mechanism for addressing guest complaints."
    ],
    "approval_authorities": "Project Manager",
    "essential_information": [
      "What are the specific ethical concerns related to deploying humanoid robots in a public entertainment setting in Japan?",
      "What are the potential negative impacts of the theme park on the local community (e.g., job displacement, noise pollution, cultural impact)?",
      "Detail the planned methods for gathering public opinion regarding the theme park and its robots (e.g., surveys, focus groups, public forums).",
      "List key community leaders and ethicists to engage with during the project.",
      "Define the ethical guidelines for robot behavior, data collection, and interaction with guests.",
      "Describe the communication strategy for transparently sharing project goals, safety measures, and ethical considerations with the public.",
      "Outline the process for addressing guest complaints and concerns related to robot interactions or ethical issues.",
      "What are the specific cultural norms and sensitivities in the chosen location (Osaka, Northern Kyushu, or Chiba) that need to be considered?",
      "How will the project ensure data privacy and security for guests interacting with the robots?",
      "What measures will be taken to prevent bias in AI algorithms used by the robots?",
      "What is the plan for addressing potential job displacement caused by the introduction of robots?",
      "What are the metrics for measuring the success of community engagement efforts?",
      "What are the potential sources of funding for community engagement initiatives?"
    ],
    "risks_of_poor_quality": [
      "Negative media coverage and public backlash due to ethical concerns or perceived insensitivity.",
      "Reduced visitor demand due to negative public perception of the theme park or its robots.",
      "Regulatory restrictions or delays due to community opposition or ethical concerns.",
      "Damage to the project's reputation and brand image.",
      "Increased project costs due to the need for reactive measures to address community concerns."
    ],
    "worst_case_scenario": "Widespread public outcry and protests lead to the project being shut down due to ethical concerns and lack of community support, resulting in significant financial losses and reputational damage.",
    "best_case_scenario": "The project is widely embraced by the community as a positive contribution, enhancing the local economy and showcasing Japan's leadership in robotics and ethical AI. This leads to increased visitor demand, positive media coverage, and strong support from regulatory bodies, enabling successful expansion and long-term sustainability.",
    "fallback_alternative_approaches": [
      "Conduct a limited-scope community survey to identify key concerns and address them proactively.",
      "Engage a smaller group of ethicists and community leaders for initial consultation and feedback.",
      "Develop a simplified set of ethical guidelines focusing on the most critical issues.",
      "Utilize existing company communication channels to disseminate information about the project and its ethical considerations.",
      "Establish a basic feedback mechanism for addressing guest complaints and concerns."
    ]
  }
]