Level 1;Level 2;Level 3;Level 4;Task ID
Robotics Entertainment;;;;d86568ff-2941-41a7-831f-4e340ca2e2f7
;Project Initiation & Planning;;;4f121817-15df-42df-bcdf-0ea8d8710cec
;;Define Project Scope and Objectives;;92e74a11-d6dc-47a2-a162-f570936f3c0e
;;;Identify Key Stakeholders and Their Needs;372709f5-5ef4-40cd-96cd-64b850271453
;;;Define Measurable Project Objectives;7fe5dfdc-3a25-4c13-9518-c853f0408c31
;;;Establish Project Success Criteria;02e57b1f-bbb5-4df7-a53a-ab1e89ff30fe
;;;Document Project Scope and Boundaries;85cc0fbb-9a6e-4025-8407-11bc7160be9b
;;Secure Project Funding;;3bad9282-3d32-4aa2-8cde-896badc8d1e9
;;;Prepare funding proposal;fd3d5094-a556-4b6e-bab7-aff9462c24d6
;;;Identify funding sources;def5f7c0-bb2b-404f-8606-bbcc1fc63e7a
;;;Pitch to potential investors;e7ad36fe-11b3-43e8-aad8-955051f0c894
;;;Negotiate funding terms;e52e3efc-f612-4c3c-91e7-2fd225e9473b
;;;Finalize funding agreements;d9ccf807-5808-41d5-ac0d-457b62f982b1
;;Conduct Stakeholder Analysis;;64932eab-1a25-48c2-89d0-8fbf4943ac5d
;;;Identify Key Project Stakeholders;3c44c8f1-cfce-4221-946a-dcab3ddc715d
;;;Assess Stakeholder Influence and Interest;c21d32fa-9c8e-4813-985b-29b9d0b1907e
;;;Determine Stakeholder Communication Needs;5560b9b5-542e-442d-a0f6-2dbcd20fb233
;;;Develop Stakeholder Engagement Strategy;dc87ad8d-5563-4f3a-b1fc-2a95df1e8af6
;;Develop Risk Assessment and Mitigation Plans;;9632a0b1-bc92-4e72-87ab-63f3f96669f7
;;;Identify potential risks;ffcff631-e86e-496f-b637-0c5114b6b019
;;;Assess risk likelihood and impact;cf889cd2-2a89-4d3b-b6e8-39af543f7fc4
;;;Develop mitigation strategies;9d07641a-2668-4aa9-a95b-85fb27ff3068
;;;Create contingency plans;6d61b641-8997-4080-82f4-c68dbe1a82d1
;;;Document risk assessment and plans;886578d2-febe-4c70-9f8a-53eba8208b3a
;;Establish Project Schedule and Budget;;ea11869b-2d22-4281-b1b1-1f9d1743e241
;;;Define Task Dependencies;3bdbef8a-e942-4499-9314-76adca4b68fa
;;;Estimate Task Durations;998b8943-a2b7-4219-8187-9b15743c0abb
;;;Allocate Resources to Tasks;f200ffc6-5fff-43b4-b615-f9867fbf336d
;;;Create Gantt Chart;3038da4a-9066-428b-947c-f242ce0f7f6c
;;;Establish Budget Baseline;2be2750e-f494-418a-8c2a-cf311879f484
;;Define Success Metrics;;ebf08213-e866-40ce-bb80-7a652a3559a6
;;;Identify Key Performance Indicators (KPIs);6997faa9-9b2c-4724-93d4-a21cd503b38d
;;;Establish Baseline Performance Metrics;73be0b77-fe37-4e2d-ba75-f498765fae04
;;;Define Target Performance Levels;1dcc94ec-f468-4a93-bdf2-c02acb98245d
;;;Document Success Metrics and Reporting;4c0e3657-a751-4dd6-81fc-bb145837ee1a
;Strategic Decision Making;;;d401a3cd-d173-44ae-86a1-102d49eb3f4c
;;Determine Robot Sourcing Strategy;;c5af59b8-4157-445e-9301-9a82861ba755
;;;Research Robot Platform Options;cc94c84e-a151-4325-8f5a-9c45f1e9a77a
;;;Define Robot Selection Criteria;010cdb55-ac52-40b8-ba83-2ee110617b38
;;;Evaluate Robot Platform Vendors;9a2c634c-6884-4565-b03d-f9b20eae09c7
;;;Negotiate Robot Platform Agreements;71d690e1-3a47-4c0d-9c18-f7d6e88f6872
;;;Document Robot Sourcing Decision;046a4d9e-53a7-4e2c-9911-b53198768edf
;;Develop Risk Mitigation Strategy;;d20fae7e-920f-493a-acb6-af5b46f5a492
;;;Identify potential risks and impacts;283587b5-d419-47a8-bdbc-e2cbf8d0a36c
;;;Assess probability and severity of risks;d2dabd91-90d1-4bc7-bdfd-12d25b5e1180
;;;Develop mitigation strategies for key risks;370d7314-c583-40e1-9875-7e0cb086b706
;;;Document risk response and monitoring plan;73b9890b-01c1-4ea0-8841-a62bac8071e7
;;;Communicate risk mitigation strategy;3b71e007-5db8-457b-adf7-3c26d88d61c3
;;Establish Regulatory Engagement Strategy;;f6cdabdb-388f-44d6-b66a-213b98f2eb0a
;;;Identify relevant regulatory bodies;f591d8e4-9bbd-4f09-9c6c-e26321ce1459
;;;Research applicable regulations and standards;a1e3d302-ee65-421a-860d-ad37173628c6
;;;Establish communication channels;098e63ff-9584-4f5a-8b58-5fc490aa418f
;;;Develop compliance strategy;2d252bcc-970c-4f78-8c2e-ef2c34965faa
;;;Prepare documentation for regulatory submissions;db960664-ae2e-4b7f-96db-85c8ae510052
;;Define Robot Interaction Protocol;;b9f59b5d-06f8-4366-a393-9a72459be937
;;;Research cultural norms for robot interaction;5235a147-70af-4afc-87d5-40f7e032eea3
;;;Design robot interaction scenarios;cc396ee6-1506-4d4a-9874-08d750288a75
;;;Develop robot interaction protocols;754f750f-f13f-4ea4-b45b-8302d1290834
;;;Test interaction protocols with simulations;d55ea52b-023b-479a-80f4-209878ebbaf7
;;Determine Robot Sourcing Model;;99420571-40de-4182-9142-297145b14b0c
;;;Research Robot Interaction Capabilities;af834654-32bd-4469-812e-adf21ca6baa1
;;;Define Interaction Safety Parameters;ec083315-8826-4141-a678-2e2c33b904b6
;;;Develop Interaction Scenarios;8124079a-5a42-4bd4-8981-0eef57efc7cc
;;;Design Robot Response Logic;b5935a39-49d5-496f-ae43-866570432c76
;;;Test and Refine Protocols;ebcd9852-3af3-4953-9ad0-a82b358bbf48
;;Develop Guest Experience Strategy;;5e28ab32-a401-4c7f-a9a6-991bf685d7a2
;;;Research Guest Preferences and Expectations;b3585399-f3c9-480c-b612-f192049ca932
;;;Develop Initial Guest Experience Concepts;2e92f6c3-878d-4b8f-8fb2-7d71f75ef997
;;;Prototype and Test Experience Elements;16f3e89c-178f-4bf5-8819-cf47d62be6d5
;;;Refine Guest Experience Strategy;226d55ab-955d-422c-86fb-6df7b3734600
;;;Document Guest Experience Strategy;d08e6bb0-8936-46ad-9c37-70b425fe3aa9
;;Establish Talent Acquisition Strategy;;cc605b40-a466-4149-9bd1-f7bf16e0570a
;;;Identify Key Talent Needs;5e09ea93-b7a4-4591-bdfb-c270ef3cb8c1
;;;Develop Recruitment Strategy;a9a3baeb-5e9c-4c68-84fc-28fa853f3bfa
;;;Establish Compensation and Benefits;37c9b947-3db8-4c4f-a34c-48c7386104a8
;;;Implement Onboarding Process;10e29b96-921b-411e-8d92-f47fb4e69abb
;;Define Thematic Authenticity Approach;;36c479ed-1181-419c-b148-3999058002f8
;;;Research Japanese cultural themes;7bb70610-025e-4da8-80de-dce30c4304b0
;;;Consult with cultural advisors;eea79f8d-b326-4896-9f22-70d93e0e3eb1
;;;Develop thematic design guidelines;c8f6bef3-2e03-40ad-a2cd-be558884091b
;;;Validate thematic elements with focus groups;eec1fffa-fa80-40c8-8941-a137b7914ae8
;;Develop Narrative Complexity Strategy;;c04ed44c-106f-475d-bbf3-df45f2412293
;;;Research Narrative Complexity in Entertainment;f532b88d-4983-49a7-a274-fd557d7fe0c1
;;;Define Target Audience Narrative Preferences;b2a82509-9506-4368-9779-bccb39c666be
;;;Assess Robot Capabilities for Narrative Delivery;53e83a11-b0ca-45e6-b830-cdb29fab0224
;;;Develop Modular Narrative Structure;128adb82-ed8c-491f-8797-882bae618433
;;;Test Narrative Complexity with Prototype;ceb4fb3d-854a-4360-bc8c-091d92853161
;Site Acquisition & Preparation;;;ed091b23-1e29-45cb-81e2-775ac4616352
;;Identify Potential Site Locations;;2f9c7fc1-51d1-4f61-8c24-ea1086304667
;;;Define Site Selection Criteria;f0c98206-730b-458a-bf16-4c68dfe1e7d9
;;;Research Potential Site Locations;5f7ed405-b540-4e43-b6e1-058958738917
;;;Conduct Preliminary Site Assessments;a77d4b15-bbf2-44dc-8f35-f252c6fc7624
;;;Engage with Local Community;10ec757b-55fc-4f13-b0c3-c74bc21fc0bf
;;Conduct Site Feasibility Studies;;0f5c8442-f144-47c0-9811-6565d8af9cfb
;;;Geotechnical Investigation and Soil Analysis;2055071d-9c70-4519-9a13-1378fc3f929d
;;;Environmental Impact Assessment (EIA);abe2ed4b-ecc4-4392-9868-923c34c490a2
;;;Regulatory Compliance Review and Permitting;c54a36a0-c97d-40f0-8f60-f059691763b0
;;;Utility Infrastructure Assessment;46677d80-453d-41b6-8e2e-b53b1aaebfb6
;;;Community Consultation and Stakeholder Engagement;5767a089-896e-4734-9e31-a6dbcf3bb934
;;Negotiate Site Acquisition;;335cd1bf-e9a2-4b93-88bb-06492980f9c5
;;;Assess Property Value and Market Conditions;5ac1530e-83cb-423e-928c-4a8a15889956
;;;Develop Negotiation Strategy and Tactics;66e19e23-a476-4122-865f-262c903b2358
;;;Conduct Negotiations with Landowner;8de2fd42-9283-4e61-9faa-cded0c5b0038
;;;Finalize Purchase Agreement and Due Diligence;cdb3e5e6-1f5a-42b3-8ecc-77a881ef2933
;;Prepare Site for Construction;;9420cb2c-6f2d-4db2-b8df-deee0ca304a0
;;;Clear vegetation and debris from site;aef0f167-bc8b-44ba-9166-10377ee1328f
;;;Conduct soil testing and analysis;5bdda6f6-fcaa-4b2a-aa3e-18939f009e72
;;;Implement erosion and sediment control measures;5282312c-d701-49ff-8710-f823e7fe34ea
;;;Grade and level the construction site;c0b9f7c1-d67c-44d6-b75f-a58e705f5990
;;;Install temporary utilities and infrastructure;8a9f2f7c-d0c0-4b69-878e-ca0f72de03a7
;Robot Procurement & Customization;;;ee2bd49f-af82-4d9c-8797-b33d000300b6
;;Select Robot Platform;;215f0722-cce9-42ed-854b-d243f812b57a
;;;Define Robot Platform Requirements;f038cfb3-901a-4ab4-9267-ab7c343258d2
;;;Research Available Robot Platforms;678358df-8175-4fea-9fe4-61719919beab
;;;Evaluate Robot Platform Suitability;99de8991-a39e-48bc-aaf7-c66df80700b0
;;;Negotiate with Robot Vendors;94ceed09-7884-4804-abde-03393f508b05
;;;Finalize Robot Platform Selection;7fa4b62f-b6a5-41e1-b909-35543dabc1e7
;;Procure Robot Fleet;;ea0c144f-01eb-4ac3-a6b4-470b263d9a40
;;;Finalize Robot Quantity and Specifications;db05d262-7a54-487a-9e5b-deedd1e56815
;;;Issue Purchase Orders to Robot Vendor;dd9398ec-f3cb-42e8-b537-e65bd9945ca8
;;;Coordinate Robot Shipment and Logistics;fcc4c784-38a2-4822-9b0f-1f1bb293f685
;;;Inspect Robots Upon Arrival;0e903e3e-1934-44b8-90f9-b76d8e239c49
;;Design Robot Customizations;;2cf0fb52-8a56-4d4f-8711-e22ff21c1c21
;;;Develop Customization Blueprints;816d60b1-8f30-4a42-a3ba-b704125da53a
;;;Source Customization Materials;8a033669-0018-4ea3-b5db-39edd06cf072
;;;Fabricate Custom Components;c0860b72-997c-4bb4-84dc-8a71c0b9468b
;;;Integrate Customizations with Robots;7cb24869-c71c-4be8-ba22-771b6b9492f4
;;;Test Customization Functionality;f0a333c6-d8e1-481b-88e2-043e1b10c475
;;Implement Robot Customizations;;897d5103-60fb-4715-9a65-4e85545f1ac0
;;;Prepare robot for customization process;81b521c9-5f37-47f0-80c8-152e78463237
;;;Apply custom skin and costuming;5c3bbc7d-534f-4a68-82fe-609c80f30fbe
;;;Install facial animatronics;64d82cea-bbe1-4585-a10d-750b50e8cb24
;;;Test customized robot functionality;7e3ee03e-7506-4f16-aa9f-760c03d30a91
;;;Address issues found during testing;e02b030f-9985-4098-8614-50784b9e96ae
;;Test Robot Performance and Safety;;3f0fff0e-e22f-4e6f-bcad-ccc6b1d4158c
;;;Plan Robot Performance Tests;033ae7d4-961f-40c7-acf8-9b80f47fe705
;;;Execute Robot Performance Tests;5164cd3c-6c51-4661-8ef4-25f7ee29dd10
;;;Analyze Performance Test Results;f551e059-cc8e-43bb-bc04-c500226edca7
;;;Plan Robot Safety Tests;d315cb57-b797-48aa-94c9-42d3a02b535e
;;;Execute Robot Safety Tests;c029f18e-9caf-47cf-9259-e111f212a69d
;AI Narrative Engine Development;;;2c470188-1622-4ba1-a483-f85cc2653d04
;;Design AI Architecture;;d83f5f03-8a7c-4330-a90d-694d86584619
;;;Define AI functional requirements;e37ac8b5-0d64-47e6-ad65-a808f6906000
;;;Evaluate AI architectural patterns;dcbc87ac-5bb4-4980-9ae3-45f76e849be3
;;;Design data flow and storage;f86eb796-6b7e-4543-988b-fd44cafcd18f
;;;Select AI technology stack;f9289faa-b1e9-431c-af8b-206a50bb7087
;;;Document AI architecture design;fabd5722-0725-46ae-83a2-d42ae20cfde3
;;Develop Core AI Algorithms;;e647382b-87f6-48de-af21-553f413d52b3
;;;Define AI Algorithm Requirements;da536e76-58a0-4aef-8154-f744a3101420
;;;Prototype AI Algorithm Implementations;fa77444c-8381-4a9d-8a8b-257c87aa6e84
;;;Optimize AI Algorithm Performance;5710ebb7-4b19-4154-9f74-f427d388abfb
;;;Test AI Algorithm Accuracy and Robustness;f56f76b6-0c61-47b9-be92-c9381d5564e6
;;Create Narrative Content;;d95ba838-b853-4de2-8169-b14b5880a24e
;;;Define Narrative Themes and Scenarios;55616d4d-f73d-4ae9-869e-837cf19a6b49
;;;Develop Dialogue Generation Models;b110278f-f054-4ce1-83dc-28c0ff92d187
;;;Implement Emotion Recognition System;bdbbfd2a-f1cc-4236-ad83-4a2df1b33880
;;;Integrate Narrative with Robot Actions;b0b51b02-2d05-4b86-9b37-aba81e3709a4
;;;Test Narrative and Refine AI Models;27fcf00a-5e04-44ed-a441-600ac912e131
;;Integrate AI with Robot Platform;;d6af4d2e-ecb7-4db0-96c6-d9d440a5d3f1
;;;Establish Robot Communication Interface;770bb4d0-0f38-46dc-9cc2-35d77ce9fbd0
;;;Map Narrative Events to Robot Actions;6880da9a-ea07-401b-83b6-02c71a5316d4
;;;Implement Real-time Response Logic;24c5e6ae-5d7d-4f3c-954b-d80d30b5c819
;;;Optimize AI for Robot Performance;a5416a60-99db-4a33-875f-4dbc1acc2e63
;;Test AI Narrative Engine;;24f714b5-5bd6-4ec1-94a5-2b90bfdb9775
;;;Prepare test environment for AI engine;c4a3e8b0-e3ed-4bc4-85c2-54a6986db80c
;;;Develop test cases for AI interactions;5efe18d8-7e12-4546-8c09-d717416612a7
;;;Execute test cases and log results;8d72319b-8eb0-4983-b5e9-ad17e7e646b7
;;;Analyze test results and identify bugs;09de5679-14db-4ad8-8a9b-280bb1230c0d
;;;Retest fixed bugs and validate AI engine;9bf61106-b8f0-44cd-9d34-c90f8969ec8c
;Construction & Theming;;;9f3ebce7-5ca9-4ae7-9a2a-e5d879ba7b80
;;Obtain Construction Permits;;9e7c6331-57a3-4790-b4f5-c53e9bfd513f
;;;Excavate and prepare foundations;5a1a0cb5-217b-4c73-b7af-8b9c113a9ad8
;;;Pour concrete foundations and structures;dec6699f-c327-4263-810d-cff575547ac3
;;;Erect structural framework;cc5cc716-619f-4141-864d-159e11a54c62
;;;Install exterior walls and roofing;7346469e-c80f-4199-8084-668621c7a26f
;;;Install interior walls and flooring;67c5f3ee-7022-4049-a13c-2e12a0809ecd
;;Construct Theme Park Facility;;e5e0b6d0-3f63-4d5d-b813-2f6e857c4952
;;;Excavate and grade the site;84faf34c-dfe6-463e-8c4e-3c3d9cc06a38
;;;Pour foundations and structural supports;20d8dd19-18ff-4d18-98d2-8c6cf964e68c
;;;Erect building framework and exterior walls;67143cb7-d68f-457e-a677-900f823ff062
;;;Install interior walls and flooring;20c6776c-e8f9-4788-bf06-d34724cecdea
;;;Install electrical and plumbing systems;37213396-1991-46bc-aeef-84049c35af1f
;;Implement Theming and Set Design;;19f701e5-b429-40d9-aac7-407544b7ab36
;;;Source Theming Materials;33a804a3-76d7-469c-aed5-f102094a1c76
;;;Fabricate Set Pieces;4fcbfdb7-908e-4f7d-b6db-d5970587dbf9
;;;Install Theming Elements;b1d273bf-120f-46a4-87d7-56102f3181c2
;;;Integrate Robot Theming;033ec7a7-24da-493e-96b1-768665f68106
;;Install Infrastructure and Utilities;;846ee0b0-c18e-420a-bf89-5d9e47b95ec2
;;;Plan utility infrastructure integration;05e7764c-93ca-4378-b652-8f8ef4c7a07f
;;;Coordinate with utility providers;fd6dc8b7-1bac-421c-950b-d99911c990d9
;;;Install underground conduits and piping;232159fc-90fc-4465-afbe-14ce355032ab
;;;Connect utilities to the facility;d003a5eb-1afd-494c-9e7f-75e5fab12948
;Integration & Testing;;;64265b60-9159-4be7-988c-77c78f5e29b2
;;Integrate Robots with Theme Park Environment;;017635ac-e668-452b-882b-2f22916141a0
;;;Prepare Robot Integration Area;b6fa3744-c242-4210-bfea-e1d65bfa5bcc
;;;Calibrate Robot Navigation Systems;f17f9319-1f4a-4e3e-b18b-ecc9240902d4
;;;Test Robot-Environment Interaction;c33a48a4-8511-48a9-8650-d00df0a06a7f
;;;Implement Emergency Stop Mechanisms;3a3804a0-5758-4ac3-a8c2-18fa6fb9f521
;;Conduct End-to-End System Testing;;49270fcc-a43c-443f-9f5a-d7a9d8dd2b41
;;;Develop Test Cases and Scenarios;2eede831-e6aa-4aa8-b70a-c85e8c9ef479
;;;Set Up Testing Environment;af3a501c-dc3b-4948-8bbf-5a0185930b42
;;;Execute Test Cases and Record Results;41cddbb3-bebb-4287-bb70-1617883f2b27
;;;Analyze Test Results and Identify Issues;5aa8f77e-cdc5-41ea-8b14-9e1a6188c5a7
;;;Report Findings and Recommendations;38ecf1c5-b1f8-4666-82ab-41c51017b4a1
;;Perform Safety and Compliance Audits;;e0fbacaf-bb3a-456b-a550-da677a6abf45
;;;Define Safety Audit Scope and Criteria;e8d190ab-f559-4b7a-84b8-02d76901e4f7
;;;Conduct Preliminary Safety Inspection;e428d3c5-a263-43e8-9b70-019ed688eb5a
;;;Perform Detailed Safety and Compliance Audits;0721ef2c-d73d-4870-b0e1-d6554d119208
;;;Develop Corrective Action Plans;b772b3af-ffb9-4952-9cc4-29bac069da0c
;;;Verify Implementation of Corrective Actions;4f17aadc-a371-4fb4-9e40-7f933bcedbb9
;;Refine Robot Interaction Protocols;;f9651cb0-85f3-4ad3-8d8d-cfbae2516e40
;;;Observe Robot-Guest Interactions;4acdeb75-fc70-4e19-b6af-6d26875a7618
;;;Analyze Interaction Data and Feedback;fa2446ef-5e5f-46dc-a61a-f3ff5425446c
;;;Adjust Robot Interaction Parameters;47c0955f-5818-4ada-8617-c87c7088484f
;;;Test Revised Interaction Protocols;250ff77a-abd2-499b-93b1-c7c8b481833b
;;;Document Protocol Refinements;97d28392-a1f0-4415-bc4f-373d202c1f36
;Regulatory Approval & Certification;;;e58510cc-2b8b-4e71-8384-a4d096b35a3e
;;Prepare Regulatory Documentation;;15e57246-feda-4753-833b-0fa9389811bf
;;;Identify required documentation per regulation;32a4f923-69c8-411b-98cb-f040bcc48676
;;;Gather technical specifications and data;fb7f07b9-c4eb-4510-95a9-0a76b5b7175e
;;;Prepare draft documentation for review;75e8b1bb-cec7-41cb-a07d-6bb3084eaf17
;;;Review and finalize documentation;3d4d0878-2d35-4691-bf48-964048535729
;;Submit Applications for Permits and Licenses;;2a0afb93-a370-4e3c-a198-d9f4fc8ae6c5
;;;Gather required permit application documents;ba8ecca8-7367-454c-9d6b-e5a610b61aa0
;;;Complete permit application forms accurately;2fd4383c-86a5-4977-b0a9-70618f629caa
;;;Translate documents into Japanese;bec99751-9da9-4c3b-b0c7-9b23018fc6f6
;;;Submit permit applications to authorities;fcdc7a4e-61a9-4b67-87b6-33fdc43db9bd
;;Address Regulatory Inquiries;;862ceab1-7a26-4a91-97dd-cf7c1e0619b2
;;;Identify potential regulatory concerns;b52fcd81-aef7-44a7-9883-1824d412f4da
;;;Prepare responses to likely inquiries;b7b2df53-b240-4f66-a997-934b78aa7f02
;;;Establish communication channels with regulators;6a814382-2731-4072-8a48-0ab303808f02
;;;Conduct mock regulatory review;5968044f-647f-48b3-9a08-7a1bc932b197
;;Obtain Final Regulatory Approvals;;f0501812-4e3a-4a7c-a08f-2b7d19e2d087
;;;Prepare for final inspection;deee1c86-f372-4238-b968-75cf6e6a7fba
;;;Coordinate with regulatory inspectors;15ceabeb-10b5-4ba9-9ef8-15bd7b8b3d9c
;;;Address final inspection findings;99d4723f-822e-4660-a8fd-397e378b1f32
;;;Receive and archive approval documents;862584f4-9364-4ade-8938-a695e3579560
;Soft Launch & Beta Testing;;;93df3428-af02-4272-8225-4c7e595c3d61
;;Recruit Beta Testers;;934a5755-b17b-4227-950a-33bc898ff8c9
;;;Define Beta Tester Profile;d4952573-7a4f-400e-a89c-944f57cfddca
;;;Create Recruitment Materials;b4fe2624-73c9-4f80-ae8f-f5464567de50
;;;Distribute Recruitment Materials;4e4da21b-f5d0-4736-adf4-7d930ccfc86e
;;;Screen and Select Applicants;f60bd0e7-eebd-4374-849a-b9724a8983fe
;;;Onboard Beta Testers;d63c33f3-bf29-4aec-9970-35a4da5a483a
;;Conduct Soft Launch Events;;87c740e3-4ee9-46d3-80b2-bc6c0dce6704
;;;Finalize Soft Launch Event Logistics;15f195fb-ce44-43d4-8f72-efa375e7cb41
;;;Send Invitations and Manage RSVPs;5aaa5647-a41e-45f0-97ed-f678617f0945
;;;Prepare Event Materials and Briefing;ca64ad33-a843-423c-8ed7-1eb84e88cd43
;;;Coordinate Robot and Staff Availability;612a6d23-ef0b-419e-b7b5-2b46e1282179
;;Collect Guest Feedback;;8ea1049e-674e-49df-be6f-1e1b7096b218
;;;Design Guest Feedback Collection Instruments;7b54a060-3197-47a7-91cf-2681699441e0
;;;Administer Feedback Collection Activities;b977c4dc-e57d-4657-a339-545544e9ebcc
;;;Record and Organize Guest Feedback Data;0c43666a-db8f-471f-80bd-ab9d9b45c69e
;;;Ensure Anonymity and Data Security;d9c9c2cf-12f2-44b3-99c3-44246a3fa992
;;Analyze Performance Data;;aba01681-a1c3-4d47-81da-6284f87841f5
;;;Clean and prepare feedback data;18c6f149-2b27-43d8-9821-dfd63a624ce1
;;;Identify key performance indicators (KPIs);38c29c99-4105-40bf-bfae-37945ff7a58c
;;;Analyze guest feedback for insights;6649b424-4904-4af9-955b-b5ae54fd3601
;;;Report findings and recommendations;2fdd3fab-b1b8-429c-b9b1-c659ffb6706f
;;Implement Improvements Based on Feedback;;ea225939-3cad-42e2-92c7-1776ef5eb5d6
;;;Prioritize feedback for implementation;09d32794-6702-4622-9562-0bb6a7074fa5
;;;Develop action plans for improvements;37318ef7-01a2-4f1e-844f-62644fe3299e
;;;Implement prioritized improvements;d8fa4b63-037a-4a0e-9fd4-a834040371ff
;;;Validate implemented improvements;66fb9093-a78e-47a5-8d5d-b270a9a7c642
;Project Closure;;;b21b0dad-31da-4d27-b360-ffa07848d23e
;;Finalize Project Documentation;;d53433f7-34e6-4443-9cde-0358b02b952e
;;;Gather all project documentation;63e4e444-8574-4a07-bb5f-85bbabf95043
;;;Review documentation for completeness;2aefd2cc-6d46-4e2a-b88c-2190f1d06ca7
;;;Obtain sign-offs on final documents;ca25d1fe-0bcd-4126-8748-e9d378a26c25
;;;Prepare archive-ready documentation package;86955aa8-e26f-4fc3-ac34-c5c5abde53bc
;;Conduct Post-Project Review;;40ee37d3-2fe0-4a51-921e-c59534eefb4c
;;;Schedule post-project review meeting;acdbc6a8-84d2-43b5-9300-513063c17bb0
;;;Gather project data and documentation;c123f2ce-e68d-460d-be79-1bc9162a080c
;;;Prepare review meeting agenda;658c17ca-9b1b-4483-8f54-bdcae91ab45f
;;;Facilitate the review meeting;187eecfd-cdb4-40e8-906c-8950d9501f58
;;;Document lessons learned and best practices;274b1323-6513-4df0-9784-29739dbb93e6
;;Disseminate Project Findings;;a10dd7ca-7fed-4de5-b22c-512d3fd4d5e2
;;;Identify Target Audiences;0aed645a-4e3c-4a22-8609-cbadecad1eaf
;;;Tailor Findings for Each Audience;c60af33e-f7cd-4fee-b089-8ca28c0515e4
;;;Select Dissemination Channels;61f81a66-5f41-4766-8f04-50a0665b2b30
;;;Distribute Project Findings;a0426bb9-bc9f-4cc0-8023-81b4ee247312
;;Archive Project Materials;;c519a9b6-4645-4eda-9621-31177077fb94
;;;Identify Archiving Requirements;8e1bd6d1-46f0-43d3-942e-f9f3c508cfe1
;;;Collect and Organize Project Materials;a25236a7-2094-437d-a7dd-236abe29b23d
;;;Transfer Materials to Archive;f1b83584-8682-45a0-8c24-d73f181a2e1f
;;;Verify Archive Integrity;f5596b81-a341-4f07-9a85-27bf89b8e4f5