[
  {
    "id": 1,
    "category": "Political Strategist & Negotiator",
    "explanation": "This role is crucial for navigating the complex political landscape, both domestically and within the EU, to secure the necessary agreements and support for euro adoption.",
    "consequences": "Failure to secure political support and EU agreement, leading to project failure.",
    "count": "min 1, max 2, depending on the complexity of EU negotiations and domestic political climate"
  },
  {
    "id": 2,
    "category": "Legal & Treaty Expert",
    "explanation": "Expertise in EU and Danish law is essential to determine the optimal legal pathway for euro adoption, ensuring compliance and minimizing legal challenges.",
    "consequences": "Legal challenges and delays, potentially invalidating the adoption process.",
    "count": "min 2, max 3, depending on the complexity of the legal pathway and the need for specialized expertise in EU and Danish law"
  },
  {
    "id": 3,
    "category": "Financial Transition Specialist",
    "explanation": "This role is responsible for planning and executing the financial transition, including coordinating with banks, payment providers, and the central bank.",
    "consequences": "Disruptions to the financial system, economic instability, and loss of public confidence.",
    "count": "min 2, max 4, depending on the size and complexity of the Danish financial sector"
  },
  {
    "id": 4,
    "category": "Public Communication & Engagement Lead",
    "explanation": "This role is vital for crafting and delivering effective communication strategies to inform and engage the public, addressing concerns and building support for euro adoption.",
    "consequences": "Public opposition and a 'no' vote in the referendum, leading to project failure.",
    "count": "min 2, max 5, depending on the scale of the public communication campaign and the need for specialized expertise in different communication channels"
  },
  {
    "id": 5,
    "category": "Risk & Contingency Planner",
    "explanation": "This role identifies potential risks and develops contingency plans to mitigate them, ensuring the project's resilience in the face of unforeseen challenges.",
    "consequences": "Inability to respond effectively to unforeseen events, leading to delays, increased costs, and project failure.",
    "count": "min 1, max 2, depending on the complexity of the risk landscape and the need for specialized expertise in different risk areas"
  },
  {
    "id": 6,
    "category": "Logistics & Operations Coordinator",
    "explanation": "This role manages the practical aspects of the transition, including cash and coin logistics, IT system conversions, and other operational tasks.",
    "consequences": "Disruptions to essential services and increased costs due to inefficient operations.",
    "count": "min 2, max 3, depending on the scale of the logistical challenges and the need for specialized expertise in different operational areas"
  },
  {
    "id": 7,
    "category": "Economic Impact Analyst",
    "explanation": "This role assesses the economic impact of euro adoption, providing data and analysis to inform decision-making and address public concerns.",
    "consequences": "Inaccurate economic forecasts and failure to anticipate potential economic consequences.",
    "count": "min 1, max 2, depending on the complexity of the economic analysis and the need for specialized expertise in different economic areas"
  },
  {
    "id": 8,
    "category": "Stakeholder Liaison & Community Outreach",
    "explanation": "This role focuses on building relationships with key stakeholders, including businesses, trade unions, and community groups, to ensure their concerns are addressed and their support is secured.",
    "consequences": "Lack of stakeholder support and potential resistance to the transition.",
    "count": "min 2, max 3, depending on the number and diversity of stakeholders and the need for specialized expertise in different stakeholder engagement strategies"
  }
]