[
  {
    "id": "65d62271-83b2-4720-bf2c-c227e5a9f67c",
    "document_name": "Participating Nations GDP Data",
    "description": "Historical and current GDP data for Denmark and other Eurozone countries. Used to analyze economic convergence and potential impacts of euro adoption. Intended audience: Economists, Financial Analysts.",
    "recency_requirement": "Most recent available year and historical data for at least 10 years",
    "responsible_role_type": "Economist",
    "steps_to_find": [
      "Search World Bank Open Data.",
      "Search Eurostat database.",
      "Contact Danmarks Nationalbank."
    ],
    "access_difficulty": "Easy. Readily available from public databases."
  },
  {
    "id": "c16e8cd9-761b-443f-922b-db8399107dbe",
    "document_name": "Participating Nations Inflation Rate Data",
    "description": "Historical and current inflation rate data for Denmark and other Eurozone countries. Used to analyze economic convergence and potential impacts of euro adoption. Intended audience: Economists, Financial Analysts.",
    "recency_requirement": "Most recent available year and historical data for at least 10 years",
    "responsible_role_type": "Economist",
    "steps_to_find": [
      "Search World Bank Open Data.",
      "Search Eurostat database.",
      "Contact Danmarks Nationalbank."
    ],
    "access_difficulty": "Easy. Readily available from public databases."
  },
  {
    "id": "f985a1ff-364d-41b8-ac82-958c65d06936",
    "document_name": "Participating Nations Unemployment Rate Data",
    "description": "Historical and current unemployment rate data for Denmark and other Eurozone countries. Used to analyze economic convergence and potential impacts of euro adoption. Intended audience: Economists, Financial Analysts.",
    "recency_requirement": "Most recent available year and historical data for at least 10 years",
    "responsible_role_type": "Economist",
    "steps_to_find": [
      "Search World Bank Open Data.",
      "Search Eurostat database.",
      "Contact Danmarks Nationalbank."
    ],
    "access_difficulty": "Easy. Readily available from public databases."
  },
  {
    "id": "42c4ff93-562d-446d-9404-a70813422b3d",
    "document_name": "Existing National Laws Related to Currency and Finance",
    "description": "Existing Danish laws and regulations related to currency, finance, and banking. Used to identify necessary legal changes for euro adoption. Intended audience: Legal Counsel, Policy Analysts.",
    "recency_requirement": "Current regulations essential",
    "responsible_role_type": "Legal Counsel",
    "steps_to_find": [
      "Search Danish Parliament website (Folketinget).",
      "Consult with the Danish Ministry of Justice.",
      "Review legal databases."
    ],
    "access_difficulty": "Medium. Requires navigating legal databases and government websites."
  },
  {
    "id": "ad53e36e-27fd-40d5-89c1-301da909fa70",
    "document_name": "Existing EU Treaties and Regulations Related to Euro Adoption",
    "description": "Relevant EU treaties, regulations, and directives related to euro adoption and economic convergence. Used to ensure compliance with EU requirements. Intended audience: Legal Counsel, Policy Analysts.",
    "recency_requirement": "Current regulations essential",
    "responsible_role_type": "Legal Counsel",
    "steps_to_find": [
      "Search the Official Journal of the European Union.",
      "Consult with the European Central Bank (ECB).",
      "Review EU legal databases."
    ],
    "access_difficulty": "Easy. Readily available from EU websites."
  },
  {
    "id": "db8a93bd-31fd-4033-bc1a-7bf44c7db862",
    "document_name": "Official National Public Opinion Survey Data on Euro Adoption",
    "description": "Results of official public opinion surveys on euro adoption in Denmark. Used to understand public sentiment and inform communication strategies. Intended audience: Communication Team, Political Strategists.",
    "recency_requirement": "Published within last 2 years",
    "responsible_role_type": "Market Research Analyst",
    "steps_to_find": [
      "Contact Statistics Denmark (Danmarks Statistik).",
      "Search government archives.",
      "Review academic research on public opinion."
    ],
    "access_difficulty": "Medium. May require contacting government agencies or accessing restricted databases."
  },
  {
    "id": "862d7b43-60d7-4122-9273-a394b7d3b7c0",
    "document_name": "Historical Danish Referendum Results and Voter Data",
    "description": "Data on past referendum results in Denmark, including voter turnout and demographics. Used to analyze potential voting patterns and inform referendum strategy. Intended audience: Political Strategists, Market Research Analyst.",
    "recency_requirement": "Historical data acceptable",
    "responsible_role_type": "Political Strategist",
    "steps_to_find": [
      "Search Danish Parliament website (Folketinget).",
      "Contact Statistics Denmark (Danmarks Statistik).",
      "Review academic research on Danish elections."
    ],
    "access_difficulty": "Medium. May require contacting government agencies or accessing restricted databases."
  },
  {
    "id": "bb799474-082d-4aeb-8ed9-5e403136b98a",
    "document_name": "Danmarks Nationalbank Financial System Data",
    "description": "Data on the structure and performance of the Danish financial system, including banking sector statistics and payment system data. Used to assess the impact of euro adoption on the financial sector. Intended audience: Financial Analysts, Economists.",
    "recency_requirement": "Most recent available year and historical data for at least 5 years",
    "responsible_role_type": "Financial Analyst",
    "steps_to_find": [
      "Search Danmarks Nationalbank website.",
      "Contact Danmarks Nationalbank directly.",
      "Review financial industry reports."
    ],
    "access_difficulty": "Medium. May require contacting the central bank directly."
  },
  {
    "id": "24500e85-93c2-48cc-abae-145533f3afd7",
    "document_name": "Existing National Cybersecurity Policies and Regulations",
    "description": "Existing Danish policies and regulations related to cybersecurity and data protection. Used to ensure compliance with national security standards during the transition. Intended audience: IT Security Specialist, Legal Counsel.",
    "recency_requirement": "Current regulations essential",
    "responsible_role_type": "IT Security Specialist",
    "steps_to_find": [
      "Search Danish government websites.",
      "Consult with the Danish Centre for Cyber Security (CFCS).",
      "Review legal databases."
    ],
    "access_difficulty": "Medium. Requires navigating government websites and legal databases."
  },
  {
    "id": "999a6fc0-d219-4e01-adc3-d5500a5b7cf9",
    "document_name": "Existing National Anti-Money Laundering (AML) Policies and Regulations",
    "description": "Existing Danish policies and regulations related to anti-money laundering and counter-terrorism financing. Used to ensure compliance with national and international AML standards during the transition. Intended audience: AML Compliance Officer, Legal Counsel.",
    "recency_requirement": "Current regulations essential",
    "responsible_role_type": "AML Compliance Officer",
    "steps_to_find": [
      "Search Danish government websites.",
      "Consult with the Danish Financial Supervisory Authority (FSA).",
      "Review legal databases."
    ],
    "access_difficulty": "Medium. Requires navigating government websites and legal databases."
  },
  {
    "id": "05a30327-ceec-4baa-aa41-e14b9314ce85",
    "document_name": "Eurozone Member States Euro Adoption Transition Plans",
    "description": "Transition plans from countries that have previously adopted the Euro. Used to learn from past experiences and best practices. Intended audience: Project Manager, Financial Analyst, Legal Counsel.",
    "recency_requirement": "Within the last 20 years",
    "responsible_role_type": "Project Manager",
    "steps_to_find": [
      "Contact the European Central Bank (ECB).",
      "Search the websites of national central banks of Eurozone member states.",
      "Review academic research on euro adoption."
    ],
    "access_difficulty": "Medium. May require contacting central banks directly."
  },
  {
    "id": "6c59fb1b-ad24-44f1-86b6-3cc14d3c2b18",
    "document_name": "Euro Banknote and Coin Supply Chain Data",
    "description": "Data on the production, distribution, and storage of euro banknotes and coins. Used to assess potential supply chain disruptions and develop contingency plans. Intended audience: Logistics Coordinator, Risk Manager.",
    "recency_requirement": "Most recent available data",
    "responsible_role_type": "Logistics Coordinator",
    "steps_to_find": [
      "Contact the European Central Bank (ECB).",
      "Contact national mints and printing works.",
      "Review industry reports on currency logistics."
    ],
    "access_difficulty": "Hard. Requires contacting central banks and potentially accessing confidential information."
  }
]