[
  {
    "task_id": "61d9b325-717a-4e45-a320-9153cf48a5fa",
    "delay_risks": "Difficulty in obtaining comprehensive data on public and political sentiment, potential for biased or incomplete legal analysis, and unforeseen political events impacting feasibility.",
    "mitigation_strategy": "Employ multiple data sources and expert opinions, conduct thorough legal research and sensitivity analysis, and develop contingency plans for various political scenarios.",
    "days_min": 60,
    "days_max": 90,
    "days_realistic": 75
  },
  {
    "task_id": "e1ff86d1-6c34-4300-b25f-bdad3926ba19",
    "delay_risks": "Complexity of EU treaties and legal frameworks, potential for disagreements among legal experts on interpretation, and delays in accessing relevant documentation.",
    "mitigation_strategy": "Engage experienced EU law specialists, establish a clear process for legal review and consensus-building, and proactively request necessary documents from relevant authorities.",
    "days_min": 15,
    "days_max": 30,
    "days_realistic": 21
  },
  {
    "task_id": "66d47056-b361-46f1-bdbb-1ec8b9edc370",
    "delay_risks": "Unforeseen legal obstacles, conflicting legal interpretations, and potential for legal challenges from opposition groups.",
    "mitigation_strategy": "Conduct comprehensive legal due diligence, consult with multiple legal experts, and develop strategies to address potential legal challenges proactively.",
    "days_min": 20,
    "days_max": 40,
    "days_realistic": 30
  },
  {
    "task_id": "9b1c31be-a5ea-4ba5-bbf6-4ccb6b2810ae",
    "delay_risks": "Lack of access to key EU political figures, difficulty in obtaining candid assessments of support due to political sensitivities, potential for biased reporting from sources.",
    "mitigation_strategy": "Establish multiple channels of communication with EU officials, utilize independent political analysts for unbiased assessments, cross-reference information from various sources to ensure accuracy.",
    "days_min": 14,
    "days_max": 45,
    "days_realistic": 30
  },
  {
    "task_id": "3df5a89f-bee0-4a88-b92d-011784b41610",
    "delay_risks": "Inability to identify effective framing strategies that resonate with the public, potential for negative framing by opposition groups, difficulty in adapting framing to evolving public sentiment.",
    "mitigation_strategy": "Conduct thorough market research to identify effective framing strategies, develop contingency plans for addressing negative framing, continuously monitor public sentiment and adjust framing accordingly.",
    "days_min": 7,
    "days_max": 28,
    "days_realistic": 14
  },
  {
    "task_id": "10e5d1b8-0bce-4d52-aede-3120ab6e7a53",
    "delay_risks": "Low response rates, biased sampling, difficulty in interpreting results due to complex public opinions, potential for rapid shifts in public opinion influenced by external events.",
    "mitigation_strategy": "Employ multiple polling methodologies to ensure representative sampling, utilize experienced pollsters to interpret results accurately, conduct regular polling to track shifts in public opinion, and account for potential biases.",
    "days_min": 7,
    "days_max": 21,
    "days_realistic": 14
  },
  {
    "task_id": "d4c3e8d6-71b5-4906-a7d4-904f0559a528",
    "delay_risks": "Delays could arise from disagreements among EU member states, changes in EU leadership, or unexpected legal challenges to the negotiation process.",
    "mitigation_strategy": "Establish strong relationships with key EU officials, maintain open communication channels, and develop contingency plans for various negotiation outcomes.",
    "days_min": 90,
    "days_max": 365,
    "days_realistic": 270
  },
  {
    "task_id": "1c794f36-9a65-4673-a1ec-1d442d551b71",
    "delay_risks": "Negotiations with the EU could be prolonged due to conflicting priorities, political instability within the EU, or unforeseen economic events impacting the Eurozone.",
    "mitigation_strategy": "Prepare comprehensive negotiation strategies, build consensus among Danish stakeholders, and maintain flexibility to adapt to changing circumstances.",
    "days_min": 60,
    "days_max": 270,
    "days_realistic": 180
  },
  {
    "task_id": "2a341622-ec8f-42b1-ab16-b5ddbf5c0637",
    "delay_risks": "Drafting legal amendments and protocols may be delayed by legal complexities, disagreements among legal experts, or unforeseen conflicts with existing Danish law.",
    "mitigation_strategy": "Engage experienced legal counsel, conduct thorough legal research, and establish a clear process for resolving legal disputes.",
    "days_min": 30,
    "days_max": 120,
    "days_realistic": 75
  },
  {
    "task_id": "db652336-b47c-4aee-b740-8a3af0ce6679",
    "delay_risks": "EU member states may raise unexpected objections or impose unforeseen conditions, leading to prolonged negotiations and potential impasses. Changes in EU leadership or priorities could also impact the agreement process.",
    "mitigation_strategy": "Establish strong relationships with key EU officials and member state representatives. Conduct thorough research on potential objections and develop alternative negotiation strategies. Maintain open communication channels and proactively address concerns.",
    "days_min": 90,
    "days_max": 180,
    "days_realistic": 135
  },
  {
    "task_id": "b0a094f2-289f-43b4-af1a-51a3c65b679e",
    "delay_risks": "Legal challenges from opposition parties or interest groups could delay or derail the implementation of the legal framework. Unforeseen legal complexities or ambiguities may require additional analysis and revisions.",
    "mitigation_strategy": "Conduct thorough legal due diligence and address potential legal challenges proactively. Engage with legal experts and stakeholders to identify and resolve any ambiguities. Develop contingency plans to address potential legal setbacks.",
    "days_min": 60,
    "days_max": 120,
    "days_realistic": 90
  },
  {
    "task_id": "c676420e-5432-4d26-ae1e-78d6de2ec57e",
    "delay_risks": "Public sentiment may shift negatively due to unforeseen economic events or political developments. Ineffective communication or misinformation could undermine public support for euro adoption. Unexpected events could postpone the referendum.",
    "mitigation_strategy": "Continuously monitor public opinion and adapt communication strategies accordingly. Proactively address misinformation and concerns through targeted outreach and education. Develop contingency plans to address potential negative events and maintain public support.",
    "days_min": 180,
    "days_max": 365,
    "days_realistic": 270
  },
  {
    "task_id": "b0154d39-d04c-41e7-865d-8aa00688d0a4",
    "delay_risks": "Public apathy or distrust in government information, leading to low engagement with the campaign. Misinformation campaigns from opposing groups could undermine the effectiveness of the public awareness campaign.",
    "mitigation_strategy": "Develop a multi-channel communication strategy using trusted sources and diverse media formats. Implement a rapid response team to address misinformation and counter negative narratives with factual information.",
    "days_min": 90,
    "days_max": 180,
    "days_realistic": 120
  },
  {
    "task_id": "538f3fa3-d2f8-4eb0-a66e-e905e0f3b4e5",
    "delay_risks": "Inability to effectively address complex economic concerns or anxieties about the impact of euro adoption. Failure to resonate with the public's values and priorities, leading to continued skepticism.",
    "mitigation_strategy": "Conduct thorough research to understand public concerns and tailor messaging accordingly. Partner with respected economists and community leaders to address concerns and build trust. Use clear, accessible language to explain the benefits of euro adoption.",
    "days_min": 60,
    "days_max": 120,
    "days_realistic": 90
  },
  {
    "task_id": "697f6cd2-c620-448d-9b57-893466fbd42f",
    "delay_risks": "Difficulty identifying and reaching key demographic groups due to data limitations or logistical challenges. Messaging that fails to resonate with specific demographics, leading to low engagement and limited impact.",
    "mitigation_strategy": "Utilize a combination of traditional and digital outreach methods to reach diverse demographic groups. Conduct focus groups and surveys to understand the specific concerns and priorities of each demographic. Tailor messaging to address the unique needs and values of each group.",
    "days_min": 45,
    "days_max": 90,
    "days_realistic": 60
  },
  {
    "task_id": "8131cd06-84c1-4a80-897b-334013f58363",
    "delay_risks": "Negative media coverage or misinformation campaigns could damage public perception and hinder the referendum campaign's effectiveness.",
    "mitigation_strategy": "Proactively monitor media and social media channels, rapidly address misinformation with factual information, and engage with journalists to ensure balanced reporting.",
    "days_min": 14,
    "days_max": 45,
    "days_realistic": 30
  },
  {
    "task_id": "4a674b91-b84b-44b3-a2d4-73593bd0c355",
    "delay_risks": "Unexpected logistical challenges, voter turnout issues, or technical glitches during the referendum could invalidate the results or delay the process.",
    "mitigation_strategy": "Conduct thorough testing of voting systems, implement robust contingency plans for logistical issues, and ensure adequate staffing and resources at polling stations.",
    "days_min": 1,
    "days_max": 7,
    "days_realistic": 3
  },
  {
    "task_id": "6420f271-0505-40e0-8b5b-2016a675f00b",
    "delay_risks": "Unforeseen economic downturns, lack of coordination between financial institutions, or resistance from key stakeholders could disrupt the economic and financial transition planning.",
    "mitigation_strategy": "Establish a steering committee with representatives from key financial institutions and government agencies, conduct regular economic stress tests, and develop contingency plans for potential economic shocks.",
    "days_min": 90,
    "days_max": 180,
    "days_realistic": 120
  },
  {
    "task_id": "34bc2c6c-041a-43df-9732-649776bbf803",
    "delay_risks": "Economic data may be unreliable or incomplete, leading to inaccurate forecasting. Unexpected global economic events could disrupt the transition plan.",
    "mitigation_strategy": "Employ multiple economic forecasting models and data sources. Develop contingency plans to address potential economic shocks.",
    "days_min": 60,
    "days_max": 120,
    "days_realistic": 90
  },
  {
    "task_id": "c73a588a-1b2a-433e-972a-a63f05d525fc",
    "delay_risks": "Lack of consensus among financial institutions on the best conversion strategy. Technical difficulties in adapting existing systems to the euro.",
    "mitigation_strategy": "Establish a working group with representatives from all major financial institutions. Provide technical assistance and training to facilitate system upgrades.",
    "days_min": 45,
    "days_max": 90,
    "days_realistic": 60
  },
  {
    "task_id": "90c41a0f-b067-4aff-af3d-afa2f54c1ac8",
    "delay_risks": "Underestimation of the complexity of IT system upgrades. Delays in vendor delivery of necessary hardware and software.",
    "mitigation_strategy": "Conduct a thorough assessment of IT system requirements. Secure contracts with multiple vendors to mitigate supply chain risks.",
    "days_min": 30,
    "days_max": 75,
    "days_realistic": 45
  },
  {
    "task_id": "fd963aaf-a6dd-42d1-9b15-6bd85a595546",
    "delay_risks": "Incomplete understanding of potential economic shocks, inaccurate forecasting models, and unforeseen global economic events impacting Denmark's economy.",
    "mitigation_strategy": "Employ a diverse team of economists and financial experts, utilize multiple forecasting models, and establish contingency plans for various economic scenarios.",
    "days_min": 30,
    "days_max": 90,
    "days_realistic": 60
  },
  {
    "task_id": "678c8803-7fe2-40c3-b215-0cfa91ec1575",
    "delay_risks": "Lack of consensus among stakeholders on the optimal transition approach, resistance from specific financial institutions, and unexpected technical challenges during the transition planning phase.",
    "mitigation_strategy": "Establish a clear decision-making process, engage all stakeholders early and often, and conduct thorough technical assessments to identify and address potential challenges proactively.",
    "days_min": 15,
    "days_max": 45,
    "days_realistic": 30
  },
  {
    "task_id": "e2ed1b09-6ebd-4df8-951a-53251e28f435",
    "delay_risks": "Unexpected technical difficulties during system upgrades, resistance from financial institutions to adopt new systems, and potential security breaches during the conversion process.",
    "mitigation_strategy": "Conduct thorough testing of all upgraded systems, provide comprehensive training to financial institutions, and implement robust security measures to protect against cyber threats.",
    "days_min": 365,
    "days_max": 730,
    "days_realistic": 548
  },
  {
    "task_id": "6cee11fe-190f-441a-9bc5-d4ccd10ebb7d",
    "delay_risks": "Delays in software development, integration issues with existing banking systems, cybersecurity vulnerabilities discovered during testing, and vendor dependencies.",
    "mitigation_strategy": "Implement agile development methodologies, conduct thorough system integration testing, employ robust cybersecurity protocols, and establish backup vendor agreements.",
    "days_min": 180,
    "days_max": 365,
    "days_realistic": 270
  },
  {
    "task_id": "6d88dbe4-a1d1-4533-b41b-44e9680e6e02",
    "delay_risks": "Resistance from payment providers, technical difficulties in converting payment platforms, security breaches during the conversion process, and lack of standardization across different payment systems.",
    "mitigation_strategy": "Engage payment providers early in the process, provide technical assistance and training, implement stringent security measures, and establish industry standards for payment system conversion.",
    "days_min": 90,
    "days_max": 270,
    "days_realistic": 180
  },
  {
    "task_id": "ca5fbd74-e5fc-4fd9-a48a-3eb9f8479d75",
    "delay_risks": "Unforeseen complexities in aligning financial regulations, resistance from financial institutions, public confusion and distrust, and unexpected economic shocks during the transition.",
    "mitigation_strategy": "Conduct thorough regulatory analysis, provide incentives and support to financial institutions, launch a comprehensive public awareness campaign, and develop contingency plans for economic shocks.",
    "days_min": 30,
    "days_max": 90,
    "days_realistic": 60
  },
  {
    "task_id": "3c1c4d29-eb59-41f7-b0fc-fa12f4348172",
    "delay_risks": "Unexpected fluctuations in the global financial markets, delays in data feeds from financial institutions, or unforeseen technical glitches in monitoring systems could hinder accurate assessment of financial stability.",
    "mitigation_strategy": "Establish redundant data feeds from multiple sources, implement robust testing and validation procedures for monitoring systems, and maintain a contingency fund to address unexpected market volatility.",
    "days_min": 180,
    "days_max": 365,
    "days_realistic": 270
  },
  {
    "task_id": "45fd5d95-687b-43a5-a04c-9b33acc18978",
    "delay_risks": "Logistical challenges in coordinating currency exchange across all banks and ATMs, potential for long queues and public frustration, and the risk of counterfeit euros entering circulation.",
    "mitigation_strategy": "Implement a phased rollout of currency exchange, provide clear communication to the public about exchange procedures and timelines, and deploy advanced security measures to detect and prevent counterfeit currency.",
    "days_min": 90,
    "days_max": 180,
    "days_realistic": 135
  },
  {
    "task_id": "f98093fe-4e8f-43ad-9b92-b81518f32ce4",
    "delay_risks": "Difficulty in obtaining reliable economic data, delays in receiving feedback from public surveys, and potential for biased or incomplete data affecting the accuracy of the evaluation.",
    "mitigation_strategy": "Utilize multiple data sources for economic monitoring, implement rigorous quality control procedures for public surveys, and engage independent experts to validate the evaluation findings.",
    "days_min": 365,
    "days_max": 730,
    "days_realistic": 548
  },
  {
    "task_id": "8e0d0bd6-1f07-4886-8b5d-fce084c9d29e",
    "delay_risks": "Economic data collection may be delayed or inaccurate, leading to flawed analysis. Unforeseen global economic events could skew the data and make it difficult to isolate the impact of euro adoption.",
    "mitigation_strategy": "Establish robust data validation procedures and utilize multiple data sources. Employ econometric models that can account for external shocks and control for confounding factors.",
    "days_min": 90,
    "days_max": 180,
    "days_realistic": 120
  },
  {
    "task_id": "37fc968c-1efe-49a6-bfd6-a27ce1b98ba4",
    "delay_risks": "Financial institutions may be hesitant to share sensitive data, hindering a comprehensive assessment. Unexpected vulnerabilities in the financial system could emerge, requiring additional investigation and analysis.",
    "mitigation_strategy": "Establish confidentiality agreements and data security protocols with financial institutions. Conduct regular stress tests and vulnerability assessments to identify and address potential weaknesses.",
    "days_min": 60,
    "days_max": 120,
    "days_realistic": 90
  },
  {
    "task_id": "67861153-7f22-44ef-b66a-d3a71c96fdc3",
    "delay_risks": "Public opinion surveys may be biased or unrepresentative of the population. Public sentiment can be volatile and influenced by external factors, making it difficult to accurately gauge long-term satisfaction.",
    "mitigation_strategy": "Employ rigorous sampling techniques and weighting methods to ensure representative surveys. Conduct regular focus groups and sentiment analysis to track changes in public opinion and identify emerging concerns.",
    "days_min": 30,
    "days_max": 90,
    "days_realistic": 60
  },
  {
    "task_id": "bbfef4a0-a6b3-4512-9055-cf2574ec23ed",
    "delay_risks": "Difficulty in obtaining honest and unbiased feedback from the public, potential for survey fatigue or low response rates, challenges in accurately interpreting qualitative data.",
    "mitigation_strategy": "Employ diverse data collection methods (surveys, focus groups, social media analysis), offer incentives for participation, and use experienced analysts to interpret the data and identify potential biases.",
    "days_min": 10,
    "days_max": 30,
    "days_realistic": 20
  }
]