Level 1;Level 2;Level 3;Level 4;Task ID
Euro Adoption;;;;66e9fe4a-de85-4279-a82b-ab94b8f485d3
;Political & Legal Feasibility Assessment;;;61d9b325-717a-4e45-a320-9153cf48a5fa
;;Analyze EU Treaty Options;;e1ff86d1-6c34-4300-b25f-bdad3926ba19
;;;Identify Relevant EU Treaties;1a8f5202-aaf8-4018-89bb-2d8f4d4593b0
;;;Analyze Treaty Opt-Out Clauses;e999205e-0532-4cfc-a63f-a6630b0836b4
;;;Assess Treaty Amendment Requirements;e4d8c76a-9223-4cf4-923f-ed1b2158d85f
;;;Evaluate Legal Precedents;742a408a-a7c7-4b7a-ae04-1b812bc0bd0d
;;Assess Legal Pathway Feasibility;;66d47056-b361-46f1-bdbb-1ec8b9edc370
;;;Research existing legal precedents;01eab282-c75d-4a1b-97c4-e91dff6dc46b
;;;Analyze constitutional implications;8b2498ac-1ef9-4db6-a325-62edd9354a6e
;;;Assess EU treaty compatibility;e58bc8e0-addf-497a-9f3d-ea1cd539c79a
;;;Identify potential legal challenges;ae7cb101-f0cb-427b-a490-41d25bfe1ab0
;;Evaluate Political Support within EU;;9b1c31be-a5ea-4ba5-bbf6-4ccb6b2810ae
;;;Analyze Political Landscape in EU;d226b525-78bd-4441-b9ad-dea445e2e9a1
;;;Identify Key Decision-Makers in EU;36e58a74-5aea-4891-9af5-c618dd8948c0
;;;Assess Support for Euro Adoption;6c4b7e83-a02b-4419-939d-d90025487914
;;;Develop Persuasion Strategies for EU;be30af0f-93e6-48b6-b2be-94660c75d375
;;Develop Referendum Framing Strategies;;3df5a89f-bee0-4a88-b92d-011784b41610
;;;Research Effective Framing Techniques;9ba1f7cd-c66a-403c-816c-c85b99b8a501
;;;Develop Initial Framing Narratives;9c3760fe-8962-4c06-b013-9001044d7e19
;;;Test Framing Narratives with Focus Groups;69bcd29a-3303-412c-bf27-1a87c4a867aa
;;;Refine Framing Based on Focus Groups;405a9611-da6a-481f-b931-e3809898c9ee
;;Conduct Initial Public Opinion Polling;;10e5d1b8-0bce-4d52-aede-3120ab6e7a53
;;;Design Initial Survey Instrument;1a7dba7d-cd9a-4db6-89c2-4edc898a55c7
;;;Pilot Test Survey Instrument;62ecae63-0dbe-4723-9729-a3b897b1ce07
;;;Administer Initial Public Opinion Poll;24dfb8dc-b2f3-4b30-9b5d-790071baf6c7
;;;Analyze Initial Poll Results;a5e9cd86-8911-4ddd-9ff7-134b54145d8b
;;;Disseminate Initial Findings;1cb3e07f-167d-45b1-9502-72827d934a7f
;EU Negotiation & Legal Implementation;;;d4c3e8d6-71b5-4906-a7d4-904f0559a528
;;Negotiate Legal Pathway with EU;;1c794f36-9a65-4673-a1ec-1d442d551b71
;;;Define Denmark's Negotiation Objectives;4d637ec9-b3c9-472c-9362-780c466ea94b
;;;Research EU Member State Positions;1d9ed4a0-4931-40c2-83b0-464d9e8d9237
;;;Develop Negotiation Strategy & Tactics;b26c5b0f-03e7-48c6-ae48-19ff2acb783e
;;;Conduct Preliminary Talks with EU Officials;719d6663-142b-4686-9482-bb57fc7391c6
;;;Prepare Detailed Legal & Economic Impact Assessments;f39c9b26-cdbf-4795-9d7b-8d5edecc04c8
;;Draft Legal Amendments & Protocols;;2a341622-ec8f-42b1-ab16-b5ddbf5c0637
;;;Research existing Danish laws;4e64488c-9e94-4cbc-9e9e-453a99c87810
;;;Draft amendments to Danish laws;177b3a63-44cd-4e77-9a92-bfc2fc4f6f64
;;;Draft protocols for EU treaties;b981245a-97ce-4497-be0f-d6b4cf4d928e
;;;Consult with legal stakeholders;822bf657-11f5-4ed6-bcb6-c935d2d5281e
;;Secure EU Agreement on Legal Framework;;db652336-b47c-4aee-b740-8a3af0ce6679
;;;Analyze potential legal challenges;2f6dbd7f-5e13-4c0d-a6f0-550a0e3e2f0a
;;;Develop legal defense strategies;bd542d01-b43b-40d8-9c2f-e45f4771b50f
;;;Engage with stakeholders on legal concerns;23b7c23d-f938-44f5-a9d0-6200dacd5aba
;;;Prepare legal documentation;bb16ef0d-242b-47c2-a857-362d4be892a6
;;Address Legal Challenges;;b0a094f2-289f-43b4-af1a-51a3c65b679e
;;;Prepare for potential legal challenges;ba2e0b36-9b09-4de3-b21b-0acca73abc76
;;;Engage with legal stakeholders;64525c2d-94fa-407b-94a0-574b04556655
;;;Develop legal communication strategy;dd6cd67d-1cd9-4f9a-b038-c2630995f148
;;;Monitor legal developments;98b460cd-02ec-4088-b325-1f2b9ee7791a
;Referendum Campaign & Vote;;;c676420e-5432-4d26-ae1e-78d6de2ec57e
;;Launch Public Awareness Campaign;;b0154d39-d04c-41e7-865d-8aa00688d0a4
;;;Develop campaign messaging;155589b2-d6e7-4426-8839-68a62b8e69bf
;;;Select communication channels;1d93e7d3-792a-4351-9840-c2b7a856f5e7
;;;Create campaign materials;db266a5a-193c-4fc1-ba70-7235abb77888
;;;Train campaign spokespeople;178b1be0-b940-4538-9565-c029b7df2edb
;;Address Public Concerns & Misconceptions;;538f3fa3-d2f8-4eb0-a66e-e905e0f3b4e5
;;;Identify Key Public Concerns;9a58583e-e550-4af7-8728-a1e67846f702
;;;Develop Targeted Messaging;0934c7a3-9beb-4ec8-810c-64e422f650d1
;;;Disseminate Information Effectively;91781659-f055-4186-8a98-dc4fe4c63fb7
;;;Monitor Message Impact and Adjust;94f2a324-9f31-4ee5-a839-bc15ec43f611
;;Conduct Targeted Outreach to Key Demographics;;697f6cd2-c620-448d-9b57-893466fbd42f
;;;Identify Key Demographic Groups;9072aa2d-eebf-41be-bf3f-ecf120ab4ceb
;;;Tailor Messaging for Each Demographic;31e3098a-9afd-4bca-9e89-dd098f0610ff
;;;Select Appropriate Outreach Channels;e8d77597-6fec-41b9-9276-2cfdb798b164
;;;Execute Targeted Outreach Campaigns;61135926-e091-4ae4-8aa2-6a88da275e0b
;;;Monitor and Evaluate Campaign Impact;ddbe30b6-6196-4d5d-b4c3-27cde3323e2b
;;Manage External Perception;;8131cd06-84c1-4a80-897b-334013f58363
;;;Monitor media coverage of euro adoption;b1605a4d-13da-479a-bd43-a821f91c8a10
;;;Identify key influencers and stakeholders;aba0fe23-2d51-4a2b-8717-ca2a2e546fca
;;;Develop proactive communication strategies;e929d58e-65c2-4db9-bfcb-99382ee42083
;;;Engage with journalists and media outlets;edad5620-990c-4638-adea-dd1708423713
;;;Manage social media presence and engagement;99850cdf-bbd3-43e1-b5b0-78e040bf468f
;;Execute Referendum Vote;;4a674b91-b84b-44b3-a2d4-73593bd0c355
;;;Finalize Polling Station Logistics;530ba97b-0199-4f2a-b6a4-4625b59336c4
;;;Distribute Voter Information Materials;b6bacd31-0a29-4bc4-b956-136116775e88
;;;Oversee Voting Process;315e933b-23e0-4922-afb6-56e23573358b
;;;Count Ballots and Report Results;a9a5a554-1fe4-478a-9c36-7e7424f0e120
;;;Secure Ballot Storage Post-Election;5395e4b9-ddcb-42ea-b698-2a9be24682d3
;Economic & Financial Transition Planning;;;6420f271-0505-40e0-8b5b-2016a675f00b
;;Develop Economic Transition Plan;;34bc2c6c-041a-43df-9732-649776bbf803
;;;Analyze historical economic data;efcc4426-38ad-403f-bb43-4383fc8bdcfa
;;;Forecast economic impact of euro adoption;3890c841-240a-43a9-8d45-99d8822f4e49
;;;Assess impact on key sectors;70753074-ef4d-45ad-8e78-e37cca64ca80
;;;Develop transition strategies;2719f332-1db4-47c3-9521-f76a11e8f8db
;;Establish Financial Sector Conversion Strategy;;c73a588a-1b2a-433e-972a-a63f05d525fc
;;;Analyze current financial systems;9a56c9d8-0f3d-42a5-9edd-a8d629552372
;;;Define euro conversion requirements;3914957f-ce77-4f01-9112-ef58b03c38e4
;;;Develop conversion strategy options;54b931ad-8a40-43ae-acb1-c06393d90500
;;;Evaluate and select best strategy;82b3c148-0a7c-4739-8a8e-aa386eba7680
;;Assess IT System Upgrade Requirements;;90c41a0f-b067-4aff-af3d-afa2f54c1ac8
;;;Inventory current IT systems;790e2b6a-778e-4ddd-a753-0a4dd25153bb
;;;Assess euro compatibility;eabd33e8-6df3-4e24-b8c9-ab991aeacada
;;;Estimate upgrade costs;161c8080-37c3-4451-82d7-cc28c2adbbf2
;;;Prioritize system upgrades;c0d3b6c3-ddc6-4c7f-b773-2d1f7987801c
;;;Document upgrade requirements;95fd0528-a8e8-4442-9da5-52c32f0c7cdc
;;Develop Risk Mitigation Framework;;fd963aaf-a6dd-42d1-9b15-6bd85a595546
;;;Identify potential economic shock scenarios;4c8fb881-5776-4242-8e47-0b442daa2b06
;;;Assess likelihood and impact of each shock;bfa39f0f-bd73-485e-bdef-1c7babe6dd9f
;;;Develop mitigation strategies for key risks;5b3ddf13-4173-43db-b8be-37a40c368073
;;;Establish early warning indicators;72dd56b2-4208-4c8e-89f0-0502e8741e7c
;;Define Financial System Transition Approach;;678c8803-7fe2-40c3-b215-0cfa91ec1575
;;;Identify potential economic shock scenarios;3e844de1-4c45-49cc-bfd3-3bdae49af536
;;;Assess impact of shocks on key indicators;2b99ba04-399c-4153-b6b8-a917689e14dd
;;;Develop mitigation strategies for each shock;87e41c1e-548c-437a-bb83-8af584006b1a
;;;Document risk mitigation framework;16ff48a0-5af9-482e-ac6a-f3b43852f771
;Financial System Conversion & Implementation;;;e2ed1b09-6ebd-4df8-951a-53251e28f435
;;Upgrade Bank IT Systems;;6cee11fe-190f-441a-9bc5-d4ccd10ebb7d
;;;Assess current banking IT infrastructure;fbcb121f-0669-4df8-b5e5-4934aded2a03
;;;Develop detailed upgrade specifications;60a60939-eca7-4b41-8315-931540076c44
;;;Select vendors and negotiate contracts;162180ee-fa5b-43d6-9da2-92518583b412
;;;Implement and test IT system upgrades;8f519621-a0e0-4c6b-be9b-a20c10b90bf2
;;;Train bank staff on new systems;e678ed3f-8a5e-4553-b6f4-a865c93e8f3c
;;Convert Payment Systems;;6d88dbe4-a1d1-4533-b41b-44e9680e6e02
;;;Assess Payment System Compatibility;130350c3-0fbb-41d8-bd57-f12f906e9c92
;;;Develop Conversion Protocols;bdd981f1-db36-45e6-9668-bffb38ccac55
;;;Test Euro Payment Functionality;54cd2b0a-ac5c-4ea8-9462-ec5ddf55b14a
;;;Train Payment System Personnel;efa6c9ef-416f-4b11-8c84-cb3127737d0d
;;;Coordinate with Payment Providers;e1652fef-390f-4628-acd0-06df743124c7
;;Implement Financial System Transition Approach;;ca5fbd74-e5fc-4fd9-a48a-3eb9f8479d75
;;;Finalize transition plan details;4c00d8df-c0bb-4c09-b07d-0e8a8a81df32
;;;Communicate transition plan to stakeholders;e7eb4f21-22a9-4424-8848-f01bcad5569e
;;;Establish monitoring and feedback mechanisms;ce6ed8bf-cfb0-4526-a28a-5f3a588cbd9c
;;;Address regulatory alignment issues;37c60ed6-b0e0-424b-bb77-1bc80be10b7e
;;Monitor Financial Stability;;3c1c4d29-eb59-41f7-b0fc-fa12f4348172
;;;Collect Financial Institution Data;183dc7e7-61ce-4cec-be5e-50651f438089
;;;Analyze Market Volatility;703522ed-12cb-486b-9a8d-5acd1536880c
;;;Conduct Stress Tests;45e4f0b4-c180-46be-93d3-284d76e05f6b
;;;Assess Regulatory Compliance;3ec600c8-d56d-4bb5-acd2-e4e8fcfddbe2
;;;Report Stability Assessment;c1536ede-09a5-46c5-83c0-5fef0b7336bb
;;Manage Currency Exchange and Withdrawal;;45fd5d95-687b-43a5-a04c-9b33acc18978
;;;Establish Exchange Rate and Procedures;5dd7d801-36f9-44fd-9341-bf787b893bb9
;;;Coordinate Logistics for Cash Conversion;946ae5be-088b-4ad7-ad6e-1c3ccd8093c1
;;;Communicate Exchange Details to the Public;3dd8f791-9c6e-4e57-8f3f-65c22165453c
;;;Manage DKK Withdrawal and Destruction;08fbd277-9fd5-4774-913e-c65359135cab
;;;Monitor Exchange Process and Address Issues;e969102a-951e-485d-982e-8e97f9cef685
;Post-Adoption Monitoring & Evaluation;;;f98093fe-4e8f-43ad-9b92-b81518f32ce4
;;Monitor Economic Performance;;8e0d0bd6-1f07-4886-8b5d-fce084c9d29e
;;;Gather key economic indicators data;45c8064f-07bd-48d9-b4d8-49d2ca65c1ea
;;;Analyze impact on key sectors;c61167d8-7fcb-4b31-b11c-26181d2a4251
;;;Compare Denmark to other Eurozone nations;81922092-0393-4b85-9b95-4be1325f6116
;;;Assess long-term economic trends;8c1f98af-2122-4078-9d56-26a44ce1130b
;;Evaluate Financial System Stability;;37fc968c-1efe-49a6-bfd6-a27ce1b98ba4
;;;Collect Financial Institution Data;278b0906-a26e-4239-8724-4cc17cc7fa2b
;;;Analyze Key Financial Indicators;f4ad2339-3caa-479a-b16a-3b4ef1e02de1
;;;Conduct Stress Tests on Banks;57682091-4fcc-4462-9c0d-fca2063caac1
;;;Assess Regulatory Compliance;a1f28aa9-9375-41ac-863a-ac5ed43cea82
;;;Report on Financial System Stability;67c813ed-d4bc-4834-a761-430f20c60bf6
;;Assess Public Perception & Satisfaction;;67861153-7f22-44ef-b66a-d3a71c96fdc3
;;;Design Public Perception Survey;7e6f6c9b-0170-4808-a933-f355f4889bf2
;;;Conduct Public Opinion Surveys;554d9610-88d1-488c-9590-55164baf81fa
;;;Analyze Survey Data and Report;ddf9e7db-70e5-4ece-a1cb-3e8e76925c87
;;;Conduct Focus Groups;b7534185-24d8-496f-947f-ecc19e7d1c30
;;;Synthesize Survey and Focus Group Data;4cbb36b2-edfc-467b-b538-f0d53f13932b
;;Identify Lessons Learned;;bbfef4a0-a6b3-4512-9055-cf2574ec23ed
;;;Gather stakeholder feedback on the process;2b6af566-8bc0-4dd5-8b60-7df738bf50b3
;;;Analyze survey and interview data;448f52ea-e55b-47a5-b195-46b3abec2cdc
;;;Document lessons learned and best practices;51a85f0e-f4f2-4152-9b51-389242703617
;;;Disseminate findings to relevant parties;b7431abe-5b90-4c95-a779-d541569b01c7