project_key,project_name,project_description,project_start_date,project_end_date,project_progress,project_parent,originating_department
66e9fe4a-de85-4279-a82b-ab94b8f485d3,Euro Adoption,"Euro Adoption

Final deliverable:
Euro Currency",1/29/2026,8/29/2032,0,,PlanExe
61d9b325-717a-4e45-a320-9153cf48a5fa,Political & Legal Feasibility Assessment,,1/29/2026,5/28/2026,0,66e9fe4a-de85-4279-a82b-ab94b8f485d3,PlanExe
e1ff86d1-6c34-4300-b25f-bdad3926ba19,Analyze EU Treaty Options,,1/29/2026,2/22/2026,0,61d9b325-717a-4e45-a320-9153cf48a5fa,PlanExe
1a8f5202-aaf8-4018-89bb-2d8f4d4593b0,Identify Relevant EU Treaties,"Identify Relevant EU Treaties

Description:
Objective: Identify all EU treaties potentially relevant to Denmark's euro adoption. Scope: Review all major EU treaties, including the Treaty on European Union (TEU) and the Treaty on the Functioning of the European Union (TFEU). Steps: 1. Conduct a keyword search of EU treaties. 2. Consult with EU law experts. 3. Compile a list of potentially relevant treaties. Deliverables: A list of potentially relevant EU treaties.

Resources needed:
• EU Law Specialists
• Legal Researchers
• Treaty Databases",1/29/2026,2/4/2026,0,e1ff86d1-6c34-4300-b25f-bdad3926ba19,PlanExe
e999205e-0532-4cfc-a63f-a6630b0836b4,Analyze Treaty Opt-Out Clauses,"Analyze Treaty Opt-Out Clauses

Description:
Objective: Analyze the opt-out clauses within relevant EU treaties to determine their implications for Denmark's euro adoption. Scope: Examine the specific wording of opt-out clauses and their potential impact on the legal pathway. Steps: 1. Identify opt-out clauses in relevant treaties. 2. Analyze the legal implications of each clause. 3. Assess the feasibility of lifting the opt-out. Deliverables: A report on the implications of treaty opt-out clauses.

Resources needed:
• EU Law Specialists
• Legal Researchers
• Treaty Databases",2/4/2026,2/10/2026,0,1a8f5202-aaf8-4018-89bb-2d8f4d4593b0,PlanExe
e4d8c76a-9223-4cf4-923f-ed1b2158d85f,Assess Treaty Amendment Requirements,"Assess Treaty Amendment Requirements

Description:
Objective: Determine if treaty amendments are necessary for Denmark's euro adoption. Scope: Evaluate the existing legal framework and identify any gaps that require treaty amendments. Steps: 1. Compare the existing legal framework with the requirements for euro adoption. 2. Identify any gaps that require treaty amendments. 3. Assess the feasibility of treaty amendments. Deliverables: A report on treaty amendment requirements.

Resources needed:
• EU Law Specialists
• Legal Researchers
• Treaty Databases",2/10/2026,2/16/2026,0,e999205e-0532-4cfc-a63f-a6630b0836b4,PlanExe
742a408a-a7c7-4b7a-ae04-1b812bc0bd0d,Evaluate Legal Precedents,"Evaluate Legal Precedents

Description:
Objective: Evaluate legal precedents related to euro adoption by other EU member states. Scope: Research relevant case law and legal opinions to identify potential legal challenges and opportunities. Steps: 1. Conduct a search for relevant case law and legal opinions. 2. Analyze the legal precedents. 3. Assess the implications for Denmark's euro adoption. Deliverables: A report on relevant legal precedents.

Resources needed:
• EU Law Specialists
• Legal Researchers
• Legal Databases",2/16/2026,2/22/2026,0,e1ff86d1-6c34-4300-b25f-bdad3926ba19,PlanExe
66d47056-b361-46f1-bdbb-1ec8b9edc370,Assess Legal Pathway Feasibility,,2/22/2026,3/26/2026,0,e1ff86d1-6c34-4300-b25f-bdad3926ba19,PlanExe
01eab282-c75d-4a1b-97c4-e91dff6dc46b,Research existing legal precedents,"Research existing legal precedents

Description:
Objective: Identify relevant legal precedents within the EU and Denmark that could impact the feasibility of different legal pathways for euro adoption.
Scope: Review EU case law, Danish constitutional law, and relevant international agreements.
Steps: 1. Conduct a comprehensive search of legal databases. 2. Analyze key cases and legal opinions. 3. Summarize findings and identify potential legal challenges.
Deliverables: A report summarizing relevant legal precedents and their potential impact.

Resources needed:
• EU law specialists
• Legal researchers
• Legal databases (LexisNexis, Westlaw)",2/22/2026,3/2/2026,0,66d47056-b361-46f1-bdbb-1ec8b9edc370,PlanExe
8b2498ac-1ef9-4db6-a325-62edd9354a6e,Analyze constitutional implications,"Analyze constitutional implications

Description:
Objective: Assess the potential constitutional implications of adopting the euro in Denmark, considering the existing opt-out clause and any necessary amendments.
Scope: Review the Danish constitution, relevant legal scholarship, and potential amendment options.
Steps: 1. Consult with constitutional law experts. 2. Analyze potential conflicts with existing constitutional provisions. 3. Develop recommendations for addressing constitutional concerns.
Deliverables: A legal opinion on the constitutional implications of euro adoption.

Resources needed:
• Constitutional law experts
• Legal scholars
• Ministry of Justice officials",3/2/2026,3/10/2026,0,01eab282-c75d-4a1b-97c4-e91dff6dc46b,PlanExe
e58bc8e0-addf-497a-9f3d-ea1cd539c79a,Assess EU treaty compatibility,"Assess EU treaty compatibility

Description:
Objective: Determine the compatibility of different legal pathways with existing EU treaties and regulations.
Scope: Review relevant EU treaties, regulations, and directives.
Steps: 1. Consult with EU law specialists. 2. Analyze potential conflicts with EU law. 3. Develop recommendations for ensuring compliance with EU law.
Deliverables: A report assessing the compatibility of different legal pathways with EU treaties.

Resources needed:
• EU law specialists
• EU negotiation team
• European Commission representatives",3/10/2026,3/18/2026,0,8b2498ac-1ef9-4db6-a325-62edd9354a6e,PlanExe
ae7cb101-f0cb-427b-a490-41d25bfe1ab0,Identify potential legal challenges,"Identify potential legal challenges

Description:
Objective: Identify potential legal challenges to the chosen legal pathway and develop mitigation strategies.
Scope: Review relevant legal precedents, consult with legal experts, and analyze potential legal risks.
Steps: 1. Conduct a risk assessment of potential legal challenges. 2. Develop mitigation strategies for each identified risk. 3. Consult with legal experts on the feasibility of mitigation strategies.
Deliverables: A risk assessment report with mitigation strategies.

Resources needed:
• Legal experts
• Risk management specialists
• Ministry of Justice officials",3/18/2026,3/26/2026,0,66d47056-b361-46f1-bdbb-1ec8b9edc370,PlanExe
9b1c31be-a5ea-4ba5-bbf6-4ccb6b2810ae,Evaluate Political Support within EU,,3/26/2026,4/27/2026,0,66d47056-b361-46f1-bdbb-1ec8b9edc370,PlanExe
d226b525-78bd-4441-b9ad-dea445e2e9a1,Analyze Political Landscape in EU,"Analyze Political Landscape in EU

Description:
Objective: Understand the current political climate within the EU and identify key influencers and potential allies for Denmark's euro adoption. Scope: Research political parties, key figures, and their stances on euro adoption. Steps: Review EU parliamentary records, conduct interviews with political analysts, and analyze media coverage. Deliverables: A report summarizing the political landscape and identifying potential allies and obstacles.

Resources needed:
• Political analysts
• EU experts
• Research staff",3/26/2026,4/3/2026,0,9b1c31be-a5ea-4ba5-bbf6-4ccb6b2810ae,PlanExe
36e58a74-5aea-4891-9af5-c618dd8948c0,Identify Key Decision-Makers in EU,"Identify Key Decision-Makers in EU

Description:
Objective: Identify the individuals and committees within the EU who will be involved in the decision-making process regarding Denmark's euro adoption. Scope: Map out the EU's decision-making structure and identify key players. Steps: Review EU organizational charts, consult with EU experts, and attend relevant EU meetings. Deliverables: A list of key decision-makers and their contact information.

Resources needed:
• EU experts
• Lobbyists
• Research staff",4/3/2026,4/11/2026,0,d226b525-78bd-4441-b9ad-dea445e2e9a1,PlanExe
6c4b7e83-a02b-4419-939d-d90025487914,Assess Support for Euro Adoption,"Assess Support for Euro Adoption

Description:
Objective: Gauge the level of support for Denmark's euro adoption among EU member states and institutions. Scope: Conduct surveys and interviews to assess the sentiment towards Denmark's euro adoption. Steps: Develop survey questionnaires, conduct interviews with EU officials, and analyze survey results. Deliverables: A report summarizing the level of support for Denmark's euro adoption.

Resources needed:
• Pollsters
• EU experts
• Research staff",4/11/2026,4/19/2026,0,36e58a74-5aea-4891-9af5-c618dd8948c0,PlanExe
be30af0f-93e6-48b6-b2be-94660c75d375,Develop Persuasion Strategies for EU,"Develop Persuasion Strategies for EU

Description:
Objective: Develop strategies to persuade EU member states and institutions to support Denmark's euro adoption. Scope: Identify key arguments and develop persuasive messaging. Steps: Conduct research on the benefits of Denmark's euro adoption, develop persuasive messaging, and prepare presentations. Deliverables: A set of persuasion strategies and messaging materials.

Resources needed:
• Communication experts
• EU experts
• Political strategists",4/19/2026,4/27/2026,0,9b1c31be-a5ea-4ba5-bbf6-4ccb6b2810ae,PlanExe
3df5a89f-bee0-4a88-b92d-011784b41610,Develop Referendum Framing Strategies,,4/27/2026,5/13/2026,0,9b1c31be-a5ea-4ba5-bbf6-4ccb6b2810ae,PlanExe
9ba1f7cd-c66a-403c-816c-c85b99b8a501,Research Effective Framing Techniques,"Research Effective Framing Techniques

Description:
Objective: Identify framing techniques that resonate with the Danish public regarding euro adoption.
Scope: Review academic literature, analyze past campaigns, and conduct preliminary surveys.
Steps: 1. Literature review. 2. Analyze successful/unsuccessful campaigns. 3. Conduct surveys. 4. Summarize findings.
Deliverables: Report on effective framing techniques.

Resources needed:
• Political scientists
• Communication experts
• Survey analysts",4/27/2026,5/1/2026,0,3df5a89f-bee0-4a88-b92d-011784b41610,PlanExe
9c3760fe-8962-4c06-b013-9001044d7e19,Develop Initial Framing Narratives,"Develop Initial Framing Narratives

Description:
Objective: Create several initial framing narratives for euro adoption.
Scope: Develop narratives based on research findings, targeting different demographics.
Steps: 1. Brainstorm narratives. 2. Draft narratives. 3. Review narratives. 4. Refine narratives.
Deliverables: Draft framing narratives.

Resources needed:
• Communication experts
• Political strategists
• Writers",5/1/2026,5/5/2026,0,9ba1f7cd-c66a-403c-816c-c85b99b8a501,PlanExe
69bcd29a-3303-412c-bf27-1a87c4a867aa,Test Framing Narratives with Focus Groups,"Test Framing Narratives with Focus Groups

Description:
Objective: Test the effectiveness of the framing narratives with focus groups.
Scope: Conduct focus groups with diverse participants to gauge reactions to the narratives.
Steps: 1. Recruit participants. 2. Conduct focus groups. 3. Analyze feedback. 4. Revise narratives.
Deliverables: Focus group feedback report.

Resources needed:
• Focus group facilitators
• Recruiters
• Analysts",5/5/2026,5/9/2026,0,9c3760fe-8962-4c06-b013-9001044d7e19,PlanExe
405a9611-da6a-481f-b931-e3809898c9ee,Refine Framing Based on Focus Groups,"Refine Framing Based on Focus Groups

Description:
Objective: Refine the framing narratives based on feedback from focus groups.
Scope: Revise narratives to address concerns and enhance appeal.
Steps: 1. Review feedback. 2. Revise narratives. 3. Obtain approval. 4. Finalize narratives.
Deliverables: Finalized framing narratives.

Resources needed:
• Communication experts
• Political strategists
• Writers",5/9/2026,5/13/2026,0,3df5a89f-bee0-4a88-b92d-011784b41610,PlanExe
10e5d1b8-0bce-4d52-aede-3120ab6e7a53,Conduct Initial Public Opinion Polling,,5/13/2026,5/28/2026,0,61d9b325-717a-4e45-a320-9153cf48a5fa,PlanExe
1a7dba7d-cd9a-4db6-89c2-4edc898a55c7,Design Initial Survey Instrument,"Design Initial Survey Instrument

Description:
Develop a comprehensive survey instrument to gauge public opinion on euro adoption. This includes defining key questions, response scales, and demographic variables to ensure accurate and reliable data collection.

Resources needed:
• Survey methodologist
• Political scientist
• Data analyst",5/13/2026,5/16/2026,0,10e5d1b8-0bce-4d52-aede-3120ab6e7a53,PlanExe
62ecae63-0dbe-4723-9729-a3b897b1ce07,Pilot Test Survey Instrument,"Pilot Test Survey Instrument

Description:
Conduct a pilot test of the survey instrument with a small sample of the target population to identify any potential issues with question clarity, response options, or survey flow. Revise the instrument based on feedback from the pilot test.

Resources needed:
• Survey participants
• Data analyst
• Survey methodologist",5/16/2026,5/19/2026,0,1a7dba7d-cd9a-4db6-89c2-4edc898a55c7,PlanExe
24dfb8dc-b2f3-4b30-9b5d-790071baf6c7,Administer Initial Public Opinion Poll,"Administer Initial Public Opinion Poll

Description:
Administer the revised survey instrument to a representative sample of the Danish public. This includes selecting a sampling methodology, recruiting participants, and collecting data through online, phone, or in-person surveys.

Resources needed:
• Polling agency
• Survey administrators
• Data collection software",5/19/2026,5/22/2026,0,62ecae63-0dbe-4723-9729-a3b897b1ce07,PlanExe
a5e9cd86-8911-4ddd-9ff7-134b54145d8b,Analyze Initial Poll Results,"Analyze Initial Poll Results

Description:
Analyze the data collected from the initial public opinion poll to assess overall support for euro adoption, identify key demographic trends, and uncover any major concerns or misconceptions about the euro. Prepare a report summarizing the findings.

Resources needed:
• Data analyst
• Statistician
• Report writer",5/22/2026,5/25/2026,0,24dfb8dc-b2f3-4b30-9b5d-790071baf6c7,PlanExe
1cb3e07f-167d-45b1-9502-72827d934a7f,Disseminate Initial Findings,"Disseminate Initial Findings

Description:
Share the findings from the initial public opinion poll with key stakeholders, including government officials, policymakers, and the public. This may involve presenting the results at meetings, publishing reports, and issuing press releases.

Resources needed:
• Public relations specialist
• Government liaison
• Communication team",5/25/2026,5/28/2026,0,10e5d1b8-0bce-4d52-aede-3120ab6e7a53,PlanExe
d4c3e8d6-71b5-4906-a7d4-904f0559a528,EU Negotiation & Legal Implementation,,5/28/2026,9/24/2027,0,61d9b325-717a-4e45-a320-9153cf48a5fa,PlanExe
1c794f36-9a65-4673-a1ec-1d442d551b71,Negotiate Legal Pathway with EU,,5/28/2026,11/24/2026,0,d4c3e8d6-71b5-4906-a7d4-904f0559a528,PlanExe
4d637ec9-b3c9-472c-9362-780c466ea94b,Define Denmark's Negotiation Objectives,"Define Denmark's Negotiation Objectives

Description:
Clearly articulate Denmark's goals and priorities for euro adoption within the EU framework. This includes defining acceptable legal pathways, desired transition timelines, and any specific conditions or safeguards Denmark seeks to secure during negotiations.

Resources needed:
• Ministry of Finance
• Legal Advisory Team
• EU Negotiation Team
• Economic Advisory Council",5/28/2026,7/3/2026,0,1c794f36-9a65-4673-a1ec-1d442d551b71,PlanExe
1d9ed4a0-4931-40c2-83b0-464d9e8d9237,Research EU Member State Positions,"Research EU Member State Positions

Description:
Gather intelligence on the positions and priorities of key EU member states regarding Denmark's euro adoption. Identify potential allies and opponents, and understand their motivations and concerns. This will inform Denmark's negotiation strategy and help anticipate potential roadblocks.

Resources needed:
• EU Negotiation Team
• Political Analysts
• Intelligence Agencies",7/3/2026,8/8/2026,0,4d637ec9-b3c9-472c-9362-780c466ea94b,PlanExe
b26c5b0f-03e7-48c6-ae48-19ff2acb783e,Develop Negotiation Strategy & Tactics,"Develop Negotiation Strategy & Tactics

Description:
Formulate a comprehensive negotiation strategy outlining Denmark's approach to securing a favorable agreement with the EU. This includes defining negotiation tactics, identifying potential compromises, and developing fallback positions in case of disagreements.

Resources needed:
• EU Negotiation Team
• Legal Advisory Team
• Experienced Negotiators",8/8/2026,9/13/2026,0,1d9ed4a0-4931-40c2-83b0-464d9e8d9237,PlanExe
719d6663-142b-4686-9482-bb57fc7391c6,Conduct Preliminary Talks with EU Officials,"Conduct Preliminary Talks with EU Officials

Description:
Engage in informal discussions with key EU officials to gauge their receptiveness to Denmark's proposals and identify potential areas of common ground. This will help build relationships and pave the way for formal negotiations.

Resources needed:
• EU Negotiation Team
• High-Level Diplomats",9/13/2026,10/19/2026,0,b26c5b0f-03e7-48c6-ae48-19ff2acb783e,PlanExe
f39c9b26-cdbf-4795-9d7b-8d5edecc04c8,Prepare Detailed Legal & Economic Impact Assessments,"Prepare Detailed Legal & Economic Impact Assessments

Description:
Develop comprehensive legal and economic impact assessments to support Denmark's negotiation position. These assessments should demonstrate the benefits of euro adoption for both Denmark and the EU, and address any potential concerns or risks.

Resources needed:
• Legal Advisory Team
• Economic Advisory Council
• Independent Experts",10/19/2026,11/24/2026,0,1c794f36-9a65-4673-a1ec-1d442d551b71,PlanExe
2a341622-ec8f-42b1-ab16-b5ddbf5c0637,Draft Legal Amendments & Protocols,,11/24/2026,2/8/2027,0,1c794f36-9a65-4673-a1ec-1d442d551b71,PlanExe
4e64488c-9e94-4cbc-9e9e-453a99c87810,Research existing Danish laws,"Research existing Danish laws

Description:
Objective: Identify Danish laws that need amendment or replacement to align with Eurozone regulations.
Scope: Review all relevant legislation, including financial, monetary, and commercial laws.
Steps: 1. Compile a list of Danish laws potentially affected by euro adoption. 2. Analyze each law to determine necessary changes. 3. Document findings.
Deliverables: A comprehensive report detailing required legal changes.

Resources needed:
• Legal researchers
• Legal database access
• EU law experts",11/24/2026,12/13/2026,0,2a341622-ec8f-42b1-ab16-b5ddbf5c0637,PlanExe
177b3a63-44cd-4e77-9a92-bfc2fc4f6f64,Draft amendments to Danish laws,"Draft amendments to Danish laws

Description:
Objective: Prepare draft amendments to Danish laws identified in the research phase.
Scope: Create specific legal language for each amendment, ensuring compliance with EU law.
Steps: 1. Draft proposed amendments for each identified law. 2. Review drafts for legal accuracy and consistency. 3. Revise drafts based on feedback.
Deliverables: Draft legal amendments ready for parliamentary review.

Resources needed:
• Legal drafters
• EU law experts
• Parliamentary counsel",12/13/2026,1/1/2027,0,4e64488c-9e94-4cbc-9e9e-453a99c87810,PlanExe
b981245a-97ce-4497-be0f-d6b4cf4d928e,Draft protocols for EU treaties,"Draft protocols for EU treaties

Description:
Objective: Develop protocols to existing EU treaties to accommodate Denmark's euro adoption, considering its opt-out.
Scope: Define the specific legal framework for Denmark's participation in the Eurozone.
Steps: 1. Analyze EU treaties to identify relevant clauses. 2. Draft protocols outlining Denmark's specific conditions. 3. Review protocols with EU legal experts.
Deliverables: Draft protocols for EU treaty amendments.

Resources needed:
• EU law specialists
• Treaty experts
• Negotiators",1/1/2027,1/20/2027,0,177b3a63-44cd-4e77-9a92-bfc2fc4f6f64,PlanExe
822bf657-11f5-4ed6-bcb6-c935d2d5281e,Consult with legal stakeholders,"Consult with legal stakeholders

Description:
Objective: Gather feedback on draft amendments and protocols from relevant stakeholders.
Scope: Engage with government agencies, legal experts, and the public to ensure broad support.
Steps: 1. Distribute draft documents to stakeholders. 2. Organize consultation meetings and forums. 3. Collect and analyze feedback.
Deliverables: A summary report of stakeholder feedback and proposed revisions.

Resources needed:
• Legal team
• Communication specialists
• Stakeholder engagement managers",1/20/2027,2/8/2027,0,2a341622-ec8f-42b1-ab16-b5ddbf5c0637,PlanExe
db652336-b47c-4aee-b740-8a3af0ce6679,Secure EU Agreement on Legal Framework,,2/8/2027,6/24/2027,0,2a341622-ec8f-42b1-ab16-b5ddbf5c0637,PlanExe
2f6dbd7f-5e13-4c0d-a6f0-550a0e3e2f0a,Analyze potential legal challenges,"Analyze potential legal challenges

Description:
Identify potential legal challenges to the EU agreement, including grounds for challenge, potential plaintiffs, and likely outcomes. This involves reviewing the agreement for ambiguities, inconsistencies, or conflicts with existing laws.

Resources needed:
• EU law specialists
• Legal researchers
• Legal database access",2/8/2027,3/14/2027,0,db652336-b47c-4aee-b740-8a3af0ce6679,PlanExe
bd542d01-b43b-40d8-9c2f-e45f4771b50f,Develop legal defense strategies,"Develop legal defense strategies

Description:
Formulate strategies to defend the EU agreement against potential legal challenges. This includes identifying legal precedents, preparing legal arguments, and developing alternative legal interpretations.

Resources needed:
• Senior legal counsel
• Litigation experts
• Legal research team",3/14/2027,4/17/2027,0,2f6dbd7f-5e13-4c0d-a6f0-550a0e3e2f0a,PlanExe
23b7c23d-f938-44f5-a9d0-6200dacd5aba,Engage with stakeholders on legal concerns,"Engage with stakeholders on legal concerns

Description:
Communicate with stakeholders, including government officials, legal experts, and the public, to address their concerns about the legal aspects of the EU agreement. This involves providing clear and concise explanations of the agreement's legal implications.

Resources needed:
• Public relations team
• Legal communication specialists
• Government liaison officers",4/17/2027,5/21/2027,0,bd542d01-b43b-40d8-9c2f-e45f4771b50f,PlanExe
bb16ef0d-242b-47c2-a857-362d4be892a6,Prepare legal documentation,"Prepare legal documentation

Description:
Prepare all necessary legal documentation to support the EU agreement, including legal opinions, briefs, and affidavits. This involves ensuring that all documentation is accurate, complete, and compliant with relevant legal standards.

Resources needed:
• Legal writers
• Document specialists
• Legal proofreaders",5/21/2027,6/24/2027,0,db652336-b47c-4aee-b740-8a3af0ce6679,PlanExe
b0a094f2-289f-43b4-af1a-51a3c65b679e,Address Legal Challenges,,6/24/2027,9/24/2027,0,d4c3e8d6-71b5-4906-a7d4-904f0559a528,PlanExe
ba2e0b36-9b09-4de3-b21b-0acca73abc76,Prepare for potential legal challenges,"Prepare for potential legal challenges

Description:
Objective: Anticipate and prepare responses to potential legal challenges to the euro adoption process.
Scope: Identify potential legal arguments against adoption, research relevant case law, and develop counter-arguments.
Steps: Consult with legal experts, analyze relevant legislation, draft legal briefs.
Deliverables: A comprehensive legal strategy document outlining potential challenges and responses.

Resources needed:
• Legal experts
• Legal researchers
• EU law specialists",6/24/2027,7/17/2027,0,b0a094f2-289f-43b4-af1a-51a3c65b679e,PlanExe
64525c2d-94fa-407b-94a0-574b04556655,Engage with legal stakeholders,"Engage with legal stakeholders

Description:
Objective: Proactively engage with key legal stakeholders to address concerns and build consensus.
Scope: Identify relevant legal organizations, schedule meetings, and present legal arguments in favor of adoption.
Steps: Prepare presentation materials, conduct stakeholder meetings, document feedback.
Deliverables: Meeting summaries and a stakeholder engagement report.

Resources needed:
• Legal representatives
• Communication specialists
• Stakeholder engagement managers",7/17/2027,8/9/2027,0,ba2e0b36-9b09-4de3-b21b-0acca73abc76,PlanExe
dd6cd67d-1cd9-4f9a-b038-c2630995f148,Develop legal communication strategy,"Develop legal communication strategy

Description:
Objective: Create a clear and concise communication strategy to address public concerns about the legal aspects of euro adoption.
Scope: Identify key messages, target audiences, and communication channels.
Steps: Draft press releases, prepare FAQs, develop social media content.
Deliverables: A comprehensive legal communication plan.

Resources needed:
• Communication specialists
• Legal experts
• Public relations professionals",8/9/2027,9/1/2027,0,64525c2d-94fa-407b-94a0-574b04556655,PlanExe
98b460cd-02ec-4088-b325-1f2b9ee7791a,Monitor legal developments,"Monitor legal developments

Description:
Objective: Continuously monitor legal developments that could impact the euro adoption process.
Scope: Track relevant court cases, legislative changes, and legal opinions.
Steps: Subscribe to legal news services, attend legal conferences, and consult with legal experts.
Deliverables: Regular legal updates and risk assessments.

Resources needed:
• Legal researchers
• Legal analysts
• Subscription to legal news services",9/1/2027,9/24/2027,0,b0a094f2-289f-43b4-af1a-51a3c65b679e,PlanExe
c676420e-5432-4d26-ae1e-78d6de2ec57e,Referendum Campaign & Vote,,9/24/2027,7/27/2028,0,d4c3e8d6-71b5-4906-a7d4-904f0559a528,PlanExe
b0154d39-d04c-41e7-865d-8aa00688d0a4,Launch Public Awareness Campaign,,9/24/2027,1/22/2028,0,c676420e-5432-4d26-ae1e-78d6de2ec57e,PlanExe
155589b2-d6e7-4426-8839-68a62b8e69bf,Develop campaign messaging,"Develop campaign messaging

Description:
Craft clear, concise, and persuasive messages highlighting the benefits of euro adoption for different segments of the Danish population. Focus on economic stability, reduced transaction costs, and increased international influence. Ensure messaging is factually accurate and addresses common concerns.

Resources needed:
• Communication specialists
• Economists
• Political scientists
• Public opinion researchers",9/24/2027,10/24/2027,0,b0154d39-d04c-41e7-865d-8aa00688d0a4,PlanExe
1d93e7d3-792a-4351-9840-c2b7a856f5e7,Select communication channels,"Select communication channels

Description:
Identify the most effective channels for reaching target audiences, including television, radio, print media, social media, online advertising, and community events. Consider the reach, cost, and credibility of each channel. Prioritize channels that are widely used and trusted by the Danish public.

Resources needed:
• Media planners
• Marketing specialists
• Social media managers
• Public relations professionals",10/24/2027,11/23/2027,0,155589b2-d6e7-4426-8839-68a62b8e69bf,PlanExe
db266a5a-193c-4fc1-ba70-7235abb77888,Create campaign materials,"Create campaign materials

Description:
Produce high-quality campaign materials, including videos, infographics, brochures, website content, and social media posts. Ensure materials are visually appealing, easy to understand, and consistent with the overall campaign messaging. Translate materials into multiple languages as needed.

Resources needed:
• Graphic designers
• Video producers
• Copywriters
• Translators",11/23/2027,12/23/2027,0,1d93e7d3-792a-4351-9840-c2b7a856f5e7,PlanExe
178b1be0-b940-4538-9565-c029b7df2edb,Train campaign spokespeople,"Train campaign spokespeople

Description:
Prepare campaign spokespeople to effectively communicate the benefits of euro adoption to the public and media. Provide training on key messages, Q&A techniques, and media relations. Select spokespeople who are credible, articulate, and relatable to the Danish public.

Resources needed:
• Communication trainers
• Media coaches
• Public speaking experts
• Key campaign personnel",12/23/2027,1/22/2028,0,b0154d39-d04c-41e7-865d-8aa00688d0a4,PlanExe
538f3fa3-d2f8-4eb0-a66e-e905e0f3b4e5,Address Public Concerns & Misconceptions,,1/22/2028,4/23/2028,0,b0154d39-d04c-41e7-865d-8aa00688d0a4,PlanExe
9a58583e-e550-4af7-8728-a1e67846f702,Identify Key Public Concerns,"Identify Key Public Concerns

Description:
Objective: Determine the most pressing concerns and misconceptions the public holds regarding euro adoption.
Scope: Analyze existing polling data, conduct new surveys, and organize focus groups to gather comprehensive data on public sentiment.
Steps: 1. Review existing public opinion data. 2. Design and administer new surveys. 3. Conduct focus groups with diverse demographics. 4. Analyze collected data to identify key concerns.
Deliverables: A report outlining the top public concerns and misconceptions about euro adoption.

Resources needed:
• Polling agencies
• Survey design experts
• Focus group facilitators
• Data analysts",1/22/2028,2/14/2028,0,538f3fa3-d2f8-4eb0-a66e-e905e0f3b4e5,PlanExe
0934c7a3-9beb-4ec8-810c-64e422f650d1,Develop Targeted Messaging,"Develop Targeted Messaging

Description:
Objective: Create clear, concise, and persuasive messages that directly address the identified public concerns.
Scope: Develop a range of messages tailored to different demographic groups and communication channels.
Steps: 1. Review the report on key public concerns. 2. Develop draft messages addressing each concern. 3. Test messages with target audiences. 4. Refine messages based on feedback.
Deliverables: A set of targeted messages addressing key public concerns, ready for use in the public awareness campaign.

Resources needed:
• Communication specialists
• Copywriters
• Marketing experts
• Public relations professionals",2/14/2028,3/8/2028,0,9a58583e-e550-4af7-8728-a1e67846f702,PlanExe
91781659-f055-4186-8a98-dc4fe4c63fb7,Disseminate Information Effectively,"Disseminate Information Effectively

Description:
Objective: Ensure that the targeted messages reach the intended audiences through appropriate channels.
Scope: Utilize a multi-channel communication strategy, including traditional media, social media, and community outreach.
Steps: 1. Identify the most effective communication channels for each target audience. 2. Develop a dissemination plan. 3. Implement the plan, monitoring reach and engagement. 4. Adjust the plan as needed based on performance.
Deliverables: A comprehensive dissemination plan and ongoing monitoring of its effectiveness.

Resources needed:
• Media buyers
• Social media managers
• Community outreach coordinators
• Public relations professionals",3/8/2028,3/31/2028,0,0934c7a3-9beb-4ec8-810c-64e422f650d1,PlanExe
94f2a324-9f31-4ee5-a839-bc15ec43f611,Monitor Message Impact and Adjust,"Monitor Message Impact and Adjust

Description:
Objective: Track the effectiveness of the messaging campaign and make adjustments as needed to maximize its impact.
Scope: Continuously monitor public sentiment and engagement with the messages.
Steps: 1. Track media coverage and social media activity. 2. Conduct regular surveys to gauge public opinion. 3. Analyze data to identify areas for improvement. 4. Adjust messaging and dissemination strategies based on the analysis.
Deliverables: Regular reports on message impact and recommendations for adjustments.

Resources needed:
• Data analysts
• Public opinion researchers
• Communication specialists
• Marketing experts",3/31/2028,4/23/2028,0,538f3fa3-d2f8-4eb0-a66e-e905e0f3b4e5,PlanExe
697f6cd2-c620-448d-9b57-893466fbd42f,Conduct Targeted Outreach to Key Demographics,,4/23/2028,6/22/2028,0,538f3fa3-d2f8-4eb0-a66e-e905e0f3b4e5,PlanExe
9072aa2d-eebf-41be-bf3f-ecf120ab4ceb,Identify Key Demographic Groups,"Identify Key Demographic Groups

Description:
Define the specific demographic groups to target based on factors like age, income, location, and political affiliation. Analyze existing data and conduct preliminary research to understand their current views on euro adoption and their specific concerns.

Resources needed:
• Market research analysts
• Demographic data
• Polling data
• Statistical software",4/23/2028,5/5/2028,0,697f6cd2-c620-448d-9b57-893466fbd42f,PlanExe
31e3098a-9afd-4bca-9e89-dd098f0610ff,Tailor Messaging for Each Demographic,"Tailor Messaging for Each Demographic

Description:
Develop targeted messaging that addresses the specific concerns and interests of each demographic group. This involves crafting different narratives and communication strategies that resonate with their values and priorities. Ensure messaging is culturally sensitive and avoids alienating any particular group.

Resources needed:
• Communication specialists
• Copywriters
• Graphic designers
• Focus groups",5/5/2028,5/17/2028,0,9072aa2d-eebf-41be-bf3f-ecf120ab4ceb,PlanExe
e8d77597-6fec-41b9-9276-2cfdb798b164,Select Appropriate Outreach Channels,"Select Appropriate Outreach Channels

Description:
Determine the most effective channels for reaching each demographic group. This may include traditional media (TV, radio, newspapers), digital platforms (social media, online advertising), community events, and partnerships with local organizations. Consider the media consumption habits and preferences of each target audience.

Resources needed:
• Media planners
• Digital marketing specialists
• Community outreach coordinators
• Advertising budget",5/17/2028,5/29/2028,0,31e3098a-9afd-4bca-9e89-dd098f0610ff,PlanExe
61135926-e091-4ae4-8aa2-6a88da275e0b,Execute Targeted Outreach Campaigns,"Execute Targeted Outreach Campaigns

Description:
Implement the outreach campaigns using the tailored messaging and selected channels. This involves creating and distributing content, organizing events, and engaging with community leaders. Monitor the effectiveness of the campaigns and make adjustments as needed based on feedback and data analysis.

Resources needed:
• Marketing team
• Public relations team
• Event organizers
• Volunteers",5/29/2028,6/10/2028,0,e8d77597-6fec-41b9-9276-2cfdb798b164,PlanExe
ddbe30b6-6196-4d5d-b4c3-27cde3323e2b,Monitor and Evaluate Campaign Impact,"Monitor and Evaluate Campaign Impact

Description:
Track the impact of the targeted outreach campaigns on public opinion within each demographic group. This involves conducting surveys, analyzing social media sentiment, and monitoring media coverage. Use the data to assess the effectiveness of the campaigns and identify areas for improvement.

Resources needed:
• Data analysts
• Polling agencies
• Social media monitoring tools
• Reporting software",6/10/2028,6/22/2028,0,697f6cd2-c620-448d-9b57-893466fbd42f,PlanExe
8131cd06-84c1-4a80-897b-334013f58363,Manage External Perception,,6/22/2028,7/22/2028,0,697f6cd2-c620-448d-9b57-893466fbd42f,PlanExe
b1605a4d-13da-479a-bd43-a821f91c8a10,Monitor media coverage of euro adoption,"Monitor media coverage of euro adoption

Description:
Continuously track news articles, opinion pieces, and social media discussions related to Denmark's potential euro adoption to identify emerging narratives and public sentiment.

Resources needed:
• Media monitoring software
• Communication specialists
• Social media analysts",6/22/2028,6/28/2028,0,8131cd06-84c1-4a80-897b-334013f58363,PlanExe
aba0fe23-2d51-4a2b-8717-ca2a2e546fca,Identify key influencers and stakeholders,"Identify key influencers and stakeholders

Description:
Pinpoint individuals and organizations with significant influence on public opinion regarding euro adoption, including politicians, economists, business leaders, and advocacy groups.

Resources needed:
• Political analysts
• Public relations experts
• Stakeholder database",6/28/2028,7/4/2028,0,b1605a4d-13da-479a-bd43-a821f91c8a10,PlanExe
e929d58e-65c2-4db9-bfcb-99382ee42083,Develop proactive communication strategies,"Develop proactive communication strategies

Description:
Create targeted messaging and communication plans to address potential misinformation, counter negative narratives, and promote accurate information about the benefits and implications of euro adoption.

Resources needed:
• Communication strategists
• Public relations specialists
• Content creators",7/4/2028,7/10/2028,0,aba0fe23-2d51-4a2b-8717-ca2a2e546fca,PlanExe
edad5620-990c-4638-adea-dd1708423713,Engage with journalists and media outlets,"Engage with journalists and media outlets

Description:
Establish relationships with journalists and media outlets to ensure balanced and accurate reporting on euro adoption, provide expert commentary, and proactively address any concerns or questions.

Resources needed:
• Media relations specialists
• Spokespersons
• Press release distribution channels",7/10/2028,7/16/2028,0,e929d58e-65c2-4db9-bfcb-99382ee42083,PlanExe
99850cdf-bbd3-43e1-b5b0-78e040bf468f,Manage social media presence and engagement,"Manage social media presence and engagement

Description:
Maintain an active and informative presence on social media platforms to engage with the public, answer questions, address concerns, and counter misinformation related to euro adoption.

Resources needed:
• Social media managers
• Community moderators
• Content creators",7/16/2028,7/22/2028,0,8131cd06-84c1-4a80-897b-334013f58363,PlanExe
4a674b91-b84b-44b3-a2d4-73593bd0c355,Execute Referendum Vote,,7/22/2028,7/27/2028,0,c676420e-5432-4d26-ae1e-78d6de2ec57e,PlanExe
530ba97b-0199-4f2a-b6a4-4625b59336c4,Finalize Polling Station Logistics,"Finalize Polling Station Logistics

Description:
Confirm locations, staffing, and equipment for all polling stations. Ensure accessibility and security protocols are in place.

Resources needed:
• Logistics coordinator
• Security personnel
• Volunteers",7/22/2028,7/23/2028,0,4a674b91-b84b-44b3-a2d4-73593bd0c355,PlanExe
b6bacd31-0a29-4bc4-b956-136116775e88,Distribute Voter Information Materials,"Distribute Voter Information Materials

Description:
Ensure all registered voters receive information on polling locations, voting procedures, and candidate information.

Resources needed:
• Postal service
• Volunteers
• Communication team",7/23/2028,7/24/2028,0,530ba97b-0199-4f2a-b6a4-4625b59336c4,PlanExe
315e933b-23e0-4922-afb6-56e23573358b,Oversee Voting Process,"Oversee Voting Process

Description:
Monitor polling stations to ensure fair and transparent voting procedures. Address any issues or complaints that arise.

Resources needed:
• Election officials
• Observers
• Security personnel",7/24/2028,7/25/2028,0,b6bacd31-0a29-4bc4-b956-136116775e88,PlanExe
a9a5a554-1fe4-478a-9c36-7e7424f0e120,Count Ballots and Report Results,"Count Ballots and Report Results

Description:
Accurately count all ballots and report the results to the appropriate authorities. Maintain chain of custody for all ballots.

Resources needed:
• Election officials
• Data entry personnel
• Auditors",7/25/2028,7/26/2028,0,315e933b-23e0-4922-afb6-56e23573358b,PlanExe
5395e4b9-ddcb-42ea-b698-2a9be24682d3,Secure Ballot Storage Post-Election,"Secure Ballot Storage Post-Election

Description:
Ensure secure storage of all ballots and election materials for the required retention period.

Resources needed:
• Security personnel
• Storage facility
• Records management team",7/26/2028,7/27/2028,0,4a674b91-b84b-44b3-a2d4-73593bd0c355,PlanExe
6420f271-0505-40e0-8b5b-2016a675f00b,Economic & Financial Transition Planning,,7/27/2028,5/12/2029,0,c676420e-5432-4d26-ae1e-78d6de2ec57e,PlanExe
34bc2c6c-041a-43df-9732-649776bbf803,Develop Economic Transition Plan,,7/27/2028,10/27/2028,0,6420f271-0505-40e0-8b5b-2016a675f00b,PlanExe
efcc4426-38ad-403f-bb43-4383fc8bdcfa,Analyze historical economic data,"Analyze historical economic data

Description:
Objective: Gather and analyze historical economic data to understand Denmark's economic performance and identify potential vulnerabilities.
Scope: Collection of data on GDP, inflation, unemployment, interest rates, and exchange rates.
Steps: 1. Identify relevant data sources. 2. Collect data from national and international databases. 3. Analyze data using statistical methods.
Deliverables: A report summarizing historical economic trends and potential risks.

Resources needed:
• Economists
• Data analysts
• Statistical software",7/27/2028,8/19/2028,0,34bc2c6c-041a-43df-9732-649776bbf803,PlanExe
3890c841-240a-43a9-8d45-99d8822f4e49,Forecast economic impact of euro adoption,"Forecast economic impact of euro adoption

Description:
Objective: Develop economic forecasts to predict the impact of euro adoption on the Danish economy.
Scope: Modeling the effects of euro adoption on GDP, inflation, unemployment, and trade.
Steps: 1. Develop macroeconomic models. 2. Simulate different scenarios. 3. Analyze the results and identify potential impacts.
Deliverables: A report presenting economic forecasts and potential impacts of euro adoption.

Resources needed:
• Economists
• Macroeconomic modelers
• Simulation software",8/19/2028,9/11/2028,0,efcc4426-38ad-403f-bb43-4383fc8bdcfa,PlanExe
70753074-ef4d-45ad-8e78-e37cca64ca80,Assess impact on key sectors,"Assess impact on key sectors

Description:
Objective: Assess the impact of euro adoption on key sectors of the Danish economy, such as finance, trade, and tourism.
Scope: Analyzing the effects of euro adoption on sector-specific performance and competitiveness.
Steps: 1. Identify key sectors. 2. Collect data on sector-specific performance. 3. Analyze the data and identify potential impacts.
Deliverables: A report summarizing the impact of euro adoption on key sectors.

Resources needed:
• Sector specialists
• Economists
• Industry data",9/11/2028,10/4/2028,0,3890c841-240a-43a9-8d45-99d8822f4e49,PlanExe
2719f332-1db4-47c3-9521-f76a11e8f8db,Develop transition strategies,"Develop transition strategies

Description:
Objective: Develop transition strategies to mitigate potential negative impacts and maximize the benefits of euro adoption.
Scope: Designing policies and measures to support businesses and consumers during the transition.
Steps: 1. Identify potential challenges. 2. Develop mitigation strategies. 3. Consult with stakeholders.
Deliverables: A report outlining transition strategies and implementation plans.

Resources needed:
• Policy advisors
• Economists
• Stakeholder representatives",10/4/2028,10/27/2028,0,34bc2c6c-041a-43df-9732-649776bbf803,PlanExe
c73a588a-1b2a-433e-972a-a63f05d525fc,Establish Financial Sector Conversion Strategy,,10/27/2028,12/26/2028,0,34bc2c6c-041a-43df-9732-649776bbf803,PlanExe
9a56c9d8-0f3d-42a5-9edd-a8d629552372,Analyze current financial systems,"Analyze current financial systems

Description:
Objective: Understand the current state of Danish financial systems. Scope: Identify all relevant systems and their functionalities. Steps: Conduct interviews with key stakeholders, review system documentation, and perform gap analysis. Deliverables: A report outlining the current state of financial systems.

Resources needed:
• Financial analysts
• IT specialists
• Project manager",10/27/2028,11/11/2028,0,c73a588a-1b2a-433e-972a-a63f05d525fc,PlanExe
3914957f-ce77-4f01-9112-ef58b03c38e4,Define euro conversion requirements,"Define euro conversion requirements

Description:
Objective: Determine the specific requirements for converting financial systems to the euro. Scope: Identify necessary changes to IT systems, accounting practices, and regulatory compliance. Steps: Consult with EU experts, review relevant regulations, and conduct impact assessments. Deliverables: A detailed list of euro conversion requirements.

Resources needed:
• EU law specialists
• Financial regulators
• IT architects",11/11/2028,11/26/2028,0,9a56c9d8-0f3d-42a5-9edd-a8d629552372,PlanExe
54b931ad-8a40-43ae-acb1-c06393d90500,Develop conversion strategy options,"Develop conversion strategy options

Description:
Objective: Create multiple strategies for converting financial systems to the euro. Scope: Consider different approaches, timelines, and resource allocations. Steps: Brainstorm potential strategies, evaluate their feasibility, and assess their risks and benefits. Deliverables: A report outlining several conversion strategy options.

Resources needed:
• Strategy consultants
• Financial experts
• Risk analysts",11/26/2028,12/11/2028,0,3914957f-ce77-4f01-9112-ef58b03c38e4,PlanExe
82b3c148-0a7c-4739-8a8e-aa386eba7680,Evaluate and select best strategy,"Evaluate and select best strategy

Description:
Objective: Choose the most appropriate conversion strategy. Scope: Consider factors such as cost, risk, and impact on financial institutions. Steps: Conduct a cost-benefit analysis, assess stakeholder preferences, and make a final decision. Deliverables: A selected euro conversion strategy.

Resources needed:
• Decision-makers
• Financial analysts
• Stakeholder representatives",12/11/2028,12/26/2028,0,c73a588a-1b2a-433e-972a-a63f05d525fc,PlanExe
90c41a0f-b067-4aff-af3d-afa2f54c1ac8,Assess IT System Upgrade Requirements,,12/26/2028,2/9/2029,0,c73a588a-1b2a-433e-972a-a63f05d525fc,PlanExe
790e2b6a-778e-4ddd-a753-0a4dd25153bb,Inventory current IT systems,"Inventory current IT systems

Description:
Document all existing IT systems used by the bank, including hardware, software, and network infrastructure. Identify systems that will be impacted by the euro conversion.

Resources needed:
• IT architects
• System administrators
• Database administrators",12/26/2028,1/4/2029,0,90c41a0f-b067-4aff-af3d-afa2f54c1ac8,PlanExe
eabd33e8-6df3-4e24-b8c9-ab991aeacada,Assess euro compatibility,"Assess euro compatibility

Description:
Evaluate the compatibility of existing IT systems with the euro. Identify necessary upgrades, patches, or replacements to ensure seamless euro transactions.

Resources needed:
• IT architects
• Software developers
• Euro conversion specialists",1/4/2029,1/13/2029,0,790e2b6a-778e-4ddd-a753-0a4dd25153bb,PlanExe
161c8080-37c3-4451-82d7-cc28c2adbbf2,Estimate upgrade costs,"Estimate upgrade costs

Description:
Develop a detailed cost estimate for upgrading or replacing incompatible IT systems. Include hardware, software, labor, and training costs.

Resources needed:
• Cost estimators
• IT architects
• Procurement specialists",1/13/2029,1/22/2029,0,eabd33e8-6df3-4e24-b8c9-ab991aeacada,PlanExe
c0d3b6c3-ddc6-4c7f-b773-2d1f7987801c,Prioritize system upgrades,"Prioritize system upgrades

Description:
Rank IT system upgrades based on criticality and impact on euro conversion. Focus on systems that handle core banking functions and customer transactions.

Resources needed:
• IT managers
• Business analysts
• Risk assessment specialists",1/22/2029,1/31/2029,0,161c8080-37c3-4451-82d7-cc28c2adbbf2,PlanExe
95fd0528-a8e8-4442-9da5-52c32f0c7cdc,Document upgrade requirements,"Document upgrade requirements

Description:
Create detailed documentation outlining the specific requirements for each IT system upgrade. Include technical specifications, functional requirements, and testing procedures.

Resources needed:
• Technical writers
• System analysts
• Software developers",1/31/2029,2/9/2029,0,90c41a0f-b067-4aff-af3d-afa2f54c1ac8,PlanExe
fd963aaf-a6dd-42d1-9b15-6bd85a595546,Develop Risk Mitigation Framework,,2/9/2029,4/10/2029,0,90c41a0f-b067-4aff-af3d-afa2f54c1ac8,PlanExe
4c8fb881-5776-4242-8e47-0b442daa2b06,Identify potential economic shock scenarios (1),"Identify potential economic shock scenarios

Description:
Define a range of plausible economic shock scenarios that could impact Denmark during the euro adoption process. This includes global recessions, financial crises, and unexpected changes in trade relationships. Objective is to create a comprehensive set of scenarios for risk assessment.

Resources needed:
• Economists
• Financial analysts
• Scenario planning experts",2/9/2029,2/24/2029,0,fd963aaf-a6dd-42d1-9b15-6bd85a595546,PlanExe
bfa39f0f-bd73-485e-bdef-1c7babe6dd9f,Assess likelihood and impact of each shock,"Assess likelihood and impact of each shock

Description:
Evaluate the probability of occurrence and potential impact of each identified economic shock scenario on the Danish economy. This involves quantitative analysis using economic models and qualitative assessments based on expert judgment. Deliverable: A risk matrix prioritizing scenarios based on likelihood and impact.

Resources needed:
• Econometricians
• Risk management specialists
• Data analysts",2/24/2029,3/11/2029,0,4c8fb881-5776-4242-8e47-0b442daa2b06,PlanExe
5b3ddf13-4173-43db-b8be-37a40c368073,Develop mitigation strategies for key risks,"Develop mitigation strategies for key risks

Description:
Design specific mitigation strategies to address the most significant economic risks identified. These strategies may include fiscal policies, monetary policies, and financial regulations. Objective: To create a set of actionable plans to minimize the negative impacts of potential economic shocks.

Resources needed:
• Policy advisors
• Central bank officials
• Regulatory experts",3/11/2029,3/26/2029,0,bfa39f0f-bd73-485e-bdef-1c7babe6dd9f,PlanExe
72dd56b2-4208-4c8e-89f0-0502e8741e7c,Establish early warning indicators,"Establish early warning indicators

Description:
Identify key economic indicators that can provide early warnings of potential economic shocks. This involves selecting relevant data points and establishing monitoring systems to track these indicators. Deliverable: A dashboard of early warning indicators with defined thresholds and alert mechanisms.

Resources needed:
• Data scientists
• Economic forecasters
• IT specialists",3/26/2029,4/10/2029,0,fd963aaf-a6dd-42d1-9b15-6bd85a595546,PlanExe
678c8803-7fe2-40c3-b215-0cfa91ec1575,Define Financial System Transition Approach,,4/10/2029,5/12/2029,0,6420f271-0505-40e0-8b5b-2016a675f00b,PlanExe
3e844de1-4c45-49cc-bfd3-3bdae49af536,Identify potential economic shock scenarios (2),"Identify potential economic shock scenarios

Description:
Objective: Define a range of plausible economic shock scenarios that could impact Denmark during the euro adoption process.
Scope: Global economic downturn, financial crisis, trade war, unexpected inflation surge, etc.
Steps: Review historical economic data, consult with economists, analyze current geopolitical risks, develop scenario narratives.
Deliverables: A documented list of economic shock scenarios with detailed descriptions and potential impacts.

Resources needed:
• Economists
• Financial analysts
• Risk management specialists
• Economic data sources",4/10/2029,4/18/2029,0,678c8803-7fe2-40c3-b215-0cfa91ec1575,PlanExe
2b99ba04-399c-4153-b6b8-a917689e14dd,Assess impact of shocks on key indicators,"Assess impact of shocks on key indicators

Description:
Objective: Evaluate the potential impact of each identified economic shock scenario on key economic indicators.
Scope: GDP growth, inflation, unemployment, interest rates, exchange rates, government debt.
Steps: Use economic modeling tools, conduct stress tests, analyze historical data, consult with experts.
Deliverables: A report detailing the projected impact of each economic shock scenario on key economic indicators.

Resources needed:
• Econometricians
• Economic modeling software
• Historical economic data
• Financial analysts",4/18/2029,4/26/2029,0,3e844de1-4c45-49cc-bfd3-3bdae49af536,PlanExe
87e41c1e-548c-437a-bb83-8af584006b1a,Develop mitigation strategies for each shock,"Develop mitigation strategies for each shock

Description:
Objective: Create specific mitigation strategies to address the potential negative impacts of each economic shock scenario.
Scope: Fiscal policy adjustments, monetary policy interventions, financial regulations, international cooperation.
Steps: Brainstorm potential mitigation measures, evaluate their effectiveness, assess their feasibility, develop detailed action plans.
Deliverables: A comprehensive risk mitigation framework with specific strategies for each economic shock scenario.

Resources needed:
• Policy advisors
• Central bank officials
• Financial regulators
• International relations experts",4/26/2029,5/4/2029,0,2b99ba04-399c-4153-b6b8-a917689e14dd,PlanExe
16ff48a0-5af9-482e-ac6a-f3b43852f771,Document risk mitigation framework,"Document risk mitigation framework

Description:
Objective: Compile all identified risks, impact assessments, and mitigation strategies into a comprehensive and easily accessible document.
Scope: The document should cover all identified economic shock scenarios and their corresponding mitigation plans.
Steps: Organize information logically, write clear and concise descriptions, create visual aids, ensure consistency and accuracy.
Deliverables: A well-documented risk mitigation framework for managing economic shocks during euro adoption.

Resources needed:
• Technical writers
• Project managers
• Document management system",5/4/2029,5/12/2029,0,678c8803-7fe2-40c3-b215-0cfa91ec1575,PlanExe
e2ed1b09-6ebd-4df8-951a-53251e28f435,Financial System Conversion & Implementation,,5/12/2029,11/13/2031,0,6420f271-0505-40e0-8b5b-2016a675f00b,PlanExe
6cee11fe-190f-441a-9bc5-d4ccd10ebb7d,Upgrade Bank IT Systems,,5/12/2029,2/6/2030,0,e2ed1b09-6ebd-4df8-951a-53251e28f435,PlanExe
fbcb121f-0669-4df8-b5e5-4934aded2a03,Assess current banking IT infrastructure,"Assess current banking IT infrastructure

Description:
Evaluate existing IT systems for euro compatibility. Identify necessary upgrades and modifications. Document findings in a detailed report.

Resources needed:
• IT architects
• System analysts
• Security experts",5/12/2029,7/5/2029,0,6cee11fe-190f-441a-9bc5-d4ccd10ebb7d,PlanExe
60a60939-eca7-4b41-8315-931540076c44,Develop detailed upgrade specifications,"Develop detailed upgrade specifications

Description:
Create comprehensive technical specifications for all required IT system upgrades. Include hardware, software, and security requirements. Ensure compliance with ECB regulations.

Resources needed:
• IT engineers
• Software developers
• Compliance officers",7/5/2029,8/28/2029,0,fbcb121f-0669-4df8-b5e5-4934aded2a03,PlanExe
162180ee-fa5b-43d6-9da2-92518583b412,Select vendors and negotiate contracts,"Select vendors and negotiate contracts

Description:
Identify and evaluate potential vendors for IT system upgrades. Negotiate contracts that meet budget and timeline requirements. Ensure service level agreements are in place.

Resources needed:
• Procurement specialists
• Legal counsel
• Project managers",8/28/2029,10/21/2029,0,60a60939-eca7-4b41-8315-931540076c44,PlanExe
8f519621-a0e0-4c6b-be9b-a20c10b90bf2,Implement and test IT system upgrades,"Implement and test IT system upgrades

Description:
Install and configure new hardware and software. Conduct thorough testing to ensure functionality and security. Address any issues identified during testing.

Resources needed:
• IT technicians
• Software testers
• Security analysts",10/21/2029,12/14/2029,0,162180ee-fa5b-43d6-9da2-92518583b412,PlanExe
e678ed3f-8a5e-4553-b6f4-a865c93e8f3c,Train bank staff on new systems,"Train bank staff on new systems

Description:
Develop and deliver training programs for bank staff on the upgraded IT systems. Provide ongoing support and documentation.

Resources needed:
• Training specialists
• Technical writers
• Support staff",12/14/2029,2/6/2030,0,6cee11fe-190f-441a-9bc5-d4ccd10ebb7d,PlanExe
6d88dbe4-a1d1-4533-b41b-44e9680e6e02,Convert Payment Systems,,2/6/2030,8/5/2030,0,6cee11fe-190f-441a-9bc5-d4ccd10ebb7d,PlanExe
130350c3-0fbb-41d8-bd57-f12f906e9c92,Assess Payment System Compatibility,"Assess Payment System Compatibility

Description:
Evaluate existing payment systems (credit cards, mobile payments, online banking) for compatibility with the euro. Identify necessary modifications or upgrades.

Resources needed:
• Payment system analysts
• IT specialists
• Financial consultants",2/6/2030,3/14/2030,0,6d88dbe4-a1d1-4533-b41b-44e9680e6e02,PlanExe
bdd981f1-db36-45e6-9668-bffb38ccac55,Develop Conversion Protocols,"Develop Conversion Protocols

Description:
Create detailed protocols for converting payment systems to handle euro transactions. Include specifications for data formats, security measures, and transaction processing.

Resources needed:
• Payment system architects
• Security experts
• Software developers",3/14/2030,4/19/2030,0,130350c3-0fbb-41d8-bd57-f12f906e9c92,PlanExe
54cd2b0a-ac5c-4ea8-9462-ec5ddf55b14a,Test Euro Payment Functionality,"Test Euro Payment Functionality

Description:
Conduct thorough testing of converted payment systems to ensure accurate euro transactions, security, and compliance with regulations. Simulate various transaction scenarios.

Resources needed:
• Testing team
• Quality assurance engineers
• Security auditors",4/19/2030,5/25/2030,0,bdd981f1-db36-45e6-9668-bffb38ccac55,PlanExe
efa6c9ef-416f-4b11-8c84-cb3127737d0d,Train Payment System Personnel,"Train Payment System Personnel

Description:
Provide training to payment system personnel on the new euro payment procedures, system functionalities, and security protocols. Ensure they are proficient in handling euro transactions.

Resources needed:
• Training specialists
• Payment system experts
• Documentation specialists",5/25/2030,6/30/2030,0,54cd2b0a-ac5c-4ea8-9462-ec5ddf55b14a,PlanExe
e1652fef-390f-4628-acd0-06df743124c7,Coordinate with Payment Providers,"Coordinate with Payment Providers

Description:
Collaborate with payment providers (banks, credit card companies, mobile payment platforms) to ensure a smooth transition to euro payments. Address any concerns or technical issues.

Resources needed:
• Project managers
• Communication specialists
• Payment system liaisons",6/30/2030,8/5/2030,0,6d88dbe4-a1d1-4533-b41b-44e9680e6e02,PlanExe
ca5fbd74-e5fc-4fd9-a48a-3eb9f8479d75,Implement Financial System Transition Approach,,8/5/2030,10/4/2030,0,6d88dbe4-a1d1-4533-b41b-44e9680e6e02,PlanExe
4c00d8df-c0bb-4c09-b07d-0e8a8a81df32,Finalize transition plan details,"Finalize transition plan details

Description:
Refine the financial system transition approach, including specific timelines, responsibilities, and communication protocols. This involves incorporating feedback from stakeholders and addressing any outstanding concerns.

Resources needed:
• Financial analysts
• Project managers
• Communication specialists",8/5/2030,8/20/2030,0,ca5fbd74-e5fc-4fd9-a48a-3eb9f8479d75,PlanExe
e7eb4f21-22a9-4424-8848-f01bcad5569e,Communicate transition plan to stakeholders,"Communicate transition plan to stakeholders

Description:
Disseminate the finalized financial system transition approach to all relevant stakeholders, including financial institutions, government agencies, and the public. This involves creating clear and concise communication materials and conducting outreach activities.

Resources needed:
• Communication specialists
• Public relations team
• Stakeholder engagement managers",8/20/2030,9/4/2030,0,4c00d8df-c0bb-4c09-b07d-0e8a8a81df32,PlanExe
ce6ed8bf-cfb0-4526-a28a-5f3a588cbd9c,Establish monitoring and feedback mechanisms,"Establish monitoring and feedback mechanisms

Description:
Set up systems to monitor the implementation of the financial system transition approach and gather feedback from stakeholders. This involves establishing key performance indicators (KPIs) and creating channels for communication and feedback.

Resources needed:
• Data analysts
• Project managers
• Stakeholder engagement managers",9/4/2030,9/19/2030,0,e7eb4f21-22a9-4424-8848-f01bcad5569e,PlanExe
37c60ed6-b0e0-424b-bb77-1bc80be10b7e,Address regulatory alignment issues,"Address regulatory alignment issues

Description:
Identify and resolve any regulatory alignment issues that may arise during the implementation of the financial system transition approach. This involves working with regulatory bodies to ensure compliance and address any potential conflicts.

Resources needed:
• Legal experts
• Regulatory compliance officers
• Financial analysts",9/19/2030,10/4/2030,0,ca5fbd74-e5fc-4fd9-a48a-3eb9f8479d75,PlanExe
3c1c4d29-eb59-41f7-b0fc-fa12f4348172,Monitor Financial Stability,,10/4/2030,7/1/2031,0,ca5fbd74-e5fc-4fd9-a48a-3eb9f8479d75,PlanExe
183dc7e7-61ce-4cec-be5e-50651f438089,Collect Financial Institution Data (1),"Collect Financial Institution Data

Description:
Gather data on key financial indicators from banks and other financial institutions to assess their stability.

Resources needed:
• Data analysts
• Financial analysts
• Regulatory reports",10/4/2030,11/27/2030,0,3c1c4d29-eb59-41f7-b0fc-fa12f4348172,PlanExe
703522ed-12cb-486b-9a8d-5acd1536880c,Analyze Market Volatility,"Analyze Market Volatility

Description:
Monitor and analyze fluctuations in financial markets to identify potential risks to financial stability.

Resources needed:
• Market analysts
• Economists
• Financial data feeds",11/27/2030,1/20/2031,0,183dc7e7-61ce-4cec-be5e-50651f438089,PlanExe
45e4f0b4-c180-46be-93d3-284d76e05f6b,Conduct Stress Tests,"Conduct Stress Tests

Description:
Perform stress tests on financial institutions to evaluate their resilience to adverse economic scenarios.

Resources needed:
• Financial modelers
• Risk management experts
• Economic scenarios",1/20/2031,3/15/2031,0,703522ed-12cb-486b-9a8d-5acd1536880c,PlanExe
3ec600c8-d56d-4bb5-acd2-e4e8fcfddbe2,Assess Regulatory Compliance (1),"Assess Regulatory Compliance

Description:
Evaluate the compliance of financial institutions with relevant regulations and guidelines to ensure stability.

Resources needed:
• Compliance officers
• Legal experts
• Regulatory frameworks",3/15/2031,5/8/2031,0,45e4f0b4-c180-46be-93d3-284d76e05f6b,PlanExe
c1536ede-09a5-46c5-83c0-5fef0b7336bb,Report Stability Assessment,"Report Stability Assessment

Description:
Prepare and disseminate reports on the overall stability of the financial system, highlighting potential risks and vulnerabilities.

Resources needed:
• Report writers
• Communication specialists
• Assessment data",5/8/2031,7/1/2031,0,3c1c4d29-eb59-41f7-b0fc-fa12f4348172,PlanExe
45fd5d95-687b-43a5-a04c-9b33acc18978,Manage Currency Exchange and Withdrawal,,7/1/2031,11/13/2031,0,e2ed1b09-6ebd-4df8-951a-53251e28f435,PlanExe
5dd7d801-36f9-44fd-9341-bf787b893bb9,Establish Exchange Rate and Procedures,"Establish Exchange Rate and Procedures

Description:
Define the official exchange rate between DKK and EUR. Develop clear and simple procedures for currency exchange at banks and exchange offices. Publish guidelines for businesses on handling the transition.

Resources needed:
• Economists
• Financial analysts
• Legal experts
• Communication specialists",7/1/2031,7/28/2031,0,45fd5d95-687b-43a5-a04c-9b33acc18978,PlanExe
946ae5be-088b-4ad7-ad6e-1c3ccd8093c1,Coordinate Logistics for Cash Conversion,"Coordinate Logistics for Cash Conversion

Description:
Plan the physical movement of DKK and EUR banknotes and coins. Coordinate with banks, security companies, and the central bank to ensure a secure and efficient process. Establish temporary exchange points.

Resources needed:
• Logistics experts
• Security personnel
• Bank staff
• Central bank representatives",7/28/2031,8/24/2031,0,5dd7d801-36f9-44fd-9341-bf787b893bb9,PlanExe
3dd8f791-9c6e-4e57-8f3f-65c22165453c,Communicate Exchange Details to the Public,"Communicate Exchange Details to the Public

Description:
Launch a public awareness campaign to inform citizens about the exchange rate, procedures, and deadlines. Use various media channels to reach all segments of the population. Address common questions and concerns.

Resources needed:
• Communication specialists
• Public relations team
• Marketing professionals
• Translators",8/24/2031,9/20/2031,0,946ae5be-088b-4ad7-ad6e-1c3ccd8093c1,PlanExe
08fbd277-9fd5-4774-913e-c65359135cab,Manage DKK Withdrawal and Destruction,"Manage DKK Withdrawal and Destruction

Description:
Oversee the withdrawal of DKK banknotes and coins from circulation. Implement a secure process for destroying the withdrawn currency. Monitor the amount of DKK remaining in circulation.

Resources needed:
• Central bank staff
• Security personnel
• Accounting professionals
• Logistics experts",9/20/2031,10/17/2031,0,3dd8f791-9c6e-4e57-8f3f-65c22165453c,PlanExe
e969102a-951e-485d-982e-8e97f9cef685,Monitor Exchange Process and Address Issues,"Monitor Exchange Process and Address Issues

Description:
Track the progress of the currency exchange process. Identify and resolve any problems or bottlenecks. Provide support to banks and exchange offices. Address public complaints and concerns.

Resources needed:
• Project managers
• Customer service representatives
• Bank liaison officers
• Financial analysts",10/17/2031,11/13/2031,0,45fd5d95-687b-43a5-a04c-9b33acc18978,PlanExe
f98093fe-4e8f-43ad-9b92-b81518f32ce4,Post-Adoption Monitoring & Evaluation,,11/13/2031,8/29/2032,0,66e9fe4a-de85-4279-a82b-ab94b8f485d3,PlanExe
8e0d0bd6-1f07-4886-8b5d-fce084c9d29e,Monitor Economic Performance,,11/13/2031,3/12/2032,0,f98093fe-4e8f-43ad-9b92-b81518f32ce4,PlanExe
45c8064f-07bd-48d9-b4d8-49d2ca65c1ea,Gather key economic indicators data,"Gather key economic indicators data

Description:
Collect data on GDP, inflation, unemployment, and trade balance before and after euro adoption.

Resources needed:
• Economists
• Data analysts
• Statistical software",11/13/2031,12/13/2031,0,8e0d0bd6-1f07-4886-8b5d-fce084c9d29e,PlanExe
c61167d8-7fcb-4b31-b11c-26181d2a4251,Analyze impact on key sectors,"Analyze impact on key sectors

Description:
Assess the effects of euro adoption on specific industries like tourism, manufacturing, and finance.

Resources needed:
• Industry experts
• Economic analysts
• Research reports",12/13/2031,1/12/2032,0,45c8064f-07bd-48d9-b4d8-49d2ca65c1ea,PlanExe
81922092-0393-4b85-9b95-4be1325f6116,Compare Denmark to other Eurozone nations,"Compare Denmark to other Eurozone nations

Description:
Benchmark Denmark's economic performance against other countries that have adopted the euro.

Resources needed:
• Economists
• Comparative data
• Statistical analysis tools",1/12/2032,2/11/2032,0,c61167d8-7fcb-4b31-b11c-26181d2a4251,PlanExe
8c1f98af-2122-4078-9d56-26a44ce1130b,Assess long-term economic trends,"Assess long-term economic trends

Description:
Evaluate the sustained impact of euro adoption on Denmark's economic growth and stability over time.

Resources needed:
• Economists
• Longitudinal data
• Forecasting models",2/11/2032,3/12/2032,0,8e0d0bd6-1f07-4886-8b5d-fce084c9d29e,PlanExe
37fc968c-1efe-49a6-bfd6-a27ce1b98ba4,Evaluate Financial System Stability,,3/12/2032,6/10/2032,0,8e0d0bd6-1f07-4886-8b5d-fce084c9d29e,PlanExe
278b0906-a26e-4239-8724-4cc17cc7fa2b,Collect Financial Institution Data (2),"Collect Financial Institution Data

Description:
Gather relevant financial data from banks and other institutions to assess their stability and performance post-euro adoption. This includes balance sheets, transaction volumes, and risk assessments.

Resources needed:
• Data analysts
• Financial analysts
• Database administrators
• Regulatory compliance officers",3/12/2032,3/30/2032,0,37fc968c-1efe-49a6-bfd6-a27ce1b98ba4,PlanExe
f4ad2339-3caa-479a-b16a-3b4ef1e02de1,Analyze Key Financial Indicators,"Analyze Key Financial Indicators

Description:
Analyze key financial indicators such as capital adequacy ratios, liquidity ratios, and asset quality to identify potential vulnerabilities and assess the overall health of the financial system.

Resources needed:
• Financial analysts
• Economists
• Statistical software
• Reporting tools",3/30/2032,4/17/2032,0,278b0906-a26e-4239-8724-4cc17cc7fa2b,PlanExe
57682091-4fcc-4462-9c0d-fca2063caac1,Conduct Stress Tests on Banks,"Conduct Stress Tests on Banks

Description:
Perform stress tests on major banks to evaluate their resilience to adverse economic scenarios and assess their ability to withstand potential shocks to the financial system.

Resources needed:
• Financial modelers
• Risk management experts
• Scenario planning software
• Supervisory staff",4/17/2032,5/5/2032,0,f4ad2339-3caa-479a-b16a-3b4ef1e02de1,PlanExe
a1f28aa9-9375-41ac-863a-ac5ed43cea82,Assess Regulatory Compliance (2),"Assess Regulatory Compliance

Description:
Evaluate the compliance of financial institutions with relevant regulations and supervisory requirements to ensure they are operating within established guidelines and maintaining adequate risk management practices.

Resources needed:
• Regulatory compliance officers
• Legal experts
• Auditors
• Compliance monitoring systems",5/5/2032,5/23/2032,0,57682091-4fcc-4462-9c0d-fca2063caac1,PlanExe
67c813ed-d4bc-4834-a761-430f20c60bf6,Report on Financial System Stability,"Report on Financial System Stability

Description:
Prepare a comprehensive report summarizing the findings of the financial stability assessment, highlighting key risks and vulnerabilities, and recommending appropriate policy measures to mitigate potential threats.

Resources needed:
• Report writers
• Editors
• Graphic designers
• Publishing platform",5/23/2032,6/10/2032,0,37fc968c-1efe-49a6-bfd6-a27ce1b98ba4,PlanExe
67861153-7f22-44ef-b66a-d3a71c96fdc3,Assess Public Perception & Satisfaction,,6/10/2032,8/9/2032,0,37fc968c-1efe-49a6-bfd6-a27ce1b98ba4,PlanExe
7e6f6c9b-0170-4808-a933-f355f4889bf2,Design Public Perception Survey,"Design Public Perception Survey

Description:
Develop a comprehensive survey instrument to gauge public opinion on euro adoption, covering key concerns and satisfaction levels. Include questions on economic impact, financial system stability, and overall sentiment.

Resources needed:
• Survey methodologist
• Economist
• Public opinion analyst",6/10/2032,6/22/2032,0,67861153-7f22-44ef-b66a-d3a71c96fdc3,PlanExe
554d9610-88d1-488c-9590-55164baf81fa,Conduct Public Opinion Surveys,"Conduct Public Opinion Surveys

Description:
Administer the designed survey to a representative sample of the Danish population. Ensure adequate sample size and demographic representation to obtain statistically significant results.

Resources needed:
• Polling agency
• Data analysts
• Survey administrators",6/22/2032,7/4/2032,0,7e6f6c9b-0170-4808-a933-f355f4889bf2,PlanExe
ddf9e7db-70e5-4ece-a1cb-3e8e76925c87,Analyze Survey Data and Report,"Analyze Survey Data and Report

Description:
Analyze the collected survey data to identify key trends, concerns, and satisfaction levels related to euro adoption. Prepare a comprehensive report summarizing the findings and highlighting areas for improvement.

Resources needed:
• Data analysts
• Report writers
• Economists",7/4/2032,7/16/2032,0,554d9610-88d1-488c-9590-55164baf81fa,PlanExe
b7534185-24d8-496f-947f-ecc19e7d1c30,Conduct Focus Groups,"Conduct Focus Groups

Description:
Organize and conduct focus groups with diverse segments of the Danish population to gather qualitative data on their perceptions and experiences with euro adoption. Explore underlying reasons for satisfaction or dissatisfaction.

Resources needed:
• Focus group facilitators
• Note takers
• Qualitative data analysts",7/16/2032,7/28/2032,0,ddf9e7db-70e5-4ece-a1cb-3e8e76925c87,PlanExe
4cbb36b2-edfc-467b-b538-f0d53f13932b,Synthesize Survey and Focus Group Data,"Synthesize Survey and Focus Group Data

Description:
Integrate the quantitative data from the surveys with the qualitative data from the focus groups to provide a holistic understanding of public perception and satisfaction. Identify key themes and insights.

Resources needed:
• Data analysts
• Qualitative researchers
• Report writers",7/28/2032,8/9/2032,0,67861153-7f22-44ef-b66a-d3a71c96fdc3,PlanExe
bbfef4a0-a6b3-4512-9055-cf2574ec23ed,Identify Lessons Learned,,8/9/2032,8/29/2032,0,f98093fe-4e8f-43ad-9b92-b81518f32ce4,PlanExe
2b6af566-8bc0-4dd5-8b60-7df738bf50b3,Gather stakeholder feedback on the process,"Gather stakeholder feedback on the process

Description:
Collect feedback from key stakeholders (government officials, financial institutions, public representatives) regarding their experiences and perceptions of the euro adoption process. This includes identifying areas of satisfaction, dissatisfaction, and suggestions for improvement.

Resources needed:
• Project Manager
• Survey Team
• Interviewers",8/9/2032,8/14/2032,0,bbfef4a0-a6b3-4512-9055-cf2574ec23ed,PlanExe
448f52ea-e55b-47a5-b195-46b3abec2cdc,Analyze survey and interview data,"Analyze survey and interview data

Description:
Analyze the collected survey and interview data to identify key themes, trends, and insights related to the euro adoption process. This includes quantifying satisfaction levels, identifying common challenges, and uncovering unexpected outcomes.

Resources needed:
• Data Analyst
• Statistician
• Report Writer",8/14/2032,8/19/2032,0,2b6af566-8bc0-4dd5-8b60-7df738bf50b3,PlanExe
51a85f0e-f4f2-4152-9b51-389242703617,Document lessons learned and best practices,"Document lessons learned and best practices

Description:
Document the lessons learned and best practices identified during the euro adoption process. This includes creating a comprehensive report that summarizes the key findings, recommendations, and actionable steps for future currency transitions.

Resources needed:
• Project Manager
• Report Writer
• Editor",8/19/2032,8/24/2032,0,448f52ea-e55b-47a5-b195-46b3abec2cdc,PlanExe
b7431abe-5b90-4c95-a779-d541569b01c7,Disseminate findings to relevant parties,"Disseminate findings to relevant parties

Description:
Share the lessons learned report with relevant stakeholders, including government agencies, financial institutions, and international organizations. This ensures that the knowledge gained from the Danish euro adoption process is accessible and can inform future currency transitions.

Resources needed:
• Project Manager
• Communication Team
• Distribution Channels",8/24/2032,8/29/2032,0,bbfef4a0-a6b3-4512-9055-cf2574ec23ed,PlanExe
