[
  {
    "id": 1,
    "category": "Project Manager",
    "explanation": "Oversees the entire project, ensuring timelines, budgets, and objectives are met.",
    "consequences": "Without a project manager, the project may lack direction, leading to missed deadlines and budget overruns.",
    "count": "1",
    "contract_type": "part_time_employee",
    "contract_type_justification": "The Project Manager is responsible for overseeing the entire project, ensuring timelines, budgets, and objectives are met. Given the need for consistent, long-term oversight and integration across multiple domains (logistics, safety, cultural compliance), a part-time employee role provides the necessary stability and accountability without full-time commitment. This aligns with the project's low-risk, cost-efficient staffing model while ensuring continuity through Year 1.",
    "typical_job_activities": "Clara's typical activities include coordinating project timelines, managing budgets, liaising with local stakeholders, overseeing the hiring process for instructors, and ensuring compliance with safety and cultural protocols. She also organizes community engagement events and monitors project progress to align with strategic goals.",
    "background_story": "Clara Jensen, a 34-year-old project manager from Nuuk, Greenland, has a degree in Arts Management from the University of Copenhagen. With over ten years of experience in community arts initiatives, Clara has successfully led multiple projects that focus on cultural engagement and sustainability. Her skills in budgeting, team coordination, and stakeholder engagement make her an ideal fit for overseeing the community clay workshop. Clara is familiar with the unique challenges of operating in Greenland, including logistical hurdles and cultural sensitivities, making her a vital asset to ensure the project's success."
  },
  {
    "id": 2,
    "category": "Supply Chain Coordinator",
    "explanation": "Manages logistics and procurement of materials, ensuring timely delivery and cost efficiency.",
    "consequences": "Absence of this role could result in supply shortages, delays in material availability, and increased costs.",
    "count": "1",
    "contract_type": "independent_contractor",
    "contract_type_justification": "The Supply Chain Coordinator manages logistics and procurement of materials, including coordinating quarterly shipments from Denmark and emergency air freight. This role requires specialized expertise in Arctic shipping, customs clearance, and real-time tracking\u2014skills that are best sourced externally. An independent contractor allows flexibility, access to niche expertise, and avoids long-term commitments, fitting the project\u2019s pragmatic, low-risk approach.",
    "typical_job_activities": "Mikkel's typical activities involve managing the procurement of clay and equipment, coordinating quarterly shipments, tracking inventory levels, and establishing emergency air freight contracts. He also collaborates with local artisans to explore alternative material sourcing and ensures compliance with customs regulations.",
    "background_story": "Mikkel S\u00f8rensen, a 29-year-old supply chain coordinator based in Nuuk, has a background in logistics and procurement from the Technical University of Denmark. With five years of experience in managing supply chains for remote locations, Mikkel has developed strong relationships with suppliers in Denmark and Iceland. His expertise in navigating customs and shipping logistics is crucial for the timely delivery of materials to the workshop. Mikkel's familiarity with the unique challenges of Arctic logistics makes him an essential team member for ensuring the workshop's operational continuity."
  },
  {
    "id": 3,
    "category": "Facility Manager",
    "explanation": "Responsible for the maintenance and operation of the workshop space, including safety and compliance.",
    "consequences": "Lack of facility management could lead to safety hazards, regulatory non-compliance, and operational inefficiencies.",
    "count": "1",
    "contract_type": "part_time_employee",
    "contract_type_justification": "The Facility Manager is responsible for the maintenance, operation, and compliance of the physical workshop space, including safety systems, utilities, and environmental controls. This role demands ongoing presence and deep familiarity with the site\u2019s unique conditions (e.g., thermal management, winter energy demand). A part-time employee ensures consistent oversight and accountability while remaining within budget constraints and supporting the rotating staff model.",
    "typical_job_activities": "Sofia's typical activities include overseeing the maintenance of the workshop facilities, ensuring compliance with safety regulations, managing heating and energy systems, and coordinating with contractors for any necessary repairs or upgrades. She also conducts regular safety audits and implements training programs for staff.",
    "background_story": "Sofia Nilsen, a 40-year-old facility manager from Nuuk, holds a degree in Environmental Engineering from the University of Greenland. With over 15 years of experience in facility management, Sofia has worked on various projects focused on energy efficiency and safety compliance in harsh climates. Her skills in maintaining operational systems and ensuring regulatory compliance are vital for the workshop's success. Sofia's familiarity with the local environment and building codes makes her a key player in creating a safe and efficient workspace."
  },
  {
    "id": 4,
    "category": "Instructor Team Lead",
    "explanation": "Leads the teaching staff, coordinates schedules, and ensures quality of instruction.",
    "consequences": "Without a lead instructor, there may be inconsistencies in teaching quality and scheduling conflicts.",
    "count": "1",
    "contract_type": "part_time_employee",
    "contract_type_justification": "The Instructor Team Lead coordinates schedules, ensures teaching quality, and leads cross-training among the four part-time instructors. This role is critical for maintaining session continuity and operational resilience. A part-time employee structure supports the project\u2019s core staffing model\u2014flexible yet reliable\u2014while enabling leadership without overburdening the team or exceeding budget limits.",
    "typical_job_activities": "Lars's typical activities include leading the teaching staff, coordinating schedules, ensuring quality of instruction, and facilitating cross-training among instructors. He also develops course content, engages with students to enhance their learning experience, and organizes community exhibitions to showcase student work.",
    "background_story": "Lars Thomsen, a 32-year-old instructor team lead from Nuuk, has a background in Fine Arts from the Royal Danish Academy of Fine Arts. With over eight years of teaching experience in ceramics and community arts, Lars is passionate about fostering creativity and cultural expression. His leadership skills and ability to mentor other instructors make him an invaluable asset to the teaching team. Lars is well-versed in both hand-building and wheel-throwing techniques, ensuring high-quality instruction for workshop participants."
  },
  {
    "id": 5,
    "category": "Marketing and Community Engagement Specialist",
    "explanation": "Develops outreach strategies to attract locals and tourists, fostering community involvement.",
    "consequences": "Failure to engage the community could result in low participation rates and diminished workshop visibility.",
    "count": "1",
    "contract_type": "independent_contractor",
    "contract_type_justification": "The Marketing and Community Engagement Specialist develops outreach strategies, manages partnerships with tourism boards and hotels, and fosters community involvement. This role is highly project-specific and outcome-driven, with seasonal peaks in summer and winter campaigns. Engaging an independent contractor allows access to specialized marketing skills and campaign execution without long-term employment obligations, aligning with the project\u2019s flexible, low-risk model.",
    "typical_job_activities": "Emma's typical activities include developing marketing campaigns, managing social media accounts, fostering partnerships with local tourism boards and hotels, and organizing community events to promote the workshop. She also collects feedback from participants to continuously improve outreach strategies.",
    "background_story": "Emma Kristensen, a 28-year-old marketing and community engagement specialist from Nuuk, has a degree in Marketing from the University of Greenland. With experience in promoting local cultural initiatives, Emma has a knack for creating outreach strategies that resonate with both locals and tourists. Her skills in social media marketing and community engagement are essential for building the workshop's visibility and participation. Emma's understanding of the local culture and tourism dynamics makes her a key player in attracting diverse audiences to the workshop."
  },
  {
    "id": 6,
    "category": "Safety Officer",
    "explanation": "Ensures compliance with safety regulations and oversees training for all staff and participants.",
    "consequences": "Absence of a safety officer could lead to accidents, legal liabilities, and increased insurance costs.",
    "count": "1",
    "contract_type": "part_time_employee",
    "contract_type_justification": "The Safety Officer performs essential duties such as conducting training, enforcing protocols, and leading monthly drills. This role requires regular on-site presence and integration with the instructor team. A part-time employee ensures consistent safety oversight and compliance with Arctic health and safety standards, while maintaining alignment with the rotating instructor schedule and overall staffing strategy.",
    "typical_job_activities": "Jonas's typical activities include conducting safety training for staff and participants, enforcing safety protocols, leading monthly safety drills, and performing regular safety audits of the workshop facilities. He also collaborates with the facility manager to ensure compliance with health and safety regulations.",
    "background_story": "Jonas Madsen, a 35-year-old safety officer from Nuuk, has a background in Occupational Health and Safety from the University of Greenland. With over ten years of experience in safety management, Jonas has worked in various community projects, ensuring compliance with safety regulations and training protocols. His expertise in risk assessment and emergency response is crucial for maintaining a safe environment in the workshop. Jonas's familiarity with local safety standards makes him an essential member of the team."
  },
  {
    "id": 7,
    "category": "Cultural Liaison",
    "explanation": "Facilitates partnerships with local artists and cultural organizations to integrate community traditions.",
    "consequences": "Without a cultural liaison, the workshop may fail to authentically represent local heritage, leading to community disconnection.",
    "count": "1",
    "contract_type": "independent_contractor",
    "contract_type_justification": "The Cultural Liaison facilitates partnerships with elders, artists, and Katuaq Cultural Centre, ensuring authentic representation and community consent. This role involves sensitive, high-level coordination that benefits from external neutrality and specialized cultural knowledge. An independent contractor provides access to trusted local networks and ethical frameworks without creating permanent internal roles, supporting the project\u2019s emphasis on authenticity and trust-building.",
    "typical_job_activities": "Nina's typical activities include facilitating partnerships with local artists and cultural organizations, coordinating community co-creation events, ensuring community consent for traditional motifs, and integrating local narratives into workshop programming. She also organizes exhibitions to showcase local artistry.",
    "background_story": "Nina Pedersen, a 30-year-old cultural liaison from Nuuk, holds a degree in Cultural Studies from the University of Greenland. With a strong background in community engagement and cultural heritage, Nina has worked with various local artists and organizations to promote cultural initiatives. Her role as a cultural liaison is vital for ensuring that the workshop authentically represents local traditions and engages the community. Nina's connections with local artists and elders make her a key player in fostering cultural collaboration."
  },
  {
    "id": 8,
    "category": "Financial Analyst",
    "explanation": "Monitors budget, forecasts expenses, and ensures financial sustainability of the workshop.",
    "consequences": "Lack of financial oversight could result in budget overruns and jeopardize the workshop's viability.",
    "count": "1",
    "contract_type": "part_time_employee",
    "contract_type_justification": "The Financial Analyst monitors the 2 million DKK budget, forecasts expenses, and ensures financial sustainability. This role requires ongoing attention to currency volatility, hedging strategies, and contingency fund management. A part-time employee ensures continuous financial oversight while staying within the project\u2019s cost constraints and supporting the low-risk, scalable model.",
    "typical_job_activities": "Frederik's typical activities include monitoring the workshop's budget, forecasting expenses, ensuring financial sustainability, and managing currency volatility risks. He also prepares financial reports and collaborates with the project manager to align financial strategies with operational goals.",
    "background_story": "Frederik Olsen, a 38-year-old financial analyst from Nuuk, has a degree in Finance from the University of Greenland. With over 12 years of experience in financial management, Frederik has worked on various community projects, ensuring financial sustainability and budget compliance. His expertise in forecasting and expense monitoring is crucial for the workshop's financial health. Frederik's understanding of local economic conditions makes him an essential member of the team."
  }
]