[
  {
    "id": "0a520d2a-6046-4596-9aff-60f4b75dff4e",
    "title": "Supply Chain Analyst (Arctic Logistics)",
    "knowledge": "Greenlandic shipping routes, Arctic weather impacts, customs clearance protocols, bulk import logistics",
    "why": "Critical for validating the fixed quarterly shipment strategy and ensuring real-time tracking integration with Danish suppliers like K\u00f8ge Keramik.",
    "what": "Conduct a risk assessment of Greenlandic port delays using historical ice and storm data to validate 72-hour emergency air freight response time.",
    "skills": "Logistics modeling, supply chain risk analysis, Arctic transport forecasting",
    "search_query": "Arctic shipping delay patterns Greenland, Greenland customs clearance process, bulk ceramic import logistics Denmark"
  },
  {
    "id": "2499c616-239b-4a0a-8b2b-4787089fdfbe",
    "title": "Cultural Anthropologist (Inuit Heritage)",
    "knowledge": "Inuit storytelling traditions, ceremonial forms, intellectual property rights in Indigenous art, community consent frameworks",
    "why": "Essential to ensure the 'Inuit Clay Legacy Project' avoids cultural misrepresentation and secures authentic, ethical collaboration with elders.",
    "what": "Review narrative selection and design motifs for the public installation with advisory council and draft consent documentation.",
    "skills": "Indigenous research ethics, oral history documentation, community consultation facilitation",
    "search_query": "Inuit storytelling in Greenland, cultural consent protocols Indigenous art, Elder-led co-creation models Greenland"
  },
  {
    "id": "aec2608e-809a-47c3-bccf-e35ca0abb099",
    "title": "Energy Systems Engineer (Arctic Buildings)",
    "knowledge": "Passive solar design in cold climates, thermal mass performance, low-power radiant heating, EnergyPlus simulation",
    "why": "Needed to verify that passive solar + modular kilns can handle 90% winter occupancy without exceeding thermal limits.",
    "what": "Run dynamic thermal load simulation using EnergyPlus at peak winter occupancy and recommend insulation upgrades if needed.",
    "skills": "Thermal modeling, HVAC system design, Arctic building standards compliance",
    "search_query": "Passive solar design Greenland, thermal mass walls Arctic climate, EnergyPlus simulation cold regions"
  },
  {
    "id": "0bdb676f-2cec-4443-b6a6-ca539a4a399a",
    "title": "Digital Experience Designer (Public Dashboards)",
    "knowledge": "IoT sensor integration, real-time public dashboards, user interface for non-technical audiences, bilingual UX",
    "why": "To ensure the live environmental dashboard is accessible, intuitive, and effective for both staff and visitors in Danish/Greenlandic.",
    "what": "Design and prototype the public-facing IoT dashboard with multilingual labels and real-time alerts for temperature/humidity spikes.",
    "skills": "UX/UI design, data visualization, multilingual digital interfaces, sensor network integration",
    "search_query": "Public IoT dashboard design, real-time environmental display, bilingual UX Arctic context"
  },
  {
    "id": "16c8c068-d190-4ac6-b36a-bbeaa72f3132",
    "title": "Greenlandic Materials Scientist",
    "knowledge": "Glacial sand composition, volcanic ash mineralogy, clay compatibility testing, kiln firing behavior in Arctic conditions",
    "why": "Critical to validate feasibility of Material Adaptation Strategy using locally sourced minerals like glacial sand or volcanic ash.",
    "what": "Test small batches of blended clay (imported + local) for consistency, shrinkage, and kiln stability under Greenlandic conditions.",
    "skills": "Ceramic material analysis, mineralogical testing, thermal expansion measurement",
    "search_query": "Glacial sand ceramic properties Greenland, volcanic ash kiln compatibility Arctic, local clay testing methods"
  },
  {
    "id": "b985276a-5cfb-4309-931b-83372d4039c1",
    "title": "Volunteer Management Specialist (Community Programs)",
    "knowledge": "Retired artist onboarding, liability mitigation, volunteer training frameworks, community engagement retention",
    "why": "Needed to ensure the volunteer instructor pool is safe, trained, and legally protected\u2014addressing a key weakness in the plan.",
    "what": "Design a structured onboarding program with safety training, liability waivers, and role-specific orientation for retired artists.",
    "skills": "Volunteer risk management, program coordination, community trust building",
    "search_query": "Volunteer program design for arts organizations, retired artist onboarding best practices, liability waiver templates"
  },
  {
    "id": "a8cdc5fd-472a-4b94-ab06-471e6b62a2c9",
    "title": "Tourism Experience Architect",
    "knowledge": "Visitor journey mapping, cultural tourism packaging, hotel partnership models, seasonal event design",
    "why": "To optimize the 'Tourist Experience Package' and 'Winter Pottery Nights' for maximum appeal and revenue potential.",
    "what": "Map the full tourist journey from booking to post-visit, integrating storytelling, digital keepsakes, and hotel bundling.",
    "skills": "Experience design, tourism marketing, cross-sector collaboration",
    "search_query": "Cultural tourism experience design, hotel partnership models Greenland, immersive art events winter"
  },
  {
    "id": "0174b6f4-3f8a-4991-96cc-ce0d76c233cb",
    "title": "Sustainability Compliance Officer (Arctic Environment)",
    "knowledge": "Greenlandic environmental regulations, ISO 14001 implementation, waste management in remote facilities, low-impact operations",
    "why": "Ensures the workshop meets all environmental compliance requirements and avoids penalties during audit.",
    "what": "Conduct a pre-compliance audit against Greenlandic Environmental Protection Act and ISO 14001 standards.",
    "skills": "Environmental compliance, regulatory documentation, sustainable facility operations",
    "search_query": "Greenland environmental compliance Arctic projects, ISO 14001 certification remote sites, sustainable ceramics workshop"
  }
]