Level 1;Level 2;Level 3;Level 4;Task ID
Nuuk Clay Workshop;;;;c0116ebd-d576-42fa-a84b-dfa64afc7411
;Establish Supply Chain Resilience;;;d17ed687-82b9-414c-9a67-12e0227663ea
;;Conduct Arctic Shipping Risk Assessment;;5a995d64-8915-48ae-8d66-f730f056f211
;;;Collect Historical Shipping Data;9eb63024-a557-417c-98f7-4e3124efa4b1
;;;Run Risk Modeling Simulation;3d358e7c-7386-49b7-96ef-dd2e6dcabaa5
;;;Validate with Arctic Logistics Expert;c3a04676-4288-4432-aecf-e5a7cf6cbb1b
;;;Finalize Emergency Air Freight Plan;76ac3bb8-d40a-44ca-846e-fe54eb78fb47
;;;Produce Final Risk Assessment Report;a2af4fad-d7fa-46e5-9b26-f6552e6a83df
;;Finalize Quarterly Clay Shipment Contract with Danish Supplier;;19f11ff5-cee2-4d81-9127-ee8010d3b0d8
;;;Finalize Clay Contract;ee01930e-be4e-4ce6-afec-93290aee8246
;;;Validate Supplier Terms;02aa7053-48f6-4aae-bd37-5f8a8a8a6c1a
;;;Secure Bilingual Documentation;e1eebc2f-6011-4837-8eac-188806c8d785
;;;Execute Contract Signing;9f45255b-b605-45a6-9a31-7cd56174b9bd
;;Secure Emergency Air Freight Agreement with Nordic Cargo;;3daca572-d862-4143-87d9-d71c2aa83552
;;;Secure Emergency Air Freight;3580f8ee-9f9e-451b-80e0-a02583f8aeaa
;;;Establish Buffer Stock Protocol;6b45f690-68a6-4a53-af73-260d03d5e950
;;;Integrate Real-Time Monitoring;6dfba2b9-77bf-4359-aa95-927351e8225f
;;Establish Buffer Stock of 50 kg Clay;;078447db-3e8f-4d03-9af9-caa41a002997
;;;Secure 50 kg Clay Buffer;24531f4e-0bd9-4c9c-a753-34edad9c5b0a
;;;Verify Customs Clearance Process;931fe2b8-0efc-4cf8-ad20-9ec0928916ce
;;;Integrate Real-Time Tracking System;6b43c37c-e950-4af9-a429-026abae095ec
;;Integrate Real-Time Shipping Alert Monitoring System;;86e405a4-f334-48de-a1de-2d6168d7bd87
;;;Secure Emergency Air Freight;35aca9d3-9651-48fe-a7ad-9fac3641234d
;;;Establish Buffer Stock of Clay;dc6552d0-4056-41cf-8d80-a7665bb90fc1
;;;Integrate Real-Time Shipping Alerts;a7edf1a0-afa0-49e1-8963-4ac419646e16
;Design and Implement Energy-Efficient Facility;;;37442b7a-472c-4529-94a1-bc991b188f65
;;Conduct Winter Thermal Load Simulation Using EnergyPlus;;55f500f0-6a99-4a3f-addb-16211e2700d5
;;;Run EnergyPlus Simulation;d780ef39-f1a2-4c1f-ba42-0732304db4fe
;;;Validate Thermal Model Output;fd660e06-b11e-46bc-ae46-5fea791dff68
;;;Secure Expert Audit & Sign-Off;6e9f2aac-269c-438d-9c49-7661348ce8bc
;;Install Passive Solar Design Elements (South-Facing Windows, Thermal Mass Walls);;007d8d24-e074-408e-9560-a8f321a8ea54
;;;Source and order materials;2f85a0b3-30e2-42ec-bc73-67d64205f2fe
;;;Schedule installation window;8119e483-0979-446a-b2bc-786d351cc57d
;;;Conduct pre-installation site checks;86b45a74-8e67-4bfd-9e2e-16225e2434a4
;;;Install solar elements and thermal walls;ee947e52-2ca9-4043-a9e4-493e119f5def
;;;Verify compliance and document work;82f1fc5a-c21d-448e-8fcd-dd52925a8476
;;Deploy IoT Environmental Monitoring Sensors (Temp, Humidity, CO₂);;ff83ada1-0c17-449b-b913-19fe47e9fdff
;;;Deploy IoT Sensors;d9078311-98a2-45d4-b3c0-3cfcdadb8d15
;;;Test Sensor Integration;a8ed9093-64c4-4da7-9750-51075f50320f
;;;Train Staff on Sensor Use;de293425-e6ad-430f-a7a9-e87e68fe8d90
;;Complete Pre-Fit-Out Thermal Audit and Safety Training Rollout;;e1fc9b0e-d456-447f-ac64-cabf886708a8
;;;Conduct Thermal Audit;97d9cab9-d1c9-4de8-96d5-89bb8ac380d3
;;;Roll Out Safety Training;ec814677-e59d-4b28-9662-71fd287d6c03
;;;Verify Compliance Readiness;7ce97fe1-f367-45cc-9698-30f35cf0d31d
;;Implement 'Thermal Curfew' Protocol for Peak Winter Use;;2c7637d1-0052-4a8b-9db4-93011da00f4c
;;;Co-Develop Curfew Policy;eec7cc9e-2666-4908-93f3-8b79ea9af09d
;;;Pilot Thermal Curfew Phase;8d513742-ca11-4faf-afbe-6a8361d0fb61
;;;Integrate Curfew into Daily Operations;d5ee91f5-46ee-4d7e-aa1e-d79c2c560f65
;Build Instructor Resilience Network;;;248a0bcd-9e33-45f3-8a52-7138fcfdb319
;;Develop Rotating Instructor Schedule with Cross-Training Plan;;722892ab-573f-4456-904f-78ff0150e511
;;;Develop Rotating Schedule;0e6b02fd-1085-4996-9990-0ff017a98ad3
;;;Implement Cross-Training Plan;b65080ea-d00e-4948-acdf-339c53b6bd32
;;;Ensure Full Coverage Readiness;f0c707ad-9ab2-4027-8a7f-065a2a7aa2a0
;;Launch Peer Mentorship Program for Senior-Junior Instructors;;71b1909a-1121-47c8-b91f-83110fe9bec7
;;;Design Mentorship Structure;28578a01-1b9b-4577-bdee-ba19d46821e0
;;;Identify and Onboard Mentors;325160d0-c507-44ef-9de1-5f8c2e853263
;;;Launch Pilot Mentorship Cycle;d19b0b77-fe12-4314-b44c-1ad86d4480a6
;;;Evaluate and Scale Program;e0027894-96e6-43d4-a6bb-d1507f267c8a
;;Redesign Volunteer Instructor Program as Community Teaching Fellowship;;84b5890e-fde8-432b-961a-a6d678b29b47
;;;Develop Fellowship Charter;36b5db04-599b-49c0-ac16-d13287dc3254
;;;Design Training Curriculum;0dd2d2dd-943f-4552-aeb9-b19bb76ea9a5
;;;Implement Onboarding System;c80ce3f0-09a2-4b51-8e99-8da6523e080c
;;;Secure Insurance & Waivers;35036b89-1aef-49bd-ba79-360645dccbc3
;;;Launch Certification Program;d47a9504-1cd4-49e6-9ceb-0a4b898334ba
;;Implement Digital Shift Calendar and Real-Time Tracking Dashboard;;4f582103-5e0d-487b-a6d6-ec386234fb45
;;;Set up cloud platform;f7d97fbc-b462-4f6d-b205-60a421433763
;;;Develop digital onboarding workflow;75c91d5c-cafb-47c3-b193-dd957154ead7
;;;Test system integration and usability;878a22e0-f045-4362-8ce3-12dadf4f483c
;;;Train staff on digital tools;3ddb1919-7dd2-49cf-a497-d2043fa33ba6
;;;Roll out system to full team;bdba13c2-9832-4b72-b73b-ffa3356225a8
;;Conduct Monthly Safety Drills with Full Staff Participation;;81667548-d46c-4197-8574-3915bf2df3d6
;;;Schedule Monthly Drills;ee1c5c85-ee58-40dd-80a8-ebcb2f2921b9
;;;Integrate Drill Participation in Performance Reviews;92ad12c8-3841-4421-8cd4-5c21546e395c
;;;Conduct Drill Orientation Before Each Session;ac123fba-66b8-43c0-858c-2516c0547b88
;Embed Cultural Anchoring Framework;;;955c800a-6f73-42f5-b96c-71d4244bff9f
;;Form Advisory Council with Elders and Local Artists;;00291540-5289-4c88-b776-7897f764a344
;;;Form Advisory Council;f1d3758c-6ca5-4dae-866a-555837a500f3
;;;Co-Develop CIPR Framework;1ad168cd-1dc4-4978-a4ec-7c85cb140f73
;;;Obtain Formal Approval;80a43429-894f-49a0-8570-7e490cee4fb9
;;Finalize and Obtain Approval of Community Intellectual Property Rights (CIPR) Framework;;57b658c3-c8bc-4124-89bd-5c043c809676
;;;Draft CIPR Framework;59b6354a-61a2-43f5-9d4c-678f5c4083cb
;;;Conduct Cultural Review Workshop;55d5b113-610d-47d1-b9e4-5cc2660eabd2
;;;Finalize Consent Protocols;866e4850-c54c-4458-8407-67dd9cbbe345
;;;Obtain Formal Endorsement;8f2104d5-c695-4d2e-95e5-90cb0fd96721
;;Co-Host Quarterly Exhibitions with Katuaq Cultural Centre;;33640969-b1e5-46db-a6d7-59b9523d924c
;;;Finalize CIPR Framework;4573fc14-d85f-4737-b34d-f3d38acddc18
;;;Secure Community Consent;af45eb66-5729-4199-97c4-a9405f88cb8c
;;;Establish Approval Workflow;95a9f4e4-9f15-4f8c-9466-c15e32250b18
;;;Integrate CIPR into Curriculum;311967e2-25ba-47a5-b8c6-cbd175285a6a
;;Integrate Traditional Forms and Narratives into Beginner Courses;;466d26da-b322-4e72-9a1f-88a6b6065e76
;;;Finalize Cultural Content;afaa9795-0c5e-4cfd-899e-8f8642a943bc
;;;Develop Pedagogical Framework;22f54e2c-12f1-4ac3-aeff-c01035c0fb7e
;;;Conduct Pilot Course Review;7def817f-d5c1-4391-91e9-7e9acfb22152
;;;Integrate Feedback and Finalize Curriculum;3c0c41a4-7339-47f2-85f7-5ff6dc8b263e
;;;Train Instructors on Cultural Integration;91b382ff-62dc-4fd9-822d-ffc8f4b5ce50
;;Ensure All Communications and Signage Are Bilingual (Danish/Greenlandic);;9662c55b-6978-490d-8697-27b628054d06
;;;Finalize bilingual signage;37c25e45-70c9-4911-b25d-cf79c061ee0e
;;;Review cultural sensitivity;cb561866-61fe-44ad-9a79-a4cc9a36fb00
;;;Produce and install signage;db08927c-ea38-456d-9471-27413729b1d4
;;;Verify compliance with regulations;e726a0b7-5835-43a3-b475-7350163877a9
;;;Train staff on signage use;d448100a-1ac3-4590-9293-bd8d39a45e1e
;Develop Material Adaptation Strategy;;;59d1e4fb-5761-4e90-8d9c-3233ffaef27d
;;Conduct Material Co-Creation Working Group Trials with Locally Sourced Minerals;;121599ca-354b-47fe-8bcf-4ae69faffb43
;;;Source Local Minerals;fb8eb40f-e29f-45b4-97b1-6eaf1aecc668
;;;Prepare Blended Clay Batches;6cb69dfc-dcb1-46df-b62c-03ba184b8967
;;;Conduct Firing Tests;498d11bf-94f4-4f8e-9ef3-ce635c65f030
;;;Gather Cultural Feedback;462b1230-1e8b-44f9-8476-cdc9739570e1
;;;Finalize Trial Report;146e37ce-2632-4b24-b7a1-fed9d183938b
;;Analyze Firing Behavior and Compatibility of Blended Clays;;3c1b408a-dda2-4dab-abc2-c69fba579d0b
;;;Test Blended Clay Firing;66aee857-38d9-4e2f-800a-0ef77f06e5da
;;;Analyze Mineral Compatibility;74e08830-9057-407a-9fa5-06e626d75f63
;;;Validate with Elders and Artisans;ee04af93-a8d2-4baf-a2f2-42abb61e1154
;;;Finalize Material Approval;848a1105-40d6-482e-a550-5d8aefe14b54
;;Publish Joint Technical-Oral Report on Trial Results;;8db53cb3-6774-4c69-bded-4614fa2795f7
;;;Conduct Trial Testing;11e26c9a-55f1-4d8b-adaf-7121fa64ceb6
;;;Gather Cultural Feedback;c4df5534-42e1-460f-bada-abfed57e1a40
;;;Finalize Approval Process;f8096e54-2836-41b1-85d5-63f5b475fbf0
;;Establish Partnership with Greenlandic Artisan Collectives for Material Sourcing;;95c5afbf-21a7-4fb6-9922-68fbecc5ddeb
;;;Secure Mineral Access;83a54783-b74c-4b98-88b8-43e2ea557939
;;;Conduct Initial Air Freight Trials;0dc30bb7-52da-4dee-9633-4cce64cfe314
;;;Co-Design Sourcing Protocols;bacbbd66-dd7d-4086-80aa-d2a9309994fd
;;;Finalize Partnership Agreements;925c4bcd-0d75-4140-b606-afeb3653e09d
;;;Validate Supply Chain Readiness;9a68f957-3bad-41f9-b368-b54aa145a47e
;;Begin Procurement of Locally Adapted Materials Only After Approval;;4fcd5d5d-5864-4d0a-8d4f-cde2f78d55d0
;;;Finalize Material Sourcing;1cb52fea-7acb-471a-9c92-db79f9fbb863
;;;Validate Material Compatibility;5331b597-81e8-45e7-a7e4-5388be6b58bb
;;;Obtain Community Approval;f5b6b42d-508c-4242-ba70-904a0fbe9d9e
;Implement Seasonal Demand Buffering Model;;;a7f9551a-9328-43e9-9a3c-acbbbfb39887
;;Launch Themed Winter Programs (e.g., 'Winter Pottery Nights');;b594fd39-ad8e-4f2c-ae35-e6da20e0787e
;;;Design Winter Program Themes;80b09cd8-4fbd-4aef-8528-9cd2c55a84b2
;;;Schedule Flexible Session Times;83787ee6-ed28-4b41-8a94-fe06e06f2fcf
;;;Launch Targeted Community Outreach;89f163e4-cbd6-4dd6-8193-c9ddcec13cd9
;;;Prepare Indoor Event Infrastructure;429f1a3d-262a-4162-8a83-4e5ebd624213
;;;Conduct Pilot Test with Small Group;f5e53537-e2ed-465c-bdf1-5d1c2b7f58e1
;;Design Micro-Courses for Tourists During Summer Peaks;;b66fe01e-75d5-40ea-bbc3-4f9fca793721
;;;Design Micro-Courses;a2049c84-0d11-4fab-b95f-5ee0b3195e2b
;;;Partner with Hotel Providers;3772bc78-6f79-48ed-a48d-e1fb705e5abd
;;;Implement Real-Time Booking System;bac4b3bf-978b-4961-8919-bccd42938a56
;;;Pilot-Test Summer Programs;4e881315-7240-454b-bec5-6c51724a356e
;;;Scale Based on Demand Data;aaed9b61-16a8-4224-9040-ae0ed3acb60b
;;Develop Rotating Artist-in-Residence Program;;897a8351-c043-4098-82a8-9577eb939fd9
;;;Design Winter Programs;5752b0ed-ea29-47e1-9163-ea88ae98df81
;;;Pilot Test Themed Sessions;188581ae-519c-4343-9b6e-591d8c8852c4
;;;Secure Seasonal Partnerships;aa71182d-2e46-4fe3-89cc-0dff373568f9
;;;Integrate Demand Forecasting;71e07b8b-2c96-42f6-8015-ef3e5be31147
;;;Evaluate Program Success;acc39b31-ff2a-4ef8-963a-ddecf87a5200
;;Align Programming with Seasonal Demand Patterns Using Forecast Data;;bc60ec27-9a82-4741-9288-1df223aadc54
;;;Analyze seasonal demand patterns;6fa04c28-4457-4ad3-863e-dec746576d00
;;;Map programming to demand cycles;1636bfbb-830e-4d29-b941-ba721474705c
;;;Implement dynamic scheduling adjustments;05e56a95-9cc8-4df3-9934-dead8a836919
;;Evaluate Attendance and Utilization Metrics Monthly;;b1128f26-2b64-4b11-bf16-95ec7aedc381
;;;Collect attendance data;151f0694-dc04-4969-b18d-50a06783e2e7
;;;Analyze seasonal patterns;2ffa6f89-53e9-44a0-b358-fd1ccfa3fdab
;;;Adjust programming accordingly;7b1107dc-be2f-4cad-9333-2a95f9961756
;;;Review and refine models quarterly;71bd54a3-39ac-482e-8c70-0aac314476ac
;Launch Hybrid Access & Revenue Architecture;;;8730af61-7cdf-4844-88c0-d746ef7d41c0
;;Design 'Clay Pass' Membership for Residents;;bc1aed5d-bf67-4810-a947-72064ee79380
;;;Define Membership Tiers;7af737f8-cbd8-49d9-95b7-8611bed44e0c
;;;Validate Pricing Strategy;f1d9a0b1-49e6-452f-8629-bae23b97db34
;;;Design Onboarding Experience;19e3bf08-3556-42ec-b941-61cd46e6436c
;;;Integrate with Booking System;e6b546a5-807f-4dc3-9143-092ea08e2ea5
;;;Launch Soft-Tiered Trial Version;46f9d0e7-592b-4b6a-9c6d-b5fb6d4ab976
;;Create 'Tourist Experience Package' Sold via Hotel Partnerships;;b4cf0033-edf1-4b03-84bf-bf1a1e92c51b
;;;Design Tourist Package;7ee46b42-86c7-4c4b-a592-a335588834fc
;;;Finalize Hotel Partnership Contracts;d6b1366f-195c-4b5a-8d47-ef777f20199f
;;;Integrate Package into Booking System;e65fb23b-9834-4fd0-95d4-b7d9abf032b1
;;;Launch Pilot Tourist Program;8e07bcd7-e2f3-4967-830b-bb026d1a8e8c
;;;Promote Packages via Hotel Channels;63cd5c8b-bd67-465f-956b-50f1e3f7b595
;;Implement Pay-What-You-Can Model for Winter Months;;ec363d30-c0f3-4428-90b2-bed86123623c
;;;Pilot Pay-What-You-Can Model;87a353a3-e0c7-43fc-9946-1a7588595a6e
;;;Integrate Flexible Pricing into Booking System;77074a53-845d-410a-a7de-5b0dd2ec5e1b
;;;Train Staff on Consistent Implementation;a2d962ff-7434-43cd-8d15-6dc9919a0fa2
;;;Monitor Participation and Revenue Metrics;f779ea54-3744-4b89-9924-38e20e6638a4
;;Integrate Tiered Pricing into Online Booking System;;2b2f21bd-7ba4-459b-87ca-3c6b85bb1f38
;;;Integrate Tiered Pricing;2ab0f6f3-4a84-47e6-ae70-60fdd6c1632a
;;;Test Booking System Functionality;edf6afa0-e720-4a30-94b5-ea3e341bd387
;;;Train Staff on Pricing Model;d9b74eec-7e2e-4352-9035-afbb1404a11f
;;;Validate Revenue Predictability;b9a454cd-9d3c-47a7-a0a9-5edc911b57ec
;;Monitor Revenue Predictability and Adjust Models Quarterly;;8a4b9e20-bc97-4ad8-9ebd-054b2d20561a
;;;Automate data aggregation;9c448982-5f6c-4cb3-b9a9-5c0fe41dfd7e
;;;Assign rotating revenue analyst;25155bce-078a-4f18-a9e7-916109b1f745
;;;Conduct quarterly review meetings;6a54c4fb-9f86-49f1-8f8f-1fb7ac920ee8
;Activate Community Co-Creation Ecosystem;;;f8b3bc49-b977-46c9-90ab-5a694903f58e
;;Host First 'Community Pottery Day' with Public Installation Project;;444b1760-a047-4dcc-99f7-052e00f497aa
;;;Plan Community Pottery Day;380c47ac-141f-4a09-8e2d-a98fc6dbd832
;;;Secure Materials and Equipment;5e0c260f-1771-4c73-8b10-2026977b0b12
;;;Organize Public Installation Project;4edb93f3-1022-4187-a765-2253faa4f913
;;;Execute Event and Promote Engagement;8280e099-7351-48fe-b3d5-1c877e8a4c6a
;;;Evaluate and Archive Outcomes;b7081e25-e313-43f3-84f1-9488bb45493e
;;Launch Youth Apprenticeship Track with School Partnerships;;8335a69d-118f-47ed-a1a2-841cefa523f0
;;;Secure School Partnerships;b23381b4-2fe4-478e-8c4a-13b3d185bacd
;;;Develop Apprenticeship Curriculum;92b55914-cf87-411e-ad0e-9a5b2ce026c1
;;;Implement Mentorship Framework;6574c625-17c8-4af2-a460-27f075481f89
;;;Launch Pilot Apprenticeship Cohort;779fbbc6-b8ff-4ce7-82be-75c543646860
;;;Evaluate and Scale Program;88964c43-3850-40ff-a7ac-c530efb42a1f
;;Introduce AI-Assisted Design Tools with Cultural Context Guidance;;1379669b-9bd3-4ec5-b102-e91d9f11be38
;;;Co-Create AI Tools;8b3d7837-f82d-40d8-bba1-97fc44154bca
;;;Integrate Cultural Context;55de2ade-3f00-42cb-b1ca-91d4cb1ba8ee
;;;Test with Instructors;5c01199b-eb93-4a51-a393-5d13c7a0f47f
;;;Finalize Tool Deployment Plan;410c565b-6ab0-44e8-8d6c-41c94162dd95
;;Establish Feedback Loops with Community through Bi-Monthly Surveys;;196534ca-3cae-4643-b947-5f1ee5fc2e8d
;;;Conduct Community Surveys;66361d63-4ad2-44cb-8c70-1e9369256653
;;;Host Feedback Review Workshops;6e9a33e2-cc4c-482b-b29c-17bedc800209
;;;Integrate Feedback into Programming;46c13fdd-d8b3-401f-bc0c-8fabce2a31c1
;;;Publish Transparent Feedback Reports;94d6f210-2724-467d-a04a-ba75f252277f
;;Publish Co-Created Artworks in Public Spaces and Digital Platforms;;6eb014ec-ba1e-41ae-aa39-79803a16ef41
;;;Finalize Artwork Approval;43e0a852-3381-49ee-9fa5-fb247158aad4
;;;Schedule Installation Logistics;b197413c-94a4-4068-8367-5f2730ec7299
;;;Publish Digital Archive;8ead6b2b-6a86-4815-8b83-d462b819b052
;;;Host Community Viewing Event;002f91ad-a04a-49ab-bc4e-6451352c34ab
;Ensure Regulatory Compliance and Stakeholder Engagement;;;07827060-b275-4773-a9ac-629b6f5ff467
;;Submit All Permit Applications in Danish and Greenlandic by April 20, 2026;;2e6f29b3-d7ad-47a9-9de1-f540013231eb
;;;Finalize Permit Documentation;0748867a-c89a-4451-81b5-bf2bc1d80c91
;;;Conduct Pre-Submission Review;78625bf9-e9ed-46fe-81e4-8dcf5312627c
;;;Submit Applications to Nuuk Municipality;e720d1d2-b6f5-4d1a-8eed-89652dec2a59
;;;Coordinate Follow-Up with Regulatory Bodies;0705e8ad-97e9-41a4-a467-4d170411007c
;;;Prepare for Potential Revisions;aa4cd3ca-9802-4ff5-ad45-feda0af16791
;;Conduct Pre-Opening Thermal and Safety Audits with Certified Arctic Specialist;;de656ef5-e6de-4587-94ec-871e9d4df59b
;;;Conduct Thermal Audit;fd6de37a-e73e-415a-b0a9-fc150f2c7743
;;;Verify Safety Compliance;ef895845-13e6-49d6-be2d-e15802f6301f
;;;Prepare Compliance Documentation;08ca2fa0-b297-49f4-88a8-cdca629054f9
;;;Schedule Regulatory Review Meeting;2e14291f-1d56-493f-b30c-5d8020692e70
;;;Finalize Audit Readiness Package;7d467e41-70a7-4e3b-af67-7c780a464e0f
;;Obtain Building Code Compliance Certificate and Fire Safety Certification;;e064f302-6662-409b-ab28-ea8b2deaddfa
;;;Prepare Compliance Documentation;f65bcec8-c59d-442c-a049-a72dec4bf5f8
;;;Conduct Internal Compliance Audit;3d25ebe4-5d39-4a3c-94ec-6746ea45e81f
;;;Submit Records to Nuuk Municipality;5fffcbc2-f37e-4fe3-9f78-8201c8b4ada7
;;;Address Feedback and Resolve Gaps;92e660ac-5642-4db3-9bed-606053fbf8a1
;;;Verify Final Compliance Status;6014afda-1b0f-43f2-8594-b6593d990c38
;;Schedule Compliance Audit with Nuuk Municipality One Week Before Opening;;c5c72c04-1b52-4cc1-a006-f0602d2e1bdb
;;;Establish Digital Tracking System;807f7b9c-c3e1-465c-824a-518d3259b914
;;;Develop Standardized Documentation Protocols;f98d83f8-1f15-4c4d-8c80-20f53e973095
;;;Conduct Staff Training on Compliance Procedures;ca8b0177-e8a4-4a88-b2e8-e8b0a12a7f66
;;;Perform Bi-Weekly Compliance Audits;feb7f26c-d8a8-4ee5-bfc0-78235f6b36b0
;;;Integrate Records into Final Compliance Audit;7208fd94-ebbe-496f-a855-782e6e8b20e7
;;Maintain Records of Safety Training, Liability Waivers, and Incident Logs;;eb18f71b-4b10-4961-9177-7077eb30acc5
;;;Establish Digital Tracking System;3cebe23e-3751-4dee-a346-6ce8134dbfbb
;;;Develop Bilingual Documentation Templates;4174b06c-8a5b-4778-b3ab-ea19c4aaa4f2
;;;Conduct Onboarding Compliance Check;12688067-7281-4bc4-811a-f15b792b20b9
;;;Perform Bi-Weekly Audit of Records;a0f34647-904c-4016-9124-9c934f2215c2
;;;Ensure Real-Time Compliance Visibility;7fee80a7-826c-4f5c-8ba7-3118bc4ad3de
;Execute Pre-Opening Milestones and Final Readiness Checks;;;1749a87b-16d7-40fa-8683-e8d69b60fc6f
;;Secure Lease Agreement for 120–150 m² Space Near Katuaq;;d5f4143f-516a-4811-8204-5dcfad0f8432
;;;Finalize Lease Terms;740b6102-eddc-457c-9fcb-6e88c1ad84de
;;;Conduct Site Inspection;86e8d180-2c8d-41cf-a28b-df02c79c5d5c
;;;Secure Landlord Approval;40d09f18-d917-4389-817d-3cc64be90270
;;;Register with Nuuk Municipality;6a0f3bca-889a-4bc8-825b-366bcc5f0095
;;;Confirm Move-In Readiness;147ceba9-95b9-4b72-9c53-a84a47536f6c
;;Hire and Onboard Four Part-Time Instructors;;de3088ee-cfeb-4f03-bd04-25d2f8dd1511
;;;Recruit Instructors;8efcb981-1f31-414f-b6a0-54f3df248f11
;;;Conduct Onboarding Training;46db0eb5-e3bd-40bd-8035-1f39591d7ebe
;;;Finalize Instructor Contracts;66046989-d62f-4a62-b8b4-8e2f81f5e1eb
;;;Assign Rotating Schedules;9d05f8dc-9b3e-4d2b-9133-98448cdc8db0
;;;Verify Staff Readiness;d7f44198-0fae-4d41-9e2f-de3fa6a8f320
;;Complete Fit-Out and Install Kilns, Worktables, Drying Racks, and Ventilation;;cdf0bac9-9c4f-4332-8560-6438d65da866
;;;Procure Key Equipment;9b24d84a-711c-47bb-b943-14d75b5826a3
;;;Schedule On-Site Installation;ae5afc31-a7a6-422c-8cee-67591cf52475
;;;Conduct Pre-Installation Inspections;67f07a47-ff70-4086-a34c-3e2d960891a6
;;;Install and Test Systems;55a8184e-ea33-42b6-96f3-24ce77153d7d
;;;Finalize Fit-Out Completion;ae79f82c-dd8f-494a-a488-7b4e8283a734
;;Deliver First Course to Soft Launch Audience on August 1, 2026;;77392e7a-c4f2-4f3c-bb45-4846b1ad175f
;;;Finalize Instructor Coverage Plan;a3778f37-a450-4e7a-89b5-10685161033e
;;;Verify Clay Buffer Stock On-Site;0c0cc5e2-4b1d-46d8-b12a-2f8029fbe597
;;;Conduct Pre-Launch Dry Run;22cc4234-ab65-4754-bb17-fc19b19e1c4d
;;;Validate Liability Waivers and Training Completion;80c60267-0150-4fb4-8e5a-fd9fa66386d8
;;;Monitor Real-Time Environmental Conditions;fdcdc116-6fb4-4c3e-8aef-aaaa29e5ac28
;;Achieve 100% Session Coverage with No Cancellations Due to Supply or Staffing Issues;;e6ac1ce4-e57f-4687-8fb4-47772bf6e944
;;;Enforce Training Completion;65f02729-0b65-408b-9a51-24411437cec0
;;;Verify Clay Buffer Stock;5863ccbe-f04d-4447-a14c-f31e116df385
;;;Activate Backup Instructor Roster;4424d7aa-838c-48a4-a185-5f76a30ddb7a
;;;Conduct Pre-Launch Dry Run;c802000a-0c42-4cca-a9e9-910f35aff188
;;;Finalize Liability Waivers;9a6e72f2-5e41-4e1a-be3e-848a09cc7eed