{
  "analysis_title": "Strategic Scenarios for a Vegan Butcher Shop in Copenhagen",
  "core_tension": "The central tension is between maximizing market share and brand recognition versus ensuring profitability and operational efficiency within a limited budget and timeframe.",
  "scenarios": [
    {
      "scenario_name": "The Pioneer's Plate",
      "strategic_logic": "This scenario aims for rapid market penetration and brand recognition through cutting-edge product innovation and provocative marketing. It prioritizes being first-to-market with unique offerings and creating a strong social media presence, accepting higher initial costs and risks.",
      "lever_settings": {
        "Signature Item Strategy": "Introduce a limited-edition, outrageously-themed vegan 'meat' sculpture each month, designed for maximum shock value and Instagrammability.",
        "Product Innovation Strategy": "Pioneer novel plant-based meat alternatives using fermentation and cellular agriculture techniques, creating exclusive and high-value products.",
        "Operational Efficiency Strategy": "Utilize advanced data analytics and automation technologies to predict demand, optimize production, and personalize customer experiences.",
        "Market Positioning Strategy": "Cultivate a provocative and edgy brand image appealing to younger generations through bold marketing campaigns and social media engagement.",
        "Brand Resonance Strategy": "Develop a highly immersive and interactive brand experience through unique in-store events, collaborations with local artists, and viral social media campaigns."
      }
    },
    {
      "scenario_name": "The Builder's Bistro",
      "strategic_logic": "This scenario focuses on building a sustainable and profitable business by balancing innovation with practicality. It emphasizes creating a welcoming atmosphere, offering high-quality products, and optimizing operations for efficiency, while carefully managing risk and investment.",
      "lever_settings": {
        "Signature Item Strategy": "Create a customizable vegan sandwich bar with a wide variety of fillings and toppings, encouraging customer creativity.",
        "Product Innovation Strategy": "Develop a range of unique, in-house plant-based meat recipes using locally sourced ingredients and artisanal techniques.",
        "Operational Efficiency Strategy": "Adopt lean manufacturing principles and optimize supply chain logistics to reduce waste and improve efficiency.",
        "Market Positioning Strategy": "Target health-conscious and environmentally aware consumers with a focus on premium quality and sustainable practices.",
        "Brand Resonance Strategy": "Create a welcoming and informative atmosphere with a focus on educating customers about plant-based eating."
      }
    },
    {
      "scenario_name": "The Consolidator's Corner",
      "strategic_logic": "This scenario prioritizes cost control and minimizing risk by focusing on proven products and efficient operations. It aims to establish a stable customer base by offering affordable, accessible plant-based alternatives with a functional and straightforward shopping experience.",
      "lever_settings": {
        "Signature Item Strategy": "Develop a visually appealing and delicious vegan sausage roll with a unique flavor profile.",
        "Product Innovation Strategy": "Offer standard plant-based meat alternatives with a focus on competitive pricing and familiar flavors.",
        "Operational Efficiency Strategy": "Implement basic inventory management and staffing practices, focusing on minimizing initial investment.",
        "Market Positioning Strategy": "Position the shop as an affordable and accessible option for all consumers interested in plant-based alternatives.",
        "Brand Resonance Strategy": "Focus on providing a functional and efficient shopping experience with minimal emphasis on brand storytelling."
      }
    }
  ]
}