[
  {
    "question": "What specific funding allocation is planned for marketing, product development, and operational costs within the 10 million DKK budget?",
    "assumptions": "Assumption: 3 million DKK is allocated to marketing, 4 million DKK to product development (including equipment), and 3 million DKK to operational costs for the first year. This allocation reflects the need for strong initial marketing and product innovation, based on industry averages for new food businesses.",
    "assessments": "Title: Financial Feasibility Assessment\nDescription: Evaluation of the budget allocation across key areas.\nDetails: A detailed breakdown of the 10 million DKK budget is crucial. If marketing costs exceed 3 million DKK, it could jeopardize product development or operational efficiency. Regular monitoring of expenses against the budget is essential. A contingency plan should be in place to address potential cost overruns, such as securing a line of credit or identifying potential investors. The allocation should be reviewed and adjusted based on performance and market conditions. Potential benefit: Efficient allocation of funds leading to higher ROI. Risk: Underfunding key areas leading to delays or reduced quality."
  },
  {
    "question": "What are the specific milestones for product development, marketing campaign launch, and staff training leading up to the grand opening in month 3, and subsequent milestones for profitability?",
    "assumptions": "Assumption: Product development will be completed by the end of month 1, marketing campaign launch by the end of month 2, and staff training during month 2 and 3. Profitability milestones include achieving 50% of projected revenue by month 6 and 80% by month 9, based on typical ramp-up periods for new restaurants.",
    "assessments": "Title: Timeline Adherence Assessment\nDescription: Evaluation of the feasibility and impact of the proposed timeline.\nDetails: Delays in product development or marketing launch could push back the grand opening and impact the profitability timeline. Regular progress reviews and proactive risk management are essential. The timeline should be flexible enough to accommodate unforeseen challenges. Potential benefit: On-time launch and achievement of profitability goals. Risk: Delays leading to increased costs and missed revenue targets. Mitigation: Implement project management tools and techniques to track progress and identify potential delays early on."
  },
  {
    "question": "What specific roles and number of personnel are required for operations, marketing, and product development, and what are the associated salary costs?",
    "assumptions": "Assumption: The shop will require 2 chefs for product development, 3 staff for operations (including a manager), and 1 marketing specialist. Total salary costs are estimated at 1.5 million DKK per year, based on average salaries in Copenhagen for these roles.",
    "assessments": "Title: Resource Allocation Assessment\nDescription: Evaluation of the adequacy and cost-effectiveness of personnel resources.\nDetails: Insufficient staffing could lead to operational inefficiencies and impact customer service. High salary costs could strain the budget. A detailed staffing plan with clear roles and responsibilities is crucial. Potential benefit: Adequate staffing leading to efficient operations and high-quality products. Risk: Understaffing or high salary costs leading to operational inefficiencies or budget overruns. Mitigation: Optimize staffing levels based on demand and implement performance-based incentives."
  },
  {
    "question": "What specific food safety and hygiene regulations apply to a vegan butcher shop in K\u00f8dbyen, Copenhagen, and what measures will be taken to ensure compliance?",
    "assumptions": "Assumption: The shop will need to comply with Danish food safety regulations, including HACCP principles and regular inspections. Compliance measures will include staff training, proper food handling procedures, and regular cleaning and sanitation, costing approximately 50,000 DKK for initial setup and training.",
    "assessments": "Title: Regulatory Compliance Assessment\nDescription: Evaluation of the shop's adherence to relevant regulations.\nDetails: Non-compliance with food safety regulations could lead to fines, closure, and damage to the brand's reputation. A comprehensive compliance plan is essential. Potential benefit: Avoidance of fines and operational disruptions. Risk: Non-compliance leading to fines, closure, and reputational damage. Mitigation: Consult with local authorities and food safety experts to ensure compliance with all relevant regulations."
  },
  {
    "question": "What specific safety protocols will be implemented to prevent accidents and injuries in the kitchen and customer areas, and what insurance coverage will be obtained?",
    "assumptions": "Assumption: Safety protocols will include slip-resistant flooring, proper ventilation, fire suppression systems, and staff training on safe food handling and equipment operation. Insurance coverage will include liability, property, and workers' compensation, costing approximately 30,000 DKK per year.",
    "assessments": "Title: Safety and Risk Management Assessment\nDescription: Evaluation of safety measures and insurance coverage.\nDetails: Inadequate safety measures could lead to accidents, injuries, and legal liabilities. Comprehensive safety protocols and adequate insurance coverage are essential. Potential benefit: Reduced risk of accidents and injuries. Risk: Accidents and injuries leading to legal liabilities and reputational damage. Mitigation: Implement comprehensive safety protocols and obtain adequate insurance coverage."
  },
  {
    "question": "What measures will be taken to minimize the environmental impact of the shop's operations, including waste reduction, energy efficiency, and sustainable sourcing?",
    "assumptions": "Assumption: The shop will implement waste reduction measures such as composting food scraps and recycling packaging materials. Energy-efficient appliances and lighting will be used. Locally sourced and sustainably produced ingredients will be prioritized. These measures will cost approximately 20,000 DKK upfront and 10,000 DKK annually.",
    "assessments": "Title: Environmental Impact Assessment\nDescription: Evaluation of the shop's environmental footprint and sustainability efforts.\nDetails: Failure to minimize environmental impact could alienate environmentally conscious customers. Implementing sustainable practices can enhance the brand's image and attract customers. Potential benefit: Enhanced brand image and customer loyalty. Risk: Negative environmental impact leading to customer dissatisfaction and reputational damage. Mitigation: Implement sustainable practices and communicate these efforts to customers."
  },
  {
    "question": "Beyond customers, what specific stakeholders (e.g., local community, suppliers, employees) will be engaged, and how will their feedback be incorporated into the shop's operations and marketing?",
    "assumptions": "Assumption: The shop will engage with the local community through partnerships with local organizations and participation in community events. Supplier relationships will be fostered through fair pricing and long-term contracts. Employee feedback will be solicited through regular meetings and surveys. Stakeholder engagement activities will cost approximately 10,000 DKK per year.",
    "assessments": "Title: Stakeholder Engagement Assessment\nDescription: Evaluation of the shop's engagement with key stakeholders.\nDetails: Neglecting stakeholder interests could lead to negative publicity and operational challenges. Engaging stakeholders can build goodwill and support for the shop. Potential benefit: Enhanced community support and positive brand image. Risk: Neglecting stakeholder interests leading to negative publicity and operational challenges. Mitigation: Implement a stakeholder engagement plan and actively solicit feedback."
  },
  {
    "question": "What specific point-of-sale (POS) system, inventory management software, and online ordering platform will be used to manage operations, and what are the associated costs and integration requirements?",
    "assumptions": "Assumption: The shop will use a cloud-based POS system with integrated inventory management and online ordering capabilities. The system will cost approximately 5,000 DKK upfront and 2,000 DKK per month. Integration with accounting software will be required.",
    "assessments": "Title: Operational Systems Assessment\nDescription: Evaluation of the shop's operational systems and their integration.\nDetails: Inefficient operational systems could lead to errors, delays, and customer dissatisfaction. Implementing integrated systems can streamline operations and improve efficiency. Potential benefit: Streamlined operations and improved efficiency. Risk: Inefficient operational systems leading to errors, delays, and customer dissatisfaction. Mitigation: Select and implement integrated operational systems and provide adequate training to staff."
  }
]