{
  "go_no_go_recommendation": "Proceed with Caution. The project has potential, but the success hinges on careful execution and risk mitigation. The 'provocative marketing' strategy carries a high risk of backfiring, and the food safety and supply chain aspects require immediate attention. Proceeding with caution requires the team to immediately test the marketing material, define the signature sandwich bar options, and consult with the Danish Food and Veterinary Administration. If the marketing tests reveal significant negative reactions, the strategy must be revised. If the food safety consultation reveals significant hurdles, the project may need to be re-evaluated. If these initial steps are successful, the project can proceed with a higher degree of confidence.",
  "combined_summary": "The three most critical, immediate actions are: 1) Test the 'provocative marketing' campaign with focus groups by 2026-01-15 17:00 to avoid potential social media backlash and brand damage. This mitigates the risk of alienating customers and damaging the brand's reputation. 2) Define at least 10 vegan filling options for the customizable sandwich bar by 2026-01-08 17:00 to align with the 'Builder's Bistro' scenario and the 'Signature Item Strategy'. This is essential for creating a unique and appealing signature item that drives customer traffic and social media engagement. 3) Schedule a consultation with the Danish Food and Veterinary Administration (F\u00f8devarestyrelsen) by 2026-01-08 17:00 to confirm all food safety requirements and obtain necessary permits. This is needed to ensure compliance with Danish regulations, and avoid fines or closure.",
  "feedback": [
    {
      "title": "Define Signature Sandwich Bar Options",
      "description": "To initiate this project, you must:\n*   Define at least 10 vegan filling options for the customizable sandwich bar by 2026-01-08 17:00. This is needed to align with the 'Builder's Bistro' scenario and the 'Signature Item Strategy'.\n*   Source at least 3 potential local suppliers for each filling option by 2026-01-15 17:00. This ensures a reliable supply chain for the signature item.\n*   Develop a pricing structure for the sandwich bar based on filling combinations by 2026-01-22 17:00. This is needed to ensure profitability and customer appeal.\n*   Design a visually appealing menu board showcasing the sandwich options by 2026-01-29 17:00. This is needed to attract customers and encourage customization."
    },
    {
      "title": "Establish Local Ingredient Sourcing",
      "description": "To initiate this project, you must:\n*   Identify at least 5 local farms or suppliers capable of providing consistent quantities of key ingredients by 2026-01-15 17:00. This is needed to support the 'Product Innovation Strategy' and ensure a steady supply of fresh, local ingredients.\n*   Negotiate supply contracts with at least 3 of these suppliers, specifying delivery schedules, quality standards, and pricing by 2026-01-22 17:00. This secures the supply chain and manages costs.\n*   Establish a quality control protocol for incoming ingredients, including visual inspection and taste testing, to be implemented by 2026-01-29 17:00. This ensures consistent product quality.\n*   Design a storage system for local ingredients that maintains freshness and minimizes waste, to be implemented by 2026-02-05 17:00. This is needed to reduce spoilage and improve operational efficiency."
    },
    {
      "title": "Implement Lean Manufacturing Principles",
      "description": "To initiate this project, you must:\n*   Conduct a workflow analysis of the sandwich and sausage preparation process by 2026-01-15 17:00. This is needed to identify bottlenecks and inefficiencies in the production process.\n*   Implement a First-In-First-Out (FIFO) inventory management system for all ingredients by 2026-01-22 17:00. This minimizes waste and ensures freshness.\n*   Train all staff on lean manufacturing principles, including waste reduction and process optimization, by 2026-01-29 17:00. This is needed to improve operational efficiency and reduce costs.\n*   Establish a system for tracking key performance indicators (KPIs) such as cost per unit and inventory turnover rate, to be implemented by 2026-02-05 17:00. This is needed to monitor progress and identify areas for improvement."
    },
    {
      "title": "Develop Health-Conscious Messaging",
      "description": "To initiate this project, you must:\n*   Create a detailed customer profile of the target health-conscious and environmentally aware consumer by 2026-01-08 17:00. This is needed to tailor marketing messages effectively.\n*   Develop at least 3 key marketing messages highlighting the health benefits and sustainable practices of the shop by 2026-01-15 17:00. This is needed to align with the 'Market Positioning Strategy' and attract the target audience.\n*   Design marketing materials (e.g., flyers, social media posts) that incorporate these messages by 2026-01-22 17:00. This is needed to promote the shop's unique value proposition.\n*   Establish a system for tracking the effectiveness of marketing campaigns, including website traffic and social media engagement, to be implemented by 2026-01-29 17:00. This is needed to optimize marketing efforts and maximize ROI."
    },
    {
      "title": "Test Provocative Marketing Material",
      "description": "To initiate this project, you must:\n*   Create at least 3 different versions of the 'provocative marketing' campaign, each with varying levels of edginess, by 2026-01-08 17:00. This is needed to gauge public reaction and mitigate potential backlash.\n*   Conduct focus group testing with at least 20 participants from the target demographic to assess the potential for negative social media backlash by 2026-01-15 17:00. This is needed to identify potentially offensive or harmful content.\n*   Develop a crisis communication plan to address potential negative publicity, including pre-written statements and social media monitoring protocols, by 2026-01-22 17:00. This is needed to respond quickly and effectively to any negative feedback.\n*   Establish clear guidelines for the marketing team regarding acceptable and unacceptable content, ensuring alignment with the brand's values and ethical standards, by 2026-01-29 17:00. This is needed to prevent future marketing missteps."
    },
    {
      "title": "Ensure Food Safety Regulatory Compliance",
      "description": "To initiate this project, you must:\n*   Schedule a consultation with the Danish Food and Veterinary Administration (F\u00f8devarestyrelsen) by 2026-01-08 17:00 to confirm all food safety requirements and obtain necessary permits. This is needed to ensure compliance with Danish regulations.\n*   Develop a Hazard Analysis and Critical Control Points (HACCP) plan specific to the vegan butcher shop's operations by 2026-01-15 17:00. This is needed to identify and control potential food safety hazards.\n*   Conduct a mock inspection of the shop's facilities and procedures by 2026-01-22 17:00, simulating a real inspection by the F\u00f8devarestyrelsen. This is needed to identify and correct any deficiencies.\n*   Train all staff on food safety procedures, including proper hygiene, handling, and storage of ingredients, by 2026-01-29 17:00. This is needed to prevent foodborne illnesses and ensure compliance."
    },
    {
      "title": "Establish Local Supply Chain Redundancy",
      "description": "To initiate this project, you must:\n*   Identify at least 2 alternative suppliers for each key ingredient by 2026-01-15 17:00, in case the primary supplier experiences disruptions. This is needed to mitigate the risk of supply chain disruptions.\n*   Negotiate backup supply agreements with these alternative suppliers, specifying delivery schedules and pricing, by 2026-01-22 17:00. This secures the supply chain and manages costs.\n*   Establish a system for monitoring the performance of primary suppliers, including on-time delivery and quality control, to identify potential issues early by 2026-01-29 17:00. This is needed to proactively address supply chain risks.\n*   Maintain a minimum of 1 week's worth of inventory for all key ingredients by 2026-02-05 17:00, to buffer against potential supply chain disruptions. This is needed to ensure continuous operation."
    },
    {
      "title": "Implement Safety and Emergency Protocols",
      "description": "To initiate this project, you must:\n*   Conduct a comprehensive risk assessment of the shop's facilities and operations by 2026-01-08 17:00, identifying potential hazards such as slips, trips, falls, and fire risks. This is needed to prevent accidents and injuries.\n*   Develop and implement safety protocols to address these hazards, including slip-resistant flooring, proper ventilation, and fire suppression systems, by 2026-01-15 17:00. This is needed to create a safe working environment.\n*   Train all staff on safety procedures, including emergency evacuation plans and first aid, by 2026-01-22 17:00. This is needed to ensure a quick and effective response to emergencies.\n*   Conduct regular safety drills, including fire drills and evacuation exercises, to ensure staff preparedness by 2026-01-29 17:00. This is needed to reinforce safety procedures and improve response times."
    }
  ]
}