[
  {
    "id": "e79bdb48-4378-4c57-b3d7-1e8a7cf13e5e",
    "document_name": "Project Charter",
    "description": "A foundational document outlining the project's objectives, scope, stakeholders, and overall vision for establishing the vegan butcher shop in K\u00f8dbyen, Copenhagen.",
    "responsible_role_type": "Project Manager",
    "document_template_primary": "PMI Project Charter Template",
    "document_template_secondary": null,
    "steps_to_create": [
      "Define project objectives and goals.",
      "Identify key stakeholders and their roles.",
      "Outline project scope and deliverables.",
      "Establish a high-level timeline and budget."
    ],
    "approval_authorities": "Shop Owner, Financial Controller"
  },
  {
    "id": "1d907645-e6db-4279-9aca-8529f685edd2",
    "document_name": "Current State Assessment of Vegan Market Trends",
    "description": "An initial report assessing the current trends in the vegan market, including consumer preferences, competitive landscape, and potential opportunities for the vegan butcher shop.",
    "responsible_role_type": "Market Research Analyst",
    "document_template_primary": null,
    "document_template_secondary": null,
    "steps_to_create": [
      "Gather data on current vegan market trends.",
      "Analyze consumer preferences and behaviors.",
      "Identify key competitors and their offerings.",
      "Summarize findings in a report format."
    ],
    "approval_authorities": "Marketing Specialist, Shop Manager"
  },
  {
    "id": "bf23609b-cde3-4407-8a4b-ac1f7c976ef1",
    "document_name": "Signature Item Strategy Framework",
    "description": "A strategic framework detailing the approach to developing a signature item that embodies the brand and drives customer engagement.",
    "responsible_role_type": "Brand & Marketing Strategist",
    "document_template_primary": null,
    "document_template_secondary": null,
    "steps_to_create": [
      "Define the concept of the signature item.",
      "Outline key features and unique selling points.",
      "Establish metrics for success and customer engagement.",
      "Identify potential risks and mitigation strategies."
    ],
    "approval_authorities": "Shop Owner, Executive Chef"
  },
  {
    "id": "e36fae44-e19e-45fe-9478-deaf7f117929",
    "document_name": "Product Innovation Strategy Framework",
    "description": "A framework outlining the approach to product innovation, focusing on the development of unique plant-based meat alternatives and aligning with customer preferences.",
    "responsible_role_type": "Executive Chef / Product Innovation Lead",
    "document_template_primary": null,
    "document_template_secondary": null,
    "steps_to_create": [
      "Identify target customer needs and preferences.",
      "Outline product development processes and timelines.",
      "Establish quality control measures and sourcing strategies.",
      "Define metrics for product success and market share."
    ],
    "approval_authorities": "Shop Owner, Operations Manager"
  },
  {
    "id": "ca226497-3f94-4ce7-93c6-a076913404a9",
    "document_name": "Operational Efficiency Strategy Framework",
    "description": "A strategic framework focused on optimizing internal processes to enhance productivity and reduce costs, ensuring smooth operations.",
    "responsible_role_type": "Operations Manager",
    "document_template_primary": null,
    "document_template_secondary": null,
    "steps_to_create": [
      "Assess current operational processes and identify inefficiencies.",
      "Outline strategies for process optimization and waste reduction.",
      "Define key performance indicators for operational success.",
      "Establish a timeline for implementation."
    ],
    "approval_authorities": "Shop Owner, Financial Controller"
  },
  {
    "id": "0107b9cc-2e18-4d64-8d46-f6210210ec2d",
    "document_name": "Market Positioning Strategy Framework",
    "description": "A framework defining how the vegan butcher shop will position itself in the market, targeting specific customer segments and establishing brand messaging.",
    "responsible_role_type": "Brand & Marketing Strategist",
    "document_template_primary": null,
    "document_template_secondary": null,
    "steps_to_create": [
      "Identify target customer segments and their characteristics.",
      "Outline brand messaging and value propositions.",
      "Establish pricing strategies and promotional tactics.",
      "Define metrics for brand awareness and customer acquisition."
    ],
    "approval_authorities": "Shop Owner, Marketing Specialist"
  },
  {
    "id": "20b0bdc2-22e9-47b1-9b00-bf3acbb16a50",
    "document_name": "Brand Resonance Strategy Framework",
    "description": "A framework detailing how the vegan butcher shop will connect with its target audience on an emotional level, fostering loyalty and advocacy.",
    "responsible_role_type": "Customer Experience Manager",
    "document_template_primary": null,
    "document_template_secondary": null,
    "steps_to_create": [
      "Define brand personality and values.",
      "Outline customer engagement strategies and touchpoints.",
      "Establish metrics for brand sentiment and loyalty.",
      "Identify potential partnerships and collaborations."
    ],
    "approval_authorities": "Shop Owner, Brand & Marketing Strategist"
  },
  {
    "id": "985c12fc-f92f-4ea7-8903-f2686c64b4cf",
    "document_name": "Financial Sustainability Strategy Framework",
    "description": "A framework outlining the approach to securing funding and managing finances to ensure the long-term viability of the vegan butcher shop.",
    "responsible_role_type": "Financial Controller",
    "document_template_primary": null,
    "document_template_secondary": null,
    "steps_to_create": [
      "Identify potential funding sources and financial models.",
      "Outline budget management strategies and expense tracking.",
      "Define metrics for financial performance and sustainability.",
      "Establish contingency plans for financial risks."
    ],
    "approval_authorities": "Shop Owner, Operations Manager"
  },
  {
    "id": "3d2cdcc9-3592-4b4f-ad7d-502c239f7c6d",
    "document_name": "Risk Register",
    "description": "A document identifying potential risks associated with the project, including financial, operational, and market risks, along with mitigation strategies.",
    "responsible_role_type": "Project Manager",
    "document_template_primary": null,
    "document_template_secondary": null,
    "steps_to_create": [
      "Identify potential risks and categorize them.",
      "Assess the likelihood and impact of each risk.",
      "Outline mitigation strategies for each identified risk.",
      "Establish a monitoring plan for ongoing risk assessment."
    ],
    "approval_authorities": "Shop Owner, Financial Controller"
  },
  {
    "id": "7d179049-8cc9-44a2-9cf3-da6eb682df47",
    "document_name": "Stakeholder Engagement Plan",
    "description": "A plan outlining how to engage with key stakeholders throughout the project, ensuring their needs and concerns are addressed.",
    "responsible_role_type": "Community Liaison",
    "document_template_primary": null,
    "document_template_secondary": null,
    "steps_to_create": [
      "Identify key stakeholders and their interests.",
      "Outline engagement strategies and communication methods.",
      "Establish a timeline for stakeholder interactions.",
      "Define metrics for stakeholder satisfaction and engagement."
    ],
    "approval_authorities": "Shop Owner, Marketing Specialist"
  },
  {
    "id": "394271ed-bb94-4546-9fbb-9cac4a84bebb",
    "document_name": "High-Level Budget/Funding Framework",
    "description": "A high-level budget outlining the estimated costs associated with the project, including startup costs, operating expenses, and funding sources.",
    "responsible_role_type": "Financial Controller",
    "document_template_primary": null,
    "document_template_secondary": null,
    "steps_to_create": [
      "Estimate startup costs and operating expenses.",
      "Identify potential funding sources and financial models.",
      "Outline budget allocation for different project components.",
      "Establish a monitoring plan for budget adherence."
    ],
    "approval_authorities": "Shop Owner, Financial Controller"
  },
  {
    "id": "92456b17-5d9a-4025-96b9-e111f8d619a6",
    "document_name": "Initial High-Level Schedule/Timeline",
    "description": "A high-level timeline outlining key milestones and deliverables for the project, ensuring timely execution.",
    "responsible_role_type": "Project Manager",
    "document_template_primary": null,
    "document_template_secondary": null,
    "steps_to_create": [
      "Identify key milestones and deliverables.",
      "Establish a timeline for each milestone.",
      "Outline dependencies between tasks.",
      "Define metrics for tracking progress."
    ],
    "approval_authorities": "Shop Owner, Financial Controller"
  },
  {
    "id": "3144bcdb-b40e-404c-839f-828e2043fc2e",
    "document_name": "Monitoring & Evaluation (M&E) Framework",
    "description": "A framework outlining how the project's success will be measured and evaluated over time, ensuring alignment with objectives.",
    "responsible_role_type": "Project Manager",
    "document_template_primary": null,
    "document_template_secondary": null,
    "steps_to_create": [
      "Define success metrics and evaluation criteria.",
      "Outline data collection methods and frequency.",
      "Establish a reporting plan for stakeholders.",
      "Define a process for adapting strategies based on evaluation results."
    ],
    "approval_authorities": "Shop Owner, Financial Controller"
  }
]