[
  {
    "id": "e79bdb48-4378-4c57-b3d7-1e8a7cf13e5e",
    "document_name": "Project Charter",
    "description": "A foundational document outlining the project's objectives, scope, stakeholders, and overall vision for establishing the vegan butcher shop in K\u00f8dbyen, Copenhagen.",
    "responsible_role_type": "Project Manager",
    "document_template_primary": "PMI Project Charter Template",
    "document_template_secondary": null,
    "steps_to_create": [
      "Define project objectives and goals.",
      "Identify key stakeholders and their roles.",
      "Outline project scope and deliverables.",
      "Establish a high-level timeline and budget."
    ],
    "approval_authorities": "Shop Owner, Financial Controller"
  },
  {
    "id": "bf23609b-cde3-4407-8a4b-ac1f7c976ef1",
    "document_name": "Signature Item Strategy Framework",
    "description": "A strategic framework detailing the approach to developing a signature item that embodies the brand and drives customer engagement.",
    "responsible_role_type": "Brand & Marketing Strategist",
    "document_template_primary": null,
    "document_template_secondary": null,
    "steps_to_create": [
      "Define the concept of the signature item.",
      "Outline key features and unique selling points.",
      "Establish metrics for success and customer engagement.",
      "Identify potential risks and mitigation strategies."
    ],
    "approval_authorities": "Shop Owner, Executive Chef"
  },
  {
    "id": "0107b9cc-2e18-4d64-8d46-f6210210ec2d",
    "document_name": "Market Positioning Strategy Framework",
    "description": "A framework defining how the vegan butcher shop will position itself in the market, targeting specific customer segments and establishing brand messaging.",
    "responsible_role_type": "Brand & Marketing Strategist",
    "document_template_primary": null,
    "document_template_secondary": null,
    "steps_to_create": [
      "Identify target customer segments and their characteristics.",
      "Outline brand messaging and value propositions.",
      "Establish pricing strategies and promotional tactics.",
      "Define metrics for brand awareness and customer acquisition."
    ],
    "approval_authorities": "Shop Owner, Marketing Specialist"
  },
  {
    "id": "20b0bdc2-22e9-47b1-9b00-bf3acbb16a50",
    "document_name": "Brand Resonance Strategy Framework",
    "description": "A framework detailing how the vegan butcher shop will connect with its target audience on an emotional level, fostering loyalty and advocacy.",
    "responsible_role_type": "Customer Experience Manager",
    "document_template_primary": null,
    "document_template_secondary": null,
    "steps_to_create": [
      "Define brand personality and values.",
      "Outline customer engagement strategies and touchpoints.",
      "Establish metrics for brand sentiment and loyalty.",
      "Identify potential partnerships and collaborations."
    ],
    "approval_authorities": "Shop Owner, Brand & Marketing Strategist"
  },
  {
    "id": "394271ed-bb94-4546-9fbb-9cac4a84bebb",
    "document_name": "High-Level Budget/Funding Framework",
    "description": "A high-level budget outlining the estimated costs associated with the project, including startup costs, operating expenses, and funding sources.",
    "responsible_role_type": "Financial Controller",
    "document_template_primary": null,
    "document_template_secondary": null,
    "steps_to_create": [
      "Estimate startup costs and operating expenses.",
      "Identify potential funding sources and financial models.",
      "Outline budget allocation for different project components.",
      "Establish a monitoring plan for budget adherence."
    ],
    "approval_authorities": "Shop Owner, Financial Controller"
  }
]