[
  {
    "id": "53250e94-e529-43ab-b97d-4bd270c3474a",
    "document_name": "Danish Vegan Market Trends Statistical Data",
    "description": "Statistical data on current trends in the vegan market in Denmark, including consumer preferences and growth rates.",
    "recency_requirement": "Most recent available year",
    "responsible_role_type": "Market Research Analyst",
    "steps_to_find": [
      "Access national statistical databases.",
      "Search for reports on vegan market trends.",
      "Contact industry associations for relevant data.",
      "Review academic publications on consumer behavior."
    ],
    "access_difficulty": "Medium"
  },
  {
    "id": "7d97c559-8bb9-45df-a7b7-d71b87ab0904",
    "document_name": "Existing Danish Food Safety Regulations",
    "description": "Official regulations governing food safety in Denmark, including guidelines for vegan food establishments.",
    "recency_requirement": "Current regulations essential",
    "responsible_role_type": "Compliance and Regulatory Specialist",
    "steps_to_find": [
      "Visit the Danish Food and Veterinary Administration website.",
      "Review relevant legislation and guidelines.",
      "Contact regulatory bodies for clarification on specific regulations.",
      "Access legal databases for comprehensive regulatory texts."
    ],
    "access_difficulty": "Easy"
  },
  {
    "id": "d12c16d7-1acf-44df-9b83-2fc2b2095cd6",
    "document_name": "Local Supplier Availability Data",
    "description": "Data on local suppliers of plant-based ingredients in Copenhagen, including contact information and product offerings.",
    "recency_requirement": "Most recent available year",
    "responsible_role_type": "Supply Chain Coordinator",
    "steps_to_find": [
      "Research local suppliers through online directories.",
      "Contact local agricultural associations for supplier lists.",
      "Attend local food trade shows to network with suppliers.",
      "Review industry publications for supplier recommendations."
    ],
    "access_difficulty": "Medium"
  },
  {
    "id": "64d92ab4-580c-42ab-ad64-158804689b04",
    "document_name": "Danish Consumer Preferences Survey Results",
    "description": "Survey results detailing consumer preferences and behaviors regarding plant-based products in Denmark.",
    "recency_requirement": "Published within last 2 years",
    "responsible_role_type": "Market Research Analyst",
    "steps_to_find": [
      "Access national survey databases.",
      "Search for consumer preference studies on plant-based products.",
      "Contact research institutions for relevant data.",
      "Review publications from market research firms."
    ],
    "access_difficulty": "Medium"
  },
  {
    "id": "2a254c74-e0c5-44d7-9ed1-dd11dfcf7289",
    "document_name": "Competitor Analysis Data for Vegan Products in K\u00f8dbyen",
    "description": "Data on existing competitors in the vegan market within K\u00f8dbyen, including their offerings and market positioning.",
    "recency_requirement": "Most recent available year",
    "responsible_role_type": "Market Research Analyst",
    "steps_to_find": [
      "Conduct field research in K\u00f8dbyen to identify competitors.",
      "Review online reviews and social media for competitor insights.",
      "Access industry reports on competitive analysis.",
      "Contact local business associations for competitor information."
    ],
    "access_difficulty": "Medium"
  }
]