Level 1;Level 2;Level 3;Level 4;Task ID
Vegan Butcher;;;;57019475-c52e-421f-a251-14492336e5cc
;Project Initiation & Planning;;;565b2d94-012b-4efc-8f3e-e9e0bc3f8b2b
;;Define Project Scope and Objectives;;094e4029-0312-4a7e-8942-5e3f3840c691
;;;Identify Stakeholder Needs and Expectations;5c24ca41-049a-4c79-b750-1421ebf5f395
;;;Define Project Deliverables and Acceptance Criteria;42d0e80b-47ca-44b0-b468-bafbe1511a7f
;;;Document Project Scope Statement;9db0bca6-0dc4-435c-a2d0-567c0c12171d
;;;Obtain Stakeholder Approval of Scope;6f0db4bf-d588-4bb8-b877-d199d72b5053
;;Develop Project Schedule;;a1ef0f3f-4faf-4057-bc7a-c4ec1b9f42fc
;;;Define Task Dependencies;3f9fa9f3-1660-4328-8c72-0318c922f1b4
;;;Estimate Task Durations;250607d1-1f01-42b4-9a4e-17f081d04067
;;;Identify Critical Path;7e78574a-ac52-4dd4-b2c8-b1e470d9a128
;;;Create Gantt Chart;8eeeeb3f-2542-4cea-9e38-a00bf406b08f
;;Allocate Resources and Budget;;eedcdcc7-70f3-4150-86b1-2943ccb40800
;;;Refine Initial Cost Estimates;9441ca5d-6a5e-4a74-8b20-8afe1833cb28
;;;Identify Potential Funding Sources;83c6806c-32e5-409a-86ef-850f380187da
;;;Develop Detailed Financial Model;fbdad18b-8ba9-48f7-b85c-696e79774436
;;;Secure Preliminary Funding Commitments;5aab2885-1974-4b4a-a586-4b9de1888397
;;;Establish Approval Workflows;6feb2978-2549-404b-bfcb-de3a9cc4cb13
;;Conduct Risk Assessment;;95cb52e8-dda3-48b6-8941-7ee15f509dbd
;;;Identify Potential Risks;05638987-ae49-45be-9e8a-69815ed6c238
;;;Assess Risk Probability and Impact;e27b24c8-25e5-420c-ae79-e9d8c15b2ffc
;;;Develop Risk Mitigation Strategies;4e213f64-9287-4a90-a7ae-66474d768bdb
;;;Create a Risk Register;65c2df7b-7840-49d1-8f85-694bde4c7453
;;Stakeholder Analysis and Communication Plan;;c2b0ac94-cf90-4f83-bfad-9a7b30cc27b6
;;;Identify Key Stakeholders;b187acee-7f55-47bc-9210-8b882a5846e9
;;;Assess Stakeholder Needs and Expectations;aea4e606-ca8d-46dc-94cd-188614063b98
;;;Develop Communication Strategy;2fb9c190-e53b-4af3-9224-c11c1040df4d
;;;Establish Feedback Mechanisms;fbc7803b-bea1-4b70-a845-a3e7e7e9fcd0
;Strategic Decision Validation;;;b62d8559-05dd-4b74-b4c7-8bbaf9a71346
;;Validate Signature Item Strategy;;d2b4d31f-30da-47a5-9191-d51053a58905
;;;Define Signature Item Concepts;120611e3-84d4-43be-b1f4-e75f961112b3
;;;Conduct Customer Surveys and Focus Groups;f89e2049-974f-42ad-bba7-25eb15660b01
;;;Analyze Production Costs and Feasibility;2f9ced41-2126-4a8d-9d46-0687e926f651
;;;Assess Social Media Virality Potential;a5f80665-15b3-468d-b900-81844e18705c
;;;Select and Refine Signature Item;e5987d9b-111b-48d4-805c-4287364a3d5e
;;Validate Product Innovation Strategy;;27a7f340-6514-4757-a150-29ebb2230e28
;;;Research Plant-Based Meat Alternatives;3767d0fb-cf8b-49db-94cc-6785cc84d562
;;;Assess Local Ingredient Sourcing;6f3f3999-2059-43b5-905c-d96a85b63b7b
;;;Develop Unique Recipes & Flavors;5f346887-afbf-4f5d-9a7a-9cde6064f8c4
;;;Conduct Consumer Taste Testing;52e3bdc6-0df7-40ab-a539-0bf9f2f1e244
;;Validate Operational Efficiency Strategy;;2c6029ce-c0a4-4048-8552-0dcf36628ace
;;;Map current operational processes;fe0ee8d3-1342-4f41-a060-7813dc259cf2
;;;Identify lean manufacturing principles;221e29ef-c2fe-4f46-8a59-2f849dea8ff4
;;;Simulate optimized workflows;0fcbe877-bbbc-4138-a104-c983ac3af4f6
;;;Analyze equipment efficiency;0b1dd0f1-f906-42a7-becc-b31afae4cf02
;;;Validate supply chain logistics;87291708-ce8f-469b-86f1-e5e66104280a
;;Validate Market Positioning Strategy;;bd58358a-2bf8-4b38-a9e1-a12c066bab3c
;;;Analyze competitor vegan offerings in Kødbyen;ae2b8ca3-5b8d-4c45-8ef1-82af0ebe6658
;;;Define target customer segments and personas;0f696e74-7c59-44be-8b54-4e0fdd101850
;;;Develop unique value proposition and messaging;f5b50917-c4fe-487f-87ab-c1deb2476bfd
;;;Test market positioning with focus groups;6dbe25e0-267b-4bcb-955f-a4b113c861ba
;;;Refine market positioning based on feedback;8f1dd8f1-37f9-42a5-b914-705101f532cd
;;Validate Brand Resonance Strategy;;4f60c598-6a06-4145-909b-f960055b15ca
;;;Define Brand Values and Personality;94138e9f-c3de-4ac6-9cf1-c9270d1b4b85
;;;Develop Key Brand Messaging Themes;00935014-c217-4ebe-8969-bd2278ac1249
;;;Create Engaging Content Strategy;52cdcbcc-f47e-4d68-9c0e-1971c39050dc
;;;Monitor Brand Sentiment and Feedback;9d724c42-fbb4-4201-9b0f-7faaa69afdd9
;Establishment & Operations Setup;;;0683beed-f71b-4f98-b817-4fc24d71105c
;;Secure Permits and Licenses;;bce4d727-2574-45e2-92d8-b5a01ab224dd
;;;Consult Food Safety Specialist;ad85c51b-8128-4555-85f8-fd7f842fb082
;;;Prepare Permit Application Documents;f7249cec-86fa-4723-b17a-5c7c7142641d
;;;Submit Applications and Track Progress;b8cebec4-fdbe-4031-befd-09026d09e704
;;;Schedule Compliance Audit;5474a392-d10c-4fd8-bc0a-d854f650fb94
;;Finalize Shop Layout and Design;;21437055-893d-446e-a113-3ce5eb452453
;;;Confirm building structural integrity;a0cc1923-53f2-4e0d-ad5c-3841c4219b50
;;;Develop detailed shop layout plans;70e86061-172a-4a0d-abc9-5acc7d054a7f
;;;Select interior design elements;0b56bb2a-cf0c-4bb4-b0f3-0ffb67ea5ea7
;;;Obtain landlord approval of plans;9571545a-48a3-4a79-a32e-8bd424a54c48
;;Procure Equipment and Supplies;;dd3885a5-6820-4679-8e74-a60b3f21c2d9
;;;Identify Equipment Needs and Specifications;0416219e-adb3-404b-a616-1f76996a8e99
;;;Research and Evaluate Equipment Suppliers;ce4878e9-4ea7-4a8e-9d12-36090d68a98c
;;;Negotiate Pricing and Payment Terms;8c6fcdae-0dea-4f5d-87d3-c369b769b8cb
;;;Order and Track Equipment Delivery;b38d18c1-19ab-4d7c-b103-229a20f4a8f8
;;;Source and Order Initial Supplies;a0bd8561-420b-4fbb-b0eb-c2255268427b
;;Recruit and Train Staff;;1a520980-aa61-4aeb-99ed-fdb600c128b8
;;;Job postings and advertising;23410041-1cae-4d79-9b16-ba4aa70d4a08
;;;Screen applications and conduct interviews;a2d6bd5c-24c5-4d03-862a-c98d89e9f9c5
;;;Skills assessment and practical tests;339cbcd0-245d-4937-88e1-18954de7551c
;;;Background checks and reference verification;6f4f3fb2-e945-485f-81aa-ea9eed40a258
;;;Onboarding and initial training;4e09c55a-c0c1-4e7e-81ff-a9d5d7f34c3d
;;Establish Supply Chains;;04a340a7-1c75-44fd-825d-21ba3360cd91
;;;Identify potential plant-based suppliers;3c256a94-44f8-4afc-8c77-d12e496c9f31
;;;Negotiate supply agreements and contracts;17257a8f-bf01-43f5-8123-37bf02564f96
;;;Establish local ingredient partnerships;00df059a-ea73-42d3-8909-2200d65fa9f6
;;;Implement inventory management system;9d001e2e-1d49-4069-8572-6760f9fa7880
;;;Ensure ethical and sustainable sourcing;9b5669ad-99cf-41c2-89d3-d86aa30aa6cc
;Marketing & Launch;;;69a966ef-c590-498b-8987-b39332b57fc9
;;Develop Marketing Materials;;508ddf11-e59e-4268-bfd2-857ceefc31a2
;;;Define Brand Visuals and Messaging;5c32ee2c-b7a0-4adb-95f3-ed583bfbd4c8
;;;Design Print Marketing Materials;9566e76f-3450-4465-a098-d1740e61aeb4
;;;Develop Digital Marketing Assets;84e80431-fbc6-4233-a57c-e89e921dfae4
;;;Produce Promotional Video Content;b2ac09e9-0eac-4461-821b-62cb2f5eb040
;;;Design In-Store Signage and Displays;31bb736a-1408-4cd4-af80-f210b66d01d0
;;Implement Marketing Campaigns;;ec462641-41ba-410f-aece-7405c4abb841
;;;Refine Target Audience Segmentation;4da20cf9-40b5-47b3-a877-4e2f0ce1a78e
;;;Optimize Campaign Messaging and Creative;86fdb2f7-62d5-4a31-ae95-eb2994a59b2e
;;;Manage Marketing Budget Allocation;a459060a-07e3-4b52-b895-72c0e82835ea
;;;Monitor Campaign Performance and Analytics;4d588d1b-86de-4a61-b950-93459c57f4be
;;;Adjust Campaigns Based on Performance Data;c1f7c3a4-fa08-4f33-be50-28e8fe3ec53c
;;Grand Opening Event;;c3b52e23-17ca-47fd-b4d6-00508800ee5b
;;;Finalize Guest List and Invitations;622825da-5874-434e-99c4-726a655af2a5
;;;Coordinate Event Logistics and Setup;5977c1bb-f674-48ee-b497-ebec2a35aaca
;;;Promote Event Through Media Channels;8265c479-0e34-4353-b462-b12b6d3bc8de
;;;Prepare Shop for Grand Opening;47378844-fd71-4b4a-8d7d-305e2a58d494
;;Social Media Engagement;;786ccb61-3adf-431a-b3d9-2681c579315b
;;;Create Engaging Content Calendar;6f95597b-34aa-4a95-9d22-247a9e3aa0c1
;;;Monitor Social Media Channels;ad8215c9-4bf0-4870-bd25-82f5ef8d764f
;;;Respond to Comments and Messages;138a14bf-fdd4-4fc2-9995-c3b1f4585204
;;;Invest in Social Media Advertising;e058273d-0d74-403b-8f63-2b4f095c152c
;Ongoing Operations & Monitoring;;;0c3696c4-6f0f-4af6-8b05-86de1f19805a
;;Manage Inventory and Supplies;;33fd7f1b-9be8-4062-860d-b86f82c18d0a
;;;Forecast Demand for Ingredients;c1a2f361-ab14-431b-b337-42d6c7aace7e
;;;Optimize Ordering Schedule;49dca37b-697d-44a4-9165-d22af1353858
;;;Implement Inventory Tracking System;a3f2b450-7a7a-4c56-bba1-64b8c217dc1d
;;;Negotiate Supplier Agreements;a51e19b9-31cc-4325-8c5a-f72eb814def5
;;;Conduct Regular Stock Audits;d66776ad-c26d-466f-aae4-6c0192dc90a0
;;Monitor Financial Performance;;83b08dfd-656e-4ec2-8242-2fb64de004d8
;;;Track Revenue and Expenses Daily;eac5a3f6-2c20-4455-9970-979770c17b2e
;;;Analyze Profit Margins by Product;1ae6be7a-df39-4570-8379-7180b5243b87
;;;Review Cash Flow Statements Weekly;530f3add-f11c-46f2-a100-0beea1071f67
;;;Compare Actuals vs. Budget Monthly;c43c0e0d-5b46-42f4-a83d-976551dce30e
;;;Identify Cost Reduction Opportunities;e2c64aee-6609-408f-8bf0-fb9665e4ee0d
;;Gather Customer Feedback;;33bebb09-05c6-4f1d-a72e-48326d1ce779
;;;Design Customer Feedback Mechanisms;d3a9b2b7-054c-49b9-84f2-147cacb7ca6b
;;;Implement Feedback Collection System;a479c46b-4dd8-4607-8fc6-a76cd66c4a0c
;;;Analyze and Report Feedback Data;c23c5044-2ee6-4157-b282-38845e53ede3
;;;Act on Customer Feedback Insights;dcaeb631-940d-436d-a4e0-773e23fa96bc
;;Analyze Sales Data and Trends;;e4bb5576-60a0-45d5-a48a-07cc0d63e8ee
;;;Collect Sales Data from POS System;7d6e556a-34f2-4643-b12b-c561b9699855
;;;Identify Sales Trends and Patterns;a67c3408-2e83-4bae-9900-6dc1313c5a03
;;;Compare Sales Data to Marketing Campaigns;dfa8a796-7679-4036-8f19-eead576b0b88
;;;Forecast Future Sales Based on Trends;22c561b1-80b5-459f-88f9-c6a79e3cca6d
;;Ensure Regulatory Compliance;;36b7a132-5928-4a5f-a63a-74f1a4f8870b
;;;Monitor Danish Food Safety Regulations;5cc5ab73-49b5-4927-8f9b-afdc3091a4f3
;;;Communicate with Food Authority;cfe954f3-5689-4b86-95bd-52428d8f348e
;;;Conduct Internal Compliance Audits;0cc75577-256e-48f3-a650-10d509001f68
;;;Update Compliance Procedures;6724e0ab-a1bf-420f-97e6-3d2a0f35b97d