project_key,project_name,project_description,project_start_date,project_end_date,project_progress,project_parent,originating_department
57019475-c52e-421f-a251-14492336e5cc,Vegan Butcher,"Vegan Butcher

Final deliverable:
Profitable Shop",1/1/2026,11/7/2027,0,,PlanExe
565b2d94-012b-4efc-8f3e-e9e0bc3f8b2b,Project Initiation & Planning,,1/1/2026,1/22/2026,0,57019475-c52e-421f-a251-14492336e5cc,PlanExe
094e4029-0312-4a7e-8942-5e3f3840c691,Define Project Scope and Objectives,,1/1/2026,1/5/2026,0,565b2d94-012b-4efc-8f3e-e9e0bc3f8b2b,PlanExe
5c24ca41-049a-4c79-b750-1421ebf5f395,Identify Stakeholder Needs and Expectations,"Identify Stakeholder Needs and Expectations

Description:
Conduct interviews and surveys to gather information on the needs and expectations of all key stakeholders, including the shop manager, chefs, operations staff, marketing specialist, local community, suppliers, customers, and the Danish Food and Veterinary Administration.

Resources needed:
• Project Manager
• Stakeholder Interviewers
• Survey Platform",1/1/2026,1/2/2026,0,094e4029-0312-4a7e-8942-5e3f3840c691,PlanExe
42d0e80b-47ca-44b0-b468-bafbe1511a7f,Define Project Deliverables and Acceptance Criteria,"Define Project Deliverables and Acceptance Criteria

Description:
Based on stakeholder input, clearly define the project deliverables (e.g., operational vegan butcher shop, signature item, marketing plan) and establish specific, measurable, achievable, relevant, and time-bound (SMART) acceptance criteria for each deliverable.

Resources needed:
• Project Manager
• Subject Matter Experts
• SMART Criteria Template",1/2/2026,1/3/2026,0,5c24ca41-049a-4c79-b750-1421ebf5f395,PlanExe
9db0bca6-0dc4-435c-a2d0-567c0c12171d,Document Project Scope Statement,"Document Project Scope Statement

Description:
Create a comprehensive project scope statement that outlines the project objectives, deliverables, acceptance criteria, assumptions, constraints, and exclusions. This document will serve as the foundation for all project activities and decision-making.

Resources needed:
• Project Manager
• Technical Writer
• Scope Statement Template",1/3/2026,1/4/2026,0,42d0e80b-47ca-44b0-b468-bafbe1511a7f,PlanExe
6f0db4bf-d588-4bb8-b877-d199d72b5053,Obtain Stakeholder Approval of Scope,"Obtain Stakeholder Approval of Scope

Description:
Present the project scope statement to all key stakeholders and obtain their formal approval. This ensures that everyone is aligned on the project's objectives and deliverables and minimizes the risk of scope creep.

Resources needed:
• Project Manager
• Stakeholder Presentation
• Approval Sign-off Sheet",1/4/2026,1/5/2026,0,094e4029-0312-4a7e-8942-5e3f3840c691,PlanExe
a1ef0f3f-4faf-4057-bc7a-c4ec1b9f42fc,Develop Project Schedule,,1/5/2026,1/9/2026,0,094e4029-0312-4a7e-8942-5e3f3840c691,PlanExe
3f9fa9f3-1660-4328-8c72-0318c922f1b4,Define Task Dependencies,"Define Task Dependencies

Description:
Identify and document all task dependencies to understand the sequence and relationships between project activities. This includes identifying predecessor and successor tasks for each activity.

Resources needed:
• Project Manager
• Team Leads
• Project Management Software",1/5/2026,1/6/2026,0,a1ef0f3f-4faf-4057-bc7a-c4ec1b9f42fc,PlanExe
250607d1-1f01-42b4-9a4e-17f081d04067,Estimate Task Durations,"Estimate Task Durations

Description:
Estimate the time required to complete each task based on available resources, complexity, and historical data. Use techniques like expert judgment, analogous estimating, or parametric estimating to determine realistic durations.

Resources needed:
• Project Manager
• Team Members
• Historical Data
• Estimating Tools",1/6/2026,1/7/2026,0,3f9fa9f3-1660-4328-8c72-0318c922f1b4,PlanExe
7e78574a-ac52-4dd4-b2c8-b1e470d9a128,Identify Critical Path,"Identify Critical Path

Description:
Determine the critical path, which is the sequence of tasks that determines the shortest possible project duration. Identify tasks with zero float (slack) and prioritize their completion to avoid delays.

Resources needed:
• Project Manager
• Project Schedule
• Critical Path Analysis Tools",1/7/2026,1/8/2026,0,250607d1-1f01-42b4-9a4e-17f081d04067,PlanExe
8eeeeb3f-2542-4cea-9e38-a00bf406b08f,Create Gantt Chart,"Create Gantt Chart

Description:
Visualize the project schedule using a Gantt chart, which displays tasks, durations, dependencies, and milestones in a graphical format. This provides a clear overview of the project timeline and progress.

Resources needed:
• Project Manager
• Project Management Software
• Gantt Chart Template",1/8/2026,1/9/2026,0,a1ef0f3f-4faf-4057-bc7a-c4ec1b9f42fc,PlanExe
eedcdcc7-70f3-4150-86b1-2943ccb40800,Allocate Resources and Budget,,1/9/2026,1/14/2026,0,a1ef0f3f-4faf-4057-bc7a-c4ec1b9f42fc,PlanExe
9441ca5d-6a5e-4a74-8b20-8afe1833cb28,Refine Initial Cost Estimates,"Refine Initial Cost Estimates

Description:
Refine the initial cost estimates for all project activities based on detailed market research and vendor quotes. This includes revisiting estimates for equipment, supplies, labor, permits, and marketing.

Resources needed:
• Financial Controller
• Operations Manager
• Market Research Data",1/9/2026,1/10/2026,0,eedcdcc7-70f3-4150-86b1-2943ccb40800,PlanExe
83c6806c-32e5-409a-86ef-850f380187da,Identify Potential Funding Sources,"Identify Potential Funding Sources

Description:
Identify and evaluate potential funding sources beyond the initial 10 million DKK budget. This includes exploring options such as bank loans, grants, and private investors. Assess the eligibility criteria and application requirements for each source.

Resources needed:
• Financial Advisor
• Business Analyst
• Legal Counsel",1/10/2026,1/11/2026,0,9441ca5d-6a5e-4a74-8b20-8afe1833cb28,PlanExe
fbdad18b-8ba9-48f7-b85c-696e79774436,Develop Detailed Financial Model,"Develop Detailed Financial Model

Description:
Develop a comprehensive financial model that projects revenue, expenses, and profitability over the project's 12-month timeframe. The model should incorporate sensitivity analysis to assess the impact of various risk factors, such as changes in sales volume or ingredient costs.

Resources needed:
• Financial Controller
• Business Analyst
• Spreadsheet Software",1/11/2026,1/12/2026,0,83c6806c-32e5-409a-86ef-850f380187da,PlanExe
5aab2885-1974-4b4a-a586-4b9de1888397,Secure Preliminary Funding Commitments,"Secure Preliminary Funding Commitments

Description:
Secure preliminary funding commitments from identified funding sources. This involves preparing pitch decks, presenting the project to potential investors, and negotiating terms and conditions.

Resources needed:
• Project Manager
• Financial Advisor
• Legal Counsel",1/12/2026,1/13/2026,0,fbdad18b-8ba9-48f7-b85c-696e79774436,PlanExe
6feb2978-2549-404b-bfcb-de3a9cc4cb13,Establish Approval Workflows,"Establish Approval Workflows

Description:
Establish clear approval workflows for resource allocation and budget management. This includes defining roles and responsibilities, setting spending limits, and implementing a system for tracking and reporting expenses.

Resources needed:
• Project Manager
• Financial Controller
• Operations Manager",1/13/2026,1/14/2026,0,eedcdcc7-70f3-4150-86b1-2943ccb40800,PlanExe
95cb52e8-dda3-48b6-8941-7ee15f509dbd,Conduct Risk Assessment,,1/14/2026,1/18/2026,0,eedcdcc7-70f3-4150-86b1-2943ccb40800,PlanExe
05638987-ae49-45be-9e8a-69815ed6c238,Identify Potential Risks,"Identify Potential Risks

Description:
Brainstorm and document all potential risks that could impact the project, considering financial, operational, market, and regulatory factors. This includes risks related to funding, competition, marketing, supply chain, and compliance.

Resources needed:
• Project Manager
• Operations Manager
• Marketing Specialist
• Financial Controller",1/14/2026,1/15/2026,0,95cb52e8-dda3-48b6-8941-7ee15f509dbd,PlanExe
e27b24c8-25e5-420c-ae79-e9d8c15b2ffc,Assess Risk Probability and Impact,"Assess Risk Probability and Impact

Description:
Evaluate the likelihood of each identified risk occurring and the potential impact on the project's timeline, budget, and objectives. Use a risk assessment matrix to prioritize risks based on their severity.

Resources needed:
• Project Manager
• Risk Management Consultant
• Financial Controller",1/15/2026,1/16/2026,0,05638987-ae49-45be-9e8a-69815ed6c238,PlanExe
4e213f64-9287-4a90-a7ae-66474d768bdb,Develop Risk Mitigation Strategies,"Develop Risk Mitigation Strategies

Description:
For each high-priority risk, develop specific mitigation strategies to reduce the likelihood or impact of the risk. This may include contingency plans, backup suppliers, insurance policies, or alternative marketing approaches.

Resources needed:
• Project Manager
• Operations Manager
• Marketing Specialist
• Legal Counsel",1/16/2026,1/17/2026,0,e27b24c8-25e5-420c-ae79-e9d8c15b2ffc,PlanExe
65c2df7b-7840-49d1-8f85-694bde4c7453,Create a Risk Register,"Create a Risk Register

Description:
Document all identified risks, their probability and impact assessments, and the corresponding mitigation strategies in a risk register. This register will serve as a central repository for managing risks throughout the project lifecycle.

Resources needed:
• Project Manager
• Project Administrator",1/17/2026,1/18/2026,0,95cb52e8-dda3-48b6-8941-7ee15f509dbd,PlanExe
c2b0ac94-cf90-4f83-bfad-9a7b30cc27b6,Stakeholder Analysis and Communication Plan,,1/18/2026,1/22/2026,0,565b2d94-012b-4efc-8f3e-e9e0bc3f8b2b,PlanExe
b187acee-7f55-47bc-9210-8b882a5846e9,Identify Key Stakeholders,"Identify Key Stakeholders

Description:
Identify all individuals and groups who have an interest in the project's outcome, including internal teams, external partners, and community members. Determine their level of influence and potential impact on the project.

Resources needed:
• Project Manager
• Team Leads
• Community Liaison",1/18/2026,1/19/2026,0,c2b0ac94-cf90-4f83-bfad-9a7b30cc27b6,PlanExe
aea4e606-ca8d-46dc-94cd-188614063b98,Assess Stakeholder Needs and Expectations,"Assess Stakeholder Needs and Expectations

Description:
Conduct interviews, surveys, and focus groups to understand the needs, expectations, and concerns of each stakeholder group. Document their priorities and potential areas of conflict.

Resources needed:
• Project Manager
• Marketing Specialist
• Communication Specialist",1/19/2026,1/20/2026,0,b187acee-7f55-47bc-9210-8b882a5846e9,PlanExe
2fb9c190-e53b-4af3-9224-c11c1040df4d,Develop Communication Strategy,"Develop Communication Strategy

Description:
Create a detailed communication plan that outlines how information will be shared with stakeholders, including the frequency, channels, and content of communications. Tailor the communication approach to each stakeholder group's needs.

Resources needed:
• Communication Specialist
• Project Manager
• Marketing Specialist",1/20/2026,1/21/2026,0,aea4e606-ca8d-46dc-94cd-188614063b98,PlanExe
fbc7803b-bea1-4b70-a845-a3e7e7e9fcd0,Establish Feedback Mechanisms,"Establish Feedback Mechanisms

Description:
Implement mechanisms for stakeholders to provide feedback on the project's progress and address any concerns or issues that arise. This may include regular meetings, online forums, or surveys.

Resources needed:
• Project Manager
• Team Leads
• Communication Specialist",1/21/2026,1/22/2026,0,c2b0ac94-cf90-4f83-bfad-9a7b30cc27b6,PlanExe
b62d8559-05dd-4b74-b4c7-8bbaf9a71346,Strategic Decision Validation,,1/22/2026,2/14/2026,0,565b2d94-012b-4efc-8f3e-e9e0bc3f8b2b,PlanExe
d2b4d31f-30da-47a5-9191-d51053a58905,Validate Signature Item Strategy,,1/22/2026,1/27/2026,0,b62d8559-05dd-4b74-b4c7-8bbaf9a71346,PlanExe
120611e3-84d4-43be-b1f4-e75f961112b3,Define Signature Item Concepts,"Define Signature Item Concepts

Description:
Brainstorm and document potential signature vegan butcher shop items, considering taste, visual appeal, and marketability. Include variations and potential ingredient combinations.

Resources needed:
• Executive Chef
• Marketing Specialist
• Food Stylist",1/22/2026,1/23/2026,0,d2b4d31f-30da-47a5-9191-d51053a58905,PlanExe
f89e2049-974f-42ad-bba7-25eb15660b01,Conduct Customer Surveys and Focus Groups,"Conduct Customer Surveys and Focus Groups

Description:
Gather feedback on the defined signature item concepts from target customers through surveys and focus groups. Assess preferences, willingness to pay, and potential social media appeal.

Resources needed:
• Marketing Specialist
• Market Research Analyst
• Survey Platform",1/23/2026,1/24/2026,0,120611e3-84d4-43be-b1f4-e75f961112b3,PlanExe
2f9ced41-2126-4a8d-9d46-0687e926f651,Analyze Production Costs and Feasibility,"Analyze Production Costs and Feasibility

Description:
Evaluate the production costs, ingredient sourcing, and feasibility of producing each signature item concept at scale. Identify potential challenges and develop solutions.

Resources needed:
• Executive Chef
• Operations Manager
• Financial Controller",1/24/2026,1/25/2026,0,f89e2049-974f-42ad-bba7-25eb15660b01,PlanExe
a5f80665-15b3-468d-b900-81844e18705c,Assess Social Media Virality Potential,"Assess Social Media Virality Potential

Description:
Evaluate the potential for each signature item concept to generate social media engagement and go viral. Consider visual appeal, uniqueness, and shareability.

Resources needed:
• Marketing Specialist
• Social Media Analyst
• Content Creator",1/25/2026,1/26/2026,0,2f9ced41-2126-4a8d-9d46-0687e926f651,PlanExe
e5987d9b-111b-48d4-805c-4287364a3d5e,Select and Refine Signature Item,"Select and Refine Signature Item

Description:
Based on the gathered data, select the most promising signature item concept and refine the recipe, presentation, and marketing strategy. Develop a detailed production plan.

Resources needed:
• Executive Chef
• Marketing Specialist
• Operations Manager",1/26/2026,1/27/2026,0,d2b4d31f-30da-47a5-9191-d51053a58905,PlanExe
27a7f340-6514-4757-a150-29ebb2230e28,Validate Product Innovation Strategy,,1/27/2026,1/31/2026,0,d2b4d31f-30da-47a5-9191-d51053a58905,PlanExe
3767d0fb-cf8b-49db-94cc-6785cc84d562,Research Plant-Based Meat Alternatives,"Research Plant-Based Meat Alternatives

Description:
Objective: Identify innovative plant-based meat alternatives.
Scope: Research existing and emerging plant-based meat technologies, ingredients, and recipes.
Steps: Conduct online research, attend industry events, and consult with food scientists.
Deliverables: A report summarizing the findings and recommendations.

Resources needed:
• Executive Chef
• Research budget
• Online databases
• Industry reports",1/27/2026,1/28/2026,0,27a7f340-6514-4757-a150-29ebb2230e28,PlanExe
6f3f3999-2059-43b5-905c-d96a85b63b7b,Assess Local Ingredient Sourcing,"Assess Local Ingredient Sourcing

Description:
Objective: Determine the feasibility of sourcing local ingredients.
Scope: Identify potential local suppliers, assess their capacity and quality, and negotiate pricing.
Steps: Contact local farms and producers, conduct site visits, and obtain samples.
Deliverables: A list of potential local suppliers with pricing and availability information.

Resources needed:
• Operations Manager
• Sourcing budget
• Transportation
• Supplier database",1/28/2026,1/29/2026,0,3767d0fb-cf8b-49db-94cc-6785cc84d562,PlanExe
5f346887-afbf-4f5d-9a7a-9cde6064f8c4,Develop Unique Recipes & Flavors,"Develop Unique Recipes & Flavors

Description:
Objective: Create unique and appealing plant-based meat recipes.
Scope: Experiment with different ingredients and techniques to develop signature flavor profiles.
Steps: Conduct recipe development sessions, test different flavor combinations, and refine recipes based on feedback.
Deliverables: A portfolio of unique plant-based meat recipes with detailed instructions.

Resources needed:
• Executive Chef
• Kitchen staff
• Ingredients
• Recipe development software",1/29/2026,1/30/2026,0,6f3f3999-2059-43b5-905c-d96a85b63b7b,PlanExe
52e3bdc6-0df7-40ab-a539-0bf9f2f1e244,Conduct Consumer Taste Testing,"Conduct Consumer Taste Testing

Description:
Objective: Gather feedback on the taste and appeal of the developed recipes.
Scope: Organize taste testing sessions with target customers to evaluate the recipes.
Steps: Recruit participants, prepare samples, conduct taste tests, and collect feedback.
Deliverables: A report summarizing the taste testing results and recommendations for recipe improvements.

Resources needed:
• Marketing Specialist
• Taste testing budget
• Participants
• Survey tools",1/30/2026,1/31/2026,0,27a7f340-6514-4757-a150-29ebb2230e28,PlanExe
2c6029ce-c0a4-4048-8552-0dcf36628ace,Validate Operational Efficiency Strategy,,1/31/2026,2/5/2026,0,27a7f340-6514-4757-a150-29ebb2230e28,PlanExe
fe0ee8d3-1342-4f41-a060-7813dc259cf2,Map current operational processes,"Map current operational processes

Description:
Document the existing workflow for food preparation, order taking, and customer service to identify bottlenecks and inefficiencies. This includes creating process flowcharts and documenting time spent on each task.

Resources needed:
• Operations Manager
• Staff representatives",1/31/2026,2/1/2026,0,2c6029ce-c0a4-4048-8552-0dcf36628ace,PlanExe
221e29ef-c2fe-4f46-8a59-2f849dea8ff4,Identify lean manufacturing principles,"Identify lean manufacturing principles

Description:
Research and select relevant lean manufacturing principles applicable to a small butcher shop environment, such as value stream mapping, 5S methodology, and waste reduction techniques.

Resources needed:
• Operations Manager
• Consultant (optional)",2/1/2026,2/2/2026,0,fe0ee8d3-1342-4f41-a060-7813dc259cf2,PlanExe
0fcbe877-bbbc-4138-a104-c983ac3af4f6,Simulate optimized workflows,"Simulate optimized workflows

Description:
Model the impact of implementing lean principles on key operational metrics, such as production time, waste reduction, and customer throughput. Use simulation software or spreadsheet models to compare different workflow scenarios.

Resources needed:
• Operations Manager
• Financial Controller",2/2/2026,2/3/2026,0,221e29ef-c2fe-4f46-8a59-2f849dea8ff4,PlanExe
0b1dd0f1-f906-42a7-becc-b31afae4cf02,Analyze equipment efficiency,"Analyze equipment efficiency

Description:
Evaluate the efficiency of existing equipment and identify opportunities for improvement or replacement. Consider factors such as energy consumption, maintenance costs, and throughput capacity.

Resources needed:
• Operations Manager
• Equipment Technician",2/3/2026,2/4/2026,0,0fcbe877-bbbc-4138-a104-c983ac3af4f6,PlanExe
87291708-ce8f-469b-86f1-e5e66104280a,Validate supply chain logistics,"Validate supply chain logistics

Description:
Assess the effectiveness of the current supply chain and identify opportunities to optimize delivery schedules, reduce transportation costs, and minimize waste. Explore partnerships with local suppliers to improve efficiency and sustainability.

Resources needed:
• Operations Manager
• Financial Controller",2/4/2026,2/5/2026,0,2c6029ce-c0a4-4048-8552-0dcf36628ace,PlanExe
bd58358a-2bf8-4b38-a9e1-a12c066bab3c,Validate Market Positioning Strategy,,2/5/2026,2/10/2026,0,2c6029ce-c0a4-4048-8552-0dcf36628ace,PlanExe
ae2b8ca3-5b8d-4c45-8ef1-82af0ebe6658,Analyze competitor vegan offerings in Kødbyen,"Analyze competitor vegan offerings in Kødbyen

Description:
Identify direct and indirect competitors, analyze their product offerings, pricing strategies, marketing tactics, and customer reviews to understand the competitive landscape.

Resources needed:
• Market research analyst
• Competitive intelligence tools
• Local market data",2/5/2026,2/6/2026,0,bd58358a-2bf8-4b38-a9e1-a12c066bab3c,PlanExe
0f696e74-7c59-44be-8b54-4e0fdd101850,Define target customer segments and personas,"Define target customer segments and personas

Description:
Identify specific customer segments (e.g., flexitarians, committed vegans, tourists) and develop detailed personas for each segment, including their needs, preferences, and buying behaviors.

Resources needed:
• Marketing specialist
• Customer survey tools
• Demographic data",2/6/2026,2/7/2026,0,ae2b8ca3-5b8d-4c45-8ef1-82af0ebe6658,PlanExe
f5b50917-c4fe-487f-87ab-c1deb2476bfd,Develop unique value proposition and messaging,"Develop unique value proposition and messaging

Description:
Craft a compelling value proposition that differentiates the vegan butcher shop from competitors and resonates with the target customer segments. Develop key messaging points that highlight the shop's unique selling points.

Resources needed:
• Brand strategist
• Copywriter
• Marketing team",2/7/2026,2/8/2026,0,0f696e74-7c59-44be-8b54-4e0fdd101850,PlanExe
6dbe25e0-267b-4bcb-955f-a4b113c861ba,Test market positioning with focus groups,"Test market positioning with focus groups

Description:
Conduct focus groups with representatives from the target customer segments to gather feedback on the proposed value proposition, messaging, and overall market positioning strategy.

Resources needed:
• Focus group facilitator
• Recruitment agency
• Venue for focus groups",2/8/2026,2/9/2026,0,f5b50917-c4fe-487f-87ab-c1deb2476bfd,PlanExe
8f1dd8f1-37f9-42a5-b914-705101f532cd,Refine market positioning based on feedback,"Refine market positioning based on feedback

Description:
Analyze the feedback from the focus groups and refine the market positioning strategy to ensure it effectively resonates with the target audience and differentiates the shop from competitors.

Resources needed:
• Marketing specialist
• Brand strategist
• Data analysis tools",2/9/2026,2/10/2026,0,bd58358a-2bf8-4b38-a9e1-a12c066bab3c,PlanExe
4f60c598-6a06-4145-909b-f960055b15ca,Validate Brand Resonance Strategy,,2/10/2026,2/14/2026,0,b62d8559-05dd-4b74-b4c7-8bbaf9a71346,PlanExe
94138e9f-c3de-4ac6-9cf1-c9270d1b4b85,Define Brand Values and Personality,"Define Brand Values and Personality

Description:
Clearly articulate the brand's core values, mission, and unique personality to resonate with the target audience. This includes defining the brand's tone of voice, visual identity, and overall brand story.

Resources needed:
• Marketing Specialist
• Brand Strategist",2/10/2026,2/11/2026,0,4f60c598-6a06-4145-909b-f960055b15ca,PlanExe
00935014-c217-4ebe-8969-bd2278ac1249,Develop Key Brand Messaging Themes,"Develop Key Brand Messaging Themes

Description:
Craft compelling and consistent messaging that communicates the brand's values and resonates with the target audience. This includes developing taglines, slogans, and key messages for different marketing channels.

Resources needed:
• Marketing Specialist
• Copywriter",2/11/2026,2/12/2026,0,94138e9f-c3de-4ac6-9cf1-c9270d1b4b85,PlanExe
52cdcbcc-f47e-4d68-9c0e-1971c39050dc,Create Engaging Content Strategy,"Create Engaging Content Strategy

Description:
Develop a content strategy that aligns with the brand's values and resonates with the target audience. This includes identifying relevant content formats, topics, and distribution channels to foster customer loyalty and advocacy.

Resources needed:
• Marketing Specialist
• Content Creator",2/12/2026,2/13/2026,0,00935014-c217-4ebe-8969-bd2278ac1249,PlanExe
9d724c42-fbb4-4201-9b0f-7faaa69afdd9,Monitor Brand Sentiment and Feedback,"Monitor Brand Sentiment and Feedback

Description:
Implement a system for monitoring brand mentions, customer feedback, and social media engagement to identify areas for improvement and address any negative sentiment. This includes using social listening tools and conducting customer surveys.

Resources needed:
• Marketing Specialist
• Customer Experience Manager",2/13/2026,2/14/2026,0,4f60c598-6a06-4145-909b-f960055b15ca,PlanExe
0683beed-f71b-4f98-b817-4fc24d71105c,Establishment & Operations Setup,,2/14/2026,8/25/2026,0,b62d8559-05dd-4b74-b4c7-8bbaf9a71346,PlanExe
bce4d727-2574-45e2-92d8-b5a01ab224dd,Secure Permits and Licenses,,2/14/2026,3/18/2026,0,0683beed-f71b-4f98-b817-4fc24d71105c,PlanExe
ad85c51b-8128-4555-85f8-fd7f842fb082,Consult Food Safety Specialist,"Consult Food Safety Specialist

Description:
Objective: Ensure compliance with Danish food safety regulations. Scope: Review operational plans, ingredient sourcing, and food handling procedures. Steps: Schedule consultation, provide documentation, implement recommendations. Deliverables: Compliance report and action plan.

Resources needed:
• Shop Manager
• Executive Chef
• Food Safety Specialist",2/14/2026,2/22/2026,0,bce4d727-2574-45e2-92d8-b5a01ab224dd,PlanExe
f7249cec-86fa-4723-b17a-5c7c7142641d,Prepare Permit Application Documents,"Prepare Permit Application Documents

Description:
Objective: Gather and prepare all necessary documentation for permit applications. Scope: Food Business Operator Registration, Alcohol License (if applicable), Signage Permit. Steps: Identify required documents, collect information, complete forms. Deliverables: Completed permit applications.

Resources needed:
• Shop Manager
• Administrative Assistant
• Legal Counsel",2/22/2026,3/2/2026,0,ad85c51b-8128-4555-85f8-fd7f842fb082,PlanExe
b8cebec4-fdbe-4031-befd-09026d09e704,Submit Applications and Track Progress,"Submit Applications and Track Progress

Description:
Objective: Submit permit applications to relevant authorities and monitor their progress. Scope: Danish Food and Veterinary Administration, Copenhagen Municipality. Steps: Submit applications, track status, respond to inquiries. Deliverables: Approved permits and licenses.

Resources needed:
• Shop Manager
• Administrative Assistant",3/2/2026,3/10/2026,0,f7249cec-86fa-4723-b17a-5c7c7142641d,PlanExe
5474a392-d10c-4fd8-bc0a-d854f650fb94,Schedule Compliance Audit,"Schedule Compliance Audit

Description:
Objective: Schedule a compliance audit to ensure adherence to regulations. Scope: Danish Food Safety Regulations, HACCP, Fire Safety Regulations, Kødbyen Regulations. Steps: Contact auditing firm, schedule audit, prepare documentation. Deliverables: Audit report and corrective action plan (if needed).

Resources needed:
• Shop Manager
• Operations Manager
• Auditing Firm",3/10/2026,3/18/2026,0,bce4d727-2574-45e2-92d8-b5a01ab224dd,PlanExe
21437055-893d-446e-a113-3ce5eb452453,Finalize Shop Layout and Design,,3/18/2026,5/17/2026,0,bce4d727-2574-45e2-92d8-b5a01ab224dd,PlanExe
a0cc1923-53f2-4e0d-ad5c-3841c4219b50,Confirm building structural integrity,"Confirm building structural integrity

Description:
Objective: Ensure the building can support the planned layout and equipment. Scope: Inspect structural elements, assess load-bearing capacity. Steps: Hire a structural engineer, conduct site visit, review blueprints, generate report. Deliverables: Structural integrity report.

Resources needed:
• Structural Engineer
• Building Blueprints",3/18/2026,4/2/2026,0,21437055-893d-446e-a113-3ce5eb452453,PlanExe
70e86061-172a-4a0d-abc9-5acc7d054a7f,Develop detailed shop layout plans,"Develop detailed shop layout plans

Description:
Objective: Create comprehensive layout plans that optimize workflow and customer experience. Scope: Define zones for food preparation, display, seating, and storage. Steps: Brainstorm layout options, create digital mockups, solicit feedback from stakeholders. Deliverables: Finalized shop layout plans.

Resources needed:
• Architect
• Shop Manager
• Operations Manager
• Design Software",4/2/2026,4/17/2026,0,a0cc1923-53f2-4e0d-ad5c-3841c4219b50,PlanExe
0b56bb2a-cf0c-4bb4-b0f3-0ffb67ea5ea7,Select interior design elements,"Select interior design elements

Description:
Objective: Choose design elements that align with the brand and create an inviting atmosphere. Scope: Select colors, materials, lighting, and furniture. Steps: Research design trends, create mood boards, obtain samples, finalize selections. Deliverables: List of selected design elements.

Resources needed:
• Interior Designer
• Shop Manager
• Marketing Specialist
• Suppliers",4/17/2026,5/2/2026,0,70e86061-172a-4a0d-abc9-5acc7d054a7f,PlanExe
9571545a-48a3-4a79-a32e-8bd424a54c48,Obtain landlord approval of plans,"Obtain landlord approval of plans

Description:
Objective: Secure approval from the landlord for the proposed shop layout and design. Scope: Present plans, address concerns, negotiate terms. Steps: Schedule meeting with landlord, present plans, answer questions, revise plans as needed. Deliverables: Landlord approval letter.

Resources needed:
• Shop Manager
• Legal Counsel
• Landlord",5/2/2026,5/17/2026,0,21437055-893d-446e-a113-3ce5eb452453,PlanExe
dd3885a5-6820-4679-8e74-a60b3f21c2d9,Procure Equipment and Supplies,,5/17/2026,6/16/2026,0,21437055-893d-446e-a113-3ce5eb452453,PlanExe
0416219e-adb3-404b-a616-1f76996a8e99,Identify Equipment Needs and Specifications,"Identify Equipment Needs and Specifications

Description:
Determine the specific equipment required for the vegan butcher shop, including refrigeration units, processing equipment (grinders, mixers), cooking equipment (ovens, stovetops), and display cases. Define the technical specifications for each piece of equipment, considering factors such as capacity, power requirements, and energy efficiency.

Resources needed:
• Executive Chef
• Operations Manager
• Equipment Supplier Catalogs
• Technical Specifications Documents",5/17/2026,5/23/2026,0,dd3885a5-6820-4679-8e74-a60b3f21c2d9,PlanExe
ce4878e9-4ea7-4a8e-9d12-36090d68a98c,Research and Evaluate Equipment Suppliers,"Research and Evaluate Equipment Suppliers

Description:
Identify potential suppliers of the required equipment, both local and international. Evaluate suppliers based on factors such as price, quality, warranty, delivery time, and reputation. Obtain quotes from multiple suppliers for each piece of equipment.

Resources needed:
• Operations Manager
• Purchasing Specialist
• Online Supplier Directories
• Industry Trade Shows",5/23/2026,5/29/2026,0,0416219e-adb3-404b-a616-1f76996a8e99,PlanExe
8c6fcdae-0dea-4f5d-87d3-c369b769b8cb,Negotiate Pricing and Payment Terms,"Negotiate Pricing and Payment Terms

Description:
Negotiate pricing and payment terms with selected equipment suppliers. Secure the best possible prices and favorable payment terms to minimize upfront costs and manage cash flow. Obtain written agreements outlining the terms of the purchase.

Resources needed:
• Operations Manager
• Purchasing Specialist
• Legal Counsel (if needed)
• Supplier Representatives",5/29/2026,6/4/2026,0,ce4878e9-4ea7-4a8e-9d12-36090d68a98c,PlanExe
b38d18c1-19ab-4d7c-b103-229a20f4a8f8,Order and Track Equipment Delivery,"Order and Track Equipment Delivery

Description:
Place orders with selected equipment suppliers and track the delivery of equipment to the shop location. Coordinate with suppliers to ensure timely delivery and proper installation of equipment. Inspect equipment upon arrival to ensure it meets specifications and is free from damage.

Resources needed:
• Operations Manager
• Purchasing Specialist
• Delivery Personnel
• Installation Technicians",6/4/2026,6/10/2026,0,8c6fcdae-0dea-4f5d-87d3-c369b769b8cb,PlanExe
a0bd8561-420b-4fbb-b0eb-c2255268427b,Source and Order Initial Supplies,"Source and Order Initial Supplies

Description:
Identify and source the initial supplies needed to operate the vegan butcher shop, including plant-based meat alternatives, packaging materials, cleaning supplies, and point-of-sale (POS) supplies. Order sufficient quantities of supplies to meet initial demand and establish a reliable supply chain.

Resources needed:
• Executive Chef
• Operations Manager
• Purchasing Specialist
• Supplier Catalogs",6/10/2026,6/16/2026,0,dd3885a5-6820-4679-8e74-a60b3f21c2d9,PlanExe
1a520980-aa61-4aeb-99ed-fdb600c128b8,Recruit and Train Staff,,6/16/2026,7/31/2026,0,dd3885a5-6820-4679-8e74-a60b3f21c2d9,PlanExe
23410041-1cae-4d79-9b16-ba4aa70d4a08,Job postings and advertising,"Job postings and advertising

Description:
Create compelling job descriptions and advertise on relevant platforms to attract qualified candidates.

Resources needed:
• HR Manager
• Marketing Specialist
• Online job boards
• Social media platforms",6/16/2026,6/25/2026,0,1a520980-aa61-4aeb-99ed-fdb600c128b8,PlanExe
a2d6bd5c-24c5-4d03-862a-c98d89e9f9c5,Screen applications and conduct interviews,"Screen applications and conduct interviews

Description:
Review applications, conduct initial screenings, and schedule in-person or virtual interviews with promising candidates.

Resources needed:
• Shop Manager
• Executive Chef
• HR Manager
• Interview rooms
• Interview guides",6/25/2026,7/4/2026,0,23410041-1cae-4d79-9b16-ba4aa70d4a08,PlanExe
339cbcd0-245d-4937-88e1-18954de7551c,Skills assessment and practical tests,"Skills assessment and practical tests

Description:
Administer skills assessments and practical tests to evaluate candidates' abilities in relevant areas, such as vegan cooking and customer service.

Resources needed:
• Executive Chef
• Operations Manager
• Test kitchen
• Assessment materials",7/4/2026,7/13/2026,0,a2d6bd5c-24c5-4d03-862a-c98d89e9f9c5,PlanExe
6f4f3fb2-e945-485f-81aa-ea9eed40a258,Background checks and reference verification,"Background checks and reference verification

Description:
Conduct background checks and verify references to ensure the suitability of selected candidates.

Resources needed:
• HR Manager
• Background check service
• Reference contact information",7/13/2026,7/22/2026,0,339cbcd0-245d-4937-88e1-18954de7551c,PlanExe
4e09c55a-c0c1-4e7e-81ff-a9d5d7f34c3d,Onboarding and initial training,"Onboarding and initial training

Description:
Provide new hires with onboarding materials, initial training on company policies, procedures, and product knowledge.

Resources needed:
• Shop Manager
• Executive Chef
• Training materials
• Onboarding documents",7/22/2026,7/31/2026,0,1a520980-aa61-4aeb-99ed-fdb600c128b8,PlanExe
04a340a7-1c75-44fd-825d-21ba3360cd91,Establish Supply Chains,,7/31/2026,8/25/2026,0,0683beed-f71b-4f98-b817-4fc24d71105c,PlanExe
3c256a94-44f8-4afc-8c77-d12e496c9f31,Identify potential plant-based suppliers,"Identify potential plant-based suppliers

Description:
Research and identify potential suppliers of plant-based meat alternatives, considering factors such as product quality, pricing, and reliability.

Resources needed:
• Operations Manager
• Executive Chef",7/31/2026,8/5/2026,0,04a340a7-1c75-44fd-825d-21ba3360cd91,PlanExe
17257a8f-bf01-43f5-8123-37bf02564f96,Negotiate supply agreements and contracts,"Negotiate supply agreements and contracts

Description:
Negotiate favorable supply agreements and contracts with selected suppliers, ensuring competitive pricing, consistent quality, and reliable delivery schedules.

Resources needed:
• Operations Manager
• Financial Controller",8/5/2026,8/10/2026,0,3c256a94-44f8-4afc-8c77-d12e496c9f31,PlanExe
00df059a-ea73-42d3-8909-2200d65fa9f6,Establish local ingredient partnerships,"Establish local ingredient partnerships

Description:
Explore partnerships with local farmers and producers to source high-quality, seasonal ingredients for sandwiches and sausages.

Resources needed:
• Executive Chef
• Operations Manager",8/10/2026,8/15/2026,0,17257a8f-bf01-43f5-8123-37bf02564f96,PlanExe
9d001e2e-1d49-4069-8572-6760f9fa7880,Implement inventory management system,"Implement inventory management system

Description:
Implement a robust inventory management system to track stock levels, minimize waste, and ensure timely replenishment of supplies.

Resources needed:
• Operations Manager
• Shop Manager",8/15/2026,8/20/2026,0,00df059a-ea73-42d3-8909-2200d65fa9f6,PlanExe
9b5669ad-99cf-41c2-89d3-d86aa30aa6cc,Ensure ethical and sustainable sourcing,"Ensure ethical and sustainable sourcing

Description:
Verify that all suppliers adhere to ethical and sustainable sourcing practices, aligning with the shop's values and brand image.

Resources needed:
• Operations Manager
• Marketing Specialist",8/20/2026,8/25/2026,0,04a340a7-1c75-44fd-825d-21ba3360cd91,PlanExe
69a966ef-c590-498b-8987-b39332b57fc9,Marketing & Launch,,8/25/2026,10/16/2027,0,0683beed-f71b-4f98-b817-4fc24d71105c,PlanExe
508ddf11-e59e-4268-bfd2-857ceefc31a2,Develop Marketing Materials,,8/25/2026,9/9/2026,0,69a966ef-c590-498b-8987-b39332b57fc9,PlanExe
5c32ee2c-b7a0-4adb-95f3-ed583bfbd4c8,Define Brand Visuals and Messaging,"Define Brand Visuals and Messaging

Description:
Establish the core visual elements (logo, color palette, typography) and key messaging points that will represent the vegan butcher shop's brand identity. This includes defining the tone of voice, brand values, and unique selling propositions.

Resources needed:
• Marketing Specialist
• Graphic Designer
• Copywriter",8/25/2026,8/28/2026,0,508ddf11-e59e-4268-bfd2-857ceefc31a2,PlanExe
9566e76f-3450-4465-a098-d1740e61aeb4,Design Print Marketing Materials,"Design Print Marketing Materials

Description:
Create visually appealing and informative print materials such as brochures, flyers, posters, and business cards. Ensure consistency with the established brand visuals and messaging. Consider sustainable and eco-friendly printing options.

Resources needed:
• Graphic Designer
• Marketing Specialist
• Printer",8/28/2026,8/31/2026,0,5c32ee2c-b7a0-4adb-95f3-ed583bfbd4c8,PlanExe
84e80431-fbc6-4233-a57c-e89e921dfae4,Develop Digital Marketing Assets,"Develop Digital Marketing Assets

Description:
Produce engaging digital assets for online marketing channels, including website banners, social media graphics, email templates, and online advertisements. Optimize assets for different platforms and devices.

Resources needed:
• Graphic Designer
• Web Developer
• Marketing Specialist
• Photographer",8/31/2026,9/3/2026,0,9566e76f-3450-4465-a098-d1740e61aeb4,PlanExe
b2ac09e9-0eac-4461-821b-62cb2f5eb040,Produce Promotional Video Content,"Produce Promotional Video Content

Description:
Create short, compelling video content showcasing the vegan butcher shop's products, unique selling points, and brand story. This may include product demonstrations, customer testimonials, and behind-the-scenes footage.

Resources needed:
• Videographer
• Marketing Specialist
• Chef
• Editor",9/3/2026,9/6/2026,0,84e80431-fbc6-4233-a57c-e89e921dfae4,PlanExe
31bb736a-1408-4cd4-af80-f210b66d01d0,Design In-Store Signage and Displays,"Design In-Store Signage and Displays

Description:
Develop attractive and informative signage and displays for the physical shop location. This includes menu boards, product labels, promotional posters, and directional signs. Ensure compliance with local regulations and accessibility standards.

Resources needed:
• Graphic Designer
• Signage Vendor
• Shop Manager",9/6/2026,9/9/2026,0,508ddf11-e59e-4268-bfd2-857ceefc31a2,PlanExe
ec462641-41ba-410f-aece-7405c4abb841,Implement Marketing Campaigns,,9/9/2026,10/9/2026,0,508ddf11-e59e-4268-bfd2-857ceefc31a2,PlanExe
4da20cf9-40b5-47b3-a877-4e2f0ce1a78e,Refine Target Audience Segmentation,"Refine Target Audience Segmentation

Description:
Analyze existing customer data and market research to refine target audience segments for each marketing campaign. This includes identifying key demographics, interests, and behaviors to ensure messaging resonates effectively.

Resources needed:
• Marketing Specialist
• Data Analyst
• Market Research Tools",9/9/2026,9/15/2026,0,ec462641-41ba-410f-aece-7405c4abb841,PlanExe
86fdb2f7-62d5-4a31-ae95-eb2994a59b2e,Optimize Campaign Messaging and Creative,"Optimize Campaign Messaging and Creative

Description:
Develop and test different messaging and creative assets (e.g., ad copy, images, videos) for each marketing channel. This includes A/B testing different variations to identify the most effective combinations for driving engagement and conversions.

Resources needed:
• Marketing Specialist
• Graphic Designer
• Copywriter
• A/B Testing Software",9/15/2026,9/21/2026,0,4da20cf9-40b5-47b3-a877-4e2f0ce1a78e,PlanExe
a459060a-07e3-4b52-b895-72c0e82835ea,Manage Marketing Budget Allocation,"Manage Marketing Budget Allocation

Description:
Allocate the marketing budget across different channels and campaigns based on performance and potential ROI. This includes tracking spending, analyzing results, and making adjustments as needed to maximize the impact of each marketing dollar.

Resources needed:
• Marketing Specialist
• Financial Controller
• Marketing Budget Tracking Software",9/21/2026,9/27/2026,0,86fdb2f7-62d5-4a31-ae95-eb2994a59b2e,PlanExe
4d588d1b-86de-4a61-b950-93459c57f4be,Monitor Campaign Performance and Analytics,"Monitor Campaign Performance and Analytics

Description:
Track key performance indicators (KPIs) such as website traffic, social media engagement, lead generation, and sales conversions. Analyze data to identify trends, insights, and areas for improvement in campaign performance.

Resources needed:
• Marketing Specialist
• Data Analyst
• Web Analytics Tools
• Social Media Analytics Tools",9/27/2026,10/3/2026,0,a459060a-07e3-4b52-b895-72c0e82835ea,PlanExe
c1f7c3a4-fa08-4f33-be50-28e8fe3ec53c,Adjust Campaigns Based on Performance Data,"Adjust Campaigns Based on Performance Data

Description:
Based on the performance data, make necessary adjustments to the marketing campaigns. This includes modifying targeting, messaging, creative assets, and budget allocation to optimize results and achieve campaign goals.

Resources needed:
• Marketing Specialist
• Marketing Automation Software",10/3/2026,10/9/2026,0,ec462641-41ba-410f-aece-7405c4abb841,PlanExe
c3b52e23-17ca-47fd-b4d6-00508800ee5b,Grand Opening Event,,10/9/2026,10/13/2026,0,ec462641-41ba-410f-aece-7405c4abb841,PlanExe
622825da-5874-434e-99c4-726a655af2a5,Finalize Guest List and Invitations,"Finalize Guest List and Invitations

Description:
Objective: Determine the final guest list and send out invitations for the grand opening event.
Scope: Includes compiling a list of VIPs, local media, influencers, and potential customers. Designing and distributing invitations (physical and/or digital).
Steps: Review initial guest list, confirm attendance of VIPs, design invitation, print/send invitations, track RSVPs.
Deliverables: Finalized guest list, designed and distributed invitations, RSVP tracking system.

Resources needed:
• Marketing Specialist
• Shop Manager
• Graphic Designer",10/9/2026,10/10/2026,0,c3b52e23-17ca-47fd-b4d6-00508800ee5b,PlanExe
5977c1bb-f674-48ee-b497-ebec2a35aaca,Coordinate Event Logistics and Setup,"Coordinate Event Logistics and Setup

Description:
Objective: Ensure all logistical aspects of the grand opening event are planned and executed smoothly.
Scope: Includes venue setup, catering arrangements, equipment rentals, and staffing assignments.
Steps: Confirm venue details, finalize catering menu, arrange equipment rentals (tables, chairs, sound system), assign staff roles, create event schedule.
Deliverables: Confirmed venue, catering arrangements, equipment rentals, staff assignments, event schedule.

Resources needed:
• Operations Manager
• Shop Manager
• Event Coordinator",10/10/2026,10/11/2026,0,622825da-5874-434e-99c4-726a655af2a5,PlanExe
8265c479-0e34-4353-b462-b12b6d3bc8de,Promote Event Through Media Channels,"Promote Event Through Media Channels

Description:
Objective: Generate buzz and attract attendees to the grand opening event through various media channels.
Scope: Includes press releases, social media promotion, local advertising, and influencer outreach.
Steps: Draft press release, schedule social media posts, place local advertisements, contact influencers, monitor media coverage.
Deliverables: Press release distribution, social media promotion, local advertisements, influencer outreach, media coverage report.

Resources needed:
• Marketing Specialist
• Public Relations Contact
• Social Media Manager",10/11/2026,10/12/2026,0,5977c1bb-f674-48ee-b497-ebec2a35aaca,PlanExe
47378844-fd71-4b4a-8d7d-305e2a58d494,Prepare Shop for Grand Opening,"Prepare Shop for Grand Opening

Description:
Objective: Ensure the shop is fully prepared and presentable for the grand opening event.
Scope: Includes final cleaning, product display setup, staff briefing, and contingency planning.
Steps: Conduct final cleaning, arrange product displays, brief staff on event procedures, develop contingency plans for potential issues.
Deliverables: Clean and organized shop, attractive product displays, briefed staff, contingency plans.

Resources needed:
• Shop Manager
• Operations Staff
• Cleaning Crew",10/12/2026,10/13/2026,0,c3b52e23-17ca-47fd-b4d6-00508800ee5b,PlanExe
786ccb61-3adf-431a-b3d9-2681c579315b,Social Media Engagement,,10/13/2026,10/16/2027,0,69a966ef-c590-498b-8987-b39332b57fc9,PlanExe
6f95597b-34aa-4a95-9d22-247a9e3aa0c1,Create Engaging Content Calendar,"Create Engaging Content Calendar

Description:
Develop a detailed content calendar with diverse themes, including behind-the-scenes glimpses, vegan recipes, customer testimonials, and promotional offers, to maintain consistent and engaging social media presence.

Resources needed:
• Marketing Specialist
• Content Creator
• Social Media Manager",10/13/2026,1/13/2027,0,786ccb61-3adf-431a-b3d9-2681c579315b,PlanExe
ad8215c9-4bf0-4870-bd25-82f5ef8d764f,Monitor Social Media Channels,"Monitor Social Media Channels

Description:
Actively monitor all social media channels for brand mentions, customer comments, and industry trends to identify opportunities for engagement and address any negative feedback promptly and professionally.

Resources needed:
• Social Media Manager
• Customer Service Representative",1/13/2027,4/15/2027,0,6f95597b-34aa-4a95-9d22-247a9e3aa0c1,PlanExe
138a14bf-fdd4-4fc2-9995-c3b1f4585204,Respond to Comments and Messages,"Respond to Comments and Messages

Description:
Establish a system for responding to customer comments and messages promptly and professionally, addressing inquiries, resolving complaints, and fostering a sense of community around the brand.

Resources needed:
• Social Media Manager
• Customer Service Representative",4/15/2027,7/16/2027,0,ad8215c9-4bf0-4870-bd25-82f5ef8d764f,PlanExe
e058273d-0d74-403b-8f63-2b4f095c152c,Invest in Social Media Advertising,"Invest in Social Media Advertising

Description:
Allocate a budget for social media advertising to increase brand reach, target specific demographics, and drive traffic to the shop's website or physical location, optimizing campaigns based on performance data.

Resources needed:
• Marketing Specialist
• Social Media Manager
• Advertising Budget",7/16/2027,10/16/2027,0,786ccb61-3adf-431a-b3d9-2681c579315b,PlanExe
0c3696c4-6f0f-4af6-8b05-86de1f19805a,Ongoing Operations & Monitoring,,10/16/2027,11/7/2027,0,57019475-c52e-421f-a251-14492336e5cc,PlanExe
33fd7f1b-9be8-4062-860d-b86f82c18d0a,Manage Inventory and Supplies,,10/16/2027,10/21/2027,0,0c3696c4-6f0f-4af6-8b05-86de1f19805a,PlanExe
c1a2f361-ab14-431b-b337-42d6c7aace7e,Forecast Demand for Ingredients,"Forecast Demand for Ingredients

Description:
Analyze historical sales data, seasonal trends, and upcoming promotions to accurately forecast demand for all ingredients, minimizing waste and stockouts.

Resources needed:
• Inventory Manager
• Sales Data Analyst",10/16/2027,10/17/2027,0,33fd7f1b-9be8-4062-860d-b86f82c18d0a,PlanExe
49dca37b-697d-44a4-9165-d22af1353858,Optimize Ordering Schedule,"Optimize Ordering Schedule

Description:
Establish an efficient ordering schedule based on demand forecasts and supplier lead times to ensure timely delivery of ingredients and minimize storage costs.

Resources needed:
• Inventory Manager
• Purchasing Coordinator",10/17/2027,10/18/2027,0,c1a2f361-ab14-431b-b337-42d6c7aace7e,PlanExe
a3f2b450-7a7a-4c56-bba1-64b8c217dc1d,Implement Inventory Tracking System,"Implement Inventory Tracking System

Description:
Utilize inventory management software to track ingredient levels in real-time, monitor expiration dates, and identify slow-moving items.

Resources needed:
• Inventory Manager
• IT Support",10/18/2027,10/19/2027,0,49dca37b-697d-44a4-9165-d22af1353858,PlanExe
a51e19b9-31cc-4325-8c5a-f72eb814def5,Negotiate Supplier Agreements,"Negotiate Supplier Agreements

Description:
Negotiate favorable pricing and delivery terms with suppliers to reduce ingredient costs and ensure a reliable supply chain.

Resources needed:
• Purchasing Coordinator
• Legal Counsel",10/19/2027,10/20/2027,0,a3f2b450-7a7a-4c56-bba1-64b8c217dc1d,PlanExe
d66776ad-c26d-466f-aae4-6c0192dc90a0,Conduct Regular Stock Audits,"Conduct Regular Stock Audits

Description:
Perform regular physical stock audits to verify inventory accuracy, identify discrepancies, and prevent spoilage or theft.

Resources needed:
• Inventory Manager
• Operations Staff",10/20/2027,10/21/2027,0,33fd7f1b-9be8-4062-860d-b86f82c18d0a,PlanExe
83b08dfd-656e-4ec2-8242-2fb64de004d8,Monitor Financial Performance,,10/21/2027,10/26/2027,0,33fd7f1b-9be8-4062-860d-b86f82c18d0a,PlanExe
eac5a3f6-2c20-4455-9970-979770c17b2e,Track Revenue and Expenses Daily,"Track Revenue and Expenses Daily

Description:
Monitor daily sales revenue, cost of goods sold, and operating expenses to identify immediate trends and potential issues. This involves using POS data, accounting software, and manual tracking methods. Resources needed include POS system access, accounting software access, and trained staff.

Resources needed:
• POS System
• Accounting Software
• Financial Controller
• Shop Manager",10/21/2027,10/22/2027,0,83b08dfd-656e-4ec2-8242-2fb64de004d8,PlanExe
1ae6be7a-df39-4570-8379-7180b5243b87,Analyze Profit Margins by Product,"Analyze Profit Margins by Product

Description:
Calculate profit margins for each product category (plant-based meats, sandwiches, sausages, etc.) to identify high-performing and underperforming items. This requires detailed cost accounting and sales data analysis. Resources needed include sales data, cost accounting data, and a financial analyst.

Resources needed:
• Sales Data
• Cost Accounting Data
• Financial Analyst
• Spreadsheet Software",10/22/2027,10/23/2027,0,eac5a3f6-2c20-4455-9970-979770c17b2e,PlanExe
530f3add-f11c-46f2-a100-0beea1071f67,Review Cash Flow Statements Weekly,"Review Cash Flow Statements Weekly

Description:
Prepare and review weekly cash flow statements to ensure sufficient liquidity and identify potential cash flow shortages. This involves tracking cash inflows and outflows, and forecasting future cash needs. Resources needed include accounting software, bank statements, and a financial controller.

Resources needed:
• Accounting Software
• Bank Statements
• Financial Controller",10/23/2027,10/24/2027,0,1ae6be7a-df39-4570-8379-7180b5243b87,PlanExe
c43c0e0d-5b46-42f4-a83d-976551dce30e,Compare Actuals vs. Budget Monthly,"Compare Actuals vs. Budget Monthly

Description:
Compare actual financial performance against the budget to identify variances and areas for improvement. This involves analyzing income statements, balance sheets, and cash flow statements. Resources needed include budget data, actual financial data, and a financial analyst.

Resources needed:
• Budget Data
• Financial Data
• Financial Analyst
• Reporting Tools",10/24/2027,10/25/2027,0,530f3add-f11c-46f2-a100-0beea1071f67,PlanExe
e2c64aee-6609-408f-8bf0-fb9665e4ee0d,Identify Cost Reduction Opportunities,"Identify Cost Reduction Opportunities

Description:
Proactively identify opportunities to reduce costs without compromising quality or customer experience. This involves analyzing spending patterns, negotiating with suppliers, and implementing efficiency improvements. Resources needed include financial data, supplier contracts, and operations manager.

Resources needed:
• Financial Data
• Supplier Contracts
• Operations Manager
• Benchmarking Data",10/25/2027,10/26/2027,0,83b08dfd-656e-4ec2-8242-2fb64de004d8,PlanExe
33bebb09-05c6-4f1d-a72e-48326d1ce779,Gather Customer Feedback,,10/26/2027,10/30/2027,0,83b08dfd-656e-4ec2-8242-2fb64de004d8,PlanExe
d3a9b2b7-054c-49b9-84f2-147cacb7ca6b,Design Customer Feedback Mechanisms,"Design Customer Feedback Mechanisms

Description:
Develop various methods for collecting customer feedback, including in-store surveys, online questionnaires, and social media monitoring. Objective is to gather diverse perspectives on the customer experience.

Resources needed:
• Marketing Specialist
• Customer Experience Manager",10/26/2027,10/27/2027,0,33bebb09-05c6-4f1d-a72e-48326d1ce779,PlanExe
a479c46b-4dd8-4607-8fc6-a76cd66c4a0c,Implement Feedback Collection System,"Implement Feedback Collection System

Description:
Deploy the designed feedback mechanisms across all customer touchpoints. This includes training staff on how to solicit feedback and setting up online platforms for survey distribution and social media monitoring.

Resources needed:
• Shop Manager
• Operations Staff
• IT Support",10/27/2027,10/28/2027,0,d3a9b2b7-054c-49b9-84f2-147cacb7ca6b,PlanExe
c23c5044-2ee6-4157-b282-38845e53ede3,Analyze and Report Feedback Data,"Analyze and Report Feedback Data

Description:
Collect and analyze the gathered customer feedback data to identify key trends, areas for improvement, and potential issues. Prepare regular reports summarizing the findings and presenting actionable recommendations.

Resources needed:
• Marketing Specialist
• Data Analyst",10/28/2027,10/29/2027,0,a479c46b-4dd8-4607-8fc6-a76cd66c4a0c,PlanExe
dcaeb631-940d-436d-a4e0-773e23fa96bc,Act on Customer Feedback Insights,"Act on Customer Feedback Insights

Description:
Implement changes and improvements based on the analyzed customer feedback data. Communicate these changes to customers to demonstrate that their feedback is valued and acted upon.

Resources needed:
• Shop Manager
• Operations Staff
• Marketing Specialist",10/29/2027,10/30/2027,0,33bebb09-05c6-4f1d-a72e-48326d1ce779,PlanExe
e4bb5576-60a0-45d5-a48a-07cc0d63e8ee,Analyze Sales Data and Trends,,10/30/2027,11/3/2027,0,33bebb09-05c6-4f1d-a72e-48326d1ce779,PlanExe
7d6e556a-34f2-4643-b12b-c561b9699855,Collect Sales Data from POS System,"Collect Sales Data from POS System

Description:
Objective: Gather accurate sales data from the point-of-sale (POS) system.
Scope: Extract daily, weekly, and monthly sales figures for all products.
Steps: Access the POS system, generate sales reports, and export data to a spreadsheet.
Deliverables: Consolidated sales data in a structured format.

Resources needed:
• POS System
• Data Analyst
• Spreadsheet Software",10/30/2027,10/31/2027,0,e4bb5576-60a0-45d5-a48a-07cc0d63e8ee,PlanExe
a67c3408-2e83-4bae-9900-6dc1313c5a03,Identify Sales Trends and Patterns,"Identify Sales Trends and Patterns

Description:
Objective: Analyze sales data to identify trends and patterns.
Scope: Identify best-selling products, peak sales times, and seasonal variations.
Steps: Use statistical analysis techniques to identify trends, create visualizations, and document findings.
Deliverables: Report summarizing key sales trends and patterns.

Resources needed:
• Data Analyst
• Statistical Software
• Sales Data",10/31/2027,11/1/2027,0,7d6e556a-34f2-4643-b12b-c561b9699855,PlanExe
dfa8a796-7679-4036-8f19-eead576b0b88,Compare Sales Data to Marketing Campaigns,"Compare Sales Data to Marketing Campaigns

Description:
Objective: Evaluate the impact of marketing campaigns on sales.
Scope: Compare sales data before, during, and after marketing campaigns.
Steps: Correlate sales data with marketing campaign data, analyze campaign effectiveness, and document findings.
Deliverables: Report assessing the impact of marketing campaigns on sales.

Resources needed:
• Marketing Specialist
• Data Analyst
• Sales Data
• Marketing Campaign Data",11/1/2027,11/2/2027,0,a67c3408-2e83-4bae-9900-6dc1313c5a03,PlanExe
22c561b1-80b5-459f-88f9-c6a79e3cca6d,Forecast Future Sales Based on Trends,"Forecast Future Sales Based on Trends

Description:
Objective: Predict future sales based on identified trends.
Scope: Develop sales forecasts for the next quarter and year.
Steps: Use forecasting models to predict future sales, validate forecasts with historical data, and document assumptions.
Deliverables: Sales forecast report with supporting data and assumptions.

Resources needed:
• Data Analyst
• Forecasting Software
• Sales Data",11/2/2027,11/3/2027,0,e4bb5576-60a0-45d5-a48a-07cc0d63e8ee,PlanExe
36b7a132-5928-4a5f-a63a-74f1a4f8870b,Ensure Regulatory Compliance,,11/3/2027,11/7/2027,0,0c3696c4-6f0f-4af6-8b05-86de1f19805a,PlanExe
5cc5ab73-49b5-4927-8f9b-afdc3091a4f3,Monitor Danish Food Safety Regulations,"Monitor Danish Food Safety Regulations

Description:
Continuously track updates and changes to Danish food safety regulations to ensure ongoing compliance.

Resources needed:
• Compliance Officer
• Legal Counsel",11/3/2027,11/4/2027,0,36b7a132-5928-4a5f-a63a-74f1a4f8870b,PlanExe
cfe954f3-5689-4b86-95bd-52428d8f348e,Communicate with Food Authority,"Communicate with Food Authority

Description:
Maintain regular communication with the Danish Food and Veterinary Administration (Fødevarestyrelsen) to clarify requirements and address any concerns.

Resources needed:
• Compliance Officer
• Shop Manager",11/4/2027,11/5/2027,0,5cc5ab73-49b5-4927-8f9b-afdc3091a4f3,PlanExe
0cc75577-256e-48f3-a650-10d509001f68,Conduct Internal Compliance Audits,"Conduct Internal Compliance Audits

Description:
Perform periodic internal audits to assess compliance with all relevant regulations and identify areas for improvement.

Resources needed:
• Compliance Officer
• Operations Manager",11/5/2027,11/6/2027,0,cfe954f3-5689-4b86-95bd-52428d8f348e,PlanExe
6724e0ab-a1bf-420f-97e6-3d2a0f35b97d,Update Compliance Procedures,"Update Compliance Procedures

Description:
Regularly update and revise compliance procedures based on regulatory changes and audit findings.

Resources needed:
• Compliance Officer
• Operations Manager
• Legal Counsel",11/6/2027,11/7/2027,0,36b7a132-5928-4a5f-a63a-74f1a4f8870b,PlanExe
