{
  "plan_characteristics": {
    "ambition_and_scale": "The plan aims for a significant reduction in heatwave-related mortality and illness in a mid-sized European city, requiring a comprehensive and coordinated effort across multiple sectors.",
    "risk_and_novelty": "The plan involves moderate risk. It's not entirely novel, as heatwave response plans exist, but it requires adaptation to a specific city and vulnerable populations. The plan explicitly avoids high-risk approaches.",
    "complexity_and_constraints": "The plan is complex, involving multiple stakeholders, logistical challenges, and data privacy constraints (GDPR). It operates under a limited budget and timeline, requiring efficient resource allocation and realistic staffing plans.",
    "domain_and_tone": "The plan is in the public health domain with a practical and operational tone. It emphasizes realism, feasibility, and immediate impact.",
    "holistic_profile_of_the_plan": "A practical and comprehensive public health initiative aimed at reducing heatwave-related harm in a mid-sized European city, balancing ambition with realism, resource constraints, and data privacy considerations."
  },
  "scenario_assessments": [
    {
      "scenario_name": "The Pioneer's Gambit",
      "fit_score": 6,
      "fit_assessment": "This scenario's focus on innovation and advanced data analytics is somewhat misaligned with the plan's emphasis on avoiding overly aggressive or high-tech solutions and the constraints around data sharing and GDPR compliance. The reliance on a volunteer corps also introduces risks given the need for reliable staffing."
    },
    {
      "scenario_name": "The Builder's Foundation",
      "fit_score": 9,
      "fit_assessment": "This scenario aligns well with the plan's emphasis on building a robust and sustainable program using established methods and partnerships. It balances proactive outreach with data privacy and prioritizes efficient resource allocation, making it a strong fit."
    },
    {
      "scenario_name": "The Consolidator's Shield",
      "fit_score": 4,
      "fit_assessment": "This scenario is too conservative for the plan's ambition. While it minimizes risk, its reliance on existing resources and passive data collection may limit the program's effectiveness in reaching and assisting vulnerable populations."
    }
  ],
  "final_choice": {
    "chosen_scenario_name": "The Builder's Foundation",
    "justification": "The Builder's Foundation is the most suitable scenario because its strategic logic directly addresses the core requirements and constraints of the project plan. It emphasizes a balanced approach, prioritizing sustainable solutions and efficient resource allocation, which aligns with the plan's limited budget and timeline. \n\n*   It avoids the high-risk, high-reward approach of 'The Pioneer's Gambit,' which could be difficult to implement within the given constraints and data privacy concerns.\n*   It is more proactive and impactful than 'The Consolidator's Shield,' which may not adequately address the urgent needs of vulnerable populations during heatwaves.\n*   The use of contractor partnerships ensures operational capacity without over-relying on potentially strained municipal resources or the uncertainties of a volunteer workforce.\n*   The data acquisition strategy, focusing on targeted partnerships, strikes a balance between data accuracy and GDPR compliance."
  }
}