[
  {
    "id": 1,
    "category": "Program Manager",
    "explanation": "Oversees the entire project, ensuring all components are integrated and aligned with the goal of reducing heat-related harm.",
    "consequences": "Lack of overall coordination, missed deadlines, budget overruns, and failure to achieve project goals.",
    "count": "1"
  },
  {
    "id": 2,
    "category": "Community Outreach Coordinator",
    "explanation": "Leads the effort to identify and engage high-risk residents, ensuring they are aware of available resources and support.",
    "consequences": "Failure to reach vulnerable populations, leading to underutilization of resources and increased heat-related harm.",
    "count": "min 2, max 4, depending on the size of the city and the scale of the outreach program"
  },
  {
    "id": 3,
    "category": "Healthcare Liaison",
    "explanation": "Facilitates communication and coordination between the program and local healthcare providers, ensuring a seamless response to heat-related emergencies.",
    "consequences": "Poor coordination with healthcare systems, leading to delayed or inadequate medical care for vulnerable residents.",
    "count": "1"
  },
  {
    "id": 4,
    "category": "Logistics Coordinator",
    "explanation": "Manages the procurement, distribution, and installation of home-level interventions, ensuring timely delivery of essential supplies.",
    "consequences": "Delays in providing home-level interventions, leaving high-risk residents without essential protection during heatwaves.",
    "count": "min 1, max 2, depending on the number of home interventions planned"
  },
  {
    "id": 5,
    "category": "Cooling Center Manager",
    "explanation": "Responsible for the day-to-day operations of cooling centers, ensuring they are safe, accessible, and well-equipped to provide relief from the heat.",
    "consequences": "Inefficient or unsafe operation of cooling centers, reducing their effectiveness in providing relief from the heat.",
    "count": "min 2, max 6, depending on the number of cooling centers and their operating hours"
  },
  {
    "id": 6,
    "category": "Transportation Coordinator",
    "explanation": "Arranges and manages transportation services for mobility-limited residents, ensuring they can access cooling centers and other essential resources.",
    "consequences": "Inability for mobility-limited residents to access cooling centers and other essential resources, increasing their risk of heat-related harm.",
    "count": "min 1, max 3, depending on the size of the city and the demand for transportation services"
  },
  {
    "id": 7,
    "category": "Communications Specialist",
    "explanation": "Develops and implements public communication campaigns, ensuring that vulnerable residents are aware of heatwave risks and protective measures.",
    "consequences": "Lack of public awareness about heatwave risks and protective measures, leading to increased heat-related harm.",
    "count": "1"
  },
  {
    "id": 8,
    "category": "Data Analyst / GDPR Compliance Officer",
    "explanation": "Monitors program metrics, ensures data privacy, and provides insights for continuous improvement.",
    "consequences": "Inability to track program effectiveness, ensure data privacy, and make data-driven decisions for continuous improvement.",
    "count": "1"
  }
]