[
  {
    "id": "3594e3e4-4823-4eb9-ae0e-915f5a5b7cbe",
    "document_name": "Participating Nations Heatwave Frequency and Intensity Data",
    "description": "Historical data on the frequency, intensity, and duration of heatwaves in participating nations, including specific data for Thessaloniki, Palermo and Seville. This data is crucial for establishing a baseline and predicting future heatwave patterns. Intended audience: Project Manager, Data Analyst.",
    "recency_requirement": "At least 10 years of historical data, updated annually.",
    "responsible_role_type": "Data Analyst / GDPR Compliance Officer",
    "steps_to_find": [
      "Contact national meteorological agencies.",
      "Search international climate databases (e.g., World Meteorological Organization).",
      "Review academic literature on heatwave trends."
    ],
    "access_difficulty": "Medium: Requires contacting specific agencies and potentially accessing subscription-based databases."
  },
  {
    "id": "15a2ee5e-3964-4725-ba0b-80e860b2cb9f",
    "document_name": "Participating Nations Mortality and Morbidity Data During Heatwaves",
    "description": "Statistical data on mortality and morbidity rates during heatwaves in participating nations, broken down by age, gender, and pre-existing health conditions. This data is essential for identifying vulnerable populations and assessing the impact of heatwaves on public health. Intended audience: Healthcare Liaison, Data Analyst.",
    "recency_requirement": "Data from the last 5 years, updated annually.",
    "responsible_role_type": "Healthcare Liaison",
    "steps_to_find": [
      "Contact national public health agencies.",
      "Search international health databases (e.g., World Health Organization).",
      "Review academic literature on heatwave-related health impacts."
    ],
    "access_difficulty": "Medium: Requires contacting specific agencies and potentially accessing restricted datasets."
  },
  {
    "id": "b10654fc-64b0-44fb-93da-f4913478321f",
    "document_name": "Existing National Public Health Emergency Response Plans",
    "description": "Existing national and regional public health emergency response plans, including those related to heatwaves. These plans provide a framework for coordinating resources and responding to public health emergencies. Intended audience: Project Manager, Healthcare Liaison.",
    "recency_requirement": "Current versions of the plans.",
    "responsible_role_type": "Project Manager",
    "steps_to_find": [
      "Search government websites and databases.",
      "Contact national and regional public health agencies.",
      "Review relevant legislation and regulations."
    ],
    "access_difficulty": "Easy: Publicly available on government websites."
  },
  {
    "id": "bc6bb599-f825-4d61-bf14-7fe417013227",
    "document_name": "Existing National Building Codes and Regulations Related to Insulation and Ventilation",
    "description": "Existing national and regional building codes and regulations related to insulation and ventilation. These codes and regulations impact the effectiveness of home interventions and the design of cooling centers. Intended audience: Logistics Coordinator, Project Manager.",
    "recency_requirement": "Current versions of the codes and regulations.",
    "responsible_role_type": "Logistics Coordinator",
    "steps_to_find": [
      "Search government websites and databases.",
      "Contact national and regional building authorities.",
      "Review relevant legislation and regulations."
    ],
    "access_difficulty": "Easy: Publicly available on government websites."
  },
  {
    "id": "ed5520d8-ad85-4e8d-ab74-3b34d792c79e",
    "document_name": "Existing National Social Service Programs and Opt-in Registries",
    "description": "Information on existing national and regional social service programs and opt-in registries that target vulnerable populations. This information is crucial for identifying potential partners and reaching high-risk residents. Intended audience: Community Outreach Coordinator.",
    "recency_requirement": "Up-to-date information on current programs and registries.",
    "responsible_role_type": "Community Outreach Coordinator",
    "steps_to_find": [
      "Search government websites and databases.",
      "Contact national and regional social service agencies.",
      "Review relevant legislation and regulations."
    ],
    "access_difficulty": "Easy: Publicly available on government websites."
  },
  {
    "id": "e83c3aeb-d453-4912-8692-d552402325f2",
    "document_name": "Existing National GDPR and Data Protection Laws",
    "description": "Existing national and regional GDPR and data protection laws. These laws govern the collection, storage, and use of personal data and must be complied with throughout the project. Intended audience: Data Analyst / GDPR Compliance Officer, Legal Counsel.",
    "recency_requirement": "Current versions of the laws and regulations.",
    "responsible_role_type": "Data Analyst / GDPR Compliance Officer",
    "steps_to_find": [
      "Search government websites and databases.",
      "Contact national and regional data protection authorities.",
      "Review relevant legislation and regulations."
    ],
    "access_difficulty": "Easy: Publicly available on government websites."
  },
  {
    "id": "02f603dc-8591-4de0-8e6e-5c5486cc3148",
    "document_name": "Official Participating Nations Census Data",
    "description": "Official census data for participating nations, including demographic information on age, gender, income, housing type, and health status. This data is essential for identifying vulnerable populations and targeting interventions effectively. Intended audience: Data Analyst / GDPR Compliance Officer, Community Outreach Coordinator.",
    "recency_requirement": "Most recent available census data.",
    "responsible_role_type": "Data Analyst / GDPR Compliance Officer",
    "steps_to_find": [
      "Contact national statistical offices.",
      "Search government websites and databases.",
      "Review relevant publications and reports."
    ],
    "access_difficulty": "Medium: Requires contacting specific agencies and potentially accessing restricted datasets."
  },
  {
    "id": "dc4ad1cd-d621-47f7-b70b-3edad4bde48d",
    "document_name": "Existing National Healthcare System Data and Protocols",
    "description": "Data and protocols related to the national healthcare system, including information on hospital capacity, emergency services, and primary care providers. This information is crucial for coordinating the heatwave response program with the healthcare system. Intended audience: Healthcare Liaison.",
    "recency_requirement": "Up-to-date information on current protocols and capacity.",
    "responsible_role_type": "Healthcare Liaison",
    "steps_to_find": [
      "Contact national and regional health authorities.",
      "Search government websites and databases.",
      "Review relevant publications and reports."
    ],
    "access_difficulty": "Medium: Requires contacting specific agencies and potentially accessing restricted datasets."
  },
  {
    "id": "9fcfa125-3472-4c4e-86ae-bddba13e22b4",
    "document_name": "Existing National Transportation Infrastructure Data",
    "description": "Data on the national transportation infrastructure, including information on public transportation routes, taxi services, and accessibility for mobility-limited residents. This information is crucial for providing transportation services to cooling centers and other essential resources. Intended audience: Transportation Coordinator.",
    "recency_requirement": "Up-to-date information on current routes and services.",
    "responsible_role_type": "Transportation Coordinator",
    "steps_to_find": [
      "Contact national and regional transportation authorities.",
      "Search government websites and databases.",
      "Review relevant publications and reports."
    ],
    "access_difficulty": "Easy: Publicly available on government websites."
  },
  {
    "id": "1a473a07-de2b-44f7-82b5-7d2c02473e65",
    "document_name": "Existing National Economic Indicators",
    "description": "Economic indicators for participating nations, including data on poverty rates, unemployment rates, and housing affordability. This data is essential for understanding the socio-economic context of vulnerable populations. Intended audience: Financial Analyst, Project Manager.",
    "recency_requirement": "Most recent available data.",
    "responsible_role_type": "Financial Analyst",
    "steps_to_find": [
      "Contact national statistical offices.",
      "Search international economic databases (e.g., World Bank).",
      "Review relevant publications and reports."
    ],
    "access_difficulty": "Easy: Publicly available on government websites and international databases."
  },
  {
    "id": "5abbc773-d7aa-4a80-ab8d-52f42f743844",
    "document_name": "Existing National Energy Consumption Data",
    "description": "Data on energy consumption patterns, including residential energy use and the prevalence of energy-efficient appliances. This data is relevant to assessing the potential impact of home interventions on energy consumption. Intended audience: Logistics Coordinator, Data Analyst.",
    "recency_requirement": "Most recent available data.",
    "responsible_role_type": "Logistics Coordinator",
    "steps_to_find": [
      "Contact national energy agencies.",
      "Search government websites and databases.",
      "Review relevant publications and reports."
    ],
    "access_difficulty": "Medium: Requires contacting specific agencies and potentially accessing restricted datasets."
  },
  {
    "id": "ab7003a8-2485-40b8-8b01-c0613d6ffb5d",
    "document_name": "Existing National Volunteer Organization Directories",
    "description": "Directories of existing volunteer organizations and community groups that could potentially partner with the heatwave response program. This information is crucial for recruiting volunteers and building community resilience. Intended audience: Community Outreach Coordinator.",
    "recency_requirement": "Up-to-date directories of current organizations.",
    "responsible_role_type": "Community Outreach Coordinator",
    "steps_to_find": [
      "Search government websites and databases.",
      "Contact national and regional volunteer centers.",
      "Review relevant publications and reports."
    ],
    "access_difficulty": "Easy: Publicly available on government websites."
  },
  {
    "id": "898d1b25-9559-4dcc-a33f-0aa39ae80a89",
    "document_name": "Existing National Public Opinion Survey Data on Climate Change and Health",
    "description": "Data from public opinion surveys on climate change and health, including awareness of heatwave risks and support for government action. This data is relevant to designing effective communication campaigns. Intended audience: Communications Specialist.",
    "recency_requirement": "Data from the last 2 years.",
    "responsible_role_type": "Communications Specialist",
    "steps_to_find": [
      "Search government websites and databases.",
      "Contact national polling organizations.",
      "Review relevant publications and reports."
    ],
    "access_difficulty": "Medium: Requires contacting specific organizations and potentially accessing subscription-based datasets."
  },
  {
    "id": "042909ef-ef99-40d8-989f-4e18c08e104d",
    "document_name": "Existing National Maps of Urban Heat Islands",
    "description": "Maps and data identifying urban heat islands within participating nations. This data is crucial for strategically locating cooling centers and targeting outreach efforts. Intended audience: GIS Analyst, Project Manager.",
    "recency_requirement": "Most recent available maps and data.",
    "responsible_role_type": "GIS Analyst",
    "steps_to_find": [
      "Contact national and regional environmental agencies.",
      "Search government websites and databases.",
      "Review relevant publications and reports."
    ],
    "access_difficulty": "Medium: Requires contacting specific agencies and potentially accessing restricted datasets."
  },
  {
    "id": "987a7bd6-2854-4946-9177-043fe7dd07c9",
    "document_name": "Existing National Data on Home Energy Efficiency Programs",
    "description": "Information on existing national and regional programs that promote home energy efficiency, including subsidies and incentives for insulation and ventilation upgrades. This information is relevant to identifying potential funding sources and partnerships for home interventions. Intended audience: Logistics Coordinator, Financial Analyst.",
    "recency_requirement": "Up-to-date information on current programs.",
    "responsible_role_type": "Logistics Coordinator",
    "steps_to_find": [
      "Search government websites and databases.",
      "Contact national and regional energy agencies.",
      "Review relevant publications and reports."
    ],
    "access_difficulty": "Easy: Publicly available on government websites."
  }
]