[
  {
    "id": "c4a9c0da-3101-416c-bc75-d2ae7f8d2e30",
    "document_name": "Project Charter",
    "description": "A formal, high-level document that authorizes the project, defines its objectives, identifies key stakeholders, and outlines the project manager's authority and responsibilities. It serves as a foundational agreement among key stakeholders.",
    "responsible_role_type": "Project Manager",
    "document_template_primary": "PMI Project Charter Template",
    "document_template_secondary": null,
    "steps_to_create": [
      "Define project goals and objectives based on the goal statement.",
      "Identify key stakeholders and their roles.",
      "Outline project scope, deliverables, and success criteria.",
      "Establish project governance and decision-making processes.",
      "Obtain approval from relevant authorities."
    ],
    "approval_authorities": "Municipal Authorities, Heads of Relevant Departments",
    "essential_information": [
      "What are the specific, measurable, achievable, relevant, and time-bound (SMART) goals and objectives of the heatwave response program?",
      "Who are the primary and secondary stakeholders, and what are their roles and responsibilities in the project?",
      "What is the high-level scope of the project, including key deliverables and success criteria?",
      "What is the project's governance structure, including decision-making processes and escalation paths?",
      "What is the project manager's authority and responsibilities?",
      "What are the key assumptions underlying the project plan, and how will they be validated?",
      "What are the major risks to the project, and what are the mitigation strategies?",
      "What is the estimated budget for the project, and how will resources be allocated?",
      "What is the project timeline, including key milestones and deadlines?",
      "What are the dependencies that could impact the project's success?",
      "What are the regulatory and compliance requirements for the project, including GDPR and building codes?",
      "What are the criteria for project success and how will they be measured?",
      "Requires access to the project plan document.",
      "Requires access to the risk assessment document.",
      "Requires access to the stakeholder analysis document.",
      "Requires access to the regulatory and compliance requirements document.",
      "Requires access to the assumptions document."
    ],
    "risks_of_poor_quality": [
      "Lack of clear project objectives leads to scope creep and wasted resources.",
      "Unclear stakeholder roles and responsibilities result in confusion and conflict.",
      "Inadequate risk assessment and mitigation planning lead to unforeseen problems and delays.",
      "Insufficient budget allocation results in underfunding of critical activities.",
      "Unrealistic timeline leads to missed deadlines and project failure.",
      "Failure to comply with regulatory requirements results in fines and legal action.",
      "Lack of stakeholder buy-in leads to resistance and project delays."
    ],
    "worst_case_scenario": "The project fails to achieve its objectives due to lack of clear direction, stakeholder conflicts, and unforeseen risks, resulting in continued heatwave-related mortality and serious illness in Thessaloniki and a loss of public trust in the municipality.",
    "best_case_scenario": "The project charter provides a clear and concise framework for the heatwave response program, enabling effective collaboration among stakeholders, efficient resource allocation, and successful implementation of interventions, resulting in a significant reduction in heatwave-related mortality and serious illness in Thessaloniki.",
    "fallback_alternative_approaches": [
      "Utilize a pre-approved project charter template from a similar public health initiative and adapt it to the specific context of Thessaloniki.",
      "Schedule a focused workshop with key stakeholders to collaboratively define project goals, scope, and responsibilities.",
      "Engage a project management consultant to assist in developing the project charter.",
      "Develop a simplified 'minimum viable charter' covering only critical elements initially, and iterate on it as the project progresses."
    ]
  },
  {
    "id": "4c97b6a1-a7c5-47ce-9293-7afacb0f54c1",
    "document_name": "Risk Register",
    "description": "A comprehensive document that identifies potential risks to the project, assesses their likelihood and impact, and outlines mitigation strategies. It is a living document that is regularly updated throughout the project lifecycle.",
    "responsible_role_type": "Risk Manager",
    "document_template_primary": "PMI Risk Register Template",
    "document_template_secondary": null,
    "steps_to_create": [
      "Identify potential risks based on project assumptions and constraints.",
      "Assess the likelihood and impact of each risk.",
      "Develop mitigation strategies for high-priority risks.",
      "Assign responsibility for monitoring and managing each risk.",
      "Regularly review and update the risk register."
    ],
    "approval_authorities": "Project Manager, Heads of Relevant Departments",
    "essential_information": [
      "Identify all potential risks associated with the heatwave mortality reduction program, categorized by type (e.g., regulatory, financial, operational, social, supply chain, environmental, technical, reputational).",
      "For each identified risk, assess its likelihood of occurrence (e.g., Low, Medium, High) and the severity of its potential impact (e.g., Low, Medium, High).",
      "Quantify the potential financial impact of each risk, where possible (e.g., estimated cost of fines, potential budget overruns).",
      "Detail specific mitigation strategies for each high-priority risk, including concrete actions to reduce likelihood and/or impact.",
      "Assign a responsible individual or team for monitoring and managing each risk.",
      "Define triggers or warning signs that indicate a risk is becoming more likely or its impact is increasing.",
      "Outline contingency plans to be implemented if a risk materializes despite mitigation efforts.",
      "Include a risk scoring matrix or similar tool to prioritize risks based on likelihood and impact.",
      "Specify the frequency with which the risk register will be reviewed and updated (e.g., weekly, monthly).",
      "Document the source of each identified risk (e.g., project assumptions, stakeholder concerns, historical data).",
      "Detail the dependencies between risks, if any (e.g., one risk triggering another).",
      "Identify potential opportunities that may arise from mitigating certain risks (e.g., improved efficiency, enhanced stakeholder relationships)."
    ],
    "risks_of_poor_quality": [
      "Failure to identify critical risks leads to inadequate mitigation plans and increased vulnerability to project disruptions.",
      "Inaccurate risk assessments result in misallocation of resources and ineffective mitigation efforts.",
      "Outdated or incomplete risk information prevents timely and appropriate responses to emerging threats.",
      "Lack of clear ownership and accountability for risk management leads to inaction and increased potential for negative impacts.",
      "Poorly defined mitigation strategies result in ineffective risk reduction and increased project vulnerability.",
      "Insufficient detail on contingency plans leaves the project unprepared to handle unforeseen events."
    ],
    "worst_case_scenario": "A major, unmitigated risk (e.g., GDPR non-compliance, extreme-event surge) causes significant project delays, financial losses, reputational damage, and ultimately, failure to achieve the goal of reducing heatwave-related mortality, resulting in preventable deaths and illnesses.",
    "best_case_scenario": "The Risk Register enables proactive identification and effective mitigation of potential threats, minimizing disruptions, ensuring project success, and maximizing the program's impact on reducing heatwave-related mortality and illness. It also fosters a culture of risk awareness and accountability within the project team.",
    "fallback_alternative_approaches": [
      "Utilize a simplified risk assessment template focusing on the top 5-10 most critical risks initially.",
      "Conduct a brainstorming session with key stakeholders to identify potential risks collaboratively.",
      "Engage a risk management consultant for a rapid assessment and development of a basic risk register.",
      "Adapt a pre-existing risk register from a similar public health program.",
      "Focus initially on identifying risks related to GDPR compliance and financial stability, deferring other risk categories."
    ]
  },
  {
    "id": "3828df72-4ee8-45b0-ae2f-66dc1ab0d419",
    "document_name": "High-Level Budget/Funding Framework",
    "description": "A high-level overview of the project budget, including the total funding available, the allocation of funds to different project components, and the sources of funding. It provides a financial roadmap for the project and ensures that resources are allocated effectively.",
    "responsible_role_type": "Financial Analyst",
    "document_template_primary": null,
    "document_template_secondary": null,
    "steps_to_create": [
      "Identify all project costs, including personnel, equipment, and supplies.",
      "Allocate funds to different project components based on priorities.",
      "Identify potential sources of funding, including municipal funds, grants, and donations.",
      "Develop a budget tracking system.",
      "Obtain approval from relevant authorities."
    ],
    "approval_authorities": "Municipal Authorities, Heads of Relevant Departments",
    "essential_information": [
      "What is the total funding available for the heatwave mortality reduction program?",
      "How is the funding allocated across the major project components (cooling centers, outreach, home interventions, transport, communications, management)? Provide specific amounts and percentages.",
      "What are the sources of funding (municipal funds, grants, donations, etc.) and the amount expected from each source?",
      "What are the key assumptions underlying the budget (e.g., cost per cooling center, outreach personnel costs, home intervention material costs)?",
      "What are the contingency funds allocated for unforeseen expenses or risks?",
      "What are the key performance indicators (KPIs) for tracking budget utilization and cost-effectiveness?",
      "What is the process for requesting and approving budget adjustments or reallocations?",
      "What are the reporting requirements for budget expenditures and financial performance?",
      "What are the specific costs associated with GDPR compliance and data security measures?",
      "What are the estimated costs for volunteer recruitment, training, and risk management?"
    ],
    "risks_of_poor_quality": [
      "Inaccurate budget estimates lead to funding shortfalls and project delays.",
      "Inefficient resource allocation results in underfunded critical components and reduced program effectiveness.",
      "Lack of transparency in budget allocation undermines stakeholder trust and support.",
      "Failure to secure sufficient funding jeopardizes the program's ability to achieve its goals.",
      "Poor budget tracking and reporting leads to financial mismanagement and potential fraud.",
      "Underestimation of GDPR compliance costs leads to non-compliance and potential fines."
    ],
    "worst_case_scenario": "The program runs out of funding mid-implementation, forcing a premature shutdown and leaving vulnerable populations without critical support during a heatwave, resulting in increased mortality and negative publicity.",
    "best_case_scenario": "The budget is well-defined, transparent, and effectively managed, enabling the program to achieve its mortality reduction goals within budget and on time. This secures continued funding and expands the program to other cities.",
    "fallback_alternative_approaches": [
      "Develop a simplified 'minimum viable budget' focusing on the most critical interventions initially.",
      "Utilize a pre-approved municipal budget template and adapt it to the project's specific needs.",
      "Schedule a focused workshop with financial stakeholders to collaboratively define budget priorities and allocations.",
      "Engage a financial consultant or subject matter expert for assistance in developing the budget framework.",
      "Phase the budget development, starting with high-level estimates and refining them as more information becomes available."
    ]
  },
  {
    "id": "4c752b9c-b1ec-488c-bd0f-c023c34e8320",
    "document_name": "Funding Agreement Structure/Template",
    "description": "A template for agreements with funding partners, outlining the terms and conditions of funding, reporting requirements, and intellectual property rights. It ensures that all funding agreements are consistent and legally sound.",
    "responsible_role_type": "Legal Counsel",
    "document_template_primary": null,
    "document_template_secondary": null,
    "steps_to_create": [
      "Define the terms and conditions of funding.",
      "Outline reporting requirements and timelines.",
      "Establish intellectual property rights.",
      "Ensure compliance with relevant laws and regulations.",
      "Obtain approval from relevant authorities."
    ],
    "approval_authorities": "Legal Counsel, Municipal Authorities, Heads of Relevant Departments",
    "essential_information": [
      "What are the specific funding sources being targeted (e.g., EU grants, private donors, municipal budget)?",
      "What are the standard legal clauses required by the municipality for funding agreements?",
      "What are the key performance indicators (KPIs) that funders will use to evaluate the program's success?",
      "What are the reporting frequency and format requirements for each funding source?",
      "What are the municipality's policies regarding intellectual property rights for projects funded by external sources?",
      "What are the acceptable use clauses for the funding?",
      "What are the termination clauses for the funding agreement?",
      "What are the dispute resolution mechanisms?",
      "What are the liability clauses?",
      "What are the data privacy and security requirements?",
      "What are the audit requirements?",
      "What are the insurance requirements?",
      "What are the governing law and jurisdiction?",
      "What are the communication protocols with the funding partner?",
      "What are the amendment procedures for the agreement?",
      "What are the requirements for acknowledging the funding partner in program materials and communications?"
    ],
    "risks_of_poor_quality": [
      "Inconsistent funding terms across different agreements lead to administrative overhead and potential legal disputes.",
      "Unclear reporting requirements result in delayed or inadequate reporting, jeopardizing future funding opportunities.",
      "Ambiguous intellectual property rights create conflicts and hinder the program's ability to leverage its innovations.",
      "Failure to comply with legal and regulatory requirements results in fines, penalties, and reputational damage.",
      "Inadequate protection of the municipality's interests in the event of project failure or termination.",
      "Inability to secure funding due to unfavorable or unclear agreement terms."
    ],
    "worst_case_scenario": "The municipality loses a significant funding source due to a poorly structured agreement, leading to program delays, scope reductions, and a failure to achieve the project's mortality reduction goals. Legal challenges arise, damaging the municipality's reputation and hindering future funding opportunities.",
    "best_case_scenario": "The template streamlines the funding agreement process, ensuring consistent and legally sound agreements with all funding partners. This facilitates timely access to funding, clear reporting, and protection of the municipality's interests, enabling the program to achieve its goals and attract further investment.",
    "fallback_alternative_approaches": [
      "Adapt a pre-approved funding agreement template from a similar public health initiative in another European city.",
      "Engage an external legal consultant specializing in public sector funding agreements to develop the template.",
      "Develop a simplified 'minimum viable template' covering only essential legal and financial terms initially, and expand it iteratively.",
      "Conduct a workshop with legal counsel, municipal authorities, and relevant department heads to collaboratively define the template's requirements."
    ]
  },
  {
    "id": "8db2d360-f92e-4d1a-86c7-ea877a4c8378",
    "document_name": "Initial High-Level Schedule/Timeline",
    "description": "A high-level overview of the project schedule, including key milestones, deliverables, and deadlines. It provides a roadmap for project execution and ensures that the project stays on track.",
    "responsible_role_type": "Project Manager",
    "document_template_primary": "Gantt Chart Template",
    "document_template_secondary": null,
    "steps_to_create": [
      "Identify key project milestones and deliverables.",
      "Estimate the time required to complete each task.",
      "Develop a project schedule using a Gantt chart or other scheduling tool.",
      "Identify critical path activities.",
      "Obtain approval from relevant authorities."
    ],
    "approval_authorities": "Project Manager, Heads of Relevant Departments",
    "essential_information": [
      "What are the key milestones for each of the 9 strategic decisions (levers) outlined in 'strategic_decisions.md'?",
      "What are the dependencies between these milestones, considering the strategic connections (synergies and conflicts) described for each lever?",
      "What is the estimated duration for each milestone, considering the resource constraints and assumptions outlined in 'assumptions.md'?",
      "What are the deadlines for each milestone, aligning with the 12-month project timeline specified in 'project-plan.md'?",
      "Identify the critical path activities that directly impact the project's ability to meet its goal statement in 'project-plan.md'.",
      "Include a visual representation of the schedule (e.g., Gantt chart) showing the timeline, milestones, dependencies, and critical path.",
      "Incorporate key decision points from 'strategic_decisions.md' into the timeline, indicating when choices for each lever need to be finalized.",
      "Detail the review and approval process for each major milestone, specifying responsible roles (Project Manager, Heads of Relevant Departments).",
      "Outline the process for updating the schedule based on progress and any changes to assumptions or risks identified in 'assumptions.md' and 'project-plan.md'.",
      "Specify the month 4 scale gate from 'assumptions.md' as a critical milestone, with clear success criteria and contingency plans."
    ],
    "risks_of_poor_quality": [
      "Unrealistic timelines lead to missed deadlines and project delays.",
      "Unclear dependencies result in inefficient resource allocation and rework.",
      "Failure to identify critical path activities jeopardizes the project's ability to meet its goal statement.",
      "Lack of stakeholder buy-in due to unclear timelines and milestones.",
      "Inadequate monitoring and updating of the schedule leads to inaccurate progress tracking and poor decision-making."
    ],
    "worst_case_scenario": "The project fails to meet its goal statement due to missed deadlines, inefficient resource allocation, and a lack of stakeholder buy-in, resulting in increased heatwave-related mortality and serious illness in Thessaloniki.",
    "best_case_scenario": "The project is completed on time and within budget, resulting in a significant reduction in heatwave-related mortality and serious illness in Thessaloniki. The schedule provides a clear roadmap for project execution, enabling efficient resource allocation, effective stakeholder communication, and proactive risk management. The month 4 scale gate is successfully met, allowing for expansion of the program.",
    "fallback_alternative_approaches": [
      "Utilize a pre-approved Gantt chart template and adapt it to the project's specific milestones and deliverables.",
      "Schedule a focused workshop with the Project Manager and Heads of Relevant Departments to collaboratively define the initial schedule.",
      "Develop a simplified 'minimum viable schedule' covering only critical path activities and major milestones initially, then expand it iteratively.",
      "Engage a project scheduling expert for assistance in developing a realistic and comprehensive schedule."
    ]
  },
  {
    "id": "e447f015-8b96-4b83-b93a-03ab0bc576de",
    "document_name": "Targeted Outreach Strategy Framework",
    "description": "A high-level framework outlining the approach to identifying and engaging high-risk residents. It defines target populations, outreach methods, and success metrics, balancing reach with privacy concerns.",
    "responsible_role_type": "Community Outreach Coordinator",
    "document_template_primary": null,
    "document_template_secondary": null,
    "steps_to_create": [
      "Define target populations based on vulnerability criteria.",
      "Identify appropriate outreach methods for each population.",
      "Establish success metrics for outreach efforts.",
      "Develop protocols for managing data privacy and security.",
      "Obtain approval from relevant authorities."
    ],
    "approval_authorities": "Project Manager, Heads of Relevant Departments",
    "essential_information": [
      "Define specific criteria for identifying 'high-risk residents' (e.g., age, pre-existing conditions, location, socioeconomic factors).",
      "List all potential outreach methods, including existing social service networks, mail campaigns, community events, and digital channels.",
      "Detail the data sources required to identify and segment target populations (e.g., census data, health records, social service registries).",
      "Quantify the expected reach and enrollment rates for each outreach method.",
      "Define specific, measurable, achievable, relevant, and time-bound (SMART) success metrics for the outreach strategy (e.g., enrollment rates, contact success rates, demographic diversity of participants).",
      "Detail the data privacy and security protocols to be implemented, ensuring GDPR compliance (e.g., data anonymization, consent management, secure data storage).",
      "Identify potential risks associated with each outreach method (e.g., privacy violations, volunteer safety) and develop mitigation plans.",
      "Outline the communication channels and messaging to be used for each target population, ensuring cultural sensitivity and accessibility.",
      "Specify the roles and responsibilities of the outreach team, including municipal staff, contractors, and volunteers.",
      "Requires access to the 'Strategic Decisions' document, specifically the 'Targeted Outreach Strategy' section, and the 'Assumptions' document for relevant assumptions."
    ],
    "risks_of_poor_quality": [
      "Ineffective outreach efforts leading to low enrollment rates and failure to reach vulnerable populations.",
      "Privacy violations and GDPR non-compliance resulting in fines, legal action, and loss of public trust.",
      "Wasted resources due to inefficient outreach methods and lack of targeting.",
      "Increased heat-related incidents and mortality among vulnerable populations due to lack of awareness and access to resources.",
      "Damage to the municipality's reputation due to negative publicity surrounding outreach efforts."
    ],
    "worst_case_scenario": "Failure to reach vulnerable populations results in a significant increase in heat-related deaths and hospitalizations, leading to public outcry, legal challenges, and a loss of confidence in the municipality's ability to protect its citizens.",
    "best_case_scenario": "The framework enables highly effective and targeted outreach, resulting in high enrollment rates among vulnerable populations, a significant reduction in heat-related incidents, and improved public health outcomes. It enables the decision to allocate resources to the most effective outreach methods and provides a clear roadmap for the outreach team.",
    "fallback_alternative_approaches": [
      "Utilize a pre-approved company template for outreach strategies and adapt it to the specific context.",
      "Schedule a focused workshop with stakeholders (municipal staff, community leaders, healthcare providers) to collaboratively define target populations and outreach methods.",
      "Engage a communications specialist or subject matter expert for assistance in developing culturally sensitive and accessible messaging.",
      "Develop a simplified 'minimum viable framework' covering only critical elements (target populations, outreach methods, data privacy) initially, and iterate based on feedback."
    ]
  },
  {
    "id": "bec2a45e-50ef-4056-85cb-71fb3a088f97",
    "document_name": "Resource Allocation Model Framework",
    "description": "A framework outlining the approach to allocating resources across different interventions. It defines the criteria for resource allocation, the process for making allocation decisions, and the mechanisms for monitoring resource utilization.",
    "responsible_role_type": "Financial Analyst",
    "document_template_primary": null,
    "document_template_secondary": null,
    "steps_to_create": [
      "Define criteria for resource allocation based on project objectives and priorities.",
      "Establish a process for making allocation decisions.",
      "Develop mechanisms for monitoring resource utilization and cost-effectiveness.",
      "Ensure equitable distribution of resources across vulnerable groups.",
      "Obtain approval from relevant authorities."
    ],
    "approval_authorities": "Project Manager, Heads of Relevant Departments",
    "essential_information": [
      "What are the specific criteria for allocating resources across cooling centers, home interventions, transport, outreach, and communications?",
      "How will the allocation process ensure equitable distribution of resources across different vulnerable groups (e.g., elderly, low-income, recent migrants)?",
      "What data sources will be used to inform resource allocation decisions (e.g., real-time demand, utilization data, demographic data)?",
      "What are the key performance indicators (KPIs) for measuring the cost-effectiveness of each intervention?",
      "Detail the process for dynamically adjusting budgets based on real-time demand and utilization data.",
      "Describe the mechanisms for monitoring resource utilization and preventing waste or misuse.",
      "Outline the approval process for resource allocation decisions, including roles and responsibilities.",
      "How will the framework address potential conflicts between different interventions competing for resources?",
      "What are the specific budget line items that will be tracked and reported on?",
      "How will the framework ensure compliance with relevant financial regulations and reporting requirements?"
    ],
    "risks_of_poor_quality": [
      "Inefficient resource allocation leading to underfunding of critical interventions and reduced program impact.",
      "Inequitable distribution of resources, resulting in disparities in access to services for different vulnerable groups.",
      "Lack of transparency in the allocation process, leading to stakeholder dissatisfaction and mistrust.",
      "Inability to adapt to changing needs and priorities, resulting in wasted resources and missed opportunities.",
      "Budget overruns and financial instability, jeopardizing the long-term sustainability of the program."
    ],
    "worst_case_scenario": "Critical interventions are underfunded due to a poorly designed resource allocation model, leading to a significant increase in heat-related mortality and serious illness, and eroding public trust in the municipality's ability to protect vulnerable populations.",
    "best_case_scenario": "The framework enables optimal resource allocation, maximizing the impact of each intervention and achieving a significant reduction in heat-related harm. It fosters transparency and accountability, building stakeholder trust and ensuring the long-term sustainability of the program. Enables go/no-go decision on scaling the program to other municipalities.",
    "fallback_alternative_approaches": [
      "Utilize a pre-existing resource allocation template from a similar public health program and adapt it to the specific context.",
      "Schedule a workshop with key stakeholders (program managers, financial analysts, community representatives) to collaboratively define resource allocation criteria and priorities.",
      "Develop a simplified 'minimum viable framework' focusing on the most critical interventions and allocation decisions initially, with plans to expand it later.",
      "Engage a financial consultant with expertise in public health program budgeting to provide guidance and support."
    ]
  },
  {
    "id": "a7187043-0cfa-4f2b-ab6f-3ad7ad6eab60",
    "document_name": "Proactive Health Coordination Framework",
    "description": "A framework outlining the approach to integrating the heatwave response program with the existing healthcare system. It defines communication protocols, data-sharing agreements, and training requirements for healthcare providers.",
    "responsible_role_type": "Healthcare Liaison",
    "document_template_primary": null,
    "document_template_secondary": null,
    "steps_to_create": [
      "Establish communication protocols between outreach teams and healthcare providers.",
      "Develop data-sharing agreements that comply with GDPR regulations.",
      "Identify training needs for healthcare providers on heatwave response.",
      "Establish mechanisms for monitoring the effectiveness of health coordination efforts.",
      "Obtain approval from relevant authorities."
    ],
    "approval_authorities": "Project Manager, Heads of Relevant Departments",
    "essential_information": [
      "Define specific communication protocols between outreach teams, hospitals, and primary care providers, including frequency, channels, and escalation procedures.",
      "Detail the data-sharing agreements, specifying what data will be shared, for what purpose, and how GDPR compliance will be ensured (including anonymization and consent mechanisms).",
      "Identify training needs for healthcare providers on heatwave-related illness recognition, treatment, and reporting, including content, delivery method, and frequency.",
      "Establish metrics for monitoring the effectiveness of health coordination efforts, such as reductions in heat-related EMS calls, ED visits, and hospital admissions, and define data collection methods.",
      "Outline the process for obtaining approval from relevant authorities (e.g., hospital administrators, data protection officers) for the framework and its implementation.",
      "Specify roles and responsibilities of each stakeholder involved in proactive health coordination.",
      "Describe the process for handling patient referrals between outreach teams and healthcare providers.",
      "Detail the process for updating the framework based on feedback and performance data.",
      "What are the legal and ethical considerations for proactive health coordination?",
      "What are the resource requirements (personnel, technology, budget) for implementing the framework?"
    ],
    "risks_of_poor_quality": [
      "Lack of clear communication protocols leads to delayed or ineffective responses to heat-related illnesses.",
      "Inadequate data-sharing agreements result in incomplete information and hinder proactive intervention planning.",
      "Insufficient training for healthcare providers leads to misdiagnosis or inappropriate treatment of heat-related illnesses.",
      "Failure to obtain necessary approvals delays implementation and creates legal risks.",
      "Poorly defined roles and responsibilities lead to confusion and duplication of effort.",
      "Lack of monitoring mechanisms prevents identification of areas for improvement."
    ],
    "worst_case_scenario": "Failure to effectively integrate the heatwave response program with the healthcare system results in increased heat-related hospitalizations and mortality, undermining the program's overall goals and damaging public trust.",
    "best_case_scenario": "Seamless integration of the heatwave response program with the healthcare system leads to early detection and effective treatment of heat-related illnesses, significantly reducing hospitalizations and mortality, and improving overall public health outcomes. Enables informed decisions on resource allocation and program expansion.",
    "fallback_alternative_approaches": [
      "Start with a simplified framework focusing on basic communication protocols and data sharing, and gradually expand its scope as trust and capacity increase.",
      "Conduct a series of workshops with healthcare providers and outreach teams to collaboratively develop the framework and address concerns.",
      "Engage a consultant with expertise in healthcare integration and data privacy to provide guidance and support.",
      "Focus initially on establishing relationships with a small number of key healthcare providers and gradually expand the network.",
      "Utilize existing healthcare communication channels and systems to minimize the need for new infrastructure."
    ]
  },
  {
    "id": "1831ee60-98fe-4850-a0eb-6974b602ae2b",
    "document_name": "Data Acquisition Strategy Framework",
    "description": "A framework outlining the approach to gathering information to identify and support vulnerable residents. It defines the scope and methods of data collection, balancing the need for comprehensive insights with privacy concerns and GDPR compliance.",
    "responsible_role_type": "Data Analyst / GDPR Compliance Officer",
    "document_template_primary": null,
    "document_template_secondary": null,
    "steps_to_create": [
      "Define the scope and methods of data collection.",
      "Establish protocols for managing data privacy and security.",
      "Ensure compliance with GDPR regulations.",
      "Develop a data quality assurance plan.",
      "Obtain approval from relevant authorities."
    ],
    "approval_authorities": "Project Manager, Heads of Relevant Departments",
    "essential_information": [
      "What specific data points are required to identify and prioritize vulnerable residents (e.g., age, health conditions, housing type, location)?",
      "What are the permissible data sources (e.g., publicly available data, opt-in registries, healthcare providers, social services)?",
      "Detail the specific GDPR-compliant data-sharing agreements to be established with healthcare providers and social services, including data minimization and purpose limitation.",
      "Describe the technical architecture and security measures for the secure, GDPR-compliant database, including encryption, access controls, and audit trails.",
      "Outline the process for obtaining informed consent from residents for data collection and usage.",
      "Define the data retention policy, including the duration for which data will be stored and the process for data deletion.",
      "What are the specific metrics for measuring the completeness, accuracy, and timeliness of the data?",
      "Detail the process for conducting a Data Protection Impact Assessment (DPIA) and addressing identified risks.",
      "What are the roles and responsibilities for data collection, storage, and usage?",
      "How will data quality be ensured, including data validation and error correction procedures?",
      "What are the procedures for handling data breaches and notifying affected individuals and authorities?",
      "How will the strategy address potential biases in existing datasets?",
      "Requires access to the 'strategic_decisions.md' file to understand the trade-offs and strategic choices related to data acquisition.",
      "Requires access to the 'assumptions.md' file to review existing assumptions about data security and GDPR compliance.",
      "Requires access to the 'project-plan.md' file to understand the project's goals, risk assessment, and stakeholder analysis."
    ],
    "risks_of_poor_quality": [
      "Failure to comply with GDPR regulations leads to significant fines and legal repercussions.",
      "Incomplete or inaccurate data results in ineffective targeting of interventions and wasted resources.",
      "Lack of transparency and consent erodes public trust and reduces program participation.",
      "Data breaches compromise resident privacy and damage the municipality's reputation.",
      "Biased data leads to inequitable distribution of resources and exacerbates existing disparities."
    ],
    "worst_case_scenario": "A major data breach exposes sensitive resident information, resulting in significant fines, legal action, loss of public trust, and the collapse of the heatwave response program.",
    "best_case_scenario": "The Data Acquisition Strategy Framework enables the collection of accurate and comprehensive data while fully complying with GDPR regulations, leading to effective targeting of interventions, reduced heat-related harm, and increased public trust. This enables informed decisions on resource allocation and proactive health coordination.",
    "fallback_alternative_approaches": [
      "Limit data collection to publicly available data and opt-in registries only.",
      "Engage a GDPR consultant to review and approve all data collection and usage procedures.",
      "Implement a 'privacy-by-design' approach, minimizing data collection and maximizing data anonymization.",
      "Conduct a pilot program with a small, controlled dataset to test data security and compliance measures.",
      "Utilize a pre-approved data acquisition template and adapt it to the project's specific needs."
    ]
  },
  {
    "id": "e52baf5c-49c2-4c90-9315-373284dc74a3",
    "document_name": "Workforce Mobilization Strategy Framework",
    "description": "A framework outlining the approach to staffing the program's various activities. It defines the mix of municipal employees, contractors, and volunteers used for outreach, cooling center operations, and home interventions.",
    "responsible_role_type": "Project Manager",
    "document_template_primary": null,
    "document_template_secondary": null,
    "steps_to_create": [
      "Define staffing needs for each program activity.",
      "Determine the appropriate mix of municipal employees, contractors, and volunteers.",
      "Develop recruitment and training plans for each type of staff.",
      "Establish protocols for managing staff performance and safety.",
      "Obtain approval from relevant authorities."
    ],
    "approval_authorities": "Project Manager, Heads of Relevant Departments",
    "essential_information": [
      "Quantify the required staffing levels (FTEs and volunteer hours) for each program activity (outreach, cooling center operations, home interventions).",
      "Detail the roles and responsibilities for municipal employees, contractors, and volunteers, including specific tasks and reporting structures.",
      "Compare the cost-effectiveness of using municipal employees, contractors, and volunteers for each activity, including salary, benefits, overhead, and training costs.",
      "Outline the recruitment process for each type of staff, including job descriptions, application procedures, and selection criteria.",
      "Describe the training programs for each type of staff, including content, duration, and delivery methods.",
      "Define the performance management system for each type of staff, including performance metrics, evaluation frequency, and consequences for poor performance.",
      "Detail the safety protocols and risk management procedures for volunteers, including training, supervision, and insurance coverage.",
      "Identify potential sources of volunteers, including community organizations, universities, and volunteer centers.",
      "Address the long-term sustainability of the workforce, considering volunteer attrition and the need for ongoing recruitment and training.",
      "Requires access to the Resource Allocation Model document to understand budget constraints.",
      "Requires input from HR regarding municipal employee availability and union agreements.",
      "Requires input from legal counsel regarding liability and insurance requirements for volunteers."
    ],
    "risks_of_poor_quality": [
      "Insufficient staffing levels lead to reduced program reach and effectiveness.",
      "Inadequate training results in poor service quality and increased risk of incidents.",
      "High volunteer attrition disrupts program operations and increases costs.",
      "Unclear roles and responsibilities create confusion and inefficiency.",
      "Poor safety protocols expose volunteers to unnecessary risks.",
      "Over-reliance on municipal staff leads to burnout and reduced morale.",
      "Inefficient workforce mobilization leads to budget overruns."
    ],
    "worst_case_scenario": "The program is unable to recruit and retain sufficient staff, leading to the closure of cooling centers, the cancellation of outreach events, and a significant increase in heat-related mortality and illness.",
    "best_case_scenario": "The program successfully recruits and trains a diverse and dedicated workforce, enabling it to effectively reach vulnerable populations, provide high-quality services, and significantly reduce heat-related harm. This enables the municipality to meet its mortality reduction goals within the 12-month timeframe.",
    "fallback_alternative_approaches": [
      "Prioritize municipal staff for critical roles and limit volunteer involvement to less demanding tasks.",
      "Reduce the scope of the program to match available staffing levels.",
      "Increase contractor budgets to compensate for volunteer shortages.",
      "Utilize a phased rollout, starting with a smaller number of cooling centers and gradually expanding as staffing levels increase.",
      "Engage a consultant to develop a streamlined recruitment and training program."
    ]
  },
  {
    "id": "816a5890-003b-4abe-96d0-f1e8e9a4e27a",
    "document_name": "Cooling Center Model Framework",
    "description": "A framework outlining the structure and accessibility of cooling centers. It defines the number, location, hours, and services offered at these centers.",
    "responsible_role_type": "Cooling Center Manager",
    "document_template_primary": null,
    "document_template_secondary": null,
    "steps_to_create": [
      "Determine the number and location of cooling centers based on population density and vulnerability criteria.",
      "Define the hours of operation for each cooling center.",
      "Identify the services to be offered at each cooling center.",
      "Ensure accessibility for mobility-limited residents.",
      "Obtain approval from relevant authorities."
    ],
    "approval_authorities": "Project Manager, Heads of Relevant Departments",
    "essential_information": [
      "What are the specific criteria for selecting cooling center locations (e.g., proximity to vulnerable populations, accessibility by public transport, existing infrastructure)?",
      "What is the planned number of cooling centers, and how does this number align with the identified needs of the target population?",
      "What are the proposed hours of operation for each cooling center, considering the needs of different user groups (e.g., elderly, working individuals)?",
      "List the specific services to be offered at each cooling center (e.g., hydration, rest areas, medical assistance, information resources).",
      "Detail the accessibility features to be implemented at each cooling center to accommodate mobility-limited residents (e.g., ramps, accessible restrooms, designated seating).",
      "What are the staffing requirements for each cooling center, including roles and responsibilities?",
      "What are the estimated operational costs for each cooling center, including staffing, utilities, and supplies?",
      "What are the key performance indicators (KPIs) for measuring the success of the cooling center model (e.g., utilization rates, user satisfaction, reduction in heat-related illnesses)?",
      "What are the emergency protocols for cooling centers, including procedures for medical emergencies, power outages, and extreme weather events?",
      "What are the data collection and reporting requirements for cooling centers, ensuring privacy and compliance with GDPR?",
      "What are the communication strategies for informing the public about the location, hours, and services offered at cooling centers?",
      "Requires findings from the Needs Assessment Report to determine optimal locations and service offerings.",
      "Requires input from the Resource Allocation Model to determine budget constraints and staffing levels.",
      "Requires input from the Stakeholder Analysis to understand community needs and preferences."
    ],
    "risks_of_poor_quality": [
      "Inadequate cooling center coverage leads to unmet needs and increased heat-related illnesses.",
      "Poorly located or inaccessible cooling centers result in low utilization rates and wasted resources.",
      "Insufficient services at cooling centers fail to provide adequate relief from extreme heat.",
      "Unclear operational procedures lead to confusion and inefficiencies.",
      "Lack of public awareness results in low utilization rates.",
      "Inadequate staffing leads to poor service quality and potential safety risks."
    ],
    "worst_case_scenario": "Failure to provide accessible and effective cooling centers results in increased heat-related mortality and morbidity among vulnerable populations, leading to negative publicity and loss of public trust.",
    "best_case_scenario": "The Cooling Center Model Framework enables the establishment of well-located, accessible, and adequately equipped cooling centers that effectively reduce heat-related harm among vulnerable populations. This leads to improved public health outcomes, increased community resilience, and positive recognition for the municipality. Enables decisions on resource allocation and staffing levels for cooling centers.",
    "fallback_alternative_approaches": [
      "Utilize a pre-approved company template and adapt it to the specific needs of the project.",
      "Schedule a focused workshop with stakeholders to collaboratively define the key elements of the cooling center model.",
      "Engage a consultant or subject matter expert to provide guidance on best practices for cooling center design and operation.",
      "Develop a simplified 'minimum viable framework' covering only critical elements initially, such as location criteria and essential services."
    ]
  },
  {
    "id": "96019159-2dd1-47d8-a62e-924e32e8793b",
    "document_name": "Home Intervention Strategy Framework",
    "description": "A framework outlining the approach to providing direct support to high-risk residents in their homes. It defines the type and scope of interventions, from basic supplies to more advanced adaptations.",
    "responsible_role_type": "Logistics Coordinator",
    "document_template_primary": null,
    "document_template_secondary": null,
    "steps_to_create": [
      "Define the criteria for selecting homes for intervention.",
      "Determine the type and scope of interventions to be offered.",
      "Develop protocols for installing and maintaining interventions.",
      "Ensure resident satisfaction with interventions.",
      "Obtain approval from relevant authorities."
    ],
    "approval_authorities": "Project Manager, Heads of Relevant Departments",
    "essential_information": [
      "What are the specific criteria for identifying and prioritizing high-risk residents for home interventions (e.g., age, health conditions, housing type, income level)?",
      "Define the tiered levels of home interventions, detailing the specific supplies and services included in each tier (e.g., basic package, tiered intervention, smart home adaptation).",
      "What are the detailed specifications and sourcing for each item included in the intervention packages (e.g., reflective blinds, window fans, smart thermostats)?",
      "Outline the installation procedures for each type of home intervention, including safety protocols and required skills.",
      "What are the procedures for obtaining informed consent from residents before implementing home interventions?",
      "Detail the process for assessing the effectiveness of home interventions in reducing indoor heat exposure (e.g., temperature monitoring, resident surveys).",
      "Define the roles and responsibilities of municipal staff, contractors, and volunteers involved in the home intervention process.",
      "What are the data collection and reporting requirements for tracking the number of homes reached, the types of interventions provided, and the outcomes achieved?",
      "Outline the budget allocation for the Home Intervention Strategy, including costs for supplies, installation, and personnel.",
      "What are the contingency plans for addressing unexpected challenges during home interventions (e.g., resident refusal, structural issues, supply shortages)?"
    ],
    "risks_of_poor_quality": [
      "Ineffective interventions fail to adequately reduce indoor heat exposure, leading to continued health risks for vulnerable residents.",
      "Unclear selection criteria result in inequitable distribution of resources and interventions.",
      "Poorly defined installation procedures lead to safety hazards and resident dissatisfaction.",
      "Lack of resident consent violates privacy and ethical guidelines.",
      "Inadequate monitoring and evaluation prevent accurate assessment of program effectiveness.",
      "Unclear roles and responsibilities cause confusion and delays in implementation.",
      "Insufficient budget allocation limits the scope and impact of the Home Intervention Strategy."
    ],
    "worst_case_scenario": "The Home Intervention Strategy is poorly designed and implemented, resulting in minimal impact on reducing heat-related harm and potentially exposing vulnerable residents to additional risks due to unsafe installations or privacy breaches, leading to public criticism and program termination.",
    "best_case_scenario": "The Home Intervention Strategy effectively reduces indoor heat exposure for vulnerable residents, leading to a measurable decrease in heat-related illnesses and hospitalizations. The program is well-received by the community, enhances the municipality's reputation, and serves as a model for other cities facing similar challenges, enabling informed decisions on resource allocation and future program expansion.",
    "fallback_alternative_approaches": [
      "Develop a simplified 'basic package' of low-cost interventions that can be quickly deployed to a large number of homes.",
      "Focus on providing educational materials and resources to residents, empowering them to take their own steps to reduce indoor heat exposure.",
      "Partner with local community organizations to leverage their existing networks and expertise in reaching vulnerable populations.",
      "Conduct a pilot program with a small group of residents to test and refine the Home Intervention Strategy before full-scale implementation.",
      "Utilize a pre-existing home assessment checklist and adapt it to the specific needs of the heatwave response program."
    ]
  }
]