Level 1;Level 2;Level 3;Level 4;Task ID
Heatwave Resilience;;;;de776189-0236-4388-b04d-afc48a489adc
;Project Initiation & Planning;;;10e3c465-d3ea-4fb6-8cda-4e1a05e1ceab
;;Secure Initial Funding (€2.0M);;fad8ae66-9e5a-4c5d-88c8-30ff8542c55c
;;;Prepare funding proposal documentation;b3a1914e-6b42-45a7-9994-aa2e0ea8163d
;;;Submit funding proposal to agency;958ae5b9-0d84-41eb-bfc7-15df4fe52a8b
;;;Follow up with funding agency;6dbf0363-3799-4287-894c-ca7e3a633715
;;;Negotiate funding agreement terms;1326913b-d12a-4b3a-8b88-8e165ff1a35a
;;;Execute funding agreement;8714f030-83b0-4804-8b69-9a17a3b6e575
;;Establish Project Governance Structure;;ac68518c-3098-41d0-b543-21bd84eb067e
;;;Identify Key Stakeholders;e5158004-8910-46cf-9f41-e44ca3258158
;;;Define Roles and Responsibilities;4a42237b-1fe8-47eb-b68c-17c490306bf5
;;;Establish Decision-Making Processes;0afa0c54-f700-4351-a5a2-69e53937439d
;;;Develop Communication Plan;f81fb67a-251a-43c1-8e61-e7e030393071
;;Develop Detailed Project Schedule;;902160d8-03b4-42fd-ad2f-b3d00fa775ad
;;;Define Task Dependencies and Sequencing;e6045fd7-e770-4a59-a27a-9bd19c921e34
;;;Estimate Task Durations and Resource Needs;2540de3c-ed96-4ba6-9302-1a4fb6e487f2
;;;Develop Initial Project Schedule Draft;9566ff46-5ca8-425c-b3b1-915cb6e1d0f3
;;;Review and Refine Project Schedule;23a84fb3-2f7d-46ac-9202-886caa1f5bef
;;;Finalize and Baseline Project Schedule;19ab7224-fea3-45b7-a6f8-5b5259a99b18
;;Define Data Acquisition Strategy (GDPR Compliance);;4b77ae74-aa8e-4005-a6bb-042878ce1a8b
;;;Identify Applicable GDPR Regulations;5efe4c73-25c1-4365-8cae-c2f79576f710
;;;Assess Data Collection Methods;daab0347-b04b-40e4-9439-277df2db5128
;;;Develop GDPR Compliance Plan;a77a7b73-cf95-4a99-8288-8304ff2ac9ef
;;;Implement Data Security Measures;50f4a194-f134-416c-840d-11fba983f781
;;;Establish Data Subject Rights Procedures;f7013fcf-e1fd-4d29-b8c0-727572d272c7
;;Define Workforce Mobilization Strategy;;f723a552-736d-4f65-8c87-8f73a8ec059e
;;;Identify Volunteer Roles and Responsibilities;4510e80a-76a6-473a-8ee0-e5c11e2fd694
;;;Develop Volunteer Recruitment Plan;2aec2c43-12fd-43f9-8010-69addf31cb31
;;;Design Volunteer Training Program;f2c32050-5d5a-495d-b2e6-56064ca85cc5
;;;Establish Volunteer Management System;3726fd29-1bde-4a04-aa96-3d2e43dfe24a
;;;Define Contractor Roles and Responsibilities;1465e36d-c3d9-4fe1-8974-f98cfa9ff5ca
;;Define Targeted Outreach Strategy;;fe414185-0435-4f20-a7b0-3503e9b57dab
;;;Identify vulnerable populations and locations;c8d968dd-883d-4c0f-8486-cee25fb9b984
;;;Develop outreach materials and messaging;f800f4bd-62c7-4123-a9c4-eea92defb998
;;;Establish outreach channels and partnerships;8699b6f8-b179-4489-832f-9a42ce7b8d4e
;;;Train outreach workers and volunteers;8c1917e2-d694-4fde-aab0-a3f38f934cac
;;;Implement and track outreach activities;ed5cef5f-7150-4e76-8659-c646b7dfc9e3
;;Define Resource Allocation Model;;66b32b0f-0c4d-4579-b838-09c321698fb4
;;;Assess current resource allocation;5ba1cf37-090d-4750-88be-de5258925cfa
;;;Identify key resource constraints;811ee237-62e7-4634-9eba-e9a30f0271d3
;;;Develop resource allocation scenarios;4f24e815-42b9-4cad-acbc-b3011e7b3fee
;;;Evaluate and select optimal model;4f6fef54-e7a1-414d-a288-12854dbc904d
;;;Document and communicate allocation model;c876a419-a145-4261-afe8-df16f1a1802c
;;Define Proactive Health Coordination Strategy;;0c4bf00b-11a2-48fb-9a1d-5044b23aec0c
;;;Identify key healthcare stakeholders;12b74aa7-b2c8-4fdf-ae41-a11d74750351
;;;Develop heat-related illness protocols;83846b9d-6e4c-4ba4-94e7-52bee94bd40b
;;;Establish communication channels;df75b9c3-7c5e-4e2e-b2ff-704c896ae164
;;;Conduct healthcare provider training;d35a9ff4-b2ed-4b7c-9945-1704e7744703
;;;Integrate program into healthcare workflows;5ef6191f-ae09-4944-82fa-fb2455f3da0b
;Partnership & Resource Procurement;;;4579fe9b-b0c8-4a2f-98ab-ca2d94436708
;;Establish Partnerships with Local NGOs;;1c8419bb-5c51-466a-9f23-fc384e905703
;;;Identify potential NGO partners;b4d2e621-b8b7-4720-b52d-5a14de0b996c
;;;Assess NGO capacity and alignment;04ab485b-06b6-4a86-a045-10edf069e632
;;;Negotiate partnership agreements;212529f4-1c6f-42c8-8618-04957f491b46
;;;Establish communication protocols;d1bb7d7c-8857-473e-b308-70afc32fcba3
;;Establish Partnerships with Healthcare Providers;;8b10a98f-9381-42f8-8a51-63718dae9410
;;;Identify Key Healthcare Stakeholders;58c3639b-70a2-45ac-8729-46812ac32dee
;;;Develop Partnership Agreements;81109f1f-abe1-4115-9a24-a5bffbc3e7a5
;;;Establish Communication Protocols;6f7e1516-4ad2-4a74-93c4-f78c50c04c5a
;;;Conduct Training for Healthcare Staff;aa402e02-ffaa-45f1-959d-5beeec3929e3
;;;Integrate Program into Healthcare Workflows;a2ec0418-af8d-4791-a22c-c33077273d6c
;;Establish Partnerships with Transport Services;;6056cc0a-a753-463f-946a-f8049d1068f0
;;;Identify potential transport service providers;067fbbfd-b15d-45cb-82f9-d8efb96a736b
;;;Assess provider capabilities and compliance;a0ef3f0c-3a6b-461d-a9bc-e7d569ad02f5
;;;Negotiate contract terms and service level agreements;0c1ba7f9-e156-454e-b30d-1e037aae3f75
;;;Formalize agreements with transport providers;d4fcbefe-0988-46dd-b7c6-3874446e15bc
;;Procure Cooling Center Equipment;;bf843028-3811-4956-be63-9f83bb5e2d17
;;;Define Cooling Center Equipment Specifications;720d46b7-dfbc-4ccd-92ac-c52f6db7923c
;;;Identify Potential Equipment Suppliers;7382410f-7d59-4d57-a2b6-0879fd1de50f
;;;Obtain Quotes and Evaluate Proposals;f8c92ce0-c030-4dd8-bbbf-a803678d6853
;;;Finalize Purchase Orders and Contracts;68fd87bd-81b3-4ba4-a7c8-72326bf62ff8
;;;Coordinate Equipment Delivery and Installation;b61325cf-9460-4f03-804e-13b4bf491c61
;;Procure Home Intervention Supplies;;770b8213-7040-4d97-bbe7-eccbb0ed50ee
;;;Research and select suppliers;327c80b3-e466-437b-9b03-f8a442667591
;;;Negotiate contracts with suppliers;bb07ad8a-278a-4565-b755-bf8814a21127
;;;Establish inventory management system;cff7edc6-d9d9-4b08-9908-8936257350d3
;;;Coordinate delivery and storage;d39b1534-26b1-4132-896b-eb78d37b6982
;;;Quality control and inspection;6fe301a2-9605-44d4-b3a8-111ebb2936cd
;;Procure Communication Materials;;bb5dccac-138c-4784-af2e-185e350fb7d1
;;;Design Communication Materials;e9303dc8-39d6-4738-9b8d-56f11f7c3a94
;;;Translate Materials into Multiple Languages;4d01ae28-8c47-4105-8f88-a9ae2427d92b
;;;Procure Printing Services;2bf16f6c-c0e6-4ad5-9858-7e6ee4bb3245
;;;Set Up SMS Platform;da9ccb57-d7c1-4d52-a2c0-97c88bf3088b
;;;Distribute Communication Materials;6d762985-3d0f-4228-8168-419a118f2040
;;Contract Handyperson Services;;b9e5f811-cc46-493d-8a70-205700add6cb
;;;Identify potential handyperson services;a928f5be-3990-4a0b-bd5d-784ce4fea6d5
;;;Vet handyperson services qualifications;71884ef9-15c1-46fe-882b-786cd31695a2
;;;Negotiate service agreements and rates;ba94c46b-3554-482e-83a1-af81b6c03ed5
;;;Establish service scheduling process;c5f15359-d4f7-442b-8a15-a9f1dec79f4e
;Program Implementation;;;bcec75a7-c131-4e8d-a001-512991977bfd
;;Establish Cooling Centers;;6b539ce1-7546-449d-bc5a-48df1ff31396
;;;Identify potential cooling center locations;9fc51057-c435-47da-ab3f-36854c148121
;;;Secure agreements for cooling center use;a3667025-1fba-46cd-b992-1d4f01275ed7
;;;Equip cooling centers with necessary supplies;284b0129-b81a-4a96-bf4b-c7565322bf95
;;;Train staff and volunteers for cooling centers;a1bb10a8-d923-4baf-87a5-c964f2beadf0
;;Conduct Targeted Outreach;;774c6721-89f5-4a79-9a83-31b2af97f101
;;;Identify vulnerable populations;26a9d8c7-e11f-4675-b6b1-9ae4937fe49c
;;;Develop outreach materials;788c483c-e250-49d3-936a-640ce2c54912
;;;Train outreach teams;e7221cae-d345-471c-af1b-754b280da3ae
;;;Conduct community events;41ebe5ba-45fe-418a-a180-90840791ec2d
;;;Track outreach efforts and enrollment;352040c9-c5d2-4bb5-b8d9-1712530d3876
;;Implement Home Interventions;;16e1d13b-99ca-4781-86c0-afcbec7dd769
;;;Assess Home Suitability for Interventions;1c9627ef-b3a0-44ff-8a46-ab932330f0f4
;;;Schedule Home Intervention Installations;bbda9e6c-ba8e-4115-b82a-4bab2a7b77ff
;;;Install Home Intervention Supplies;498eab3d-b187-41e8-b2d6-a10a17dee099
;;;Provide Residents Usage Instructions;9cc4eba6-35d7-4b09-9c60-48cd42a67ea6
;;;Collect Post-Intervention Feedback;08f427b0-bc15-4ed4-a66d-b7db8b8e844f
;;Coordinate with Healthcare System;;128bcc0c-4918-41dc-a4da-a523b1f802a5
;;;Identify Key Healthcare Contacts;062a65f6-3fd8-431a-9923-7e36f955e266
;;;Establish Communication Protocols;d0ffa46d-d32b-499e-bcbf-99f79cf20dc8
;;;Conduct Training for Healthcare Staff;1b9180e7-7adf-4f28-b7f4-2cdb5ba82be3
;;;Integrate Program into Healthcare Workflows;cba3a011-91eb-4d54-a728-14907820dc95
;;;Monitor Healthcare System Impact;271fbae2-00ef-4ba8-9c4d-02ee8c8f9734
;;Implement Worker Protection Measures;;b89f4838-4de9-462e-aff3-01a7496693ee
;;;Identify high-risk worker populations;d2edccb6-90fe-4ff1-be94-ee67056c3a0a
;;;Develop tailored protection strategies;8f134b5f-5cb8-4f3f-a471-3e6608f5da32
;;;Engage employers and unions;71c9df56-d8c6-4cf8-8435-31f2a1afb316
;;;Distribute educational materials;9a703420-aa62-4f87-b49c-73fc65448367
;;;Monitor and evaluate implementation;7a65a03d-c356-4d5d-8c7e-4c33670bc368
;;Execute Public Communications Campaign;;00d60a2b-3fa5-4191-bfe1-0c878b401dc1
;;;Develop key messages and communication plan;65be03e2-3d8e-4120-8c19-bf8359b33ddc
;;;Create multilingual communication materials;89fa7711-da2b-4aa5-9567-eb9cf3907012
;;;Disseminate information through multiple channels;7174949d-31c1-4048-b429-45a484af2e73
;;;Monitor and address misinformation;52daf3d4-058d-4c3e-b96b-b75484b4fb10
;Monitoring, Evaluation & Reporting;;;8a43ebb1-1731-4cc0-9855-6e5180e02c42
;;Collect Data on Cooling Center Utilization;;f74ae510-801e-4039-8fdd-63083b43c4f1
;;;Define Cooling Center Data Points;865423bd-fa0e-4374-a522-9e87a9a683f6
;;;Develop Data Collection Forms/Protocols;8edce09c-6a47-4a3f-a139-b2e9f17b586d
;;;Train Staff on Data Collection;657abc6d-05f3-46c5-b5e7-0ca8bbb44afa
;;;Implement Data Collection at Centers;5336e4c9-47bb-4370-a424-e7d5b0b9b6f6
;;;Monitor Data Quality and Completeness;39434caa-ce2d-469d-bedd-5f79c7267e77
;;Collect Data on Home Intervention Effectiveness;;0ef84f6b-5829-4c02-8d0d-f6ae15168f4f
;;;Schedule Home Visits for Data Collection;9b58fab9-93f0-44e0-80de-310b59e02613
;;;Collect Pre-Intervention Temperature Data;98f0d92e-8b27-4b33-afa9-daadd12d2dea
;;;Collect Post-Intervention Temperature Data;f1e2744b-c460-4c52-94be-c4a2a2e93a7f
;;;Administer Resident Satisfaction Surveys;7181aadc-df27-4de8-a523-a750a1c38740
;;;Analyze Temperature Data and Survey Results;a4576ebd-0933-474e-a435-fe4f4f725099
;;Collect Data on Outreach Effectiveness;;2f2ec516-923f-448f-b628-098fa29afe5d
;;;Define outreach data collection metrics;acc5b4b5-9cdf-4606-a102-f7f55a284da4
;;;Design outreach data collection tools;59d5d98f-58d2-4d12-a0f9-bb5d04c514a6
;;;Train outreach teams on data collection;dd5ff25c-4b64-44e1-826a-7332205f8c80
;;;Implement data quality control measures;2b7e75db-e272-4639-8a55-cb04d177c97b
;;Analyze Data and Generate Reports;;9b6c3518-a689-45d6-9ee5-469c8adabc92
;;;Clean and validate collected data;b38123b0-f54c-43cd-a907-a56af8d79f10
;;;Perform statistical analysis;09132fb8-afb6-4a17-98b2-de85b46b2407
;;;Visualize data for report clarity;5d0c44b5-c54a-4d20-b6df-6ea775f7e3c3
;;;Write and review draft reports;957f7a6d-efe8-4812-859b-dedbb815fd45
;;;Finalize and disseminate reports;407720ae-5dcf-46a9-bf34-858edde1ff0c
;;Conduct Stakeholder Meetings;;08f49e89-e995-4662-a4ea-53ef92ee0789
;;;Prepare Stakeholder Meeting Materials;48912c97-caab-49e6-bb69-28a9b5d90d2a
;;;Schedule Stakeholder Meetings;3f68f0ce-6eeb-43ef-9d46-03d83db676a9
;;;Facilitate Stakeholder Meetings;9f834885-5b35-409e-b086-6d0b71ca0594
;;;Document Stakeholder Feedback;84715abb-34b8-4492-83ac-fecd367fba1a
;;Implement Corrective Actions (as needed);;35a15ea4-f546-4aaf-bcab-8815820b8c35
;;;Identify Root Cause of Issues;db3d030c-f35c-42f6-95c9-61164432dfd3
;;;Develop Corrective Action Plan;92b8cfd6-5773-44ed-99e6-ae7069c19623
;;;Implement Corrective Actions;8b712991-a876-4d23-98b7-188a780c1d63
;;;Monitor and Evaluate Effectiveness;a48b51ed-9a38-46e4-b8fe-daf75a63a306
;Project Closure;;;0cc162ed-c2b4-43bd-b479-ac79693eeb1a
;;Finalize Project Documentation;;8bcbcf5c-631e-4471-af07-c1ac044821dc
;;;Gather all project documentation;6d2f5196-d321-488c-b311-cbebc38c12ae
;;;Organize and index documents;2b2af1c9-9dee-4099-9301-c736f58a897a
;;;Verify completeness of documentation;f0d93bd8-9486-4ca8-b344-49ed50c87014
;;;Obtain sign-off on documentation;55f2b8a5-bb47-4c2f-8390-c5cdc4c7b422
;;Conduct Post-Project Review;;4c81e4b8-3ba9-43aa-b7f9-793b10f7fe2e
;;;Schedule stakeholder interviews;7f7fbd99-1588-4912-9cf0-bf0853cec994
;;;Conduct stakeholder interviews;cc3b3698-ec5d-43af-8a09-1190d2675d52
;;;Analyze interview data;34bfaae9-d8a7-409b-9731-cd17ba9bd56e
;;;Draft post-project review document;586f37b8-a38f-44c7-99a8-f273baf87a4e
;;;Obtain feedback on review document;4966f21f-ca3f-495d-9153-147744c0c0d0
;;Disseminate Project Findings;;d6a56221-accc-46f2-8a1e-fc44e3ac3a74
;;;Prepare dissemination materials;5584cee2-6c6f-4873-b9c2-45291a767930
;;;Identify target audiences;fa10206c-e69b-4aea-94ba-977f6566b9b3
;;;Select dissemination channels;edc277e2-f60a-4141-872a-246996e37515
;;;Obtain approvals for dissemination;531beb70-5ba6-40c3-9928-6862506b675a
;;;Distribute project findings;b6e3419b-fdb1-4ff5-8ce3-32b9e6749eb0
;;Archive Project Materials;;03e7206e-2eb4-4f98-a2cd-b9956332735a
;;;Identify Archive Location;221cad22-acb9-4e08-b539-8e3c1f0e6d60
;;;Organize Project Materials;639576ab-6149-4c4a-911a-779cc9132e71
;;;Label Archive Contents;dea9a28b-ee76-4c37-9ac1-61244b0008ce
;;;Backup Digital Data;229e49cf-7dcf-4c70-b566-61f38022bb6d