project_key,project_name,project_description,project_start_date,project_end_date,project_progress,project_parent,originating_department
de776189-0236-4388-b04d-afc48a489adc,Heatwave Resilience,"Heatwave Resilience

Final deliverable:
Reduced Mortality",2/1/2026,5/11/2027,0,,PlanExe
10e3c465-d3ea-4fb6-8cda-4e1a05e1ceab,Project Initiation & Planning,,2/1/2026,5/15/2026,0,de776189-0236-4388-b04d-afc48a489adc,PlanExe
fad8ae66-9e5a-4c5d-88c8-30ff8542c55c,Secure Initial Funding (€2.0M),,2/1/2026,3/3/2026,0,10e3c465-d3ea-4fb6-8cda-4e1a05e1ceab,PlanExe
b3a1914e-6b42-45a7-9994-aa2e0ea8163d,Prepare funding proposal documentation,"Prepare funding proposal documentation

Description:
Gather and prepare all necessary documents for the funding proposal, including project plans, budgets, and impact assessments. Ensure compliance with funding agency requirements.

Resources needed:
• Project Manager
• Financial Analyst
• Grant Writer",2/1/2026,2/7/2026,0,fad8ae66-9e5a-4c5d-88c8-30ff8542c55c,PlanExe
958ae5b9-0d84-41eb-bfc7-15df4fe52a8b,Submit funding proposal to agency,"Submit funding proposal to agency

Description:
Submit the completed funding proposal to the relevant funding agency. Track the submission and confirm receipt.

Resources needed:
• Project Manager
• Administrative Assistant",2/7/2026,2/13/2026,0,b3a1914e-6b42-45a7-9994-aa2e0ea8163d,PlanExe
6dbf0363-3799-4287-894c-ca7e3a633715,Follow up with funding agency,"Follow up with funding agency

Description:
Maintain communication with the funding agency to address any questions or requests for additional information. Provide updates on project progress and address any concerns.

Resources needed:
• Project Manager
• Communications Specialist",2/13/2026,2/19/2026,0,958ae5b9-0d84-41eb-bfc7-15df4fe52a8b,PlanExe
1326913b-d12a-4b3a-8b88-8e165ff1a35a,Negotiate funding agreement terms,"Negotiate funding agreement terms

Description:
Review and negotiate the terms of the funding agreement with the funding agency. Ensure that the terms are acceptable and align with project goals and objectives.

Resources needed:
• Project Manager
• Legal Counsel
• Financial Analyst",2/19/2026,2/25/2026,0,6dbf0363-3799-4287-894c-ca7e3a633715,PlanExe
8714f030-83b0-4804-8b69-9a17a3b6e575,Execute funding agreement,"Execute funding agreement

Description:
Finalize and execute the funding agreement with the funding agency. Ensure that all necessary signatures and approvals are obtained.

Resources needed:
• Project Manager
• Legal Counsel
• Authorized Signatory",2/25/2026,3/3/2026,0,fad8ae66-9e5a-4c5d-88c8-30ff8542c55c,PlanExe
ac68518c-3098-41d0-b543-21bd84eb067e,Establish Project Governance Structure,,3/3/2026,3/11/2026,0,fad8ae66-9e5a-4c5d-88c8-30ff8542c55c,PlanExe
e5158004-8910-46cf-9f41-e44ca3258158,Identify Key Stakeholders,"Identify Key Stakeholders

Description:
Identify all individuals and groups who have an interest in or are affected by the project. This includes municipal staff, contractors, NGOs, healthcare providers, and vulnerable populations.

Resources needed:
• Project Manager
• Stakeholder Analysis Template",3/3/2026,3/5/2026,0,ac68518c-3098-41d0-b543-21bd84eb067e,PlanExe
4a42237b-1fe8-47eb-b68c-17c490306bf5,Define Roles and Responsibilities,"Define Roles and Responsibilities

Description:
Clearly define the roles and responsibilities of each stakeholder in the project governance structure. This includes decision-making authority, communication channels, and reporting requirements.

Resources needed:
• Project Manager
• RACI Matrix Template
• Stakeholder Representatives",3/5/2026,3/7/2026,0,e5158004-8910-46cf-9f41-e44ca3258158,PlanExe
0afa0c54-f700-4351-a5a2-69e53937439d,Establish Decision-Making Processes,"Establish Decision-Making Processes

Description:
Establish clear and transparent decision-making processes for the project. This includes defining the criteria for making decisions, the individuals or groups responsible for making decisions, and the process for escalating issues.

Resources needed:
• Project Manager
• Stakeholder Representatives
• Decision-Making Framework Template",3/7/2026,3/9/2026,0,4a42237b-1fe8-47eb-b68c-17c490306bf5,PlanExe
f81fb67a-251a-43c1-8e61-e7e030393071,Develop Communication Plan,"Develop Communication Plan

Description:
Develop a communication plan that outlines how information will be shared with stakeholders throughout the project lifecycle. This includes the frequency of communication, the channels of communication, and the types of information that will be shared.

Resources needed:
• Project Manager
• Communication Plan Template
• Stakeholder List",3/9/2026,3/11/2026,0,ac68518c-3098-41d0-b543-21bd84eb067e,PlanExe
902160d8-03b4-42fd-ad2f-b3d00fa775ad,Develop Detailed Project Schedule,,3/11/2026,3/21/2026,0,ac68518c-3098-41d0-b543-21bd84eb067e,PlanExe
e6045fd7-e770-4a59-a27a-9bd19c921e34,Define Task Dependencies and Sequencing,"Define Task Dependencies and Sequencing

Description:
Identify all tasks, their dependencies, and the optimal sequence for execution. This involves creating a dependency diagram and determining the critical path.

Resources needed:
• Project Manager
• Team Leads
• Scheduling Software",3/11/2026,3/13/2026,0,902160d8-03b4-42fd-ad2f-b3d00fa775ad,PlanExe
2540de3c-ed96-4ba6-9302-1a4fb6e487f2,Estimate Task Durations and Resource Needs,"Estimate Task Durations and Resource Needs

Description:
Estimate the time required to complete each task and the resources (personnel, equipment, materials) needed. This includes considering potential risks and uncertainties.

Resources needed:
• Project Manager
• Subject Matter Experts
• Historical Data",3/13/2026,3/15/2026,0,e6045fd7-e770-4a59-a27a-9bd19c921e34,PlanExe
9566ff46-5ca8-425c-b3b1-915cb6e1d0f3,Develop Initial Project Schedule Draft,"Develop Initial Project Schedule Draft

Description:
Create a preliminary project schedule based on the task dependencies, durations, and resource availability. This involves using scheduling software to generate a Gantt chart or similar visualization.

Resources needed:
• Project Manager
• Scheduling Software",3/15/2026,3/17/2026,0,2540de3c-ed96-4ba6-9302-1a4fb6e487f2,PlanExe
23a84fb3-2f7d-46ac-9202-886caa1f5bef,Review and Refine Project Schedule,"Review and Refine Project Schedule

Description:
Review the initial project schedule with stakeholders to identify potential issues, constraints, or opportunities for optimization. Refine the schedule based on feedback and incorporate any necessary adjustments.

Resources needed:
• Project Manager
• Stakeholders
• Team Leads",3/17/2026,3/19/2026,0,9566ff46-5ca8-425c-b3b1-915cb6e1d0f3,PlanExe
19ab7224-fea3-45b7-a6f8-5b5259a99b18,Finalize and Baseline Project Schedule,"Finalize and Baseline Project Schedule

Description:
Finalize the project schedule after incorporating all feedback and adjustments. Baseline the schedule to provide a reference point for tracking progress and managing changes.

Resources needed:
• Project Manager
• Project Sponsor",3/19/2026,3/21/2026,0,902160d8-03b4-42fd-ad2f-b3d00fa775ad,PlanExe
4b77ae74-aa8e-4005-a6bb-042878ce1a8b,Define Data Acquisition Strategy (GDPR Compliance),,3/21/2026,3/31/2026,0,902160d8-03b4-42fd-ad2f-b3d00fa775ad,PlanExe
5efe4c73-25c1-4365-8cae-c2f79576f710,Identify Applicable GDPR Regulations,"Identify Applicable GDPR Regulations

Description:
Objective: Determine all relevant GDPR articles and guidelines impacting data collection, processing, and storage for the heatwave response program.
Scope: Review GDPR documentation, consult legal databases, and engage with a GDPR compliance expert.
Steps:
1.  Review the project's data collection and usage plan.
2.  Identify the types of personal data being collected (e.g., health data, location data).
3.  Research relevant GDPR articles pertaining to the processing of sensitive data.
4.  Document all applicable GDPR requirements.
Deliverables: A comprehensive list of GDPR articles and guidelines relevant to the project.

Resources needed:
• Project Manager
• GDPR Compliance Expert
• Legal Counsel
• Data Analyst",3/21/2026,3/23/2026,0,4b77ae74-aa8e-4005-a6bb-042878ce1a8b,PlanExe
daab0347-b04b-40e4-9439-277df2db5128,Assess Data Collection Methods,"Assess Data Collection Methods

Description:
Objective: Evaluate existing and proposed data collection methods for compliance with GDPR principles, including data minimization, purpose limitation, and storage limitation.
Scope: Analyze data collection forms, processes, and systems to identify potential compliance gaps.
Steps:
1.  Map all data collection points and processes.
2.  Assess the necessity and proportionality of each data element collected.
3.  Identify potential risks related to data security and privacy.
4.  Document findings and recommendations for improvement.
Deliverables: A report outlining the assessment of data collection methods and recommendations for GDPR compliance.

Resources needed:
• Data Analyst
• GDPR Compliance Expert
• Project Manager",3/23/2026,3/25/2026,0,5efe4c73-25c1-4365-8cae-c2f79576f710,PlanExe
a77a7b73-cf95-4a99-8288-8304ff2ac9ef,Develop GDPR Compliance Plan,"Develop GDPR Compliance Plan

Description:
Objective: Create a detailed plan outlining the steps necessary to ensure GDPR compliance throughout the project lifecycle.
Scope: Define specific actions, timelines, and responsibilities for addressing identified compliance gaps.
Steps:
1.  Prioritize compliance gaps based on risk level.
2.  Develop specific action plans for each gap, including data security measures, consent mechanisms, and data subject rights procedures.
3.  Assign responsibilities and timelines for implementation.
4.  Document the GDPR compliance plan.
Deliverables: A comprehensive GDPR compliance plan with actionable steps and timelines.

Resources needed:
• Project Manager
• GDPR Compliance Expert
• Legal Counsel
• Data Analyst",3/25/2026,3/27/2026,0,daab0347-b04b-40e4-9439-277df2db5128,PlanExe
50f4a194-f134-416c-840d-11fba983f781,Implement Data Security Measures,"Implement Data Security Measures

Description:
Objective: Implement technical and organizational measures to protect personal data from unauthorized access, use, or disclosure, in accordance with GDPR requirements.
Scope: Implement data encryption, access controls, data anonymization techniques, and data breach response procedures.
Steps:
1.  Implement data encryption at rest and in transit.
2.  Establish strict access controls based on the principle of least privilege.
3.  Implement data anonymization or pseudonymization techniques where appropriate.
4.  Develop and test a data breach response plan.
Deliverables: Implemented data security measures and a documented data breach response plan.

Resources needed:
• IT Security Specialist
• Data Analyst
• GDPR Compliance Expert",3/27/2026,3/29/2026,0,a77a7b73-cf95-4a99-8288-8304ff2ac9ef,PlanExe
f7013fcf-e1fd-4d29-b8c0-727572d272c7,Establish Data Subject Rights Procedures,"Establish Data Subject Rights Procedures

Description:
Objective: Establish clear procedures for handling data subject requests, including the right to access, rectify, erase, restrict processing, and data portability, in compliance with GDPR requirements.
Scope: Develop processes for verifying data subject identity, responding to requests within the required timeframe, and documenting all actions taken.
Steps:
1.  Develop a data subject request form and submission process.
2.  Establish procedures for verifying data subject identity.
3.  Develop templates for responding to different types of data subject requests.
4.  Train staff on data subject rights procedures.
Deliverables: Documented data subject rights procedures and trained staff.

Resources needed:
• Project Manager
• GDPR Compliance Expert
• Legal Counsel
• Community Outreach Coordinator",3/29/2026,3/31/2026,0,4b77ae74-aa8e-4005-a6bb-042878ce1a8b,PlanExe
f723a552-736d-4f65-8c87-8f73a8ec059e,Define Workforce Mobilization Strategy,,3/31/2026,4/15/2026,0,4b77ae74-aa8e-4005-a6bb-042878ce1a8b,PlanExe
4510e80a-76a6-473a-8ee0-e5c11e2fd694,Identify Volunteer Roles and Responsibilities,"Identify Volunteer Roles and Responsibilities

Description:
Define specific roles for volunteers (outreach, cooling center support, transport), outlining responsibilities, required skills, and time commitments for each role. This ensures clear expectations and efficient task allocation.

Resources needed:
• Program Manager
• Community Outreach Coordinator",3/31/2026,4/3/2026,0,f723a552-736d-4f65-8c87-8f73a8ec059e,PlanExe
2aec2c43-12fd-43f9-8010-69addf31cb31,Develop Volunteer Recruitment Plan,"Develop Volunteer Recruitment Plan

Description:
Create a detailed plan for recruiting volunteers, including target demographics, recruitment channels (online platforms, community events, partnerships with NGOs), and messaging strategies to attract suitable candidates.

Resources needed:
• Community Outreach Coordinator
• Communications Specialist",4/3/2026,4/6/2026,0,4510e80a-76a6-473a-8ee0-e5c11e2fd694,PlanExe
f2c32050-5d5a-495d-b2e6-56064ca85cc5,Design Volunteer Training Program,"Design Volunteer Training Program

Description:
Develop a comprehensive training program covering heatwave safety, program protocols, communication skills, cultural sensitivity, and emergency procedures. Include both online and in-person training modules.

Resources needed:
• Training Specialist
• Healthcare Professional
• Program Manager",4/6/2026,4/9/2026,0,2aec2c43-12fd-43f9-8010-69addf31cb31,PlanExe
3726fd29-1bde-4a04-aa96-3d2e43dfe24a,Establish Volunteer Management System,"Establish Volunteer Management System

Description:
Implement a system for managing volunteers, including registration, scheduling, communication, tracking hours, providing support, and recognizing contributions. This ensures efficient coordination and volunteer satisfaction.

Resources needed:
• Volunteer Coordinator
• IT Support",4/9/2026,4/12/2026,0,f2c32050-5d5a-495d-b2e6-56064ca85cc5,PlanExe
1465e36d-c3d9-4fe1-8974-f98cfa9ff5ca,Define Contractor Roles and Responsibilities,"Define Contractor Roles and Responsibilities

Description:
Clearly define the roles and responsibilities of contractors involved in the project, including cooling center operations, home intervention installations, and transportation services. This ensures accountability and efficient service delivery.

Resources needed:
• Program Manager
• Procurement Specialist",4/12/2026,4/15/2026,0,f723a552-736d-4f65-8c87-8f73a8ec059e,PlanExe
fe414185-0435-4f20-a7b0-3503e9b57dab,Define Targeted Outreach Strategy,,4/15/2026,4/25/2026,0,f723a552-736d-4f65-8c87-8f73a8ec059e,PlanExe
c8d968dd-883d-4c0f-8486-cee25fb9b984,Identify vulnerable populations and locations,"Identify vulnerable populations and locations

Description:
Identify specific vulnerable populations (elderly, low-income, etc.) and their geographic locations within Thessaloniki. This involves analyzing demographic data, consulting with local NGOs, and mapping high-risk areas.

Resources needed:
• Demographic data
• GIS software
• Community outreach coordinator
• Local NGO contacts",4/15/2026,4/17/2026,0,fe414185-0435-4f20-a7b0-3503e9b57dab,PlanExe
f800f4bd-62c7-4123-a9c4-eea92defb998,Develop outreach materials and messaging,"Develop outreach materials and messaging

Description:
Create culturally sensitive and accessible outreach materials (flyers, posters, social media content) in multiple languages. Craft clear and concise messaging about heatwave risks and available resources.

Resources needed:
• Communications specialist
• Graphic designer
• Translator
• Cultural competency trainer",4/17/2026,4/19/2026,0,c8d968dd-883d-4c0f-8486-cee25fb9b984,PlanExe
8699b6f8-b179-4489-832f-9a42ce7b8d4e,Establish outreach channels and partnerships,"Establish outreach channels and partnerships

Description:
Identify and establish effective outreach channels (community events, social services, healthcare providers). Partner with trusted community organizations to reach vulnerable populations.

Resources needed:
• Community outreach coordinator
• Local NGO contacts
• Healthcare provider contacts
• Community event calendar",4/19/2026,4/21/2026,0,f800f4bd-62c7-4123-a9c4-eea92defb998,PlanExe
8c1917e2-d694-4fde-aab0-a3f38f934cac,Train outreach workers and volunteers,"Train outreach workers and volunteers

Description:
Provide training to outreach workers and volunteers on heatwave risks, program resources, communication techniques, and cultural sensitivity.

Resources needed:
• Training materials
• Trainers
• Volunteer coordinator
• Outreach workers",4/21/2026,4/23/2026,0,8699b6f8-b179-4489-832f-9a42ce7b8d4e,PlanExe
ed5cef5f-7150-4e76-8659-c646b7dfc9e3,Implement and track outreach activities,"Implement and track outreach activities

Description:
Execute the outreach plan, track the number of residents contacted, and monitor enrollment rates in the program. Collect feedback from residents on outreach methods.

Resources needed:
• Outreach workers
• Volunteers
• Tracking system
• Data analyst",4/23/2026,4/25/2026,0,fe414185-0435-4f20-a7b0-3503e9b57dab,PlanExe
66b32b0f-0c4d-4579-b838-09c321698fb4,Define Resource Allocation Model,,4/25/2026,5/5/2026,0,fe414185-0435-4f20-a7b0-3503e9b57dab,PlanExe
5ba1cf37-090d-4750-88be-de5258925cfa,Assess current resource allocation,"Assess current resource allocation

Description:
Analyze existing resource distribution across project activities to identify potential inefficiencies and areas for improvement. This includes reviewing budget allocations, staffing assignments, and equipment utilization.

Resources needed:
• Project Manager
• Financial Analyst
• Data Analyst",4/25/2026,4/27/2026,0,66b32b0f-0c4d-4579-b838-09c321698fb4,PlanExe
811ee237-62e7-4634-9eba-e9a30f0271d3,Identify key resource constraints,"Identify key resource constraints

Description:
Determine the critical resource limitations that could impact project success, such as funding limitations, staffing shortages, or equipment availability. This involves conducting a resource capacity assessment and identifying potential bottlenecks.

Resources needed:
• Project Manager
• Resource Manager
• Stakeholders",4/27/2026,4/29/2026,0,5ba1cf37-090d-4750-88be-de5258925cfa,PlanExe
4f24e815-42b9-4cad-acbc-b3011e7b3fee,Develop resource allocation scenarios,"Develop resource allocation scenarios

Description:
Create alternative resource allocation plans that address identified constraints and optimize resource utilization. This includes exploring different funding models, staffing strategies, and equipment procurement options.

Resources needed:
• Project Manager
• Financial Analyst
• Operations Manager",4/29/2026,5/1/2026,0,811ee237-62e7-4634-9eba-e9a30f0271d3,PlanExe
4f6fef54-e7a1-414d-a288-12854dbc904d,Evaluate and select optimal model,"Evaluate and select optimal model

Description:
Assess the feasibility, cost-effectiveness, and impact of each resource allocation scenario. This involves conducting a cost-benefit analysis, risk assessment, and stakeholder consultation to select the most appropriate model.

Resources needed:
• Project Manager
• Stakeholders
• Financial Analyst",5/1/2026,5/3/2026,0,4f24e815-42b9-4cad-acbc-b3011e7b3fee,PlanExe
c876a419-a145-4261-afe8-df16f1a1802c,Document and communicate allocation model,"Document and communicate allocation model

Description:
Create a detailed resource allocation plan that outlines the selected model, including budget allocations, staffing assignments, and equipment distribution. Communicate the plan to all relevant stakeholders and obtain their approval.

Resources needed:
• Project Manager
• Communications Specialist
• Stakeholders",5/3/2026,5/5/2026,0,66b32b0f-0c4d-4579-b838-09c321698fb4,PlanExe
0c4bf00b-11a2-48fb-9a1d-5044b23aec0c,Define Proactive Health Coordination Strategy,,5/5/2026,5/15/2026,0,10e3c465-d3ea-4fb6-8cda-4e1a05e1ceab,PlanExe
12b74aa7-b2c8-4fdf-ae41-a11d74750351,Identify key healthcare stakeholders (1),"Identify key healthcare stakeholders

Description:
Identify hospitals, clinics, and primary care physicians in Thessaloniki that serve vulnerable populations. Determine points of contact and establish initial communication.

Resources needed:
• Project Manager
• Community Outreach Coordinator",5/5/2026,5/7/2026,0,0c4bf00b-11a2-48fb-9a1d-5044b23aec0c,PlanExe
83846b9d-6e4c-4ba4-94e7-52bee94bd40b,Develop heat-related illness protocols,"Develop heat-related illness protocols

Description:
Create standardized protocols for healthcare providers to identify, treat, and report heat-related illnesses. Ensure protocols align with national guidelines and are culturally sensitive.

Resources needed:
• Medical Consultant
• Healthcare System Coordinator",5/7/2026,5/9/2026,0,12b74aa7-b2c8-4fdf-ae41-a11d74750351,PlanExe
df75b9c3-7c5e-4e2e-b2ff-704c896ae164,Establish communication channels,"Establish communication channels

Description:
Set up secure and reliable communication channels between the program and healthcare providers. This includes phone lines, email lists, and potentially a secure online platform for data sharing (GDPR compliant).

Resources needed:
• IT Specialist
• Healthcare System Coordinator",5/9/2026,5/11/2026,0,83846b9d-6e4c-4ba4-94e7-52bee94bd40b,PlanExe
d35a9ff4-b2ed-4b7c-9945-1704e7744703,Conduct healthcare provider training,"Conduct healthcare provider training

Description:
Provide training sessions for healthcare providers on the heat response program, heat-related illness protocols, and data reporting procedures. Offer continuing education credits to incentivize participation.

Resources needed:
• Medical Consultant
• Training Coordinator",5/11/2026,5/13/2026,0,df75b9c3-7c5e-4e2e-b2ff-704c896ae164,PlanExe
5ef6191f-ae09-4944-82fa-fb2455f3da0b,Integrate program into healthcare workflows (1),"Integrate program into healthcare workflows

Description:
Work with healthcare providers to integrate the heat response program into their existing workflows. This may involve modifying intake forms, updating electronic health records, and establishing referral pathways.

Resources needed:
• Healthcare System Coordinator
• IT Specialist",5/13/2026,5/15/2026,0,0c4bf00b-11a2-48fb-9a1d-5044b23aec0c,PlanExe
4579fe9b-b0c8-4a2f-98ab-ca2d94436708,Partnership & Resource Procurement,,5/15/2026,8/15/2026,0,10e3c465-d3ea-4fb6-8cda-4e1a05e1ceab,PlanExe
1c8419bb-5c51-466a-9f23-fc384e905703,Establish Partnerships with Local NGOs,,5/15/2026,5/23/2026,0,4579fe9b-b0c8-4a2f-98ab-ca2d94436708,PlanExe
b4d2e621-b8b7-4720-b52d-5a14de0b996c,Identify potential NGO partners,"Identify potential NGO partners

Description:
Objective: Identify local NGOs with experience in public health, community outreach, and vulnerable population support.
Scope: Research and compile a list of NGOs operating in Thessaloniki that align with the project's goals.
Steps: 1. Conduct online research. 2. Consult with local authorities. 3. Review NGO websites and reports. 4. Create a shortlist of potential partners.
Deliverables: A list of potential NGO partners with contact information and a brief description of their relevant experience.

Resources needed:
• Project Manager
• Community Outreach Coordinator
• Researcher",5/15/2026,5/17/2026,0,1c8419bb-5c51-466a-9f23-fc384e905703,PlanExe
04ab485b-06b6-4a86-a045-10edf069e632,Assess NGO capacity and alignment,"Assess NGO capacity and alignment

Description:
Objective: Evaluate the capacity and alignment of shortlisted NGOs with the project's objectives and requirements.
Scope: Assess the NGOs' resources, expertise, and willingness to participate in the heat response program.
Steps: 1. Send out questionnaires to shortlisted NGOs. 2. Conduct interviews with key personnel. 3. Review their past performance and financial stability. 4. Assess their understanding of GDPR compliance.
Deliverables: A detailed assessment report for each shortlisted NGO, including their capacity, alignment, and potential contributions to the project.

Resources needed:
• Project Manager
• Community Outreach Coordinator
• GDPR Compliance Officer",5/17/2026,5/19/2026,0,b4d2e621-b8b7-4720-b52d-5a14de0b996c,PlanExe
212529f4-1c6f-42c8-8618-04957f491b46,Negotiate partnership agreements,"Negotiate partnership agreements

Description:
Objective: Negotiate and finalize partnership agreements with selected NGOs, outlining roles, responsibilities, and resource allocation.
Scope: Develop legally sound and mutually beneficial agreements that ensure effective collaboration and accountability.
Steps: 1. Draft partnership agreement templates. 2. Conduct negotiation meetings with selected NGOs. 3. Revise agreements based on feedback. 4. Obtain legal review and approval.
Deliverables: Signed partnership agreements with selected NGOs, clearly defining roles, responsibilities, and resource allocation.

Resources needed:
• Project Manager
• Legal Counsel
• Community Outreach Coordinator",5/19/2026,5/21/2026,0,04ab485b-06b6-4a86-a045-10edf069e632,PlanExe
d1bb7d7c-8857-473e-b308-70afc32fcba3,Establish communication protocols (1),"Establish communication protocols

Description:
Objective: Establish clear communication protocols with partner NGOs to ensure effective information sharing and coordination.
Scope: Define communication channels, reporting requirements, and escalation procedures for addressing issues and resolving conflicts.
Steps: 1. Develop a communication plan. 2. Conduct training sessions for NGO staff. 3. Establish regular meetings and reporting schedules. 4. Implement a system for tracking and resolving issues.
Deliverables: A documented communication plan and established communication channels with partner NGOs.

Resources needed:
• Project Manager
• Community Outreach Coordinator
• Communications Specialist",5/21/2026,5/23/2026,0,1c8419bb-5c51-466a-9f23-fc384e905703,PlanExe
8b10a98f-9381-42f8-8a51-63718dae9410,Establish Partnerships with Healthcare Providers,,5/23/2026,6/2/2026,0,1c8419bb-5c51-466a-9f23-fc384e905703,PlanExe
58c3639b-70a2-45ac-8729-46812ac32dee,Identify Key Healthcare Stakeholders (2),"Identify Key Healthcare Stakeholders

Description:
Identify key individuals and departments within hospitals, emergency services, and primary care facilities to engage with the program. This includes understanding their roles, responsibilities, and existing workflows related to heatwave response.

Resources needed:
• Project Manager
• Community Outreach Coordinator
• Healthcare Liaison",5/23/2026,5/25/2026,0,8b10a98f-9381-42f8-8a51-63718dae9410,PlanExe
81109f1f-abe1-4115-9a24-a5bffbc3e7a5,Develop Partnership Agreements,"Develop Partnership Agreements

Description:
Create formal partnership agreements outlining the roles, responsibilities, and data sharing protocols for each healthcare provider. Ensure compliance with GDPR and other relevant regulations.

Resources needed:
• Project Manager
• Legal Counsel
• Healthcare Liaison",5/25/2026,5/27/2026,0,58c3639b-70a2-45ac-8729-46812ac32dee,PlanExe
6f7e1516-4ad2-4a74-93c4-f78c50c04c5a,Establish Communication Protocols (2),"Establish Communication Protocols

Description:
Define clear communication channels and protocols for sharing information about heat alerts, patient referrals, and program updates between the program and healthcare providers. This includes establishing contact lists, communication schedules, and escalation procedures.

Resources needed:
• Project Manager
• IT Specialist
• Healthcare Liaison",5/27/2026,5/29/2026,0,81109f1f-abe1-4115-9a24-a5bffbc3e7a5,PlanExe
aa402e02-ffaa-45f1-959d-5beeec3929e3,Conduct Training for Healthcare Staff (1),"Conduct Training for Healthcare Staff

Description:
Provide training to healthcare staff on heat-related illnesses, program services, and referral procedures. This includes developing training materials, scheduling training sessions, and tracking attendance.

Resources needed:
• Healthcare Liaison
• Medical Experts
• Training Coordinator",5/29/2026,5/31/2026,0,6f7e1516-4ad2-4a74-93c4-f78c50c04c5a,PlanExe
a2ec0418-af8d-4791-a22c-c33077273d6c,Integrate Program into Healthcare Workflows (2),"Integrate Program into Healthcare Workflows

Description:
Work with healthcare providers to integrate the heatwave response program into their existing workflows. This includes developing referral forms, updating patient intake procedures, and providing access to program resources.

Resources needed:
• Healthcare Liaison
• IT Specialist
• Healthcare Providers",5/31/2026,6/2/2026,0,8b10a98f-9381-42f8-8a51-63718dae9410,PlanExe
6056cc0a-a753-463f-946a-f8049d1068f0,Establish Partnerships with Transport Services,,6/2/2026,6/14/2026,0,8b10a98f-9381-42f8-8a51-63718dae9410,PlanExe
067fbbfd-b15d-45cb-82f9-d8efb96a736b,Identify potential transport service providers,"Identify potential transport service providers

Description:
Research and identify a pool of potential taxi/transport service providers in Thessaloniki that meet the program's requirements (e.g., accessibility, availability, cost).

Resources needed:
• Project Manager
• Procurement Specialist
• Research Assistant",6/2/2026,6/5/2026,0,6056cc0a-a753-463f-946a-f8049d1068f0,PlanExe
a0ef3f0c-3a6b-461d-a9bc-e7d569ad02f5,Assess provider capabilities and compliance,"Assess provider capabilities and compliance

Description:
Evaluate the identified transport providers based on their capacity, vehicle accessibility, insurance coverage, driver qualifications, and compliance with relevant regulations.

Resources needed:
• Procurement Specialist
• Legal Counsel
• Accessibility Consultant",6/5/2026,6/8/2026,0,067fbbfd-b15d-45cb-82f9-d8efb96a736b,PlanExe
0c1ba7f9-e156-454e-b30d-1e037aae3f75,Negotiate contract terms and service level agreements,"Negotiate contract terms and service level agreements

Description:
Negotiate contract terms with selected transport providers, including pricing, service availability, response times, data privacy (GDPR compliance), and service level agreements (SLAs).

Resources needed:
• Project Manager
• Procurement Specialist
• Legal Counsel",6/8/2026,6/11/2026,0,a0ef3f0c-3a6b-461d-a9bc-e7d569ad02f5,PlanExe
d4fcbefe-0988-46dd-b7c6-3874446e15bc,Formalize agreements with transport providers,"Formalize agreements with transport providers

Description:
Finalize and execute partnership agreements with the chosen taxi/transport providers, ensuring all legal and contractual requirements are met. Establish communication protocols and reporting mechanisms.

Resources needed:
• Project Manager
• Legal Counsel
• Administrative Assistant",6/11/2026,6/14/2026,0,6056cc0a-a753-463f-946a-f8049d1068f0,PlanExe
bf843028-3811-4956-be63-9f83bb5e2d17,Procure Cooling Center Equipment,,6/14/2026,7/4/2026,0,6056cc0a-a753-463f-946a-f8049d1068f0,PlanExe
720d46b7-dfbc-4ccd-92ac-c52f6db7923c,Define Cooling Center Equipment Specifications,"Define Cooling Center Equipment Specifications

Description:
Determine the specific requirements for cooling center equipment, including fans, water dispensers, seating, and any other necessary items. This involves considering factors such as capacity, energy efficiency, durability, and compliance with safety standards.

Resources needed:
• Project Manager
• Facilities Manager
• Health and Safety Officer",6/14/2026,6/18/2026,0,bf843028-3811-4956-be63-9f83bb5e2d17,PlanExe
7382410f-7d59-4d57-a2b6-0879fd1de50f,Identify Potential Equipment Suppliers,"Identify Potential Equipment Suppliers

Description:
Research and identify potential suppliers of cooling center equipment. This includes gathering information on their product offerings, pricing, delivery timelines, and reputation. Prioritize suppliers with a proven track record of providing high-quality equipment and reliable service.

Resources needed:
• Procurement Specialist
• Research Assistant",6/18/2026,6/22/2026,0,720d46b7-dfbc-4ccd-92ac-c52f6db7923c,PlanExe
f8c92ce0-c030-4dd8-bbbf-a803678d6853,Obtain Quotes and Evaluate Proposals,"Obtain Quotes and Evaluate Proposals

Description:
Request quotes from multiple suppliers for the required cooling center equipment. Evaluate the proposals based on factors such as price, quality, delivery timeline, warranty, and supplier reputation. Conduct a thorough cost-benefit analysis to determine the most suitable option.

Resources needed:
• Procurement Specialist
• Project Manager",6/22/2026,6/26/2026,0,7382410f-7d59-4d57-a2b6-0879fd1de50f,PlanExe
68fd87bd-81b3-4ba4-a7c8-72326bf62ff8,Finalize Purchase Orders and Contracts,"Finalize Purchase Orders and Contracts

Description:
Prepare and finalize purchase orders or contracts with the selected equipment suppliers. Ensure that the contracts clearly outline the equipment specifications, delivery terms, payment schedule, warranty provisions, and any other relevant details. Obtain legal review of the contracts to ensure compliance with applicable laws and regulations.

Resources needed:
• Procurement Specialist
• Legal Counsel
• Project Manager",6/26/2026,6/30/2026,0,f8c92ce0-c030-4dd8-bbbf-a803678d6853,PlanExe
b61325cf-9460-4f03-804e-13b4bf491c61,Coordinate Equipment Delivery and Installation,"Coordinate Equipment Delivery and Installation

Description:
Coordinate the delivery and installation of the cooling center equipment at the designated locations. This involves working closely with the suppliers, facilities managers, and installation teams to ensure that the equipment is delivered on time and installed correctly. Conduct inspections to verify that the equipment meets the required specifications and is functioning properly.

Resources needed:
• Logistics Coordinator
• Facilities Manager
• Installation Team",6/30/2026,7/4/2026,0,bf843028-3811-4956-be63-9f83bb5e2d17,PlanExe
770b8213-7040-4d97-bbe7-eccbb0ed50ee,Procure Home Intervention Supplies,,7/4/2026,7/19/2026,0,bf843028-3811-4956-be63-9f83bb5e2d17,PlanExe
327c80b3-e466-437b-9b03-f8a442667591,Research and select suppliers,"Research and select suppliers

Description:
Identify potential suppliers for home intervention supplies (shading kits, blinds, fans, hydration supplies, thermometers/hygrometers). Evaluate suppliers based on cost, quality, and delivery time.

Resources needed:
• Procurement specialist
• Project manager",7/4/2026,7/7/2026,0,770b8213-7040-4d97-bbe7-eccbb0ed50ee,PlanExe
bb07ad8a-278a-4565-b755-bf8814a21127,Negotiate contracts with suppliers,"Negotiate contracts with suppliers

Description:
Negotiate pricing, delivery schedules, and payment terms with selected suppliers. Ensure contracts include quality guarantees and contingency plans for supply chain disruptions.

Resources needed:
• Procurement specialist
• Legal counsel",7/7/2026,7/10/2026,0,327c80b3-e466-437b-9b03-f8a442667591,PlanExe
cff7edc6-d9d9-4b08-9908-8936257350d3,Establish inventory management system,"Establish inventory management system

Description:
Set up a system for tracking inventory levels, managing storage, and ensuring timely distribution of home intervention supplies. This includes defining storage locations and transportation logistics.

Resources needed:
• Logistics coordinator
• Inventory management software",7/10/2026,7/13/2026,0,bb07ad8a-278a-4565-b755-bf8814a21127,PlanExe
d39b1534-26b1-4132-896b-eb78d37b6982,Coordinate delivery and storage,"Coordinate delivery and storage

Description:
Oversee the delivery of home intervention supplies to designated storage locations. Ensure proper storage conditions to prevent damage or spoilage.

Resources needed:
• Logistics coordinator
• Warehouse staff",7/13/2026,7/16/2026,0,cff7edc6-d9d9-4b08-9908-8936257350d3,PlanExe
6fe301a2-9605-44d4-b3a8-111ebb2936cd,Quality control and inspection,"Quality control and inspection

Description:
Inspect delivered supplies to ensure they meet quality standards and specifications. Address any discrepancies or defects with suppliers.

Resources needed:
• Quality control inspector
• Procurement specialist",7/16/2026,7/19/2026,0,770b8213-7040-4d97-bbe7-eccbb0ed50ee,PlanExe
bb5dccac-138c-4784-af2e-185e350fb7d1,Procure Communication Materials,,7/19/2026,8/3/2026,0,770b8213-7040-4d97-bbe7-eccbb0ed50ee,PlanExe
e9303dc8-39d6-4738-9b8d-56f11f7c3a94,Design Communication Materials,"Design Communication Materials

Description:
Create visually appealing and informative flyers, posters, and digital graphics for the heatwave response program. Ensure materials are culturally sensitive and accessible to diverse audiences. Involve graphic designers and communication specialists.

Resources needed:
• Graphic designers
• Communication specialists
• Translation services
• Design software",7/19/2026,7/22/2026,0,bb5dccac-138c-4784-af2e-185e350fb7d1,PlanExe
4d01ae28-8c47-4105-8f88-a9ae2427d92b,Translate Materials into Multiple Languages,"Translate Materials into Multiple Languages

Description:
Translate all communication materials into languages spoken by significant vulnerable populations in Thessaloniki, including Greek, Arabic, and other relevant languages. Use professional translation services to ensure accuracy and cultural appropriateness.

Resources needed:
• Translation services
• Reviewers fluent in target languages",7/22/2026,7/25/2026,0,e9303dc8-39d6-4738-9b8d-56f11f7c3a94,PlanExe
2bf16f6c-c0e6-4ad5-9858-7e6ee4bb3245,Procure Printing Services,"Procure Printing Services

Description:
Obtain quotes from multiple printing vendors for flyers and posters. Select a vendor based on cost, quality, and turnaround time. Ensure the vendor can handle large print runs and deliver materials to designated locations.

Resources needed:
• Procurement specialist
• Printing vendors",7/25/2026,7/28/2026,0,4d01ae28-8c47-4105-8f88-a9ae2427d92b,PlanExe
da9ccb57-d7c1-4d52-a2c0-97c88bf3088b,Set Up SMS Platform,"Set Up SMS Platform

Description:
Select and configure an SMS platform for sending heat alert messages to enrolled residents. Ensure the platform is reliable, scalable, and GDPR-compliant. Integrate the platform with the program's database of vulnerable residents.

Resources needed:
• IT specialist
• SMS platform provider
• Data security expert",7/28/2026,7/31/2026,0,2bf16f6c-c0e6-4ad5-9858-7e6ee4bb3245,PlanExe
6d762985-3d0f-4228-8168-419a118f2040,Distribute Communication Materials,"Distribute Communication Materials

Description:
Distribute flyers and posters to cooling centers, community centers, healthcare facilities, and other locations frequented by vulnerable populations. Coordinate with outreach teams to distribute materials during home visits and community events.

Resources needed:
• Outreach teams
• Volunteers
• Transportation",7/31/2026,8/3/2026,0,bb5dccac-138c-4784-af2e-185e350fb7d1,PlanExe
b9e5f811-cc46-493d-8a70-205700add6cb,Contract Handyperson Services,,8/3/2026,8/15/2026,0,4579fe9b-b0c8-4a2f-98ab-ca2d94436708,PlanExe
a928f5be-3990-4a0b-bd5d-784ce4fea6d5,Identify potential handyperson services,"Identify potential handyperson services

Description:
Objective: Identify qualified and reliable handyperson services in Thessaloniki.
Scope: Research local services, check online reviews, and gather contact information.
Steps: 1. Online search. 2. Check business directories. 3. Contact local community centers for recommendations. 4. Compile a list of at least 10 potential services.
Deliverables: A list of potential handyperson services with contact information and preliminary ratings.

Resources needed:
• Project Manager
• Internet access
• Phone",8/3/2026,8/6/2026,0,b9e5f811-cc46-493d-8a70-205700add6cb,PlanExe
71884ef9-15c1-46fe-882b-786cd31695a2,Vet handyperson services qualifications,"Vet handyperson services qualifications

Description:
Objective: Verify the qualifications, licenses, and insurance of potential handyperson services.
Scope: Check licenses, insurance coverage, and references.
Steps: 1. Contact each service on the list. 2. Request copies of licenses and insurance. 3. Verify licenses with relevant authorities. 4. Check references from previous clients.
Deliverables: A list of vetted handyperson services with verified qualifications.

Resources needed:
• Project Manager
• Administrative Assistant
• Phone
• Access to licensing databases",8/6/2026,8/9/2026,0,a928f5be-3990-4a0b-bd5d-784ce4fea6d5,PlanExe
ba94c46b-3554-482e-83a1-af81b6c03ed5,Negotiate service agreements and rates,"Negotiate service agreements and rates

Description:
Objective: Negotiate service agreements and rates with qualified handyperson services.
Scope: Obtain quotes, negotiate terms, and finalize agreements.
Steps: 1. Request quotes from vetted services. 2. Compare quotes and negotiate rates. 3. Draft service agreements outlining scope of work, payment terms, and liability. 4. Finalize agreements with selected services.
Deliverables: Signed service agreements with handyperson services.

Resources needed:
• Project Manager
• Legal Counsel
• Contract templates",8/9/2026,8/12/2026,0,71884ef9-15c1-46fe-882b-786cd31695a2,PlanExe
c5f15359-d4f7-442b-8a15-a9f1dec79f4e,Establish service scheduling process,"Establish service scheduling process

Description:
Objective: Develop a system for scheduling handyperson services for home interventions.
Scope: Create a process for residents to request services and for the project team to schedule and track appointments.
Steps: 1. Develop a request form for residents. 2. Create a scheduling calendar. 3. Train staff on the scheduling process. 4. Implement a system for tracking completed services.
Deliverables: A documented service scheduling process and a tracking system.

Resources needed:
• Project Manager
• Administrative Assistant
• Scheduling software",8/12/2026,8/15/2026,0,b9e5f811-cc46-493d-8a70-205700add6cb,PlanExe
bcec75a7-c131-4e8d-a001-512991977bfd,Program Implementation,,8/15/2026,2/26/2027,0,4579fe9b-b0c8-4a2f-98ab-ca2d94436708,PlanExe
6b539ce1-7546-449d-bc5a-48df1ff31396,Establish Cooling Centers,,8/15/2026,9/8/2026,0,bcec75a7-c131-4e8d-a001-512991977bfd,PlanExe
9fc51057-c435-47da-ab3f-36854c148121,Identify potential cooling center locations,"Identify potential cooling center locations

Description:
Objective: Identify suitable locations for cooling centers based on proximity to vulnerable populations, accessibility, and available amenities.
Scope: This includes surveying municipal buildings, community centers, and other potential sites.
Steps: 1. Review demographic data to identify areas with high concentrations of vulnerable populations. 2. Conduct site visits to assess suitability. 3. Evaluate accessibility for individuals with mobility limitations. 4. Assess available amenities (e.g., restrooms, water fountains).
Deliverables: A list of potential cooling center locations with detailed site assessments.

Resources needed:
• GIS data
• Community Outreach Coordinator
• Municipal Staff
• Accessibility Consultant",8/15/2026,8/21/2026,0,6b539ce1-7546-449d-bc5a-48df1ff31396,PlanExe
a3667025-1fba-46cd-b992-1d4f01275ed7,Secure agreements for cooling center use,"Secure agreements for cooling center use

Description:
Objective: Obtain formal agreements for the use of selected cooling center locations.
Scope: This includes negotiating terms of use, securing necessary permits, and addressing liability concerns.
Steps: 1. Negotiate terms of use with property owners or managers. 2. Obtain necessary permits from local authorities. 3. Address liability concerns through insurance or waivers. 4. Draft and finalize formal agreements.
Deliverables: Signed agreements for the use of cooling center locations.

Resources needed:
• Program Manager
• Legal Counsel
• Municipal Staff",8/21/2026,8/27/2026,0,9fc51057-c435-47da-ab3f-36854c148121,PlanExe
284b0129-b81a-4a96-bf4b-c7565322bf95,Equip cooling centers with necessary supplies,"Equip cooling centers with necessary supplies

Description:
Objective: Equip cooling centers with essential supplies to ensure a safe and comfortable environment for users.
Scope: This includes procuring fans, water dispensers, seating, and first-aid supplies.
Steps: 1. Develop a list of required supplies. 2. Obtain quotes from suppliers. 3. Procure supplies and arrange for delivery. 4. Install equipment and organize supplies.
Deliverables: Fully equipped cooling centers with necessary supplies.

Resources needed:
• Logistics Coordinator
• Procurement Specialist
• Volunteers",8/27/2026,9/2/2026,0,a3667025-1fba-46cd-b992-1d4f01275ed7,PlanExe
a1bb10a8-d923-4baf-87a5-c964f2beadf0,Train staff and volunteers for cooling centers,"Train staff and volunteers for cooling centers

Description:
Objective: Train staff and volunteers on cooling center operations, emergency procedures, and communication protocols.
Scope: This includes providing training on heat-related illnesses, first aid, and de-escalation techniques.
Steps: 1. Develop a training curriculum. 2. Schedule training sessions. 3. Conduct training sessions. 4. Assess staff and volunteer competency.
Deliverables: Trained staff and volunteers capable of operating cooling centers effectively.

Resources needed:
• Training Specialist
• Healthcare Professional
• Community Outreach Coordinator",9/2/2026,9/8/2026,0,6b539ce1-7546-449d-bc5a-48df1ff31396,PlanExe
774c6721-89f5-4a79-9a83-31b2af97f101,Conduct Targeted Outreach,,9/8/2026,11/7/2026,0,6b539ce1-7546-449d-bc5a-48df1ff31396,PlanExe
26a9d8c7-e11f-4675-b6b1-9ae4937fe49c,Identify vulnerable populations,"Identify vulnerable populations

Description:
Determine specific demographics and locations of vulnerable populations in Thessaloniki at high risk during heatwaves. Use existing data and partner with NGOs.

Resources needed:
• Demographic data
• GIS software
• Community outreach coordinator
• NGO partners",9/8/2026,9/20/2026,0,774c6721-89f5-4a79-9a83-31b2af97f101,PlanExe
788c483c-e250-49d3-936a-640ce2c54912,Develop outreach materials,"Develop outreach materials

Description:
Create culturally sensitive and accessible outreach materials (flyers, brochures, SMS messages) in multiple languages to inform vulnerable populations about the program.

Resources needed:
• Communications specialist
• Translation services
• Graphic designer
• Community outreach coordinator",9/20/2026,10/2/2026,0,26a9d8c7-e11f-4675-b6b1-9ae4937fe49c,PlanExe
e7221cae-d345-471c-af1b-754b280da3ae,Train outreach teams,"Train outreach teams

Description:
Provide training to outreach teams on effective communication strategies, heatwave safety information, and program enrollment procedures.

Resources needed:
• Training materials
• Trainers
• Community outreach coordinator
• Healthcare professionals",10/2/2026,10/14/2026,0,788c483c-e250-49d3-936a-640ce2c54912,PlanExe
41ebe5ba-45fe-418a-a180-90840791ec2d,Conduct community events,"Conduct community events

Description:
Organize community events in high-risk areas to raise awareness about the program and enroll vulnerable residents. Provide information, resources, and incentives.

Resources needed:
• Event organizers
• Volunteers
• Outreach materials
• Venue
• Incentives",10/14/2026,10/26/2026,0,e7221cae-d345-471c-af1b-754b280da3ae,PlanExe
352040c9-c5d2-4bb5-b8d9-1712530d3876,Track outreach efforts and enrollment,"Track outreach efforts and enrollment

Description:
Monitor and track outreach activities, contact success rates, and program enrollment numbers to assess the effectiveness of outreach strategies and make adjustments as needed.

Resources needed:
• Data analyst
• Database
• Community outreach coordinator
• Reporting tools",10/26/2026,11/7/2026,0,774c6721-89f5-4a79-9a83-31b2af97f101,PlanExe
16e1d13b-99ca-4781-86c0-afcbec7dd769,Implement Home Interventions,,11/7/2026,1/21/2027,0,774c6721-89f5-4a79-9a83-31b2af97f101,PlanExe
1c9627ef-b3a0-44ff-8a46-ab932330f0f4,Assess Home Suitability for Interventions,"Assess Home Suitability for Interventions

Description:
Conduct pre-installation assessments to determine the suitability of homes for different interventions, considering factors like housing type, insulation, and resident needs. This includes scheduling appointments, performing on-site evaluations, and documenting findings.

Resources needed:
• Handyperson
• Community Outreach Coordinator
• Assessment Checklist",11/7/2026,11/22/2026,0,16e1d13b-99ca-4781-86c0-afcbec7dd769,PlanExe
bbda9e6c-ba8e-4115-b82a-4bab2a7b77ff,Schedule Home Intervention Installations,"Schedule Home Intervention Installations

Description:
Coordinate with residents to schedule installation appointments, taking into account their availability and preferences. This involves contacting residents, confirming appointments, and managing the installation schedule.

Resources needed:
• Community Outreach Coordinator
• Scheduling Software
• Transportation",11/22/2026,12/7/2026,0,1c9627ef-b3a0-44ff-8a46-ab932330f0f4,PlanExe
498eab3d-b187-41e8-b2d6-a10a17dee099,Install Home Intervention Supplies,"Install Home Intervention Supplies

Description:
Install the selected home intervention supplies, such as shading kits, reflective blinds, and window fans, according to the assessment findings and manufacturer instructions. This includes transporting supplies, performing the installation, and ensuring proper functionality.

Resources needed:
• Handyperson
• Installation Tools
• Home Intervention Supplies",12/7/2026,12/22/2026,0,bbda9e6c-ba8e-4115-b82a-4bab2a7b77ff,PlanExe
9cc4eba6-35d7-4b09-9c60-48cd42a67ea6,Provide Residents Usage Instructions,"Provide Residents Usage Instructions

Description:
Educate residents on the proper use and maintenance of the installed interventions, ensuring they understand how to maximize their effectiveness and safety. This includes providing written instructions, demonstrating usage techniques, and answering questions.

Resources needed:
• Community Outreach Coordinator
• Instruction Manuals
• Demonstration Materials",12/22/2026,1/6/2027,0,498eab3d-b187-41e8-b2d6-a10a17dee099,PlanExe
08f427b0-bc15-4ed4-a66d-b7db8b8e844f,Collect Post-Intervention Feedback,"Collect Post-Intervention Feedback

Description:
Gather feedback from residents on their satisfaction with the interventions and their impact on indoor temperature and comfort. This involves conducting post-installation surveys, collecting temperature data, and documenting resident experiences.

Resources needed:
• Data Analyst
• Survey Forms
• Thermometers/Hygrometers",1/6/2027,1/21/2027,0,16e1d13b-99ca-4781-86c0-afcbec7dd769,PlanExe
128bcc0c-4918-41dc-a4da-a523b1f802a5,Coordinate with Healthcare System,,1/21/2027,1/31/2027,0,16e1d13b-99ca-4781-86c0-afcbec7dd769,PlanExe
062a65f6-3fd8-431a-9923-7e36f955e266,Identify Key Healthcare Contacts,"Identify Key Healthcare Contacts

Description:
Identify key personnel within hospitals, emergency services, and primary care facilities to serve as points of contact for the heat response program. This includes gathering contact information and understanding their roles in heat-related illness response.

Resources needed:
• Program Manager
• Health System Coordinator",1/21/2027,1/23/2027,0,128bcc0c-4918-41dc-a4da-a523b1f802a5,PlanExe
d0ffa46d-d32b-499e-bcbf-99f79cf20dc8,Establish Communication Protocols (3),"Establish Communication Protocols

Description:
Develop clear and concise communication protocols for sharing information about heat alerts, program updates, and patient referrals between the program and healthcare providers. This includes defining communication channels, frequency, and content.

Resources needed:
• Health System Coordinator
• Communications Specialist",1/23/2027,1/25/2027,0,062a65f6-3fd8-431a-9923-7e36f955e266,PlanExe
1b9180e7-7adf-4f28-b7f4-2cdb5ba82be3,Conduct Training for Healthcare Staff (2),"Conduct Training for Healthcare Staff

Description:
Provide training sessions for healthcare staff on recognizing and treating heat-related illnesses, utilizing program resources, and adhering to communication protocols. This includes developing training materials and scheduling training sessions.

Resources needed:
• Health System Coordinator
• Medical Professionals
• Training Materials",1/25/2027,1/27/2027,0,d0ffa46d-d32b-499e-bcbf-99f79cf20dc8,PlanExe
cba3a011-91eb-4d54-a728-14907820dc95,Integrate Program into Healthcare Workflows (3),"Integrate Program into Healthcare Workflows

Description:
Work with healthcare providers to integrate the heat response program into their existing workflows, such as patient intake procedures, discharge planning, and emergency response protocols. This includes developing referral pathways and data sharing agreements.

Resources needed:
• Health System Coordinator
• Healthcare Providers
• Data Analyst/GDPR Compliance Officer",1/27/2027,1/29/2027,0,1b9180e7-7adf-4f28-b7f4-2cdb5ba82be3,PlanExe
271fbae2-00ef-4ba8-9c4d-02ee8c8f9734,Monitor Healthcare System Impact,"Monitor Healthcare System Impact

Description:
Establish a system for monitoring the impact of the heat response program on the healthcare system, such as tracking heat-related emergency room visits, hospital admissions, and mortality rates. This includes collecting and analyzing data to assess program effectiveness.

Resources needed:
• Data Analyst/GDPR Compliance Officer
• Health System Coordinator",1/29/2027,1/31/2027,0,128bcc0c-4918-41dc-a4da-a523b1f802a5,PlanExe
b89f4838-4de9-462e-aff3-01a7496693ee,Implement Worker Protection Measures,,1/31/2027,2/10/2027,0,128bcc0c-4918-41dc-a4da-a523b1f802a5,PlanExe
d2edccb6-90fe-4ff1-be94-ee67056c3a0a,Identify high-risk worker populations,"Identify high-risk worker populations

Description:
Identify specific worker groups most vulnerable to heat stress (e.g., construction, agriculture, delivery). Gather data on their work environments and existing safety measures.

Resources needed:
• Community Outreach Coordinator
• Data Analyst
• Occupational Health Specialist",1/31/2027,2/2/2027,0,b89f4838-4de9-462e-aff3-01a7496693ee,PlanExe
8f134b5f-5cb8-4f3f-a471-3e6608f5da32,Develop tailored protection strategies,"Develop tailored protection strategies

Description:
Design specific heat safety protocols for each identified worker group, considering their unique work conditions and needs. This includes hydration strategies, rest break schedules, and appropriate clothing recommendations.

Resources needed:
• Occupational Health Specialist
• Safety Engineer
• Communications Specialist",2/2/2027,2/4/2027,0,d2edccb6-90fe-4ff1-be94-ee67056c3a0a,PlanExe
71c9df56-d8c6-4cf8-8435-31f2a1afb316,Engage employers and unions,"Engage employers and unions

Description:
Present the tailored protection strategies to employers and unions, seeking their buy-in and commitment to implementation. Address any concerns and provide support for integrating the measures into their existing workflows.

Resources needed:
• Community Outreach Coordinator
• Program Manager
• Legal Counsel",2/4/2027,2/6/2027,0,8f134b5f-5cb8-4f3f-a471-3e6608f5da32,PlanExe
9a703420-aa62-4f87-b49c-73fc65448367,Distribute educational materials,"Distribute educational materials

Description:
Create and distribute informative materials (e.g., flyers, posters, online resources) to workers and employers, highlighting the risks of heat stress and the benefits of implementing the protection measures. Translate materials into relevant languages.

Resources needed:
• Communications Specialist
• Graphic Designer
• Translator",2/6/2027,2/8/2027,0,71c9df56-d8c6-4cf8-8435-31f2a1afb316,PlanExe
7a65a03d-c356-4d5d-8c7e-4c33670bc368,Monitor and evaluate implementation,"Monitor and evaluate implementation

Description:
Track the adoption of the protection measures by employers and workers, and assess their effectiveness in reducing heat-related illnesses. Collect data on worker feedback and make adjustments to the strategies as needed.

Resources needed:
• Data Analyst
• Occupational Health Specialist
• Community Outreach Coordinator",2/8/2027,2/10/2027,0,b89f4838-4de9-462e-aff3-01a7496693ee,PlanExe
00d60a2b-3fa5-4191-bfe1-0c878b401dc1,Execute Public Communications Campaign,,2/10/2027,2/26/2027,0,bcec75a7-c131-4e8d-a001-512991977bfd,PlanExe
65be03e2-3d8e-4120-8c19-bf8359b33ddc,Develop key messages and communication plan,"Develop key messages and communication plan

Description:
Define target audiences, craft clear and concise messages about heatwave risks and protective measures, and develop a comprehensive communication plan outlining channels, timing, and responsibilities.

Resources needed:
• Communications Specialist
• Public Health Expert
• Community Outreach Coordinator",2/10/2027,2/14/2027,0,00d60a2b-3fa5-4191-bfe1-0c878b401dc1,PlanExe
89fa7711-da2b-4aa5-9567-eb9cf3907012,Create multilingual communication materials,"Create multilingual communication materials

Description:
Design and produce flyers, posters, social media content, and other communication materials in multiple languages to reach diverse populations. Ensure materials are culturally appropriate and accessible.

Resources needed:
• Graphic Designer
• Translator
• Communications Specialist",2/14/2027,2/18/2027,0,65be03e2-3d8e-4120-8c19-bf8359b33ddc,PlanExe
7174949d-31c1-4048-b429-45a484af2e73,Disseminate information through multiple channels,"Disseminate information through multiple channels

Description:
Distribute communication materials through various channels, including social media, local media outlets, community events, healthcare providers, and partner organizations. Track reach and engagement.

Resources needed:
• Communications Specialist
• Community Outreach Coordinator
• Volunteers",2/18/2027,2/22/2027,0,89fa7711-da2b-4aa5-9567-eb9cf3907012,PlanExe
52daf3d4-058d-4c3e-b96b-b75484b4fb10,Monitor and address misinformation,"Monitor and address misinformation

Description:
Actively monitor social media and other channels for misinformation related to heatwaves and protective measures. Develop strategies to counter misinformation and provide accurate information.

Resources needed:
• Communications Specialist
• Social Media Manager
• Public Health Expert",2/22/2027,2/26/2027,0,00d60a2b-3fa5-4191-bfe1-0c878b401dc1,PlanExe
8a43ebb1-1731-4cc0-9855-6e5180e02c42,"Monitoring, Evaluation & Reporting",,2/26/2027,4/23/2027,0,bcec75a7-c131-4e8d-a001-512991977bfd,PlanExe
f74ae510-801e-4039-8fdd-63083b43c4f1,Collect Data on Cooling Center Utilization,,2/26/2027,3/13/2027,0,8a43ebb1-1731-4cc0-9855-6e5180e02c42,PlanExe
865423bd-fa0e-4374-a522-9e87a9a683f6,Define Cooling Center Data Points,"Define Cooling Center Data Points

Description:
Determine specific data points to collect (e.g., user demographics, utilization times, feedback).

Resources needed:
• Data Analyst
• Cooling Center Manager",2/26/2027,3/1/2027,0,f74ae510-801e-4039-8fdd-63083b43c4f1,PlanExe
8edce09c-6a47-4a3f-a139-b2e9f17b586d,Develop Data Collection Forms/Protocols,"Develop Data Collection Forms/Protocols

Description:
Create standardized forms and protocols for collecting data at cooling centers.

Resources needed:
• Data Analyst
• Community Outreach Coordinator",3/1/2027,3/4/2027,0,865423bd-fa0e-4374-a522-9e87a9a683f6,PlanExe
657abc6d-05f3-46c5-b5e7-0ca8bbb44afa,Train Staff on Data Collection,"Train Staff on Data Collection

Description:
Train cooling center staff and volunteers on proper data collection procedures.

Resources needed:
• Community Outreach Coordinator
• Cooling Center Manager",3/4/2027,3/7/2027,0,8edce09c-6a47-4a3f-a139-b2e9f17b586d,PlanExe
5336e4c9-47bb-4370-a424-e7d5b0b9b6f6,Implement Data Collection at Centers,"Implement Data Collection at Centers

Description:
Deploy data collection forms and protocols at all operational cooling centers.

Resources needed:
• Cooling Center Staff
• Volunteers",3/7/2027,3/10/2027,0,657abc6d-05f3-46c5-b5e7-0ca8bbb44afa,PlanExe
39434caa-ce2d-469d-bedd-5f79c7267e77,Monitor Data Quality and Completeness,"Monitor Data Quality and Completeness

Description:
Regularly review collected data for accuracy and completeness, addressing any issues.

Resources needed:
• Data Analyst
• Cooling Center Manager",3/10/2027,3/13/2027,0,f74ae510-801e-4039-8fdd-63083b43c4f1,PlanExe
0ef84f6b-5829-4c02-8d0d-f6ae15168f4f,Collect Data on Home Intervention Effectiveness,,3/13/2027,3/28/2027,0,f74ae510-801e-4039-8fdd-63083b43c4f1,PlanExe
9b58fab9-93f0-44e0-80de-310b59e02613,Schedule Home Visits for Data Collection,"Schedule Home Visits for Data Collection

Description:
Contact residents to schedule convenient times for data collection visits, ensuring minimal disruption and maximizing participation.

Resources needed:
• Community Outreach Coordinator
• Phone
• Scheduling Software",3/13/2027,3/16/2027,0,0ef84f6b-5829-4c02-8d0d-f6ae15168f4f,PlanExe
98f0d92e-8b27-4b33-afa9-daadd12d2dea,Collect Pre-Intervention Temperature Data,"Collect Pre-Intervention Temperature Data

Description:
Record indoor temperature and humidity levels before interventions are installed, using calibrated thermometers/hygrometers.

Resources needed:
• Data Collector
• Thermometers/Hygrometers
• Data Collection Forms",3/16/2027,3/19/2027,0,9b58fab9-93f0-44e0-80de-310b59e02613,PlanExe
f1e2744b-c460-4c52-94be-c4a2a2e93a7f,Collect Post-Intervention Temperature Data,"Collect Post-Intervention Temperature Data

Description:
Record indoor temperature and humidity levels after interventions are installed, following a standardized protocol.

Resources needed:
• Data Collector
• Thermometers/Hygrometers
• Data Collection Forms",3/19/2027,3/22/2027,0,98f0d92e-8b27-4b33-afa9-daadd12d2dea,PlanExe
7181aadc-df27-4de8-a523-a750a1c38740,Administer Resident Satisfaction Surveys,"Administer Resident Satisfaction Surveys

Description:
Conduct surveys to assess resident satisfaction with the installed home interventions and gather feedback.

Resources needed:
• Community Outreach Coordinator
• Survey Forms
• Tablet/Computer",3/22/2027,3/25/2027,0,f1e2744b-c460-4c52-94be-c4a2a2e93a7f,PlanExe
a4576ebd-0933-474e-a435-fe4f4f725099,Analyze Temperature Data and Survey Results,"Analyze Temperature Data and Survey Results

Description:
Analyze collected temperature data and survey responses to determine the effectiveness of home interventions.

Resources needed:
• Data Analyst
• Statistical Software
• Spreadsheet Software",3/25/2027,3/28/2027,0,0ef84f6b-5829-4c02-8d0d-f6ae15168f4f,PlanExe
2f2ec516-923f-448f-b628-098fa29afe5d,Collect Data on Outreach Effectiveness,,3/28/2027,4/5/2027,0,0ef84f6b-5829-4c02-8d0d-f6ae15168f4f,PlanExe
acc5b4b5-9cdf-4606-a102-f7f55a284da4,Define outreach data collection metrics,"Define outreach data collection metrics

Description:
Establish specific, measurable, achievable, relevant, and time-bound (SMART) metrics for evaluating outreach effectiveness. This includes defining key performance indicators (KPIs) such as contact success rate, enrollment rate, and referral rate.

Resources needed:
• Community Outreach Coordinator
• Data Analyst
• Program Manager",3/28/2027,3/30/2027,0,2f2ec516-923f-448f-b628-098fa29afe5d,PlanExe
59d5d98f-58d2-4d12-a0f9-bb5d04c514a6,Design outreach data collection tools,"Design outreach data collection tools

Description:
Develop standardized data collection forms, surveys, and databases to capture relevant information from outreach activities. Ensure tools are user-friendly, culturally sensitive, and compliant with GDPR regulations.

Resources needed:
• Community Outreach Coordinator
• Data Analyst
• GDPR Compliance Officer
• Communications Specialist",3/30/2027,4/1/2027,0,acc5b4b5-9cdf-4606-a102-f7f55a284da4,PlanExe
dd5ff25c-4b64-44e1-826a-7332205f8c80,Train outreach teams on data collection,"Train outreach teams on data collection

Description:
Provide comprehensive training to outreach teams on data collection procedures, including proper use of data collection tools, ethical considerations, and data privacy requirements. Conduct pilot testing to ensure understanding and proficiency.

Resources needed:
• Community Outreach Coordinator
• Data Analyst
• Training Specialist",4/1/2027,4/3/2027,0,59d5d98f-58d2-4d12-a0f9-bb5d04c514a6,PlanExe
2b7e75db-e272-4639-8a55-cb04d177c97b,Implement data quality control measures,"Implement data quality control measures

Description:
Establish procedures for verifying the accuracy and completeness of outreach data, including regular data audits, cross-validation checks, and feedback mechanisms. Address any data quality issues promptly and effectively.

Resources needed:
• Data Analyst
• Community Outreach Coordinator
• Program Manager",4/3/2027,4/5/2027,0,2f2ec516-923f-448f-b628-098fa29afe5d,PlanExe
9b6c3518-a689-45d6-9ee5-469c8adabc92,Analyze Data and Generate Reports,,4/5/2027,4/15/2027,0,2f2ec516-923f-448f-b628-098fa29afe5d,PlanExe
b38123b0-f54c-43cd-a907-a56af8d79f10,Clean and validate collected data,"Clean and validate collected data

Description:
Objective: Ensure data quality for analysis.
Scope: Review and correct inconsistencies, errors, and missing values in the collected data.
Steps: 1. Import data into analysis software. 2. Identify and correct errors. 3. Handle missing data appropriately. 4. Validate data against expected ranges.
Deliverables: Cleaned and validated datasets.

Resources needed:
• Data analyst
• Data validation tools
• Data cleaning scripts",4/5/2027,4/7/2027,0,9b6c3518-a689-45d6-9ee5-469c8adabc92,PlanExe
09132fb8-afb6-4a17-98b2-de85b46b2407,Perform statistical analysis,"Perform statistical analysis

Description:
Objective: Extract meaningful insights from the data.
Scope: Apply appropriate statistical methods to identify trends, correlations, and significant findings.
Steps: 1. Select appropriate statistical tests. 2. Run statistical analyses using software. 3. Interpret results and identify key findings.
Deliverables: Statistical analysis results and interpretations.

Resources needed:
• Statistician
• Statistical software (e.g., R, SPSS)
• Data analysis plan",4/7/2027,4/9/2027,0,b38123b0-f54c-43cd-a907-a56af8d79f10,PlanExe
5d0c44b5-c54a-4d20-b6df-6ea775f7e3c3,Visualize data for report clarity,"Visualize data for report clarity

Description:
Objective: Create clear and informative visualizations to communicate findings effectively.
Scope: Develop charts, graphs, and other visual aids to present data in an accessible manner.
Steps: 1. Select appropriate visualization types. 2. Create visualizations using software. 3. Review visualizations for clarity and accuracy.
Deliverables: Data visualizations (charts, graphs, etc.).

Resources needed:
• Data visualization specialist
• Data visualization software (e.g., Tableau, Power BI)
• Reporting guidelines",4/9/2027,4/11/2027,0,09132fb8-afb6-4a17-98b2-de85b46b2407,PlanExe
957f7a6d-efe8-4812-859b-dedbb815fd45,Write and review draft reports,"Write and review draft reports

Description:
Objective: Prepare comprehensive reports summarizing the findings and recommendations.
Scope: Document the methodology, results, and conclusions of the analysis in a clear and concise manner.
Steps: 1. Write draft reports. 2. Review reports for accuracy and completeness. 3. Incorporate feedback and revise reports.
Deliverables: Draft reports.

Resources needed:
• Report writer
• Subject matter experts
• Report template",4/11/2027,4/13/2027,0,5d0c44b5-c54a-4d20-b6df-6ea775f7e3c3,PlanExe
407720ae-5dcf-46a9-bf34-858edde1ff0c,Finalize and disseminate reports,"Finalize and disseminate reports

Description:
Objective: Publish and distribute the final reports to relevant stakeholders.
Scope: Ensure reports are accurate, complete, and accessible to the intended audience.
Steps: 1. Finalize reports based on feedback. 2. Obtain necessary approvals. 3. Disseminate reports to stakeholders.
Deliverables: Finalized and disseminated reports.

Resources needed:
• Project manager
• Stakeholder list
• Dissemination plan",4/13/2027,4/15/2027,0,9b6c3518-a689-45d6-9ee5-469c8adabc92,PlanExe
08f49e89-e995-4662-a4ea-53ef92ee0789,Conduct Stakeholder Meetings,,4/15/2027,4/19/2027,0,9b6c3518-a689-45d6-9ee5-469c8adabc92,PlanExe
48912c97-caab-49e6-bb69-28a9b5d90d2a,Prepare Stakeholder Meeting Materials,"Prepare Stakeholder Meeting Materials

Description:
Objective: Compile all necessary documents and presentations for the stakeholder meetings.
Scope: Gather project updates, data analysis reports, and proposed corrective actions.
Steps: 1. Collect relevant data and reports. 2. Create presentation slides. 3. Review materials with the project team. 4. Finalize and distribute materials to stakeholders.
Deliverables: Meeting agenda, presentation slides, data analysis reports.

Resources needed:
• Project Manager
• Data Analyst
• Communications Specialist",4/15/2027,4/16/2027,0,08f49e89-e995-4662-a4ea-53ef92ee0789,PlanExe
3f68f0ce-6eeb-43ef-9d46-03d83db676a9,Schedule Stakeholder Meetings,"Schedule Stakeholder Meetings

Description:
Objective: Coordinate and schedule meetings with key stakeholders to present project progress and discuss corrective actions.
Scope: Identify key stakeholders, determine meeting frequency, and secure meeting times.
Steps: 1. Identify key stakeholders. 2. Determine meeting frequency and duration. 3. Send out meeting invitations. 4. Confirm attendance and finalize meeting schedule.
Deliverables: Meeting schedule, confirmed attendee list.

Resources needed:
• Project Manager
• Project Coordinator",4/16/2027,4/17/2027,0,48912c97-caab-49e6-bb69-28a9b5d90d2a,PlanExe
9f834885-5b35-409e-b086-6d0b71ca0594,Facilitate Stakeholder Meetings,"Facilitate Stakeholder Meetings

Description:
Objective: Conduct stakeholder meetings to present project findings, discuss corrective actions, and gather feedback.
Scope: Prepare meeting agenda, facilitate discussions, and document key decisions.
Steps: 1. Review meeting agenda. 2. Present project findings and proposed corrective actions. 3. Facilitate discussions and gather feedback. 4. Document key decisions and action items.
Deliverables: Meeting minutes, action item list.

Resources needed:
• Project Manager
• Subject Matter Experts",4/17/2027,4/18/2027,0,3f68f0ce-6eeb-43ef-9d46-03d83db676a9,PlanExe
84715abb-34b8-4492-83ac-fecd367fba1a,Document Stakeholder Feedback,"Document Stakeholder Feedback

Description:
Objective: Accurately record and organize all feedback received from stakeholders during the meetings.
Scope: Capture comments, suggestions, and concerns raised by stakeholders.
Steps: 1. Take detailed notes during the meetings. 2. Transcribe and organize notes. 3. Summarize key feedback points. 4. Share feedback summary with the project team.
Deliverables: Meeting notes, feedback summary report.

Resources needed:
• Project Coordinator
• Project Manager",4/18/2027,4/19/2027,0,08f49e89-e995-4662-a4ea-53ef92ee0789,PlanExe
35a15ea4-f546-4aaf-bcab-8815820b8c35,Implement Corrective Actions (as needed),,4/19/2027,4/23/2027,0,8a43ebb1-1731-4cc0-9855-6e5180e02c42,PlanExe
db3d030c-f35c-42f6-95c9-61164432dfd3,Identify Root Cause of Issues,"Identify Root Cause of Issues

Description:
Analyze data and reports to pinpoint the underlying causes of identified problems or deviations from the project plan. This involves reviewing performance metrics, conducting interviews with stakeholders, and examining relevant documentation to understand the factors contributing to the issue.

Resources needed:
• Data Analyst
• Project Manager
• Subject Matter Experts",4/19/2027,4/20/2027,0,35a15ea4-f546-4aaf-bcab-8815820b8c35,PlanExe
92b8cfd6-5773-44ed-99e6-ae7069c19623,Develop Corrective Action Plan,"Develop Corrective Action Plan

Description:
Create a detailed plan outlining the specific steps required to address the identified root causes. This includes defining clear objectives, assigning responsibilities, establishing timelines, and identifying necessary resources. The plan should be realistic, measurable, and aligned with the overall project goals.

Resources needed:
• Project Manager
• Team Leads
• Subject Matter Experts",4/20/2027,4/21/2027,0,db3d030c-f35c-42f6-95c9-61164432dfd3,PlanExe
8b712991-a876-4d23-98b7-188a780c1d63,Implement Corrective Actions,"Implement Corrective Actions

Description:
Execute the corrective action plan by carrying out the defined steps. This may involve making changes to processes, procedures, or resource allocation. Regular monitoring and tracking of progress are essential to ensure that the actions are effective and on schedule.

Resources needed:
• Project Team
• Contractors
• Volunteers",4/21/2027,4/22/2027,0,92b8cfd6-5773-44ed-99e6-ae7069c19623,PlanExe
a48b51ed-9a38-46e4-b8fe-daf75a63a306,Monitor and Evaluate Effectiveness,"Monitor and Evaluate Effectiveness

Description:
Continuously track the impact of the implemented corrective actions on the identified issues. This involves collecting data, analyzing performance metrics, and gathering feedback from stakeholders. The evaluation should determine whether the actions are achieving the desired results and whether any further adjustments are needed.

Resources needed:
• Data Analyst
• Project Manager
• Stakeholders",4/22/2027,4/23/2027,0,35a15ea4-f546-4aaf-bcab-8815820b8c35,PlanExe
0cc162ed-c2b4-43bd-b479-ac79693eeb1a,Project Closure,,4/23/2027,5/11/2027,0,de776189-0236-4388-b04d-afc48a489adc,PlanExe
8bcbcf5c-631e-4471-af07-c1ac044821dc,Finalize Project Documentation,,4/23/2027,4/27/2027,0,0cc162ed-c2b4-43bd-b479-ac79693eeb1a,PlanExe
6d2f5196-d321-488c-b311-cbebc38c12ae,Gather all project documentation,"Gather all project documentation

Description:
Collect all relevant documents, including project plans, reports, meeting minutes, and correspondence.

Resources needed:
• Project Manager
• Team Members",4/23/2027,4/24/2027,0,8bcbcf5c-631e-4471-af07-c1ac044821dc,PlanExe
2b2af1c9-9dee-4099-9301-c736f58a897a,Organize and index documents,"Organize and index documents

Description:
Organize the collected documents into a logical structure and create an index for easy retrieval.

Resources needed:
• Project Manager
• Document Controller",4/24/2027,4/25/2027,0,6d2f5196-d321-488c-b311-cbebc38c12ae,PlanExe
f0d93bd8-9486-4ca8-b344-49ed50c87014,Verify completeness of documentation,"Verify completeness of documentation

Description:
Review the organized documents to ensure that all required information is present and accurate.

Resources needed:
• Project Manager
• Quality Assurance Team",4/25/2027,4/26/2027,0,2b2af1c9-9dee-4099-9301-c736f58a897a,PlanExe
55f2b8a5-bb47-4c2f-8390-c5cdc4c7b422,Obtain sign-off on documentation,"Obtain sign-off on documentation

Description:
Submit the finalized documentation to relevant stakeholders for review and approval.

Resources needed:
• Project Manager
• Stakeholders",4/26/2027,4/27/2027,0,8bcbcf5c-631e-4471-af07-c1ac044821dc,PlanExe
4c81e4b8-3ba9-43aa-b7f9-793b10f7fe2e,Conduct Post-Project Review,,4/27/2027,5/2/2027,0,8bcbcf5c-631e-4471-af07-c1ac044821dc,PlanExe
7f7fbd99-1588-4912-9cf0-bf0853cec994,Schedule stakeholder interviews,"Schedule stakeholder interviews

Description:
Objective: Arrange interviews with key stakeholders to gather feedback on project performance.
Scope: Identify and contact stakeholders, schedule interview times, and prepare interview questions.
Steps: 1. Identify key stakeholders. 2. Draft interview questions. 3. Contact stakeholders to schedule interviews. 4. Confirm interview appointments.
Deliverables: Interview schedule.

Resources needed:
• Project Manager
• Project Coordinator",4/27/2027,4/28/2027,0,4c81e4b8-3ba9-43aa-b7f9-793b10f7fe2e,PlanExe
cc3b3698-ec5d-43af-8a09-1190d2675d52,Conduct stakeholder interviews,"Conduct stakeholder interviews

Description:
Objective: Conduct interviews with stakeholders to gather feedback on project successes, challenges, and lessons learned.
Scope: Conduct scheduled interviews, document responses, and ensure confidentiality.
Steps: 1. Conduct interviews according to schedule. 2. Take detailed notes during interviews. 3. Ensure confidentiality of responses. 4. Thank stakeholders for their participation.
Deliverables: Interview notes.

Resources needed:
• Project Manager
• Project Coordinator",4/28/2027,4/29/2027,0,7f7fbd99-1588-4912-9cf0-bf0853cec994,PlanExe
34bfaae9-d8a7-409b-9731-cd17ba9bd56e,Analyze interview data,"Analyze interview data

Description:
Objective: Analyze the collected interview data to identify key themes, trends, and insights related to project performance.
Scope: Review interview notes, categorize responses, and identify recurring themes.
Steps: 1. Review interview notes. 2. Categorize responses based on key themes. 3. Identify trends and insights. 4. Summarize findings.
Deliverables: Data analysis report.

Resources needed:
• Data Analyst
• Project Manager",4/29/2027,4/30/2027,0,cc3b3698-ec5d-43af-8a09-1190d2675d52,PlanExe
586f37b8-a38f-44c7-99a8-f273baf87a4e,Draft post-project review document,"Draft post-project review document

Description:
Objective: Prepare a comprehensive post-project review document summarizing project performance, lessons learned, and recommendations for future projects.
Scope: Compile findings from data analysis, document key project metrics, and develop recommendations.
Steps: 1. Compile findings from data analysis. 2. Document key project metrics. 3. Develop recommendations for future projects. 4. Draft the post-project review document.
Deliverables: Draft post-project review document.

Resources needed:
• Project Manager
• Data Analyst",4/30/2027,5/1/2027,0,34bfaae9-d8a7-409b-9731-cd17ba9bd56e,PlanExe
4966f21f-ca3f-495d-9153-147744c0c0d0,Obtain feedback on review document,"Obtain feedback on review document

Description:
Objective: Circulate the draft post-project review document to stakeholders for feedback and revisions.
Scope: Distribute the document, collect feedback, and incorporate revisions.
Steps: 1. Distribute the draft document to stakeholders. 2. Collect feedback and comments. 3. Incorporate revisions based on feedback. 4. Finalize the post-project review document.
Deliverables: Final post-project review document.

Resources needed:
• Project Manager
• Project Coordinator",5/1/2027,5/2/2027,0,4c81e4b8-3ba9-43aa-b7f9-793b10f7fe2e,PlanExe
d6a56221-accc-46f2-8a1e-fc44e3ac3a74,Disseminate Project Findings,,5/2/2027,5/7/2027,0,4c81e4b8-3ba9-43aa-b7f9-793b10f7fe2e,PlanExe
5584cee2-6c6f-4873-b9c2-45291a767930,Prepare dissemination materials,"Prepare dissemination materials

Description:
Develop a concise summary of project findings, including key outcomes, lessons learned, and recommendations. Create visually appealing presentations, reports, and infographics suitable for different audiences.

Resources needed:
• Communications Specialist
• Data Analyst
• Graphic Designer",5/2/2027,5/3/2027,0,d6a56221-accc-46f2-8a1e-fc44e3ac3a74,PlanExe
fa10206c-e69b-4aea-94ba-977f6566b9b3,Identify target audiences,"Identify target audiences

Description:
Determine the key stakeholders who should receive the project findings, including municipal staff, healthcare providers, NGOs, community leaders, and the general public. Tailor dissemination strategies to reach each audience effectively.

Resources needed:
• Community Outreach Coordinator
• Program Manager",5/3/2027,5/4/2027,0,5584cee2-6c6f-4873-b9c2-45291a767930,PlanExe
edc277e2-f60a-4141-872a-246996e37515,Select dissemination channels,"Select dissemination channels

Description:
Choose appropriate channels for sharing project findings, such as public presentations, community forums, social media, websites, newsletters, and publications. Consider the reach and effectiveness of each channel for different audiences.

Resources needed:
• Communications Specialist
• Program Manager",5/4/2027,5/5/2027,0,fa10206c-e69b-4aea-94ba-977f6566b9b3,PlanExe
531beb70-5ba6-40c3-9928-6862506b675a,Obtain approvals for dissemination,"Obtain approvals for dissemination

Description:
Submit dissemination materials to relevant authorities for review and approval, ensuring compliance with data privacy regulations and organizational policies. Address any feedback or concerns raised during the approval process.

Resources needed:
• Program Manager
• Legal Counsel",5/5/2027,5/6/2027,0,edc277e2-f60a-4141-872a-246996e37515,PlanExe
b6e3419b-fdb1-4ff5-8ce3-32b9e6749eb0,Distribute project findings,"Distribute project findings

Description:
Implement the dissemination plan, sharing project findings through selected channels. Monitor the reach and impact of dissemination efforts, collecting feedback from stakeholders to inform future projects.

Resources needed:
• Communications Specialist
• Community Outreach Coordinator",5/6/2027,5/7/2027,0,d6a56221-accc-46f2-8a1e-fc44e3ac3a74,PlanExe
03e7206e-2eb4-4f98-a2cd-b9956332735a,Archive Project Materials,,5/7/2027,5/11/2027,0,0cc162ed-c2b4-43bd-b479-ac79693eeb1a,PlanExe
221cad22-acb9-4e08-b539-8e3c1f0e6d60,Identify Archive Location,"Identify Archive Location

Description:
Determine the physical or digital location where project materials will be stored long-term. This includes assessing storage capacity, security measures, and accessibility protocols.

Resources needed:
• Project Manager
• IT Support
• Records Management",5/7/2027,5/8/2027,0,03e7206e-2eb4-4f98-a2cd-b9956332735a,PlanExe
639576ab-6149-4c4a-911a-779cc9132e71,Organize Project Materials,"Organize Project Materials

Description:
Sort and categorize all project-related documents, data, and physical assets. This includes creating a logical filing system, labeling items clearly, and ensuring that all materials are easily retrievable.

Resources needed:
• Project Team
• Administrative Assistant",5/8/2027,5/9/2027,0,221cad22-acb9-4e08-b539-8e3c1f0e6d60,PlanExe
dea9a28b-ee76-4c37-9ac1-61244b0008ce,Label Archive Contents,"Label Archive Contents

Description:
Create descriptive labels for all archived materials, including file names, folder names, and physical storage containers. Labels should be consistent, accurate, and easily understood by anyone accessing the archive.

Resources needed:
• Project Team
• Administrative Assistant",5/9/2027,5/10/2027,0,639576ab-6149-4c4a-911a-779cc9132e71,PlanExe
229e49cf-7dcf-4c70-b566-61f38022bb6d,Backup Digital Data,"Backup Digital Data

Description:
Create a backup copy of all digital project data and store it in a secure location separate from the primary archive. This includes verifying the integrity of the backup and testing the restoration process.

Resources needed:
• IT Support
• Data Analyst",5/10/2027,5/11/2027,0,03e7206e-2eb4-4f98-a2cd-b9956332735a,PlanExe
