{
  "analysis_title": "Clear English: Strategic Scenario Analysis",
  "core_tension": "The central tension is between maximizing the clarity and consistency of Clear English and ensuring its practical adoption, cost-effectiveness, and broad acceptance.",
  "scenarios": [
    {
      "scenario_name": "The Pioneer's Gambit",
      "strategic_logic": "This scenario embraces a bold, technologically-driven approach to create a highly consistent and simplified language. It prioritizes comprehensive linguistic reform and broad adoption, accepting higher initial costs and risks in pursuit of long-term impact and widespread use.",
      "lever_settings": {
        "Linguistic Scope Strategy": "Implement comprehensive regularization across ordinals, spelling-to-sound, morphology, and homographs, using AI-powered tools to predict and mitigate potential comprehension issues.",
        "Adoption Pathway Strategy": "Launch a broad public awareness campaign targeting general adoption, including partnerships with media outlets and influencers.",
        "Funding Model Strategy": "Establish a decentralized autonomous organization (DAO) to manage funding, using cryptocurrency and smart contracts to ensure transparency and community control.",
        "Morphological Regularization Strategy": "Implement a fully regularized morphology, using algorithms to transform all irregular forms into consistent patterns, potentially impacting naturalness.",
        "Governance and Editorial Control": "Implement a hybrid model with a core editorial board and a decentralized review process using AI-powered tools to analyze community feedback and identify potential issues."
      }
    },
    {
      "scenario_name": "The Builder's Foundation",
      "strategic_logic": "This scenario seeks a balanced and pragmatic approach, focusing on core linguistic improvements and targeted adoption. It prioritizes solid progress and manages risk by focusing on areas with clear need and leveraging established funding models, ensuring a sustainable and impactful implementation.",
      "lever_settings": {
        "Linguistic Scope Strategy": "Address ordinals, spelling-to-sound, and a limited set of high-impact morphological irregularities and homographs.",
        "Adoption Pathway Strategy": "Expand to include K-12 education in select pilot programs, alongside ESL and technical documentation.",
        "Funding Model Strategy": "Combine grant funding with revenue from licensing the Clear English standard to publishers and software developers.",
        "Morphological Regularization Strategy": "Regularize a broader set of irregular forms, aiming for a balance between simplification and recognizability.",
        "Governance and Editorial Control": "Create a larger advisory board representing diverse stakeholders to provide input and guidance to the editorial board."
      }
    },
    {
      "scenario_name": "The Consolidator's Approach",
      "strategic_logic": "This scenario prioritizes stability, cost-control, and risk-aversion by focusing on the most essential linguistic improvements and a narrow adoption pathway. It leverages established funding sources and a traditional governance structure to ensure a low-risk, cost-effective implementation.",
      "lever_settings": {
        "Linguistic Scope Strategy": "Focus on ordinals and spelling-to-sound only, leaving morphology and homographs largely untouched.",
        "Adoption Pathway Strategy": "Focus solely on ESL learners and technical documentation, targeting specific niches with demonstrated need.",
        "Funding Model Strategy": "Secure a grant from a philanthropic organization dedicated to language education.",
        "Morphological Regularization Strategy": "Target only the most common irregular verbs and plurals, preserving the majority of existing forms.",
        "Governance and Editorial Control": "Establish a small editorial board of linguists and educators to make final decisions on the standard."
      }
    }
  ]
}