[
  {
    "id": "99d3a779-7398-4971-81cf-bf6312cdfa5b",
    "document_name": "Project Charter",
    "description": "A formal document that initiates the Clear English project, defining its objectives, scope, stakeholders, and high-level timelines. It serves as the foundation for all subsequent planning activities. Includes initial risk assessment and resource allocation.",
    "responsible_role_type": "Project Manager",
    "document_template_primary": "PMI Project Charter Template",
    "document_template_secondary": null,
    "steps_to_create": [
      "Define project goals and objectives based on the project description.",
      "Identify key stakeholders and their roles.",
      "Outline the project scope, deliverables, and success criteria.",
      "Establish a high-level timeline and budget.",
      "Obtain approval from key stakeholders."
    ],
    "approval_authorities": "Steering Committee, Funding Organization",
    "essential_information": [
      "What are the specific, measurable, achievable, relevant, and time-bound (SMART) goals and objectives of the Clear English project?",
      "Who are the primary and secondary stakeholders, and what are their roles and responsibilities?",
      "What is the project scope, including key deliverables and success criteria?",
      "What is the high-level timeline for the project, including key milestones and phases?",
      "What is the initial budget allocation for each phase of the project?",
      "What are the key dependencies that must be met for the project to succeed?",
      "What resources (linguistic experts, technical writers, educators, etc.) are required for the project?",
      "What are the initial identified risks and mitigation strategies?",
      "What are the regulatory and compliance requirements for the project?",
      "What are the related goals that the project aims to achieve (e.g., improve language education, enhance clarity in technical documentation)?",
      "What are the key assumptions underlying the project plan?",
      "A section detailing the project's alignment with the overall strategic goals of the organization or initiative.",
      "A clear statement of the project's purpose and justification."
    ],
    "risks_of_poor_quality": [
      "Unclear project goals lead to scope creep and misalignment among stakeholders.",
      "Inadequate stakeholder identification results in lack of buy-in and resistance to adoption.",
      "An undefined scope causes significant rework and budget overruns.",
      "An unrealistic timeline leads to project delays and missed deadlines.",
      "Insufficient risk assessment results in unforeseen challenges and disruptions.",
      "Lack of defined success criteria makes it difficult to measure project outcomes and impact.",
      "Inadequate resource allocation leads to delays and quality issues."
    ],
    "worst_case_scenario": "The project fails to secure necessary funding or stakeholder buy-in, resulting in complete abandonment of the Clear English initiative and wasted resources.",
    "best_case_scenario": "The Project Charter clearly defines the project's objectives, scope, and stakeholders, enabling efficient planning, resource allocation, and stakeholder alignment, leading to successful project execution and widespread adoption of the Clear English standard. Enables go/no-go decision for Phase 1 funding.",
    "fallback_alternative_approaches": [
      "Utilize a pre-approved project charter template and adapt it to the Clear English project.",
      "Schedule a focused workshop with key stakeholders to collaboratively define project goals, scope, and success criteria.",
      "Engage a project management consultant to assist in developing the Project Charter.",
      "Develop a simplified 'minimum viable charter' covering only critical elements initially and iterate based on stakeholder feedback."
    ]
  },
  {
    "id": "b3661ac6-d727-46fc-84a4-a38173a69c48",
    "document_name": "Linguistic Scope Strategy Plan",
    "description": "A high-level plan outlining the breadth of linguistic features targeted for regularization in Clear English. It defines which aspects of the language (ordinals, spelling-to-sound, morphology, homographs) will be addressed and to what extent. This plan will guide the development of specific regularization rules and inform the adoption pathway strategy.",
    "responsible_role_type": "Lead Linguist",
    "document_template_primary": null,
    "document_template_secondary": null,
    "steps_to_create": [
      "Analyze existing English inconsistencies in ordinals, spelling-to-sound, morphology, and homographs.",
      "Evaluate the trade-offs between comprehensiveness, intelligibility, and adoption feasibility.",
      "Define the scope of linguistic features to be regularized.",
      "Establish criteria for selecting high-impact morphological irregularities and homographs.",
      "Document the rationale for the chosen linguistic scope."
    ],
    "approval_authorities": "Editorial Board",
    "essential_information": [
      "What specific linguistic features (ordinals, spelling-to-sound, morphology, homographs) will be included in the initial scope?",
      "What criteria will be used to determine which morphological irregularities and homographs are considered 'high-impact' and therefore prioritized for regularization?",
      "What are the specific, measurable targets for comprehensibility and intelligibility that the chosen scope must meet?",
      "What data sources (e.g., existing corpora, linguistic databases, expert opinions) will be used to inform the selection of linguistic features?",
      "Detail the rationale for prioritizing certain linguistic features over others, considering the trade-offs between clarity, adoption ease, and project resources.",
      "How will the plan address potential conflicts with the Adoption Pathway Strategy, ensuring that the chosen linguistic scope does not hinder initial adoption?",
      "What are the specific steps for evaluating and adjusting the linguistic scope based on pilot testing and user feedback?",
      "Requires access to the 'strategic_decisions.md' file, specifically the section on Linguistic Scope Strategy.",
      "Requires access to the 'assumptions.md' file to understand the project's assumptions about stakeholder agreement and resource availability.",
      "Requires access to the 'project-plan.md' file to understand the project's goals, SMART criteria, and risk assessment."
    ],
    "risks_of_poor_quality": [
      "An unclear scope definition leads to inconsistent rule development and user confusion.",
      "Failure to prioritize high-impact features results in limited clarity gains and user dissatisfaction.",
      "An overly broad scope hinders adoption due to increased complexity and disruption.",
      "An overly narrow scope limits the potential benefits of Clear English and reduces its long-term value.",
      "Lack of a clear rationale undermines stakeholder confidence and support for the project."
    ],
    "worst_case_scenario": "The Clear English standard fails to gain traction due to an ineffective linguistic scope, resulting in wasted resources and a missed opportunity to improve language clarity.",
    "best_case_scenario": "The Linguistic Scope Strategy Plan enables the creation of a Clear English standard that is both highly effective in improving clarity and readily adopted by target audiences, leading to widespread use and significant positive impact on communication.",
    "fallback_alternative_approaches": [
      "Utilize a pre-approved company template and adapt it for linguistic scope planning.",
      "Schedule a focused workshop with linguists and educators to collaboratively define the linguistic scope.",
      "Engage a technical writer or subject matter expert for assistance in drafting the plan.",
      "Develop a simplified 'minimum viable plan' covering only critical linguistic features initially, with plans for future expansion."
    ]
  },
  {
    "id": "d0b8031f-3e58-44d1-9990-d192346aa0d6",
    "document_name": "Adoption Pathway Strategy Plan",
    "description": "A high-level plan defining the target audience and rollout plan for Clear English. It controls the initial focus (ESL, technical documentation, K-12) and the pace of expansion. This plan will guide the development of marketing and communication strategies and inform the funding model strategy.",
    "responsible_role_type": "Community Engagement Coordinator",
    "document_template_primary": null,
    "document_template_secondary": null,
    "steps_to_create": [
      "Identify potential target audiences for Clear English (ESL learners, technical writers, K-12 students).",
      "Evaluate the needs and characteristics of each target audience.",
      "Define the initial focus and pace of expansion.",
      "Develop a rollout plan that minimizes resistance and maximizes impact.",
      "Document the rationale for the chosen adoption pathway."
    ],
    "approval_authorities": "Editorial Board",
    "essential_information": [
      "Identify and prioritize potential target audiences for Clear English (e.g., ESL learners, technical writers, K-12 students, safety-critical documentation users).",
      "What are the specific needs, characteristics, and existing pain points of each potential target audience regarding language clarity and comprehension?",
      "Quantify the potential market size and adoption rate for each target audience.",
      "Define the initial target audience(s) for the Clear English rollout, with clear justification based on market analysis and project goals.",
      "Detail the proposed phased rollout plan, including specific milestones, timelines, and success metrics for each phase.",
      "What are the key performance indicators (KPIs) for measuring the success of the adoption pathway (e.g., adoption rates, user satisfaction, comprehension improvements)?",
      "Identify potential barriers to adoption for each target audience (e.g., resistance to change, lack of awareness, cost).",
      "Outline specific strategies for overcoming these barriers and promoting adoption (e.g., targeted marketing campaigns, free training materials, partnerships with key influencers).",
      "How will the adoption pathway strategy align with and support the Linguistic Scope Strategy, Funding Model Strategy, and Community Engagement Approach?",
      "What resources (budget, personnel, tools) are required to implement the adoption pathway strategy effectively?",
      "Document the rationale for the chosen adoption pathway, including supporting data and analysis.",
      "Requires access to market research data, user surveys, and competitor analysis."
    ],
    "risks_of_poor_quality": [
      "An unclear or poorly defined adoption pathway leads to inefficient marketing efforts and wasted resources.",
      "Failure to target the right audience results in low adoption rates and limited impact.",
      "An overly aggressive rollout plan overwhelms project resources and alienates stakeholders.",
      "Lack of a clear communication strategy creates confusion and resistance to the new standard.",
      "Insufficient consideration of user needs leads to a standard that is not widely accepted or used."
    ],
    "worst_case_scenario": "The Clear English standard fails to gain traction due to a poorly defined or executed adoption pathway, resulting in wasted resources, a damaged reputation, and the project's ultimate failure.",
    "best_case_scenario": "The Clear English standard achieves widespread adoption and significantly improves communication clarity across target audiences, leading to increased efficiency, reduced errors, and enhanced accessibility. This enables a go/no-go decision on further investment and expansion.",
    "fallback_alternative_approaches": [
      "Focus initially on a single, well-defined target audience (e.g., ESL learners) to minimize complexity and maximize impact.",
      "Utilize a pre-existing adoption framework or model and adapt it to the specific context of Clear English.",
      "Conduct a series of small-scale pilot programs with different target audiences to gather data and refine the adoption strategy.",
      "Develop a simplified 'minimum viable adoption plan' focusing on essential elements and deferring less critical aspects to later phases.",
      "Schedule a workshop with key stakeholders (linguists, educators, technical writers) to collaboratively define the adoption pathway."
    ]
  },
  {
    "id": "9c88f367-258a-4982-a7b0-7c9db4bb9fce",
    "document_name": "Funding Model Strategy Plan",
    "description": "A high-level plan determining how the Clear English project will be financed. It controls the sources of funding (grants, licensing, DAO) and the financial management approach. This plan will guide the development of grant proposals and licensing agreements and inform the governance structure.",
    "responsible_role_type": "Funding and Licensing Manager",
    "document_template_primary": null,
    "document_template_secondary": null,
    "steps_to_create": [
      "Identify potential funding sources (grants, licensing, DAO).",
      "Evaluate the feasibility and sustainability of each funding source.",
      "Define the financial management approach.",
      "Develop a plan for securing sufficient resources to support all project activities.",
      "Document the rationale for the chosen funding model."
    ],
    "approval_authorities": "Steering Committee",
    "essential_information": [
      "Identify all potential funding sources for the Clear English project, including grants (specify potential grant-giving organizations), licensing (detail potential licensees and licensing models), and DAOs (outline structure and governance).",
      "Quantify the projected revenue from each funding source over the three-year project timeline, including best-case, worst-case, and most-likely scenarios.",
      "Detail the financial management approach, including budgeting, expense tracking, and reporting procedures.",
      "Define the criteria for evaluating the feasibility and sustainability of each funding source (e.g., alignment with project goals, long-term stability, administrative overhead).",
      "Outline a plan for securing sufficient resources to support all project activities, including specific actions, timelines, and responsible parties.",
      "Describe the ethical implications of each funding model, particularly regarding profiting from a language standard.",
      "Analyze the potential conflicts between different funding models and the project's governance structure (e.g., DAO vs. editorial board control).",
      "Specify the key performance indicators (KPIs) for monitoring the success of the funding model (e.g., amount of funding secured, stability of funding sources, efficiency of resource allocation).",
      "Requires access to the project's budget, projected expenses, and strategic goals.",
      "Requires input from the Steering Committee on acceptable funding sources and risk tolerance."
    ],
    "risks_of_poor_quality": [
      "Insufficient funding leads to project delays, reduced scope, or complete project failure.",
      "Over-reliance on a single funding source makes the project vulnerable to external factors (e.g., grant funding cuts).",
      "Unrealistic revenue projections result in budget shortfalls and inability to meet project goals.",
      "Lack of transparency in financial management erodes stakeholder trust and hinders accountability.",
      "Ethical concerns regarding the funding model damage the project's reputation and reduce adoption."
    ],
    "worst_case_scenario": "The project runs out of funding midway through Phase 2, resulting in the abandonment of the Clear English standard and loss of all invested resources.",
    "best_case_scenario": "The project secures diversified and sustainable funding through a combination of grants and licensing, enabling it to achieve all project goals, maintain long-term financial viability, and expand its impact beyond the initial three-year period. Enables go/no-go decision for Phase 3.",
    "fallback_alternative_approaches": [
      "Develop a phased funding approach, prioritizing essential activities and deferring less critical ones until additional funding is secured.",
      "Reduce the project scope to align with available funding, focusing on a narrower set of linguistic features or target audiences.",
      "Launch a crowdfunding campaign to supplement traditional funding sources and engage the community.",
      "Seek pro bono support from financial advisors or grant writers to improve the efficiency of fundraising efforts."
    ]
  },
  {
    "id": "19343f51-e0f6-454e-a1be-eefa5ee2cfd8",
    "document_name": "Morphological Regularization Strategy Plan",
    "description": "A high-level plan defining the extent to which irregular verb conjugations and pluralizations are standardized in Clear English. It controls the balance between simplification and maintaining recognizability for existing English speakers. This plan will guide the development of specific regularization rules and inform the linguistic scope strategy.",
    "responsible_role_type": "Lead Linguist",
    "document_template_primary": null,
    "document_template_secondary": null,
    "steps_to_create": [
      "Analyze existing English irregular verb conjugations and pluralizations.",
      "Evaluate the trade-offs between simplification and maintaining recognizability.",
      "Define the extent of morphological regularization.",
      "Establish criteria for selecting irregular forms to be regularized.",
      "Document the rationale for the chosen morphological regularization strategy."
    ],
    "approval_authorities": "Editorial Board",
    "essential_information": [
      "What specific irregular verb conjugations and pluralizations will be targeted for regularization?",
      "What criteria will be used to determine which irregular forms are 'high-impact' and should be regularized?",
      "How will the balance between simplification and recognizability be measured and evaluated?",
      "What are the specific rules for regularizing the selected irregular forms?",
      "How will the cognitive load of learning new regularized forms be addressed?",
      "What are the potential impacts of the regularization strategy on different writing styles?",
      "How will the plan address potential resistance from stakeholders who value traditional English forms?",
      "How will the plan ensure that regularization does not introduce new ambiguities?",
      "Detail the specific algorithms or methods to be used for morphological regularization.",
      "Requires access to existing linguistic corpora and dictionaries.",
      "Based on analysis of the Linguistic Scope Strategy and Adoption Pathway Strategy documents.",
      "A section detailing the impact of the chosen strategy on ESL learners and native English speakers.",
      "A risk assessment and mitigation plan for potential negative impacts of the regularization strategy."
    ],
    "risks_of_poor_quality": [
      "Inconsistent or poorly defined regularization rules lead to confusion and reduced comprehension.",
      "Over-aggressive regularization alienates native English speakers and hinders adoption.",
      "Insufficient regularization fails to significantly reduce the learning curve for ESL learners.",
      "Lack of clear criteria for selecting irregular forms leads to arbitrary and inconsistent regularization.",
      "Failure to address the cognitive load of new regularized forms reduces the overall benefit of the standard."
    ],
    "worst_case_scenario": "The Clear English standard is rejected by both native English speakers and ESL learners due to unnatural or confusing morphological regularization, leading to project failure and wasted resources.",
    "best_case_scenario": "The Morphological Regularization Strategy significantly reduces the learning curve for ESL learners while maintaining intelligibility for native English speakers, leading to widespread adoption of the Clear English standard and improved communication clarity. Enables a clear definition of the Clear English grammar ruleset.",
    "fallback_alternative_approaches": [
      "Utilize a pre-existing simplified English morphology as a starting point and adapt it to the Clear English context.",
      "Schedule a workshop with linguists and educators to collaboratively define the regularization rules.",
      "Engage a computational linguist to develop an AI-powered tool to automatically regularize irregular forms.",
      "Develop a 'minimum viable regularization' strategy focusing only on the most common and problematic irregular forms initially."
    ]
  },
  {
    "id": "ae3a9dbb-e60c-4ce9-a6e0-e9e1234a311c",
    "document_name": "Governance and Editorial Control Framework",
    "description": "A framework defining the decision-making structure for the Clear English standard. It controls who has the authority to approve rules, resolve disputes, and manage the evolution of the standard. This framework will guide the establishment of an editorial board and advisory board and inform the community engagement approach.",
    "responsible_role_type": "Governance and Standards Liaison",
    "document_template_primary": null,
    "document_template_secondary": null,
    "steps_to_create": [
      "Define the roles and responsibilities of the editorial board and advisory board.",
      "Establish a process for approving rules and resolving disputes.",
      "Define the decision-making authority for managing the evolution of the standard.",
      "Develop a framework for incorporating community feedback.",
      "Document the rationale for the chosen governance structure."
    ],
    "approval_authorities": "Steering Committee",
    "essential_information": [
      "Define the specific roles and responsibilities of the editorial board (e.g., rule approval, dispute resolution) and advisory board (e.g., providing input, representing stakeholders).",
      "Detail the process for proposing, reviewing, and approving new rules or modifications to existing rules, including voting mechanisms and quorum requirements.",
      "Outline the criteria and process for selecting members of the editorial and advisory boards, including term limits and renewal procedures.",
      "Describe the mechanisms for resolving disputes or conflicts of interest within the governance structure.",
      "Specify the process for incorporating community feedback into the decision-making process, including channels for feedback submission and methods for evaluating and prioritizing input.",
      "Define the decision-making authority for managing the long-term evolution of the standard, including versioning, updates, and deprecation of rules.",
      "Address potential biases within the editorial board or AI-powered review processes and outline mitigation strategies.",
      "Detail the process for ensuring transparency and accountability in decision-making, including documentation and communication of decisions.",
      "Requires input from legal counsel regarding liability and intellectual property rights related to the standard.",
      "Requires input from community representatives to ensure inclusivity and address potential concerns."
    ],
    "risks_of_poor_quality": [
      "Inconsistent application of rules due to unclear decision-making processes.",
      "Stakeholder dissatisfaction and resistance to adoption due to lack of representation or influence.",
      "Delays in standard updates and improvements due to inefficient decision-making.",
      "Loss of credibility and trust in the standard due to perceived bias or lack of transparency.",
      "Legal challenges or disputes over intellectual property rights.",
      "Inability to adapt to changing user needs or market conditions."
    ],
    "worst_case_scenario": "The Clear English standard becomes fragmented and inconsistent due to a poorly defined governance structure, leading to widespread rejection and project failure. Legal challenges arise due to unclear intellectual property rights, resulting in significant financial losses and reputational damage.",
    "best_case_scenario": "The Governance and Editorial Control Framework establishes a clear, transparent, and inclusive decision-making process, fostering stakeholder buy-in and ensuring the long-term consistency and quality of the Clear English standard. This enables efficient updates and improvements, leading to widespread adoption and recognition as a reliable and authoritative standard. Enables go/no-go decision on Phase 3 funding.",
    "fallback_alternative_approaches": [
      "Utilize a pre-existing governance model from a similar language standardization project and adapt it to the specific needs of Clear English.",
      "Schedule a series of workshops with key stakeholders (linguists, educators, community representatives) to collaboratively define the governance structure.",
      "Develop a simplified 'minimum viable governance framework' focusing on core decision-making processes and deferring more complex aspects to later phases.",
      "Engage a consultant with expertise in governance and standards development to provide guidance and support."
    ]
  },
  {
    "id": "f9dce161-e86f-435e-aa2d-37bf131c990b",
    "document_name": "Risk Register",
    "description": "A document that identifies potential risks to the Clear English project, assesses their likelihood and impact, and outlines mitigation strategies. It will be regularly updated throughout the project lifecycle.",
    "responsible_role_type": "Project Manager",
    "document_template_primary": "PMI Risk Register Template",
    "document_template_secondary": null,
    "steps_to_create": [
      "Identify potential risks based on the project description, assumptions, and expert input.",
      "Assess the likelihood and impact of each risk.",
      "Develop mitigation strategies for each risk.",
      "Assign responsibility for monitoring and managing each risk.",
      "Establish a process for regularly reviewing and updating the risk register."
    ],
    "approval_authorities": "Steering Committee",
    "essential_information": [
      "Identify all potential risks to the Clear English project, categorized by type (e.g., financial, technical, social, regulatory).",
      "For each identified risk, assess its likelihood of occurrence (e.g., Low, Medium, High) and potential impact on the project (e.g., Low, Medium, High, Critical).",
      "Quantify the potential impact of each risk in terms of cost, schedule, and quality (e.g., \"10-20% budget overrun\", \"2-4 week delay\", \"10-20% decrease in satisfaction\").",
      "Develop specific, actionable mitigation strategies for each identified risk, including assigned responsibilities and timelines.",
      "Define triggers or warning signs that indicate a risk is becoming more likely or its impact is increasing.",
      "Establish a process for regularly reviewing and updating the risk register (frequency, responsible parties, approval process).",
      "Include a risk scoring system to prioritize risks based on likelihood and impact.",
      "Detail the data sources used to identify and assess risks (e.g., expert interviews, historical project data, market research).",
      "Specify the criteria for closing out a risk (i.e., when a risk is no longer considered active).",
      "Document any dependencies between risks and mitigation strategies."
    ],
    "risks_of_poor_quality": [
      "Failure to identify critical risks leads to unexpected project delays and cost overruns.",
      "Inaccurate risk assessments result in misallocation of resources and ineffective mitigation strategies.",
      "Lack of clear mitigation strategies leaves the project vulnerable to unforeseen challenges.",
      "An outdated risk register fails to reflect the current project environment and emerging threats.",
      "Poorly defined risk ownership leads to inaction and delayed responses to critical issues."
    ],
    "worst_case_scenario": "A major, unmitigated risk (e.g., loss of funding, critical technical failure, widespread negative public perception) causes the complete failure of the Clear English project, resulting in a loss of investment and reputational damage.",
    "best_case_scenario": "The Risk Register enables proactive identification and mitigation of potential problems, leading to a smooth project execution, on-time and within-budget delivery of the Clear English standard, and successful adoption by target audiences. It enables informed decision-making regarding resource allocation and risk response.",
    "fallback_alternative_approaches": [
      "Conduct a rapid risk assessment workshop with key stakeholders to identify the most pressing risks and mitigation strategies.",
      "Utilize a simplified risk assessment matrix focusing on high-level risks and mitigation actions.",
      "Adapt an existing risk register from a similar language standardization project.",
      "Engage a risk management consultant to provide expert guidance and support."
    ]
  },
  {
    "id": "372dda41-dd21-47cc-8c0e-c6f1913e1aca",
    "document_name": "High-Level Budget/Funding Framework",
    "description": "A high-level overview of the project budget, including funding sources, expense categories, and key assumptions. It provides a financial roadmap for the project.",
    "responsible_role_type": "Funding and Licensing Manager",
    "document_template_primary": null,
    "document_template_secondary": null,
    "steps_to_create": [
      "Identify all project expenses.",
      "Categorize expenses into major categories (e.g., personnel, materials, travel).",
      "Estimate the cost of each expense category.",
      "Identify potential funding sources and their expected contributions.",
      "Develop a high-level budget that aligns expenses with funding sources."
    ],
    "approval_authorities": "Steering Committee",
    "essential_information": [
      "What are the total estimated project expenses, broken down by phase (Definition, Development, Pilot, Launch)?",
      "What are the specific expense categories (e.g., personnel, software, hardware, travel, marketing, legal, training, curriculum development, pilot program costs)?",
      "What are the potential funding sources (grants, licensing, DAO, other) and the estimated contribution from each source, including specific grant names and amounts?",
      "What are the key assumptions underlying the budget estimates (e.g., personnel costs, licensing revenue, grant success rate)?",
      "What is the contingency plan for budget overruns or shortfalls in funding?",
      "What are the criteria for allocating funds across different project activities?",
      "What is the process for tracking and reporting project expenses?",
      "What are the key financial metrics that will be used to measure project success (e.g., ROI, cost-benefit ratio)?",
      "What is the projected timeline for securing funding from each source?",
      "What are the ethical considerations related to different funding models (e.g., profiting from a language standard)?",
      "How will the budget be managed to ensure compliance with regulatory requirements and ethical guidelines?",
      "What are the specific costs associated with risk mitigation strategies?",
      "What are the costs associated with each strategic choice for each decision (Linguistic Scope, Adoption Pathway, etc.)?",
      "What is the cost of the physical locations and resources required for the project?"
    ],
    "risks_of_poor_quality": [
      "Inaccurate budget estimates lead to project delays or scope reductions.",
      "Over-reliance on a single funding source jeopardizes project sustainability.",
      "Lack of transparency in budget allocation erodes stakeholder trust.",
      "Insufficient funding for critical activities hinders project progress.",
      "Unrealistic revenue projections lead to financial instability.",
      "Poor financial management results in cost overruns and budget deficits.",
      "Failure to secure necessary funding prevents project completion.",
      "Inadequate contingency planning leaves the project vulnerable to unforeseen financial challenges.",
      "Lack of clarity on budget allocation leads to conflicts over resource allocation.",
      "Ethical concerns related to funding models damage the project's reputation."
    ],
    "worst_case_scenario": "The project runs out of funding before completion, resulting in the abandonment of the Clear English standard and a loss of invested resources and time.",
    "best_case_scenario": "The project secures sufficient funding to fully implement the Clear English standard, leading to widespread adoption, improved communication clarity, and long-term financial sustainability, enabling further development and expansion of the standard.",
    "fallback_alternative_approaches": [
      "Develop a phased budget, prioritizing essential activities and deferring less critical ones.",
      "Reduce the scope of the project to align with available funding.",
      "Seek bridge loans or alternative funding sources to cover short-term funding gaps.",
      "Implement stricter cost control measures to reduce expenses.",
      "Utilize a simplified budget template and focus on high-level estimates initially.",
      "Engage a financial consultant to review and refine the budget.",
      "Focus on securing grant funding first, delaying licensing efforts until later phases."
    ]
  }
]