[
  {
    "id": "9769e703-2f11-42a1-9749-fd72580b824f",
    "major_phase_title": "Project Initiation and Planning",
    "subtasks": [
      {
        "id": "49af8593-64b2-4c1f-a7e4-4a03a8a976ae",
        "description": "Secure Project Funding"
      },
      {
        "id": "c53e44f9-311a-46ee-8210-db2cefdf997b",
        "description": "Establish Editorial Board and Linguistic Review Process"
      },
      {
        "id": "4544e20d-ecc8-400f-a048-bd05d0ce179b",
        "description": "Define Project Scope and Objectives"
      },
      {
        "id": "8dd93a5f-dcd3-4aba-8b1f-7290ab964bb6",
        "description": "Develop Project Management Plan"
      },
      {
        "id": "d64071c7-3eae-4386-84d9-a33df37532ea",
        "description": "Conduct Stakeholder Analysis"
      },
      {
        "id": "fc3ed79f-4391-4df9-8bbf-15f367948a5a",
        "description": "Perform Risk Assessment"
      }
    ]
  },
  {
    "id": "3bb43e3e-050d-4565-9354-e6f60b5c1016",
    "major_phase_title": "Linguistic Rule Design and Corpus Creation",
    "subtasks": [
      {
        "id": "7d0093c2-9805-4431-8359-1ab0900bbff3",
        "description": "Define Rules for Ordinals"
      },
      {
        "id": "8ab857b9-eb5e-4e10-9838-1bfca16aee58",
        "description": "Define Rules for Spelling-to-Sound"
      },
      {
        "id": "eaaadbd7-1bfc-4201-b123-695064d02b4c",
        "description": "Define Rules for Morphology"
      },
      {
        "id": "11bfab37-4e4c-48d9-9986-aa5ad813bd0c",
        "description": "Define Rules for Homographs"
      },
      {
        "id": "1d00592c-5925-4799-92b2-4a0ed96fa3c9",
        "description": "Develop Reference Corpus"
      },
      {
        "id": "07951625-3298-4266-b5ec-2d474b1d3beb",
        "description": "Create Reference Dictionary"
      },
      {
        "id": "b7056ae8-9d12-4033-bcdd-9893c2a01236",
        "description": "Validate Linguistic Scope"
      }
    ]
  },
  {
    "id": "71bdc3e6-f4b9-4846-9bc7-2284b3a0363a",
    "major_phase_title": "Curriculum Development and Pilot Testing",
    "subtasks": [
      {
        "id": "e0086771-9114-4070-832c-0e567760a94b",
        "description": "Create Pilot Learning Materials"
      },
      {
        "id": "4177bc52-95e5-49dd-91bf-dd96ffc49dda",
        "description": "Develop Assessments"
      },
      {
        "id": "c8f92683-a620-41bb-9396-9ea48f2c5f41",
        "description": "Recruit Pilot Cohorts"
      },
      {
        "id": "e24c9014-d88b-47e3-b961-5396675dd5b6",
        "description": "Conduct Usability Testing"
      },
      {
        "id": "ee608d6f-6b39-44c7-9b03-22921e51bb4d",
        "description": "Analyze Pilot Data"
      },
      {
        "id": "6dd44764-b8a4-44df-bbd9-acea3df4d967",
        "description": "Refine Learning Materials and Assessments"
      }
    ]
  },
  {
    "id": "077a032a-2831-4a50-a7b5-34df4795c80a",
    "major_phase_title": "Standard Launch and Public Licensing",
    "subtasks": [
      {
        "id": "96c73e1f-f6f3-4b95-8c39-23ebc7433661",
        "description": "Develop Public Licensing Policy"
      },
      {
        "id": "ecc12037-7bc2-4581-9d87-4bf917ae0650",
        "description": "Prepare Standard Documentation"
      },
      {
        "id": "0cc4c808-1243-4d06-9ad2-9c4f447fcd0b",
        "description": "Launch Clear English Standard"
      },
      {
        "id": "3dabdde4-c7c2-456a-a5cf-9ade45418518",
        "description": "Promote Adoption of Clear English"
      },
      {
        "id": "6bd7243b-bd4a-47fe-96de-beba534d178f",
        "description": "Validate Adoption Pathway"
      },
      {
        "id": "6b975dd0-7f2a-4a19-b05d-6b7571935a88",
        "description": "Validate Funding Model"
      }
    ]
  },
  {
    "id": "5e99e625-6775-4c2a-9d1b-8e342519ae82",
    "major_phase_title": "Governance and Maintenance",
    "subtasks": [
      {
        "id": "c24b99e9-21e9-440d-a162-bd75aa7a9f6c",
        "description": "Establish Governance Structure"
      },
      {
        "id": "3ad49ee9-7898-4e1c-96aa-7630dee4c9fb",
        "description": "Monitor Standard Usage and Feedback"
      },
      {
        "id": "f3be490c-e406-44f4-b920-c4d70f64b36f",
        "description": "Update Standard Based on Feedback"
      },
      {
        "id": "66fde011-0b5a-40ba-9368-e16eb57fa561",
        "description": "Manage Licensing and Revenue"
      },
      {
        "id": "0e13f2e0-e7bd-4f56-9797-65b1defc7efd",
        "description": "Validate Governance and Editorial Control"
      }
    ]
  }
]