Level 1;Level 2;Level 3;Level 4;Task ID
Clear English;;;;e4f656b7-9c8e-4fa1-af6f-1c3719229008
;Project Initiation and Planning;;;9769e703-2f11-42a1-9749-fd72580b824f
;;Secure Project Funding;;49af8593-64b2-4c1f-a7e4-4a03a8a976ae
;;;Identify potential funding sources;60f6c834-51ea-4f1a-b28e-5ec403593e6a
;;;Prepare grant proposals and applications;ae3e308a-f02b-4a4a-9f73-b917d0bad6ab
;;;Engage with potential funders;5c9ba7d1-1dd5-42fa-8b93-ca818d1a8b1b
;;;Negotiate funding agreements;89fb206a-34d4-4efb-86d7-456ec0bd79f9
;;Establish Editorial Board and Linguistic Review Process;;c53e44f9-311a-46ee-8210-db2cefdf997b
;;;Identify Potential Board Members;991b80dc-5598-484a-aecc-b999f7c315e3
;;;Define Board Member Selection Criteria;294c11cf-2202-4e5e-9742-e62f9ca57804
;;;Develop Review Process Documentation;676c332e-753b-410a-bdae-377b5d880a7b
;;;Establish Communication Protocols;78cc8f71-3998-4184-bed6-75a3029349f4
;;Define Project Scope and Objectives;;4544e20d-ecc8-400f-a048-bd05d0ce179b
;;;Identify Key Stakeholders;c8a5782f-fcd0-45f5-86e5-d4191e029928
;;;Define Project Goals and Objectives;52e2d75b-b7b3-433e-a727-26aea22665b3
;;;Determine Project Deliverables;7dda0192-5640-40da-ac93-7fe96564b9f7
;;;Establish Project Success Criteria;511135ce-401a-4f9e-94bc-75de6ef2f83f
;;;Document Scope Assumptions and Constraints;9de97b06-84f8-44b3-91b3-fb1de379dfa2
;;Develop Project Management Plan;;8dd93a5f-dcd3-4aba-8b1f-7290ab964bb6
;;;Define Project Scope Management Approach;90d91b6e-737c-4ed5-a899-bd204967cc6d
;;;Create Project Schedule;f2d93c92-679b-48fb-9dd3-4784fc3a3510
;;;Allocate Resources to Tasks;be42a9ff-bdf4-40d5-86fd-896fd549c0b2
;;;Establish Communication Plan;a0659513-715d-4000-9da7-6c248e9229ee
;;;Document Project Management Processes;5ab57612-8034-42fe-beae-1839b8ccd64f
;;Conduct Stakeholder Analysis;;d64071c7-3eae-4386-84d9-a33df37532ea
;;;Identify Key Stakeholders;cc2bc94b-223a-4a44-ba3d-168626b0793a
;;;Assess Stakeholder Influence and Interest;0aa3e6f8-85dc-4578-984a-bd61575572e0
;;;Develop Stakeholder Engagement Plan;008e5902-880d-445b-b025-872a8fecf2fe
;;;Document Stakeholder Requirements;333d0d1e-6f8d-4b2a-8c4b-87cbc8485ac5
;;Perform Risk Assessment;;fc3ed79f-4391-4df9-8bbf-15f367948a5a
;;;Identify Potential Risks;76e2efbe-2ab3-4fdf-9ad1-351bc2d24e9f
;;;Assess Risk Probability and Impact;a9d42da2-ba11-439c-9d26-23dc31691636
;;;Prioritize Risks;5da9fc90-a252-41b7-b656-693fe4206dd7
;;;Develop Mitigation Strategies;5fb29f61-0758-4d92-8a5e-23687284e9a7
;;;Document Risk Assessment Results;5c38238f-8b0c-4f9f-90d3-a07c68f22540
;Linguistic Rule Design and Corpus Creation;;;3bb43e3e-050d-4565-9354-e6f60b5c1016
;;Define Rules for Ordinals;;7d0093c2-9805-4431-8359-1ab0900bbff3
;;;Research ordinal usage in English;9c715326-120e-42be-9e16-084c8f62d583
;;;Develop initial ordinal rule proposals;88ce8056-4230-4792-baa4-9aaff59323d9
;;;Evaluate rule proposals for clarity;13317444-9cbe-4ddc-a5e7-140ca49184b4
;;;Refine and finalize ordinal rules;3619a651-efa9-479f-92c2-148735950ac2
;;Define Rules for Spelling-to-Sound;;8ab857b9-eb5e-4e10-9838-1bfca16aee58
;;;Research existing English phonetic systems;c2fd3a0c-adf8-4371-a5e0-169b987b3036
;;;Analyze spelling-to-sound inconsistencies;a3876607-9ff3-43d4-9eee-26e79e8e9e95
;;;Develop Clear English phonetic rules;d56d6344-7b00-4bb2-a7ce-4272934447d3
;;;Test rules with text-to-speech engine;e01cb5f2-4921-4dac-a151-d1ae748344e3
;;;Refine rules based on testing feedback;8d1bac09-df9b-4ef8-955f-29b075ca8719
;;Define Rules for Morphology;;eaaadbd7-1bfc-4201-b123-695064d02b4c
;;;Identify Irregular Verbs and Nouns;f19a356f-14a0-4861-866b-89d480bde365
;;;Develop Regularization Rules;d1685d88-2f9f-4ff2-b345-1d08d92192be
;;;Assess Impact on Intelligibility;9e006ae9-e458-422c-9dac-5216bdf5a959
;;;Refine Rules Based on Feedback;df8c5902-acda-4e9a-b3e9-aea52ac4b85e
;;Define Rules for Homographs;;11bfab37-4e4c-48d9-9986-aa5ad813bd0c
;;;Identify Irregular Morphology Patterns;68be392e-9957-401d-af25-994d9c2ed23f
;;;Develop Regularization Rules;a2b62b11-e700-48a1-bf19-348709ab3bfa
;;;Assess Impact on Intelligibility;bdfaeb94-86fe-4c91-98c0-36fce8a10bc8
;;;Refine Rules Based on Feedback;61880f57-3c80-4e88-969a-c4ad25b62de4
;;Develop Reference Corpus;;1d00592c-5925-4799-92b2-4a0ed96fa3c9
;;;Identify Text Sources for Corpus;d818dadc-aea8-42f4-a644-9bcc2f8aaa02
;;;Acquire and Clean Text Data;220db594-a64c-4805-a3f7-42c03d643e14
;;;Process and Annotate Corpus;c684df07-10c6-4c6a-b570-53d086ab06de
;;;Store and Manage Corpus Data;0c80aa9b-57ec-4b7b-8d44-413f24364ff7
;;Create Reference Dictionary;;07951625-3298-4266-b5ec-2d474b1d3beb
;;;Define Dictionary Scope and Structure;c99296f3-5de7-4a5a-8db3-8cd8596afcc0
;;;Gather and Analyze Word Data;9528bb3f-ce18-418f-b5b9-94ee33dac88d
;;;Write Dictionary Entries;9e20ed45-3c04-486d-ad5f-4e96913a6095
;;;Review and Edit Dictionary Entries;3770a6c7-2e2c-4a34-b4cc-86d24d621665
;;;Implement Dictionary in Digital Format;5db4e50b-45df-4bc7-81eb-d983fd698dcc
;;Validate Linguistic Scope;;b7056ae8-9d12-4033-bcdd-9893c2a01236
;;;Analyze Ordinal Rule Impact on Corpus;5e705f51-cf75-44ca-a23e-d9c557456a36
;;;Analyze Spelling-to-Sound Rule Impact;1baa1e92-0e5c-465f-bc66-72d8f44bd409
;;;Analyze Morphology Rule Impact on Corpus;322c2de6-521f-4b84-b037-b093187d1b7e
;;;Analyze Homograph Rule Impact on Corpus;c27c62f1-e256-407f-a918-c22e6f0a46d5
;;;Editorial Board Review of Linguistic Scope;79e78141-8859-4446-ade4-6c78d4bf5749
;Curriculum Development and Pilot Testing;;;71bdc3e6-f4b9-4846-9bc7-2284b3a0363a
;;Create Pilot Learning Materials;;e0086771-9114-4070-832c-0e567760a94b
;;;Identify Key Learning Objectives;75d6a207-b0c0-40e2-812f-315596b219b6
;;;Design Module Structure and Content;c9aa0fb0-275f-45d3-b751-e9295607e864
;;;Develop Exercises and Activities;af223cfa-d5e6-4004-8864-9b75f8c7a9c2
;;;Review and Revise Materials;1fd5b8a5-b06a-401a-824b-f18a25f4d3de
;;Develop Assessments;;4177bc52-95e5-49dd-91bf-dd96ffc49dda
;;;Define Assessment Objectives and Criteria;136a6d5f-b687-4684-8ffc-0fb2282e3904
;;;Design Assessment Instruments;7cc24c5a-7af2-4dec-937d-79dcbef441f2
;;;Pilot Test Assessments;5ec4a55f-797a-409c-8ead-780d62450452
;;;Establish Scoring Rubrics and Guidelines;40abdf2b-4e88-4927-bd6c-a19c1a9485d0
;;;Ensure Assessment Validity and Reliability;8b80418c-6660-4542-88d1-626749971c86
;;Recruit Pilot Cohorts;;c8f92683-a620-41bb-9396-9ea48f2c5f41
;;;Define Pilot Cohort Selection Criteria;175e02ba-86eb-4254-a4dc-03b62cb30fa3
;;;Identify and Contact Potential Participants;9c791a72-586c-4494-93c5-cc9324507820
;;;Screen and Enroll Participants;b26d9518-bc88-4b9d-a93b-822f61e6e09b
;;;Schedule Pilot Sessions;a4bb9fc2-2347-47b6-9e1a-c8c51d96daae
;;Conduct Usability Testing;;e24c9014-d88b-47e3-b961-5396675dd5b6
;;;Plan usability testing sessions;3fd65bb5-85dc-45af-a325-7ac86783c576
;;;Prepare testing environment and materials;0edce598-fa3d-49c6-a13f-4e678f7b6bf5
;;;Conduct usability testing sessions;7b585856-a8fe-41e9-aca5-2e768ee95564
;;;Analyze usability testing data;c9fd0c9a-e31a-4a91-91e3-6620d153b89d
;;Analyze Pilot Data;;ee608d6f-6b39-44c7-9b03-22921e51bb4d
;;;Clean and Prepare Pilot Data;e2119460-f72f-4acb-baee-7458aca478c2
;;;Perform Descriptive Statistical Analysis;e72bc37f-32ca-4257-a9be-fd5da4b676f6
;;;Conduct Comparative Analysis;1416ca27-286e-4281-80a7-cd6bd8c0949f
;;;Interpret Results and Draw Conclusions;b3b1ca22-aa28-402b-82cc-3345e06a6afc
;;Refine Learning Materials and Assessments;;6dd44764-b8a4-44df-bbd9-acea3df4d967
;;;Prepare data for statistical analysis;f9e57a4c-6026-419b-9479-4fa8214a7693
;;;Conduct descriptive statistical analysis;dc16f02a-c719-466e-a414-7b5552f07524
;;;Perform inferential statistical tests;43190a36-bbf1-4238-92ba-6f422999cb27
;;;Visualize data and create reports;83984028-6029-4531-887b-5feb92b699a8
;Standard Launch and Public Licensing;;;077a032a-2831-4a50-a7b5-34df4795c80a
;;Develop Public Licensing Policy;;96c73e1f-f6f3-4b95-8c39-23ebc7433661
;;;Research existing open source licenses;5954d009-0b8c-4893-b6fb-59fb0beffe89
;;;Define licensing terms and conditions;ccdf72ef-abb9-4601-b2c3-bdaba6163a8b
;;;Consult stakeholders on licensing policy;44797be3-5a85-4e73-96f5-b40f358aff98
;;;Draft the public licensing policy document;9a122194-6c71-418d-9aa1-30a46f31dfb9
;;Prepare Standard Documentation;;ecc12037-7bc2-4581-9d87-4bf917ae0650
;;;Outline Standard Documentation Structure;197656d6-6a1b-42cb-a7ff-8fd842b06b89
;;;Draft Core Linguistic Rules Section;519721b8-f5e3-4cc2-a3b2-aac29fa29bea
;;;Create Examples and Illustrations;e6171cf3-ad2c-45d2-829b-5be66b1338fb
;;;Design Style Guide and Formatting;f7070b83-bff9-4ca8-ba1b-df6e0f3d215c
;;;Review and Edit Documentation;00f369f4-314e-4053-a2a6-91f2f941ada1
;;Launch Clear English Standard;;0cc4c808-1243-4d06-9ad2-9c4f447fcd0b
;;;Finalize Launch Platform and Infrastructure;934353fa-dda9-41f9-accc-74b14db0a037
;;;Prepare Launch Day Communication Materials;3399bc15-ff0d-41fa-91ee-7e6526550968
;;;Coordinate Launch Event (Virtual/Physical);80359262-d219-4a5c-8eac-9cf03597bb62
;;;Monitor Launch Performance and User Feedback;4624c02e-65c4-4f30-a784-318cd2da589c
;;Promote Adoption of Clear English;;3dabdde4-c7c2-456a-a5cf-9ade45418518
;;;Identify Target Audiences and Channels;a8e3e980-8a3d-4251-9290-c279efecff52
;;;Develop Marketing and Communication Materials;200bc5d0-6dd2-4464-a160-d72177a02f66
;;;Execute Multi-Channel Marketing Campaign;75d6bf9e-3673-4b50-ab17-0cb1552787ec
;;;Engage with Key Influencers and Stakeholders;78c80069-ec3b-4e7f-9a05-dcc915ddd527
;;;Monitor and Evaluate Promotion Effectiveness;47d44364-75e1-4777-b807-db7fedebc02c
;;Validate Adoption Pathway;;6bd7243b-bd4a-47fe-96de-beba534d178f
;;;Define Adoption Metrics and Targets;c4d40790-6e25-47b8-830f-1b6efc1e2318
;;;Identify Key User Groups and Pathways;6da5294e-055a-47ff-ad63-a9c48f6567f4
;;;Engage Early Adopters and Gather Feedback;dcf7b9d3-0bcf-417c-885a-b9e264d5aa79
;;;Analyze Adoption Data and Refine Strategy;c0499dbd-861b-4c30-8359-0303d7cb733a
;;Validate Funding Model;;6b975dd0-7f2a-4a19-b05d-6b7571935a88
;;;Analyze current funding sources and stability;51539a52-9cbb-4430-8cb0-bcfca7a7209b
;;;Explore alternative funding opportunities;cf3b5675-3957-45f4-a400-8614cbe66b57
;;;Refine business plan and value proposition;ef65f5ae-e946-4492-9369-608d3c8eb9a7
;;;Engage potential funding partners;48ae8e8f-6a40-45e8-b531-48a8b5c4ee03
;Governance and Maintenance;;;5e99e625-6775-4c2a-9d1b-8e342519ae82
;;Establish Governance Structure;;c24b99e9-21e9-440d-a162-bd75aa7a9f6c
;;;Define Board Member Selection Criteria;511948a0-8a6f-4178-be1e-06b52afba263
;;;Draft Governance Charter and Bylaws;dd6c0537-ba0c-4799-afde-34bd78535b7b
;;;Establish Communication Protocols;cfa7cb24-2aa4-4b98-9a5c-93801d243f27
;;;Secure Stakeholder Approval of Structure;74ed0951-c873-4f6c-af0c-c7fce5476f25
;;Monitor Standard Usage and Feedback;;3ad49ee9-7898-4e1c-96aa-7630dee4c9fb
;;;Establish Feedback Collection Channels;43861d72-0863-4dcd-8043-1b9f2a0edb15
;;;Track Clear English Usage Metrics;3385aa4c-810d-400c-b9ac-2d352335c008
;;;Analyze User Feedback and Usage Data;a1d2e66f-fcbc-4b26-aec3-8d252973a528
;;;Report on Usage and Feedback Trends;b54fd0c0-8b6c-4958-a5d4-d8fe184d6512
;;Update Standard Based on Feedback;;f3be490c-e406-44f4-b920-c4d70f64b36f
;;;Gather User Feedback and Usage Data;ac4abb3c-dc8f-480d-9d69-5fa3a978daaa
;;;Prioritize and Categorize Feedback;ab6a2bb9-8e20-4c78-a256-0bbad7d303b8
;;;Assess Impact of Proposed Changes;811b5676-f237-4757-9799-75c95386d9bb
;;;Implement and Test Standard Updates;1dc595d2-e171-4d8c-9995-c0743f4ab03b
;;;Communicate Updates to Stakeholders;95bef403-b6d4-4ee6-be2b-6670ba47151c
;;Manage Licensing and Revenue;;66fde011-0b5a-40ba-9368-e16eb57fa561
;;;Track licensing agreements and revenue;3da360f9-1a92-40a2-82b3-28f8f3d872fe
;;;Negotiate licensing agreement terms;a55d831f-120a-44a8-9300-6bfaffea6076
;;;Enforce licensing agreement compliance;2b0f084f-fb4b-4903-9ba3-dc79c705c9ce
;;;Process royalty payments and reporting;f1a57f74-62ca-44e1-93b5-c809c6297c03
;;Validate Governance and Editorial Control;;0e13f2e0-e7bd-4f56-9797-65b1defc7efd
;;;Review Governance Charter and Processes;dbab3cb6-2324-4bb8-be33-5b0694df5329
;;;Assess Editorial Board Performance;67ff1a11-ff15-4389-bbba-870a2aca7bff
;;;Analyze User Feedback on Governance;553c3471-ec5a-4ae9-a83d-10baa7a4afe8
;;;Verify Editorial Standards Consistency;0aebcf4b-15ab-42d8-94c2-2446798172d3