project_key,project_name,project_description,project_start_date,project_end_date,project_progress,project_parent,originating_department
e4f656b7-9c8e-4fa1-af6f-1c3719229008,Clear English,"Clear English

Final deliverable:
Standard Language",1/31/2026,8/21/2028,0,,PlanExe
9769e703-2f11-42a1-9749-fd72580b824f,Project Initiation and Planning,,1/31/2026,4/27/2026,0,e4f656b7-9c8e-4fa1-af6f-1c3719229008,PlanExe
49af8593-64b2-4c1f-a7e4-4a03a8a976ae,Secure Project Funding,,1/31/2026,3/4/2026,0,9769e703-2f11-42a1-9749-fd72580b824f,PlanExe
60f6c834-51ea-4f1a-b28e-5ec403593e6a,Identify potential funding sources,"Identify potential funding sources

Description:
Research and identify potential grant opportunities, investors, and other funding sources relevant to the Clear English project.

Resources needed:
• Funding and Licensing Manager
• Research Assistant",1/31/2026,2/8/2026,0,49af8593-64b2-4c1f-a7e4-4a03a8a976ae,PlanExe
ae3e308a-f02b-4a4a-9f73-b917d0bad6ab,Prepare grant proposals and applications,"Prepare grant proposals and applications

Description:
Develop compelling grant proposals and applications tailored to specific funding opportunities, highlighting the project's goals, impact, and sustainability.

Resources needed:
• Grant Writer
• Project Manager
• Linguistic Experts",2/8/2026,2/16/2026,0,60f6c834-51ea-4f1a-b28e-5ec403593e6a,PlanExe
5c9ba7d1-1dd5-42fa-8b93-ca818d1a8b1b,Engage with potential funders,"Engage with potential funders

Description:
Establish communication and build relationships with potential funders, presenting the Clear English project and addressing their questions and concerns.

Resources needed:
• Project Manager
• Funding and Licensing Manager
• Community Engagement Coordinator",2/16/2026,2/24/2026,0,ae3e308a-f02b-4a4a-9f73-b917d0bad6ab,PlanExe
89fb206a-34d4-4efb-86d7-456ec0bd79f9,Negotiate funding agreements,"Negotiate funding agreements

Description:
Negotiate the terms and conditions of funding agreements with successful applicants, ensuring alignment with the project's goals and objectives.

Resources needed:
• Legal Counsel
• Project Manager
• Funding and Licensing Manager",2/24/2026,3/4/2026,0,49af8593-64b2-4c1f-a7e4-4a03a8a976ae,PlanExe
c53e44f9-311a-46ee-8210-db2cefdf997b,Establish Editorial Board and Linguistic Review Process,,3/4/2026,3/20/2026,0,49af8593-64b2-4c1f-a7e4-4a03a8a976ae,PlanExe
991b80dc-5598-484a-aecc-b999f7c315e3,Identify Potential Board Members,"Identify Potential Board Members

Description:
Identify and research potential candidates for the editorial board, considering expertise, experience, and diversity.

Resources needed:
• Project Manager
• Linguist
• Researcher",3/4/2026,3/8/2026,0,c53e44f9-311a-46ee-8210-db2cefdf997b,PlanExe
294c11cf-2202-4e5e-9742-e62f9ca57804,Define Board Member Selection Criteria (1),"Define Board Member Selection Criteria

Description:
Establish clear and objective criteria for selecting editorial board members, including expertise in linguistics, education, and technical writing.

Resources needed:
• Project Manager
• Linguist
• Stakeholders",3/8/2026,3/12/2026,0,991b80dc-5598-484a-aecc-b999f7c315e3,PlanExe
676c332e-753b-410a-bdae-377b5d880a7b,Develop Review Process Documentation,"Develop Review Process Documentation

Description:
Create detailed documentation outlining the linguistic review process, including submission guidelines, review criteria, and decision-making protocols.

Resources needed:
• Technical Writer
• Linguist
• Project Manager",3/12/2026,3/16/2026,0,294c11cf-2202-4e5e-9742-e62f9ca57804,PlanExe
78cc8f71-3998-4184-bed6-75a3029349f4,Establish Communication Protocols (1),"Establish Communication Protocols

Description:
Define clear communication channels and protocols for the editorial board and linguistic review process, ensuring efficient and transparent communication.

Resources needed:
• Project Manager
• Communication Specialist",3/16/2026,3/20/2026,0,c53e44f9-311a-46ee-8210-db2cefdf997b,PlanExe
4544e20d-ecc8-400f-a048-bd05d0ce179b,Define Project Scope and Objectives,,3/20/2026,3/30/2026,0,c53e44f9-311a-46ee-8210-db2cefdf997b,PlanExe
c8a5782f-fcd0-45f5-86e5-d4191e029928,Identify Key Stakeholders (1),"Identify Key Stakeholders

Description:
Identify all individuals, groups, or organizations that have an interest in the project or may be affected by its outcome. This includes internal teams, external partners, regulatory bodies, and potential users of Clear English. Create a stakeholder register with contact information, roles, and levels of influence.

Resources needed:
• Project Manager
• Community Engagement Coordinator
• Stakeholder Analysis Template",3/20/2026,3/22/2026,0,4544e20d-ecc8-400f-a048-bd05d0ce179b,PlanExe
52e2d75b-b7b3-433e-a727-26aea22665b3,Define Project Goals and Objectives,"Define Project Goals and Objectives

Description:
Clearly articulate the overall goals of the Clear English project and break them down into specific, measurable, achievable, relevant, and time-bound (SMART) objectives. This includes defining the scope of linguistic changes, target audience, and desired outcomes. Document these goals and objectives in a project charter.

Resources needed:
• Lead Linguist
• Project Manager
• Editorial Board
• Project Charter Template",3/22/2026,3/24/2026,0,c8a5782f-fcd0-45f5-86e5-d4191e029928,PlanExe
7dda0192-5640-40da-ac93-7fe96564b9f7,Determine Project Deliverables,"Determine Project Deliverables

Description:
Identify the tangible outputs of the project, such as the Clear English standard, reference dictionary, style guide, pilot curriculum, and public licensing policy. Define the specifications and acceptance criteria for each deliverable. Create a deliverables register.

Resources needed:
• Project Manager
• Technical Writer
• Deliverables Register Template",3/24/2026,3/26/2026,0,52e2d75b-b7b3-433e-a727-26aea22665b3,PlanExe
511135ce-401a-4f9e-94bc-75de6ef2f83f,Establish Project Success Criteria,"Establish Project Success Criteria

Description:
Define the metrics that will be used to measure the success of the project, such as comprehension speed, ordinal error rate, pronunciation consistency, and learner retention. Establish baseline measurements and target values for each metric. Document the success criteria in the project charter.

Resources needed:
• Usability and Assessment Expert
• Project Manager
• Project Charter Template",3/26/2026,3/28/2026,0,7dda0192-5640-40da-ac93-7fe96564b9f7,PlanExe
9de97b06-84f8-44b3-91b3-fb1de379dfa2,Document Scope Assumptions and Constraints,"Document Scope Assumptions and Constraints

Description:
Identify any assumptions that are being made about the project scope, such as the availability of resources, the cooperation of stakeholders, or the stability of the linguistic landscape. Document any constraints that may limit the project scope, such as budget limitations, time constraints, or regulatory requirements. Create a scope management plan.

Resources needed:
• Project Manager
• Editorial Board
• Scope Management Plan Template",3/28/2026,3/30/2026,0,4544e20d-ecc8-400f-a048-bd05d0ce179b,PlanExe
8dd93a5f-dcd3-4aba-8b1f-7290ab964bb6,Develop Project Management Plan,,3/30/2026,4/9/2026,0,4544e20d-ecc8-400f-a048-bd05d0ce179b,PlanExe
90d91b6e-737c-4ed5-a899-bd204967cc6d,Define Project Scope Management Approach,"Define Project Scope Management Approach

Description:
Establish the methodology for managing the project's scope, including how changes will be handled and controlled.

Resources needed:
• Project Manager
• Stakeholders
• Business Analyst",3/30/2026,4/1/2026,0,8dd93a5f-dcd3-4aba-8b1f-7290ab964bb6,PlanExe
f2d93c92-679b-48fb-9dd3-4784fc3a3510,Create Project Schedule,"Create Project Schedule

Description:
Develop a detailed project schedule outlining all tasks, dependencies, and timelines using project management software.

Resources needed:
• Project Manager
• Project Team
• Project Management Software",4/1/2026,4/3/2026,0,90d91b6e-737c-4ed5-a899-bd204967cc6d,PlanExe
be42a9ff-bdf4-40d5-86fd-896fd549c0b2,Allocate Resources to Tasks,"Allocate Resources to Tasks

Description:
Assign specific resources (personnel, equipment, budget) to each task in the project schedule.

Resources needed:
• Project Manager
• Resource Manager
• Budgeting Tools",4/3/2026,4/5/2026,0,f2d93c92-679b-48fb-9dd3-4784fc3a3510,PlanExe
a0659513-715d-4000-9da7-6c248e9229ee,Establish Communication Plan,"Establish Communication Plan

Description:
Define how project information will be communicated to stakeholders, including frequency, channels, and responsible parties.

Resources needed:
• Project Manager
• Communication Specialist
• Stakeholders",4/5/2026,4/7/2026,0,be42a9ff-bdf4-40d5-86fd-896fd549c0b2,PlanExe
5ab57612-8034-42fe-beae-1839b8ccd64f,Document Project Management Processes,"Document Project Management Processes

Description:
Create documentation outlining all project management processes, including scope management, schedule management, resource allocation, and communication.

Resources needed:
• Project Manager
• Technical Writer
• Project Team",4/7/2026,4/9/2026,0,8dd93a5f-dcd3-4aba-8b1f-7290ab964bb6,PlanExe
d64071c7-3eae-4386-84d9-a33df37532ea,Conduct Stakeholder Analysis,,4/9/2026,4/17/2026,0,8dd93a5f-dcd3-4aba-8b1f-7290ab964bb6,PlanExe
cc2bc94b-223a-4a44-ba3d-168626b0793a,Identify Key Stakeholders (2),"Identify Key Stakeholders

Description:
Determine all individuals, groups, or organizations that have an interest in or may be affected by the Clear English project. This includes linguists, educators, technical writers, ESL publishers, standards organizations, and potential users.

Resources needed:
• Project Manager
• Community Engagement Coordinator
• Research Assistant",4/9/2026,4/11/2026,0,d64071c7-3eae-4386-84d9-a33df37532ea,PlanExe
0aa3e6f8-85dc-4578-984a-bd61575572e0,Assess Stakeholder Influence and Interest,"Assess Stakeholder Influence and Interest

Description:
Evaluate the level of influence and interest each stakeholder has in the project. This will help prioritize engagement efforts and tailor communication strategies to address their specific needs and concerns.

Resources needed:
• Project Manager
• Community Engagement Coordinator
• Stakeholder Analysis Template",4/11/2026,4/13/2026,0,cc2bc94b-223a-4a44-ba3d-168626b0793a,PlanExe
008e5902-880d-445b-b025-872a8fecf2fe,Develop Stakeholder Engagement Plan,"Develop Stakeholder Engagement Plan

Description:
Create a detailed plan outlining how to effectively engage with each stakeholder group throughout the project lifecycle. This includes defining communication channels, frequency of updates, and methods for gathering feedback.

Resources needed:
• Project Manager
• Community Engagement Coordinator
• Communication Specialist",4/13/2026,4/15/2026,0,0aa3e6f8-85dc-4578-984a-bd61575572e0,PlanExe
333d0d1e-6f8d-4b2a-8c4b-87cbc8485ac5,Document Stakeholder Requirements,"Document Stakeholder Requirements

Description:
Gather and document the specific requirements, expectations, and concerns of each stakeholder group. This information will be used to inform project decisions and ensure that the Clear English standard meets the needs of its intended users.

Resources needed:
• Project Manager
• Community Engagement Coordinator
• Technical Writer",4/15/2026,4/17/2026,0,d64071c7-3eae-4386-84d9-a33df37532ea,PlanExe
fc3ed79f-4391-4df9-8bbf-15f367948a5a,Perform Risk Assessment,,4/17/2026,4/27/2026,0,9769e703-2f11-42a1-9749-fd72580b824f,PlanExe
76e2efbe-2ab3-4fdf-9ad1-351bc2d24e9f,Identify Potential Risks,"Identify Potential Risks

Description:
Identify all potential risks that could impact the project, including technical, financial, and operational risks. This involves brainstorming sessions, reviewing project documentation, and consulting with subject matter experts.

Resources needed:
• Project Manager
• Subject Matter Experts
• Risk Management Specialist",4/17/2026,4/19/2026,0,fc3ed79f-4391-4df9-8bbf-15f367948a5a,PlanExe
a9d42da2-ba11-439c-9d26-23dc31691636,Assess Risk Probability and Impact,"Assess Risk Probability and Impact

Description:
Evaluate the likelihood of each identified risk occurring and the potential impact on the project's timeline, budget, and deliverables. This involves using qualitative and quantitative risk assessment techniques.

Resources needed:
• Project Manager
• Risk Management Specialist
• Data Analyst",4/19/2026,4/21/2026,0,76e2efbe-2ab3-4fdf-9ad1-351bc2d24e9f,PlanExe
5da9fc90-a252-41b7-b656-693fe4206dd7,Prioritize Risks,"Prioritize Risks

Description:
Rank the identified risks based on their probability and impact scores to determine which risks require the most attention and mitigation efforts. This involves creating a risk matrix and using a risk scoring system.

Resources needed:
• Project Manager
• Risk Management Specialist",4/21/2026,4/23/2026,0,a9d42da2-ba11-439c-9d26-23dc31691636,PlanExe
5fb29f61-0758-4d92-8a5e-23687284e9a7,Develop Mitigation Strategies,"Develop Mitigation Strategies

Description:
Develop specific mitigation strategies for each high-priority risk, outlining actions to reduce the likelihood or impact of the risk. This involves brainstorming potential solutions, evaluating their feasibility, and documenting the chosen strategies.

Resources needed:
• Project Manager
• Subject Matter Experts
• Risk Management Specialist",4/23/2026,4/25/2026,0,5da9fc90-a252-41b7-b656-693fe4206dd7,PlanExe
5c38238f-8b0c-4f9f-90d3-a07c68f22540,Document Risk Assessment Results,"Document Risk Assessment Results

Description:
Document the entire risk assessment process, including the identified risks, their probability and impact scores, prioritization, and mitigation strategies. This involves creating a risk register and maintaining it throughout the project lifecycle.

Resources needed:
• Project Manager
• Risk Management Specialist
• Technical Writer",4/25/2026,4/27/2026,0,fc3ed79f-4391-4df9-8bbf-15f367948a5a,PlanExe
3bb43e3e-050d-4565-9354-e6f60b5c1016,Linguistic Rule Design and Corpus Creation,,4/27/2026,4/29/2027,0,9769e703-2f11-42a1-9749-fd72580b824f,PlanExe
7d0093c2-9805-4431-8359-1ab0900bbff3,Define Rules for Ordinals,,4/27/2026,5/13/2026,0,3bb43e3e-050d-4565-9354-e6f60b5c1016,PlanExe
9c715326-120e-42be-9e16-084c8f62d583,Research ordinal usage in English,"Research ordinal usage in English

Description:
Analyze how ordinals are currently used in various contexts (written, spoken, formal, informal) to identify inconsistencies and patterns.

Resources needed:
• Linguists
• Corpus linguist
• Data analyst",4/27/2026,5/1/2026,0,7d0093c2-9805-4431-8359-1ab0900bbff3,PlanExe
88ce8056-4230-4792-baa4-9aaff59323d9,Develop initial ordinal rule proposals,"Develop initial ordinal rule proposals

Description:
Based on the research, create several potential rule sets for standardizing ordinals in Clear English, considering simplicity, consistency, and intelligibility.

Resources needed:
• Linguists
• Editorial board",5/1/2026,5/5/2026,0,9c715326-120e-42be-9e16-084c8f62d583,PlanExe
13317444-9cbe-4ddc-a5e7-140ca49184b4,Evaluate rule proposals for clarity,"Evaluate rule proposals for clarity

Description:
Assess the clarity and ease of understanding of each rule set through cognitive testing and expert review, focusing on potential ambiguities and edge cases.

Resources needed:
• Usability testers
• ESL educators
• Linguists",5/5/2026,5/9/2026,0,88ce8056-4230-4792-baa4-9aaff59323d9,PlanExe
3619a651-efa9-479f-92c2-148735950ac2,Refine and finalize ordinal rules,"Refine and finalize ordinal rules

Description:
Incorporate feedback from the evaluation phase to refine the most promising rule set, ensuring it aligns with the overall goals of Clear English and is readily understandable.

Resources needed:
• Linguists
• Editorial board
• Technical writer",5/9/2026,5/13/2026,0,7d0093c2-9805-4431-8359-1ab0900bbff3,PlanExe
8ab857b9-eb5e-4e10-9838-1bfca16aee58,Define Rules for Spelling-to-Sound,,5/13/2026,6/12/2026,0,7d0093c2-9805-4431-8359-1ab0900bbff3,PlanExe
c2fd3a0c-adf8-4371-a5e0-169b987b3036,Research existing English phonetic systems,"Research existing English phonetic systems

Description:
Objective: Thoroughly investigate established phonetic systems used for English. Scope: Review IPA, ARPABET, and other relevant systems. Steps: Literature review, online research, expert consultation. Deliverables: Summary report of findings.

Resources needed:
• Linguist
• Phonetician
• Research assistant",5/13/2026,5/19/2026,0,8ab857b9-eb5e-4e10-9838-1bfca16aee58,PlanExe
a3876607-9ff3-43d4-9eee-26e79e8e9e95,Analyze spelling-to-sound inconsistencies,"Analyze spelling-to-sound inconsistencies

Description:
Objective: Identify and categorize common inconsistencies in English spelling-to-sound correspondences. Scope: Focus on frequently occurring exceptions and ambiguous cases. Steps: Corpus analysis, rule extraction, exception listing. Deliverables: Database of inconsistencies.

Resources needed:
• Corpus linguist
• Data analyst
• Computational linguist",5/19/2026,5/25/2026,0,c2fd3a0c-adf8-4371-a5e0-169b987b3036,PlanExe
d56d6344-7b00-4bb2-a7ce-4272934447d3,Develop Clear English phonetic rules,"Develop Clear English phonetic rules

Description:
Objective: Create a set of consistent and unambiguous spelling-to-sound rules for Clear English. Scope: Cover all common English phonemes and graphemes. Steps: Rule design, testing, refinement. Deliverables: Rule set document.

Resources needed:
• Linguist
• Phonetician
• ESL educator",5/25/2026,5/31/2026,0,a3876607-9ff3-43d4-9eee-26e79e8e9e95,PlanExe
e01cb5f2-4921-4dac-a151-d1ae748344e3,Test rules with text-to-speech engine,"Test rules with text-to-speech engine

Description:
Objective: Evaluate the effectiveness of the Clear English phonetic rules using a text-to-speech engine. Scope: Assess pronunciation accuracy and naturalness. Steps: Rule implementation, text input, audio output analysis. Deliverables: Evaluation report.

Resources needed:
• Technical writer
• Software developer
• Usability tester",5/31/2026,6/6/2026,0,d56d6344-7b00-4bb2-a7ce-4272934447d3,PlanExe
8d1bac09-df9b-4ef8-955f-29b075ca8719,Refine rules based on testing feedback,"Refine rules based on testing feedback

Description:
Objective: Improve the Clear English phonetic rules based on the results of text-to-speech testing and expert feedback. Scope: Address identified errors and inconsistencies. Steps: Rule revision, re-testing, validation. Deliverables: Final rule set.

Resources needed:
• Linguist
• Phonetician
• ESL educator",6/6/2026,6/12/2026,0,8ab857b9-eb5e-4e10-9838-1bfca16aee58,PlanExe
eaaadbd7-1bfc-4201-b123-695064d02b4c,Define Rules for Morphology,,6/12/2026,7/18/2026,0,8ab857b9-eb5e-4e10-9838-1bfca16aee58,PlanExe
f19a356f-14a0-4861-866b-89d480bde365,Identify Irregular Verbs and Nouns,"Identify Irregular Verbs and Nouns

Description:
Objective: Identify common irregular verbs and nouns in English.
Scope: Focus on the most frequently used irregular forms.
Steps: Analyze a corpus of English text, consult linguistic resources, and create a list of target words.
Deliverables: A comprehensive list of irregular verbs and nouns.

Resources needed:
• Linguist
• Corpus Linguistics Software
• English Dictionaries",6/12/2026,6/21/2026,0,eaaadbd7-1bfc-4201-b123-695064d02b4c,PlanExe
d1685d88-2f9f-4ff2-b345-1d08d92192be,Develop Regularization Rules (1),"Develop Regularization Rules

Description:
Objective: Create rules for regularizing irregular verbs and nouns.
Scope: Ensure rules are consistent and easy to apply.
Steps: Define rules for verb conjugation and noun pluralization, test rules on sample texts, and refine rules based on feedback.
Deliverables: A set of clear and consistent regularization rules.

Resources needed:
• Linguist
• Technical Writer
• Rule Engine Software",6/21/2026,6/30/2026,0,f19a356f-14a0-4861-866b-89d480bde365,PlanExe
9e006ae9-e458-422c-9dac-5216bdf5a959,Assess Impact on Intelligibility (1),"Assess Impact on Intelligibility

Description:
Objective: Evaluate the impact of regularization on language comprehension.
Scope: Measure comprehension levels of regularized vs. irregular forms.
Steps: Conduct comprehension tests with native and non-native speakers, analyze test results, and identify potential issues.
Deliverables: A report on the impact of regularization on intelligibility.

Resources needed:
• Usability Tester
• Assessment Specialist
• Test Participants",6/30/2026,7/9/2026,0,d1685d88-2f9f-4ff2-b345-1d08d92192be,PlanExe
df8c5902-acda-4e9a-b3e9-aea52ac4b85e,Refine Rules Based on Feedback (1),"Refine Rules Based on Feedback

Description:
Objective: Improve regularization rules based on intelligibility testing.
Scope: Address issues identified in the intelligibility assessment.
Steps: Revise rules based on test results, conduct further testing, and finalize the regularization rules.
Deliverables: Finalized set of morphological regularization rules.

Resources needed:
• Linguist
• Usability Tester
• Assessment Specialist",7/9/2026,7/18/2026,0,eaaadbd7-1bfc-4201-b123-695064d02b4c,PlanExe
11bfab37-4e4c-48d9-9986-aa5ad813bd0c,Define Rules for Homographs,,7/18/2026,8/15/2026,0,eaaadbd7-1bfc-4201-b123-695064d02b4c,PlanExe
68be392e-9957-401d-af25-994d9c2ed23f,Identify Irregular Morphology Patterns,"Identify Irregular Morphology Patterns

Description:
Identify common irregular verb conjugations and noun pluralizations to target for regularization.

Resources needed:
• Linguist
• Corpus Linguist",7/18/2026,7/25/2026,0,11bfab37-4e4c-48d9-9986-aa5ad813bd0c,PlanExe
a2b62b11-e700-48a1-bf19-348709ab3bfa,Develop Regularization Rules (2),"Develop Regularization Rules

Description:
Create rules for regularizing identified irregular forms, ensuring consistency and intelligibility.

Resources needed:
• Linguist
• Technical Writer",7/25/2026,8/1/2026,0,68be392e-9957-401d-af25-994d9c2ed23f,PlanExe
bdfaeb94-86fe-4c91-98c0-36fce8a10bc8,Assess Impact on Intelligibility (2),"Assess Impact on Intelligibility

Description:
Evaluate the impact of regularization rules on the comprehension and naturalness of the language.

Resources needed:
• Linguist
• ESL Educator
• Usability Tester",8/1/2026,8/8/2026,0,a2b62b11-e700-48a1-bf19-348709ab3bfa,PlanExe
61880f57-3c80-4e88-969a-c4ad25b62de4,Refine Rules Based on Feedback (2),"Refine Rules Based on Feedback

Description:
Adjust regularization rules based on feedback from linguists, educators, and usability testers.

Resources needed:
• Linguist
• Technical Writer",8/8/2026,8/15/2026,0,11bfab37-4e4c-48d9-9986-aa5ad813bd0c,PlanExe
1d00592c-5925-4799-92b2-4a0ed96fa3c9,Develop Reference Corpus,,8/15/2026,11/15/2026,0,11bfab37-4e4c-48d9-9986-aa5ad813bd0c,PlanExe
d818dadc-aea8-42f4-a644-9bcc2f8aaa02,Identify Text Sources for Corpus,"Identify Text Sources for Corpus

Description:
Identify diverse and representative text sources, including books, articles, websites, and transcripts, ensuring a balanced representation of different genres and styles.

Resources needed:
• Linguists
• Research Assistants
• Copyright Specialist",8/15/2026,9/7/2026,0,1d00592c-5925-4799-92b2-4a0ed96fa3c9,PlanExe
220db594-a64c-4805-a3f7-42c03d643e14,Acquire and Clean Text Data,"Acquire and Clean Text Data

Description:
Obtain necessary permissions for using copyrighted materials, download or transcribe text data, and clean the data by removing irrelevant content, correcting errors, and standardizing formatting.

Resources needed:
• Data Entry Clerks
• Data Cleaning Software
• Linguists",9/7/2026,9/30/2026,0,d818dadc-aea8-42f4-a644-9bcc2f8aaa02,PlanExe
c684df07-10c6-4c6a-b570-53d086ab06de,Process and Annotate Corpus,"Process and Annotate Corpus

Description:
Tokenize, tag, and parse the text data using natural language processing tools, and annotate the corpus with relevant linguistic information, such as part-of-speech tags, syntactic structures, and semantic roles.

Resources needed:
• Computational Linguists
• NLP Software
• Linguists",9/30/2026,10/23/2026,0,220db594-a64c-4805-a3f7-42c03d643e14,PlanExe
0c80aa9b-57ec-4b7b-8d44-413f24364ff7,Store and Manage Corpus Data,"Store and Manage Corpus Data

Description:
Store the processed and annotated corpus data in a database or file system, and implement a data management system to ensure data integrity, accessibility, and security.

Resources needed:
• Database Administrator
• Server Infrastructure
• Data Security Specialist",10/23/2026,11/15/2026,0,1d00592c-5925-4799-92b2-4a0ed96fa3c9,PlanExe
07951625-3298-4266-b5ec-2d474b1d3beb,Create Reference Dictionary,,11/15/2026,3/15/2027,0,1d00592c-5925-4799-92b2-4a0ed96fa3c9,PlanExe
c99296f3-5de7-4a5a-8db3-8cd8596afcc0,Define Dictionary Scope and Structure,"Define Dictionary Scope and Structure

Description:
Determine the scope of the dictionary (e.g., core vocabulary, specialized terms) and define its structure (e.g., entry format, part-of-speech tagging).

Resources needed:
• Linguists
• Lexicographers
• Technical Writers",11/15/2026,12/9/2026,0,07951625-3298-4266-b5ec-2d474b1d3beb,PlanExe
9528bb3f-ce18-418f-b5b9-94ee33dac88d,Gather and Analyze Word Data,"Gather and Analyze Word Data

Description:
Collect word data from the reference corpus and other sources, analyze word frequencies and usage patterns, and identify potential inconsistencies and ambiguities.

Resources needed:
• Linguists
• Corpus Linguists
• Data Analysts",12/9/2026,1/2/2027,0,c99296f3-5de7-4a5a-8db3-8cd8596afcc0,PlanExe
9e20ed45-3c04-486d-ad5f-4e96913a6095,Write Dictionary Entries,"Write Dictionary Entries

Description:
Write dictionary entries for each word, including definitions, pronunciations, example sentences, and usage notes, following the defined dictionary structure and style guidelines.

Resources needed:
• Lexicographers
• Technical Writers
• Editors",1/2/2027,1/26/2027,0,9528bb3f-ce18-418f-b5b9-94ee33dac88d,PlanExe
3770a6c7-2e2c-4a34-b4cc-86d24d621665,Review and Edit Dictionary Entries,"Review and Edit Dictionary Entries

Description:
Review and edit dictionary entries for accuracy, clarity, consistency, and adherence to the Clear English rules and style guidelines.

Resources needed:
• Linguists
• Editors
• Proofreaders",1/26/2027,2/19/2027,0,9e20ed45-3c04-486d-ad5f-4e96913a6095,PlanExe
5db4e50b-45df-4bc7-81eb-d983fd698dcc,Implement Dictionary in Digital Format,"Implement Dictionary in Digital Format

Description:
Implement the dictionary in a digital format (e.g., online database, mobile app) that is accessible and user-friendly, and integrate it with other Clear English resources.

Resources needed:
• Software Developers
• Database Administrators
• Web Designers",2/19/2027,3/15/2027,0,07951625-3298-4266-b5ec-2d474b1d3beb,PlanExe
b7056ae8-9d12-4033-bcdd-9893c2a01236,Validate Linguistic Scope,,3/15/2027,4/29/2027,0,3bb43e3e-050d-4565-9354-e6f60b5c1016,PlanExe
5e705f51-cf75-44ca-a23e-d9c557456a36,Analyze Ordinal Rule Impact on Corpus,"Analyze Ordinal Rule Impact on Corpus

Description:
Analyze the impact of proposed ordinal rules on the reference corpus to ensure consistency and identify potential conflicts.

Resources needed:
• Linguist
• Corpus Linguist
• Computational Linguist",3/15/2027,3/24/2027,0,b7056ae8-9d12-4033-bcdd-9893c2a01236,PlanExe
1baa1e92-0e5c-465f-bc66-72d8f44bd409,Analyze Spelling-to-Sound Rule Impact,"Analyze Spelling-to-Sound Rule Impact

Description:
Analyze the impact of proposed spelling-to-sound rules on the reference dictionary to ensure pronunciation consistency.

Resources needed:
• Linguist
• Phonetician
• Lexicographer",3/24/2027,4/2/2027,0,5e705f51-cf75-44ca-a23e-d9c557456a36,PlanExe
322c2de6-521f-4b84-b037-b093187d1b7e,Analyze Morphology Rule Impact on Corpus,"Analyze Morphology Rule Impact on Corpus

Description:
Analyze the impact of proposed morphology rules on the reference corpus to ensure grammatical correctness and identify potential ambiguities.

Resources needed:
• Linguist
• Grammarian
• Corpus Linguist",4/2/2027,4/11/2027,0,1baa1e92-0e5c-465f-bc66-72d8f44bd409,PlanExe
c27c62f1-e256-407f-a918-c22e6f0a46d5,Analyze Homograph Rule Impact on Corpus,"Analyze Homograph Rule Impact on Corpus

Description:
Analyze the impact of proposed homograph rules on the reference corpus to ensure semantic clarity and identify potential misinterpretations.

Resources needed:
• Linguist
• Semanticist
• Corpus Linguist",4/11/2027,4/20/2027,0,322c2de6-521f-4b84-b037-b093187d1b7e,PlanExe
79e78141-8859-4446-ade4-6c78d4bf5749,Editorial Board Review of Linguistic Scope,"Editorial Board Review of Linguistic Scope

Description:
The editorial board reviews the overall linguistic scope of Clear English, considering the impact of all rule sets on the corpus and dictionary.

Resources needed:
• Editorial Board Members
• Lead Linguist
• Project Manager",4/20/2027,4/29/2027,0,b7056ae8-9d12-4033-bcdd-9893c2a01236,PlanExe
71bdc3e6-f4b9-4846-9bc7-2284b3a0363a,Curriculum Development and Pilot Testing,,4/29/2027,10/12/2027,0,3bb43e3e-050d-4565-9354-e6f60b5c1016,PlanExe
e0086771-9114-4070-832c-0e567760a94b,Create Pilot Learning Materials,,4/29/2027,6/16/2027,0,71bdc3e6-f4b9-4846-9bc7-2284b3a0363a,PlanExe
75d6a207-b0c0-40e2-812f-315596b219b6,Identify Key Learning Objectives,"Identify Key Learning Objectives

Description:
Define the specific learning outcomes for each module, aligning with Clear English principles and target audience needs.

Resources needed:
• Linguists
• Educators
• Curriculum Development Specialists",4/29/2027,5/11/2027,0,e0086771-9114-4070-832c-0e567760a94b,PlanExe
c9aa0fb0-275f-45d3-b751-e9295607e864,Design Module Structure and Content,"Design Module Structure and Content

Description:
Develop a logical and engaging module structure, incorporating Clear English rules and examples, and creating interactive exercises.

Resources needed:
• Educators
• Technical Writers
• Graphic Designers",5/11/2027,5/23/2027,0,75d6a207-b0c0-40e2-812f-315596b219b6,PlanExe
af223cfa-d5e6-4004-8864-9b75f8c7a9c2,Develop Exercises and Activities,"Develop Exercises and Activities

Description:
Create a variety of exercises and activities to reinforce learning, including quizzes, games, and real-world application scenarios.

Resources needed:
• Educators
• Assessment Specialists
• Technical Writers",5/23/2027,6/4/2027,0,c9aa0fb0-275f-45d3-b751-e9295607e864,PlanExe
1fd5b8a5-b06a-401a-824b-f18a25f4d3de,Review and Revise Materials,"Review and Revise Materials

Description:
Conduct thorough reviews of all learning materials, incorporating feedback from linguists, educators, and target audience representatives.

Resources needed:
• Linguists
• Educators
• Usability Testers",6/4/2027,6/16/2027,0,e0086771-9114-4070-832c-0e567760a94b,PlanExe
4177bc52-95e5-49dd-91bf-dd96ffc49dda,Develop Assessments,,6/16/2027,7/16/2027,0,e0086771-9114-4070-832c-0e567760a94b,PlanExe
136a6d5f-b687-4684-8ffc-0fb2282e3904,Define Assessment Objectives and Criteria,"Define Assessment Objectives and Criteria

Description:
Clearly define the learning outcomes and skills that the assessments will measure. Establish specific, measurable, achievable, relevant, and time-bound (SMART) criteria for evaluating student performance.

Resources needed:
• Assessment Specialist
• Linguists
• Educators",6/16/2027,6/22/2027,0,4177bc52-95e5-49dd-91bf-dd96ffc49dda,PlanExe
7cc24c5a-7af2-4dec-937d-79dcbef441f2,Design Assessment Instruments,"Design Assessment Instruments

Description:
Develop a variety of assessment instruments, such as quizzes, tests, writing prompts, and oral presentations, that align with the defined objectives and criteria. Ensure that the instruments are appropriate for the target audience and learning context.

Resources needed:
• Assessment Specialist
• Technical Writers
• Educators",6/22/2027,6/28/2027,0,136a6d5f-b687-4684-8ffc-0fb2282e3904,PlanExe
5ec4a55f-797a-409c-8ead-780d62450452,Pilot Test Assessments,"Pilot Test Assessments

Description:
Conduct pilot testing of the assessment instruments with a small group of learners to identify any issues with clarity, validity, or reliability. Gather feedback from learners and educators to refine the instruments.

Resources needed:
• Usability Testers
• Educators
• Assessment Specialist",6/28/2027,7/4/2027,0,7cc24c5a-7af2-4dec-937d-79dcbef441f2,PlanExe
40abdf2b-4e88-4927-bd6c-a19c1a9485d0,Establish Scoring Rubrics and Guidelines,"Establish Scoring Rubrics and Guidelines

Description:
Develop clear and consistent scoring rubrics and guidelines for evaluating student performance on the assessment instruments. Ensure that the rubrics are aligned with the assessment objectives and criteria.

Resources needed:
• Assessment Specialist
• Educators
• Linguists",7/4/2027,7/10/2027,0,5ec4a55f-797a-409c-8ead-780d62450452,PlanExe
8b80418c-6660-4542-88d1-626749971c86,Ensure Assessment Validity and Reliability,"Ensure Assessment Validity and Reliability

Description:
Implement measures to ensure the validity and reliability of the assessments, such as using multiple assessment methods, conducting statistical analysis, and seeking expert review. Address any issues identified during pilot testing or analysis.

Resources needed:
• Assessment Specialist
• Statistical Analyst
• Linguists",7/10/2027,7/16/2027,0,4177bc52-95e5-49dd-91bf-dd96ffc49dda,PlanExe
c8f92683-a620-41bb-9396-9ea48f2c5f41,Recruit Pilot Cohorts,,7/16/2027,8/17/2027,0,4177bc52-95e5-49dd-91bf-dd96ffc49dda,PlanExe
175e02ba-86eb-4254-a4dc-03b62cb30fa3,Define Pilot Cohort Selection Criteria,"Define Pilot Cohort Selection Criteria

Description:
Establish clear criteria for selecting participants, including demographics, language proficiency, and learning goals. This ensures a representative and suitable cohort for testing.

Resources needed:
• Linguists
• Educators
• Assessment Specialists",7/16/2027,7/24/2027,0,c8f92683-a620-41bb-9396-9ea48f2c5f41,PlanExe
9c791a72-586c-4494-93c5-cc9324507820,Identify and Contact Potential Participants,"Identify and Contact Potential Participants

Description:
Research and identify potential participants through ESL programs, community centers, and online platforms. Contact them with information about the pilot program and recruitment process.

Resources needed:
• Community Engagement Coordinator
• Marketing Strategist",7/24/2027,8/1/2027,0,175e02ba-86eb-4254-a4dc-03b62cb30fa3,PlanExe
b26d9518-bc88-4b9d-a93b-822f61e6e09b,Screen and Enroll Participants,"Screen and Enroll Participants

Description:
Screen potential participants based on the defined criteria. Enroll eligible participants and obtain informed consent for participation in the pilot program.

Resources needed:
• Project Manager
• Recruitment Assistant",8/1/2027,8/9/2027,0,9c791a72-586c-4494-93c5-cc9324507820,PlanExe
a4bb9fc2-2347-47b6-9e1a-c8c51d96daae,Schedule Pilot Sessions,"Schedule Pilot Sessions

Description:
Coordinate with participants to schedule pilot sessions at convenient times and locations. Ensure adequate resources and facilities are available for each session.

Resources needed:
• Project Manager
• Administrative Assistant",8/9/2027,8/17/2027,0,c8f92683-a620-41bb-9396-9ea48f2c5f41,PlanExe
e24c9014-d88b-47e3-b961-5396675dd5b6,Conduct Usability Testing,,8/17/2027,9/6/2027,0,c8f92683-a620-41bb-9396-9ea48f2c5f41,PlanExe
3fd65bb5-85dc-45af-a325-7ac86783c576,Plan usability testing sessions,"Plan usability testing sessions

Description:
Define the scope and objectives of the usability testing, identify target users, and develop a detailed test plan.

Resources needed:
• Usability expert
• Project manager
• Recruitment coordinator",8/17/2027,8/22/2027,0,e24c9014-d88b-47e3-b961-5396675dd5b6,PlanExe
0edce598-fa3d-49c6-a13f-4e678f7b6bf5,Prepare testing environment and materials,"Prepare testing environment and materials

Description:
Set up the testing environment, prepare testing materials (e.g., prototypes, scenarios, tasks), and ensure that all necessary equipment is available and functioning properly.

Resources needed:
• Usability expert
• Technical support
• Learning materials",8/22/2027,8/27/2027,0,3fd65bb5-85dc-45af-a325-7ac86783c576,PlanExe
7b585856-a8fe-41e9-aca5-2e768ee95564,Conduct usability testing sessions,"Conduct usability testing sessions

Description:
Facilitate usability testing sessions with participants, observe their interactions with the learning materials, and collect data on their performance and feedback.

Resources needed:
• Usability expert
• Note-taker
• Participants",8/27/2027,9/1/2027,0,0edce598-fa3d-49c6-a13f-4e678f7b6bf5,PlanExe
c9fd0c9a-e31a-4a91-91e3-6620d153b89d,Analyze usability testing data,"Analyze usability testing data

Description:
Analyze the data collected during the usability testing sessions, identify usability issues and areas for improvement, and prepare a report summarizing the findings.

Resources needed:
• Usability expert
• Data analyst",9/1/2027,9/6/2027,0,e24c9014-d88b-47e3-b961-5396675dd5b6,PlanExe
ee608d6f-6b39-44c7-9b03-22921e51bb4d,Analyze Pilot Data,,9/6/2027,9/22/2027,0,e24c9014-d88b-47e3-b961-5396675dd5b6,PlanExe
e2119460-f72f-4acb-baee-7458aca478c2,Clean and Prepare Pilot Data,"Clean and Prepare Pilot Data

Description:
Objective: Ensure data quality for accurate analysis.
Scope: Data cleaning, validation, and formatting.
Steps: Remove duplicates, correct errors, standardize formats.
Deliverables: Cleaned and prepared dataset.

Resources needed:
• Data Analyst
• Data Cleaning Software
• Spreadsheet Software",9/6/2027,9/10/2027,0,ee608d6f-6b39-44c7-9b03-22921e51bb4d,PlanExe
e72bc37f-32ca-4257-a9be-fd5da4b676f6,Perform Descriptive Statistical Analysis,"Perform Descriptive Statistical Analysis

Description:
Objective: Summarize key characteristics of the pilot data.
Scope: Calculate descriptive statistics (mean, median, standard deviation).
Steps: Use statistical software to generate descriptive statistics for relevant variables.
Deliverables: Summary report of descriptive statistics.

Resources needed:
• Statistician
• Statistical Software (e.g., R, SPSS)
• Data Analysis Plan",9/10/2027,9/14/2027,0,e2119460-f72f-4acb-baee-7458aca478c2,PlanExe
1416ca27-286e-4281-80a7-cd6bd8c0949f,Conduct Comparative Analysis,"Conduct Comparative Analysis

Description:
Objective: Compare outcomes between control and experimental groups.
Scope: Statistical tests to determine significant differences.
Steps: Select appropriate statistical tests (t-tests, ANOVA), perform tests, interpret results.
Deliverables: Report on comparative analysis findings.

Resources needed:
• Statistician
• Statistical Software
• Comparative Analysis Plan",9/14/2027,9/18/2027,0,e72bc37f-32ca-4257-a9be-fd5da4b676f6,PlanExe
b3b1ca22-aa28-402b-82cc-3345e06a6afc,Interpret Results and Draw Conclusions,"Interpret Results and Draw Conclusions

Description:
Objective: Understand the implications of the data analysis.
Scope: Interpret statistical findings in the context of Clear English.
Steps: Review analysis reports, discuss findings with stakeholders, formulate conclusions.
Deliverables: Interpretation of results and conclusions report.

Resources needed:
• Linguist
• Statistician
• Project Manager
• Stakeholder Feedback",9/18/2027,9/22/2027,0,ee608d6f-6b39-44c7-9b03-22921e51bb4d,PlanExe
6dd44764-b8a4-44df-bbd9-acea3df4d967,Refine Learning Materials and Assessments,,9/22/2027,10/12/2027,0,71bdc3e6-f4b9-4846-9bc7-2284b3a0363a,PlanExe
f9e57a4c-6026-419b-9479-4fa8214a7693,Prepare data for statistical analysis,"Prepare data for statistical analysis

Description:
Objective: Clean, format, and prepare pilot data for statistical analysis.
Scope: Includes data from all pilot cohorts on comprehension, pronunciation, and learner retention.
Steps: Data cleaning, outlier removal, formatting for statistical software.
Deliverables: Cleaned and formatted data files.

Resources needed:
• Statistical software (e.g., R, SPSS)
• Data analyst
• Spreadsheet software (e.g., Excel, Google Sheets)",9/22/2027,9/27/2027,0,6dd44764-b8a4-44df-bbd9-acea3df4d967,PlanExe
dc16f02a-c719-466e-a414-7b5552f07524,Conduct descriptive statistical analysis,"Conduct descriptive statistical analysis

Description:
Objective: Calculate descriptive statistics (mean, median, standard deviation) for key metrics.
Scope: Includes comprehension speed, ordinal error rate, pronunciation consistency, and learner retention.
Steps: Calculate descriptive statistics for each metric, create summary tables.
Deliverables: Summary tables of descriptive statistics.

Resources needed:
• Statistical software
• Data analyst",9/27/2027,10/2/2027,0,f9e57a4c-6026-419b-9479-4fa8214a7693,PlanExe
43190a36-bbf1-4238-92ba-6f422999cb27,Perform inferential statistical tests,"Perform inferential statistical tests

Description:
Objective: Conduct inferential statistical tests (t-tests, ANOVA) to compare results across groups.
Scope: Includes comparing performance of different cohorts or learning materials.
Steps: Select appropriate statistical tests, conduct tests, interpret results.
Deliverables: Statistical test results and interpretations.

Resources needed:
• Statistical software
• Data analyst
• Linguist",10/2/2027,10/7/2027,0,dc16f02a-c719-466e-a414-7b5552f07524,PlanExe
83984028-6029-4531-887b-5feb92b699a8,Visualize data and create reports,"Visualize data and create reports

Description:
Objective: Create visualizations (graphs, charts) to present key findings.
Scope: Includes visualizing trends in comprehension, pronunciation, and learner retention.
Steps: Create visualizations, write a report summarizing the findings.
Deliverables: Visualizations and a summary report.

Resources needed:
• Data visualization software (e.g., Tableau, matplotlib)
• Technical writer
• Data analyst",10/7/2027,10/12/2027,0,6dd44764-b8a4-44df-bbd9-acea3df4d967,PlanExe
077a032a-2831-4a50-a7b5-34df4795c80a,Standard Launch and Public Licensing,,10/12/2027,5/15/2028,0,71bdc3e6-f4b9-4846-9bc7-2284b3a0363a,PlanExe
96c73e1f-f6f3-4b95-8c39-23ebc7433661,Develop Public Licensing Policy,,10/12/2027,11/13/2027,0,077a032a-2831-4a50-a7b5-34df4795c80a,PlanExe
5954d009-0b8c-4893-b6fb-59fb0beffe89,Research existing open source licenses,"Research existing open source licenses

Description:
Objective: Identify suitable open-source licenses for Clear English.
Scope: Review licenses like MIT, Apache 2.0, GPL, Creative Commons.
Steps: 1. Research common open-source licenses. 2. Analyze their terms and conditions. 3. Assess their compatibility with Clear English goals.
Deliverables: A report summarizing suitable open-source licenses.

Resources needed:
• Legal counsel
• Licensing expert
• Researcher",10/12/2027,10/20/2027,0,96c73e1f-f6f3-4b95-8c39-23ebc7433661,PlanExe
ccdf72ef-abb9-4601-b2c3-bdaba6163a8b,Define licensing terms and conditions,"Define licensing terms and conditions

Description:
Objective: Establish the specific terms and conditions for using Clear English.
Scope: Define usage rights, restrictions, attribution requirements, and commercial use policies.
Steps: 1. Determine the desired level of openness. 2. Draft licensing terms based on research. 3. Review terms with legal counsel.
Deliverables: A draft of the licensing terms and conditions.

Resources needed:
• Legal counsel
• Licensing expert
• Project manager",10/20/2027,10/28/2027,0,5954d009-0b8c-4893-b6fb-59fb0beffe89,PlanExe
44797be3-5a85-4e73-96f5-b40f358aff98,Consult stakeholders on licensing policy,"Consult stakeholders on licensing policy

Description:
Objective: Gather feedback from stakeholders on the proposed licensing policy.
Scope: Solicit input from educators, developers, and the general public.
Steps: 1. Prepare a summary of the proposed licensing policy. 2. Conduct surveys and focus groups. 3. Analyze feedback and identify areas for improvement.
Deliverables: A report summarizing stakeholder feedback.

Resources needed:
• Community engagement coordinator
• Survey specialist
• Project manager",10/28/2027,11/5/2027,0,ccdf72ef-abb9-4601-b2c3-bdaba6163a8b,PlanExe
9a122194-6c71-418d-9aa1-30a46f31dfb9,Draft the public licensing policy document,"Draft the public licensing policy document

Description:
Objective: Create a comprehensive and legally sound licensing policy document.
Scope: Incorporate feedback from stakeholders and legal counsel.
Steps: 1. Revise the draft licensing terms based on feedback. 2. Format the document for public release. 3. Obtain final approval from legal counsel.
Deliverables: A final public licensing policy document.

Resources needed:
• Legal counsel
• Technical writer
• Project manager",11/5/2027,11/13/2027,0,96c73e1f-f6f3-4b95-8c39-23ebc7433661,PlanExe
ecc12037-7bc2-4581-9d87-4bf917ae0650,Prepare Standard Documentation,,11/13/2027,12/3/2027,0,96c73e1f-f6f3-4b95-8c39-23ebc7433661,PlanExe
197656d6-6a1b-42cb-a7ff-8fd842b06b89,Outline Standard Documentation Structure,"Outline Standard Documentation Structure

Description:
Define the sections, chapters, and appendices needed for the Clear English standard documentation. This includes determining the level of detail required for each section and ensuring a logical flow of information.

Resources needed:
• Technical Writer
• Lead Linguist
• Editorial Board",11/13/2027,11/17/2027,0,ecc12037-7bc2-4581-9d87-4bf917ae0650,PlanExe
519721b8-f5e3-4cc2-a3b2-aac29fa29bea,Draft Core Linguistic Rules Section,"Draft Core Linguistic Rules Section

Description:
Write the section detailing the rules for ordinals, spelling-to-sound, morphology, and homographs. Ensure clarity, consistency, and accuracy in the presentation of these rules.

Resources needed:
• Lead Linguist
• Technical Writer
• Plain Language Expert",11/17/2027,11/21/2027,0,197656d6-6a1b-42cb-a7ff-8fd842b06b89,PlanExe
e6171cf3-ad2c-45d2-829b-5be66b1338fb,Create Examples and Illustrations,"Create Examples and Illustrations

Description:
Develop examples and illustrations to demonstrate the application of Clear English rules. These examples should be relevant, easy to understand, and representative of real-world usage.

Resources needed:
• Technical Writer
• Illustrator
• ESL Educator",11/21/2027,11/25/2027,0,519721b8-f5e3-4cc2-a3b2-aac29fa29bea,PlanExe
f7070b83-bff9-4ca8-ba1b-df6e0f3d215c,Design Style Guide and Formatting,"Design Style Guide and Formatting

Description:
Establish a style guide for the Clear English documentation, including formatting guidelines, typography, and visual elements. This ensures a consistent and professional presentation.

Resources needed:
• Technical Writer
• Graphic Designer
• Plain Language Expert",11/25/2027,11/29/2027,0,e6171cf3-ad2c-45d2-829b-5be66b1338fb,PlanExe
00f369f4-314e-4053-a2a6-91f2f941ada1,Review and Edit Documentation,"Review and Edit Documentation

Description:
Thoroughly review and edit the documentation for accuracy, clarity, and consistency. This includes proofreading for errors, verifying examples, and ensuring adherence to the style guide.

Resources needed:
• Editorial Board
• Technical Writer
• Plain Language Expert",11/29/2027,12/3/2027,0,ecc12037-7bc2-4581-9d87-4bf917ae0650,PlanExe
0cc4c808-1243-4d06-9ad2-9c4f447fcd0b,Launch Clear English Standard,,12/3/2027,12/15/2027,0,ecc12037-7bc2-4581-9d87-4bf917ae0650,PlanExe
934353fa-dda9-41f9-accc-74b14db0a037,Finalize Launch Platform and Infrastructure,"Finalize Launch Platform and Infrastructure

Description:
Ensure the website, servers, and any necessary software are fully operational and tested for the Clear English standard launch.

Resources needed:
• Web developers
• System administrators
• QA testers",12/3/2027,12/6/2027,0,0cc4c808-1243-4d06-9ad2-9c4f447fcd0b,PlanExe
3399bc15-ff0d-41fa-91ee-7e6526550968,Prepare Launch Day Communication Materials,"Prepare Launch Day Communication Materials

Description:
Craft press releases, social media posts, and website content to announce the Clear English standard to the public.

Resources needed:
• Marketing team
• Communications specialist
• Technical writer",12/6/2027,12/9/2027,0,934353fa-dda9-41f9-accc-74b14db0a037,PlanExe
80359262-d219-4a5c-8eac-9cf03597bb62,Coordinate Launch Event (Virtual/Physical),"Coordinate Launch Event (Virtual/Physical)

Description:
Organize and execute a launch event to generate excitement and awareness for the Clear English standard.

Resources needed:
• Event planner
• Marketing team
• Technical support",12/9/2027,12/12/2027,0,3399bc15-ff0d-41fa-91ee-7e6526550968,PlanExe
4624c02e-65c4-4f30-a784-318cd2da589c,Monitor Launch Performance and User Feedback,"Monitor Launch Performance and User Feedback

Description:
Track website traffic, social media engagement, and user feedback to assess the initial impact of the Clear English standard launch.

Resources needed:
• Analytics specialist
• Community manager
• Marketing team",12/12/2027,12/15/2027,0,0cc4c808-1243-4d06-9ad2-9c4f447fcd0b,PlanExe
3dabdde4-c7c2-456a-a5cf-9ade45418518,Promote Adoption of Clear English,,12/15/2027,2/13/2028,0,0cc4c808-1243-4d06-9ad2-9c4f447fcd0b,PlanExe
a8e3e980-8a3d-4251-9290-c279efecff52,Identify Target Audiences and Channels,"Identify Target Audiences and Channels

Description:
Define specific demographics and professional groups to target with Clear English promotion. Research and select appropriate communication channels (e.g., social media, conferences, publications).

Resources needed:
• Marketing Specialist
• Market Research Analyst",12/15/2027,12/27/2027,0,3dabdde4-c7c2-456a-a5cf-9ade45418518,PlanExe
200bc5d0-6dd2-4464-a160-d72177a02f66,Develop Marketing and Communication Materials,"Develop Marketing and Communication Materials

Description:
Create compelling content showcasing the benefits of Clear English, including website content, brochures, presentations, and social media posts. Tailor materials to different target audiences.

Resources needed:
• Technical Writer
• Graphic Designer
• Marketing Specialist",12/27/2027,1/8/2028,0,a8e3e980-8a3d-4251-9290-c279efecff52,PlanExe
75d6bf9e-3673-4b50-ab17-0cb1552787ec,Execute Multi-Channel Marketing Campaign,"Execute Multi-Channel Marketing Campaign

Description:
Implement the marketing plan across selected channels, including social media advertising, email marketing, conference presentations, and partnerships with relevant organizations. Track campaign performance and adjust strategies as needed.

Resources needed:
• Marketing Specialist
• Social Media Manager
• Public Relations Specialist",1/8/2028,1/20/2028,0,200bc5d0-6dd2-4464-a160-d72177a02f66,PlanExe
78c80069-ec3b-4e7f-9a05-dcc915ddd527,Engage with Key Influencers and Stakeholders,"Engage with Key Influencers and Stakeholders

Description:
Identify and engage with influential figures in linguistics, education, and technical writing to promote Clear English and build credibility. Seek endorsements and partnerships.

Resources needed:
• Community Engagement Coordinator
• Project Manager",1/20/2028,2/1/2028,0,75d6bf9e-3673-4b50-ab17-0cb1552787ec,PlanExe
47d44364-75e1-4777-b807-db7fedebc02c,Monitor and Evaluate Promotion Effectiveness,"Monitor and Evaluate Promotion Effectiveness

Description:
Track key metrics such as website traffic, social media engagement, and adoption rates to assess the effectiveness of promotion efforts. Gather feedback from users and stakeholders to inform future strategies.

Resources needed:
• Market Research Analyst
• Marketing Specialist",2/1/2028,2/13/2028,0,3dabdde4-c7c2-456a-a5cf-9ade45418518,PlanExe
6bd7243b-bd4a-47fe-96de-beba534d178f,Validate Adoption Pathway,,2/13/2028,4/13/2028,0,3dabdde4-c7c2-456a-a5cf-9ade45418518,PlanExe
c4d40790-6e25-47b8-830f-1b6efc1e2318,Define Adoption Metrics and Targets,"Define Adoption Metrics and Targets

Description:
Establish specific, measurable, achievable, relevant, and time-bound (SMART) metrics for adoption across different user groups (e.g., ESL learners, technical writers). Set realistic targets for adoption rates within the project timeline.

Resources needed:
• Project Manager
• Community Engagement Coordinator
• Assessment Specialist",2/13/2028,2/28/2028,0,6bd7243b-bd4a-47fe-96de-beba534d178f,PlanExe
6da5294e-055a-47ff-ad63-a9c48f6567f4,Identify Key User Groups and Pathways,"Identify Key User Groups and Pathways

Description:
Segment potential users into distinct groups (e.g., ESL programs, technical writing teams, K-12 schools). Map out the specific steps and resources required for each group to adopt Clear English.

Resources needed:
• Marketing Strategist
• Community Engagement Coordinator
• Technical Writer",2/28/2028,3/14/2028,0,c4d40790-6e25-47b8-830f-1b6efc1e2318,PlanExe
dcf7b9d3-0bcf-417c-885a-b9e264d5aa79,Engage Early Adopters and Gather Feedback,"Engage Early Adopters and Gather Feedback

Description:
Recruit a small group of early adopters from each user group to pilot Clear English. Collect feedback on their experiences, including ease of use, perceived benefits, and any challenges encountered.

Resources needed:
• Community Engagement Coordinator
• Usability Tester
• Assessment Specialist",3/14/2028,3/29/2028,0,6da5294e-055a-47ff-ad63-a9c48f6567f4,PlanExe
c0499dbd-861b-4c30-8359-0303d7cb733a,Analyze Adoption Data and Refine Strategy,"Analyze Adoption Data and Refine Strategy

Description:
Analyze the data collected from early adopters to identify areas for improvement in the adoption pathway. Refine the strategy based on the feedback and insights gained.

Resources needed:
• Project Manager
• Assessment Specialist
• Lead Linguist",3/29/2028,4/13/2028,0,6bd7243b-bd4a-47fe-96de-beba534d178f,PlanExe
6b975dd0-7f2a-4a19-b05d-6b7571935a88,Validate Funding Model,,4/13/2028,5/15/2028,0,077a032a-2831-4a50-a7b5-34df4795c80a,PlanExe
51539a52-9cbb-4430-8cb0-bcfca7a7209b,Analyze current funding sources and stability,"Analyze current funding sources and stability

Description:
Objective: Assess the reliability and sustainability of existing funding streams.
Scope: Review grant agreements, licensing contracts, and other financial documents.
Steps: 1. Identify all current funding sources. 2. Evaluate the terms and conditions of each funding agreement. 3. Assess the financial stability of each funding source. 4. Document findings in a report.
Resources Needed: ['Funding and Licensing Manager', 'Financial Advisor']

Resources needed:
• Funding and Licensing Manager
• Financial Advisor",4/13/2028,4/21/2028,0,6b975dd0-7f2a-4a19-b05d-6b7571935a88,PlanExe
cf3b5675-3957-45f4-a400-8614cbe66b57,Explore alternative funding opportunities,"Explore alternative funding opportunities

Description:
Objective: Identify potential new funding sources to diversify the project's financial base.
Scope: Research grant opportunities, potential investors, and other funding avenues.
Steps: 1. Research relevant grant databases and funding organizations. 2. Identify potential investors or sponsors. 3. Evaluate the eligibility criteria and application requirements for each opportunity. 4. Document findings in a report.
Resources Needed: ['Funding and Licensing Manager', 'Project Manager']

Resources needed:
• Funding and Licensing Manager
• Project Manager",4/21/2028,4/29/2028,0,51539a52-9cbb-4430-8cb0-bcfca7a7209b,PlanExe
ef65f5ae-e946-4492-9369-608d3c8eb9a7,Refine business plan and value proposition,"Refine business plan and value proposition

Description:
Objective: Strengthen the project's business plan and clearly articulate the value proposition of Clear English to potential funders.
Scope: Review and update the business plan, focusing on financial projections and the benefits of Clear English.
Steps: 1. Review the existing business plan. 2. Update financial projections based on current data and market trends. 3. Refine the value proposition to highlight the benefits of Clear English for different stakeholders. 4. Document changes in the business plan.
Resources Needed: ['Project Manager', 'Marketing Strategist', 'Financial Advisor']

Resources needed:
• Project Manager
• Marketing Strategist
• Financial Advisor",4/29/2028,5/7/2028,0,cf3b5675-3957-45f4-a400-8614cbe66b57,PlanExe
48ae8e8f-6a40-45e8-b531-48a8b5c4ee03,Engage potential funding partners,"Engage potential funding partners

Description:
Objective: Build relationships with potential funding partners and secure commitments for future funding.
Scope: Conduct outreach to grant organizations, investors, and other potential funders.
Steps: 1. Identify key contacts at target funding organizations. 2. Prepare presentation materials highlighting the project's goals and impact. 3. Schedule meetings with potential funders. 4. Follow up with funders to answer questions and address concerns.
Resources Needed: ['Community Engagement Coordinator', 'Funding and Licensing Manager', 'Project Manager']

Resources needed:
• Community Engagement Coordinator
• Funding and Licensing Manager
• Project Manager",5/7/2028,5/15/2028,0,6b975dd0-7f2a-4a19-b05d-6b7571935a88,PlanExe
5e99e625-6775-4c2a-9d1b-8e342519ae82,Governance and Maintenance,,5/15/2028,8/21/2028,0,e4f656b7-9c8e-4fa1-af6f-1c3719229008,PlanExe
c24b99e9-21e9-440d-a162-bd75aa7a9f6c,Establish Governance Structure,,5/15/2028,6/16/2028,0,5e99e625-6775-4c2a-9d1b-8e342519ae82,PlanExe
511948a0-8a6f-4178-be1e-06b52afba263,Define Board Member Selection Criteria (2),"Define Board Member Selection Criteria

Description:
Establish clear criteria for selecting members of the governance board, including expertise, stakeholder representation, and commitment to the project's goals. This involves researching best practices for board composition and developing a transparent selection process.

Resources needed:
• Governance Expert
• Project Manager
• Stakeholder Representatives",5/15/2028,5/23/2028,0,c24b99e9-21e9-440d-a162-bd75aa7a9f6c,PlanExe
dd6c0537-ba0c-4799-afde-34bd78535b7b,Draft Governance Charter and Bylaws,"Draft Governance Charter and Bylaws

Description:
Develop a comprehensive governance charter outlining the board's roles, responsibilities, decision-making processes, and conflict resolution mechanisms. This includes drafting bylaws that define the board's structure, membership, and operating procedures.

Resources needed:
• Legal Counsel
• Governance Expert
• Project Manager",5/23/2028,5/31/2028,0,511948a0-8a6f-4178-be1e-06b52afba263,PlanExe
cfa7cb24-2aa4-4b98-9a5c-93801d243f27,Establish Communication Protocols (2),"Establish Communication Protocols

Description:
Define clear communication protocols for the governance board, including meeting schedules, reporting requirements, and channels for disseminating information to stakeholders. This involves developing a communication plan that ensures transparency and accountability.

Resources needed:
• Project Manager
• Communication Specialist
• Stakeholder Representatives",5/31/2028,6/8/2028,0,dd6c0537-ba0c-4799-afde-34bd78535b7b,PlanExe
74ed0951-c873-4f6c-af0c-c7fce5476f25,Secure Stakeholder Approval of Structure,"Secure Stakeholder Approval of Structure

Description:
Present the proposed governance structure to key stakeholders for review and approval. This involves conducting presentations, soliciting feedback, and incorporating suggestions to ensure buy-in and support for the governance framework.

Resources needed:
• Project Manager
• Stakeholder Representatives
• Governance Expert",6/8/2028,6/16/2028,0,c24b99e9-21e9-440d-a162-bd75aa7a9f6c,PlanExe
3ad49ee9-7898-4e1c-96aa-7630dee4c9fb,Monitor Standard Usage and Feedback,,6/16/2028,6/20/2028,0,c24b99e9-21e9-440d-a162-bd75aa7a9f6c,PlanExe
43861d72-0863-4dcd-8043-1b9f2a0edb15,Establish Feedback Collection Channels,"Establish Feedback Collection Channels

Description:
Set up various channels for collecting user feedback, including online forms, email, and social media monitoring.

Resources needed:
• Web developers
• Community managers
• IT support",6/16/2028,6/17/2028,0,3ad49ee9-7898-4e1c-96aa-7630dee4c9fb,PlanExe
3385aa4c-810d-400c-b9ac-2d352335c008,Track Clear English Usage Metrics,"Track Clear English Usage Metrics

Description:
Implement tools and processes to track the usage of Clear English across different platforms and user groups.

Resources needed:
• Data analysts
• Software engineers
• Analytics tools",6/17/2028,6/18/2028,0,43861d72-0863-4dcd-8043-1b9f2a0edb15,PlanExe
a1d2e66f-fcbc-4b26-aec3-8d252973a528,Analyze User Feedback and Usage Data,"Analyze User Feedback and Usage Data

Description:
Regularly analyze user feedback and usage data to identify areas for improvement and potential issues.

Resources needed:
• Linguists
• Data analysts
• Usability experts",6/18/2028,6/19/2028,0,3385aa4c-810d-400c-b9ac-2d352335c008,PlanExe
b54fd0c0-8b6c-4958-a5d4-d8fe184d6512,Report on Usage and Feedback Trends,"Report on Usage and Feedback Trends

Description:
Prepare regular reports summarizing usage trends and user feedback for stakeholders.

Resources needed:
• Data analysts
• Project manager
• Communication specialist",6/19/2028,6/20/2028,0,3ad49ee9-7898-4e1c-96aa-7630dee4c9fb,PlanExe
f3be490c-e406-44f4-b920-c4d70f64b36f,Update Standard Based on Feedback,,6/20/2028,6/30/2028,0,3ad49ee9-7898-4e1c-96aa-7630dee4c9fb,PlanExe
ac4abb3c-dc8f-480d-9d69-5fa3a978daaa,Gather User Feedback and Usage Data,"Gather User Feedback and Usage Data

Description:
Collect user feedback from various channels (forums, surveys, support tickets) and analyze usage data to identify areas for improvement in the Clear English standard.

Resources needed:
• Community Manager
• Data Analyst
• Survey Tools
• Analytics Platform",6/20/2028,6/22/2028,0,f3be490c-e406-44f4-b920-c4d70f64b36f,PlanExe
ab6a2bb9-8e20-4c78-a256-0bbad7d303b8,Prioritize and Categorize Feedback,"Prioritize and Categorize Feedback

Description:
Categorize and prioritize collected feedback based on frequency, impact, and feasibility of implementation. Identify recurring themes and critical issues.

Resources needed:
• Linguist
• Project Manager
• Community Manager
• Data Analysis Tools",6/22/2028,6/24/2028,0,ac4abb3c-dc8f-480d-9d69-5fa3a978daaa,PlanExe
811b5676-f237-4757-9799-75c95386d9bb,Assess Impact of Proposed Changes,"Assess Impact of Proposed Changes

Description:
Evaluate the potential impact of proposed changes on intelligibility, learnability, and consistency of the Clear English standard. Consider potential trade-offs.

Resources needed:
• Linguist
• ESL Educator
• Usability Tester
• Corpus Analysis Tools",6/24/2028,6/26/2028,0,ab6a2bb9-8e20-4c78-a256-0bbad7d303b8,PlanExe
1dc595d2-e171-4d8c-9995-c0743f4ab03b,Implement and Test Standard Updates,"Implement and Test Standard Updates

Description:
Implement approved updates to the Clear English standard, documentation, and learning materials. Conduct thorough testing to ensure quality and consistency.

Resources needed:
• Technical Writer
• Linguist
• Software Developer
• Testing Environment",6/26/2028,6/28/2028,0,811b5676-f237-4757-9799-75c95386d9bb,PlanExe
95bef403-b6d4-4ee6-be2b-6670ba47151c,Communicate Updates to Stakeholders,"Communicate Updates to Stakeholders

Description:
Communicate updates to the Clear English standard to stakeholders, including users, educators, and developers. Provide clear documentation and support for adopting the changes.

Resources needed:
• Community Manager
• Technical Writer
• Marketing Specialist
• Communication Channels",6/28/2028,6/30/2028,0,f3be490c-e406-44f4-b920-c4d70f64b36f,PlanExe
66fde011-0b5a-40ba-9368-e16eb57fa561,Manage Licensing and Revenue,,6/30/2028,8/1/2028,0,f3be490c-e406-44f4-b920-c4d70f64b36f,PlanExe
3da360f9-1a92-40a2-82b3-28f8f3d872fe,Track licensing agreements and revenue,"Track licensing agreements and revenue

Description:
Establish a system to accurately track all licensing agreements, associated revenue, and payment schedules. This includes setting up databases, spreadsheets, or specialized software to manage the data.

Resources needed:
• Licensing Manager
• Accountant
• Database Administrator",6/30/2028,7/8/2028,0,66fde011-0b5a-40ba-9368-e16eb57fa561,PlanExe
a55d831f-120a-44a8-9300-6bfaffea6076,Negotiate licensing agreement terms,"Negotiate licensing agreement terms

Description:
Lead negotiations with potential licensees to establish mutually beneficial licensing terms, including royalty rates, usage rights, and duration of the agreement. Ensure compliance with legal and ethical standards.

Resources needed:
• Licensing Manager
• Legal Counsel
• Negotiation Specialist",7/8/2028,7/16/2028,0,3da360f9-1a92-40a2-82b3-28f8f3d872fe,PlanExe
2b0f084f-fb4b-4903-9ba3-dc79c705c9ce,Enforce licensing agreement compliance,"Enforce licensing agreement compliance

Description:
Monitor licensee compliance with the terms of the licensing agreements, including usage rights, payment schedules, and quality control measures. Take appropriate action to address any violations or breaches of contract.

Resources needed:
• Licensing Manager
• Legal Counsel
• Auditor",7/16/2028,7/24/2028,0,a55d831f-120a-44a8-9300-6bfaffea6076,PlanExe
f1a57f74-62ca-44e1-93b5-c809c6297c03,Process royalty payments and reporting,"Process royalty payments and reporting

Description:
Establish a process for receiving and processing royalty payments from licensees, generating accurate royalty reports, and distributing payments to relevant stakeholders. Ensure compliance with tax regulations and accounting standards.

Resources needed:
• Accountant
• Licensing Manager
• Financial Analyst",7/24/2028,8/1/2028,0,66fde011-0b5a-40ba-9368-e16eb57fa561,PlanExe
0e13f2e0-e7bd-4f56-9797-65b1defc7efd,Validate Governance and Editorial Control,,8/1/2028,8/21/2028,0,5e99e625-6775-4c2a-9d1b-8e342519ae82,PlanExe
dbab3cb6-2324-4bb8-be33-5b0694df5329,Review Governance Charter and Processes,"Review Governance Charter and Processes

Description:
Objective: Ensure the governance charter and decision-making processes are clearly defined and effectively implemented.
Scope: Review the existing governance charter, decision-making workflows, and communication protocols.
Steps: 1. Gather all relevant governance documents. 2. Analyze the clarity and completeness of the charter. 3. Assess the efficiency of decision-making processes. 4. Identify any gaps or areas for improvement.
Deliverables: A report summarizing the review findings and recommendations for improvement.

Resources needed:
• Governance and Standards Liaison
• Legal Advisor
• Project Manager",8/1/2028,8/6/2028,0,0e13f2e0-e7bd-4f56-9797-65b1defc7efd,PlanExe
67ff1a11-ff15-4389-bbba-870a2aca7bff,Assess Editorial Board Performance,"Assess Editorial Board Performance

Description:
Objective: Evaluate the performance of the editorial board in maintaining consistent editorial standards and resolving linguistic disputes.
Scope: Assess the board's effectiveness in reviewing and approving linguistic rules, resolving conflicts, and ensuring consistency across the Clear English standard.
Steps: 1. Review meeting minutes and decision logs. 2. Analyze the consistency of editorial decisions. 3. Gather feedback from board members and stakeholders. 4. Identify any areas where the board's performance can be improved.
Deliverables: A performance assessment report with recommendations for enhancing the board's effectiveness.

Resources needed:
• Governance and Standards Liaison
• Community Engagement Coordinator
• Lead Linguist",8/6/2028,8/11/2028,0,dbab3cb6-2324-4bb8-be33-5b0694df5329,PlanExe
553c3471-ec5a-4ae9-a83d-10baa7a4afe8,Analyze User Feedback on Governance,"Analyze User Feedback on Governance

Description:
Objective: Gather and analyze user feedback on the governance structure and editorial control mechanisms.
Scope: Collect feedback from stakeholders regarding their satisfaction with the governance structure, their perception of fairness and transparency, and their suggestions for improvement.
Steps: 1. Design and distribute a survey to stakeholders. 2. Conduct focus groups with representative user groups. 3. Analyze the survey and focus group data to identify key themes and concerns. 4. Prepare a report summarizing the feedback and recommendations.
Deliverables: A user feedback report with actionable insights for improving governance and editorial control.

Resources needed:
• Community Engagement Coordinator
• Usability and Assessment Expert
• Project Manager",8/11/2028,8/16/2028,0,67ff1a11-ff15-4389-bbba-870a2aca7bff,PlanExe
0aebcf4b-15ab-42d8-94c2-2446798172d3,Verify Editorial Standards Consistency,"Verify Editorial Standards Consistency

Description:
Objective: Ensure that the editorial standards are consistently applied across all aspects of the Clear English standard.
Scope: Review the application of editorial standards in the reference dictionary, learning materials, and documentation.
Steps: 1. Select a sample of entries from the reference dictionary. 2. Review a selection of learning materials. 3. Examine the standard documentation. 4. Assess whether the editorial standards have been consistently applied.
Deliverables: A report on the consistency of editorial standards with recommendations.

Resources needed:
• Lead Linguist
• Technical Writer
• Governance and Standards Liaison",8/16/2028,8/21/2028,0,0e13f2e0-e7bd-4f56-9797-65b1defc7efd,PlanExe
