[
  {
    "id": 1,
    "category": "Geopolitical Strategist",
    "explanation": "Provides high-level strategic guidance, anticipates international reactions, and develops counter-strategies to minimize negative impacts and maximize support for the reunification.",
    "consequences": "Increased risk of international sanctions, diplomatic isolation, and potential military intervention, jeopardizing the entire project.",
    "count": "min 1, max 2, depending on the complexity of international relations at the time.",
    "contract_type": "full_time_employee",
    "contract_type_justification": "Geopolitical strategy requires deep understanding of the project and consistent availability for high-level decision-making."
  },
  {
    "id": 2,
    "category": "Social Integration Specialist",
    "explanation": "Develops and implements strategies to foster acceptance and minimize resistance among the Taiwanese population, including cultural exchange programs, incentives, and community engagement initiatives.",
    "consequences": "Widespread social unrest, civil disobedience, and potential insurgency, leading to significant delays, increased costs, and reputational damage.",
    "count": "min 3, max 5, depending on the level of resistance encountered.",
    "contract_type": "full_time_employee",
    "contract_type_justification": "Social integration is a long-term, sensitive process requiring dedicated, full-time attention to build trust and manage resistance."
  },
  {
    "id": 3,
    "category": "Information Control Manager",
    "explanation": "Oversees the implementation of media control measures, including censorship, propaganda dissemination, and monitoring of public sentiment, to shape public opinion and suppress dissent.",
    "consequences": "Failure to control the narrative, leading to the spread of anti-reunification sentiment, increased resistance, and potential international condemnation.",
    "count": "min 2, max 4, depending on the sophistication of Taiwanese media and internet infrastructure.",
    "contract_type": "full_time_employee",
    "contract_type_justification": "Information control requires constant monitoring and rapid response, necessitating a dedicated, full-time manager."
  },
  {
    "id": 4,
    "category": "Financial Transition Planner",
    "explanation": "Develops and executes the financial transition plan, including currency conversion, economic stabilization measures, and budget allocation, to ensure a smooth and stable economic integration.",
    "consequences": "Economic instability, financial crisis, and loss of confidence in the new currency, leading to widespread hardship and potential social unrest.",
    "count": "2",
    "contract_type": "full_time_employee",
    "contract_type_justification": "Financial transition planning is a critical, complex task that demands a dedicated, full-time expert to ensure stability."
  },
  {
    "id": 5,
    "category": "Cybersecurity and Infrastructure Integration Lead",
    "explanation": "Responsible for securing critical infrastructure against cyberattacks and integrating Taiwanese systems with Chinese networks, ensuring operational continuity and data security.",
    "consequences": "Disruption of essential services, data breaches, and potential sabotage, leading to widespread chaos and undermining public confidence.",
    "count": "min 3, max 6, depending on the complexity of the existing Taiwanese infrastructure and the level of cyber threats.",
    "contract_type": "full_time_employee",
    "contract_type_justification": "Cybersecurity and infrastructure integration are vital for operational continuity and data security, requiring a dedicated, full-time lead."
  },
  {
    "id": 6,
    "category": "Legal and Compliance Officer",
    "explanation": "Ensures compliance with international laws and norms, develops legal defense strategies, and engages with international legal bodies to strengthen China's position and mitigate legal challenges.",
    "consequences": "Exposure to international legal challenges, sanctions, and reputational damage, potentially jeopardizing the entire project.",
    "count": "min 1, max 3, depending on the intensity of international legal scrutiny.",
    "contract_type": "full_time_employee",
    "contract_type_justification": "Legal and compliance issues are central to the project's success, requiring a dedicated, full-time officer to navigate international laws and mitigate legal challenges."
  },
  {
    "id": 7,
    "category": "Logistics and Resource Coordinator",
    "explanation": "Manages the deployment of personnel and resources, including military personnel, civilian administrators, and technical experts, ensuring efficient allocation and logistical support.",
    "consequences": "Personnel shortages, skill gaps, coordination problems, and logistical bottlenecks, leading to delays, cost overruns, and operational inefficiencies.",
    "count": "min 4, max 8, depending on the scale of deployment and the complexity of logistical challenges.",
    "contract_type": "full_time_employee",
    "contract_type_justification": "Logistics and resource coordination are essential for efficient deployment and support, requiring a dedicated, full-time coordinator."
  },
  {
    "id": 8,
    "category": "Intelligence and Risk Analyst",
    "explanation": "Continuously assesses risks, monitors potential threats, and provides intelligence to inform strategic decision-making, including assessing the likelihood of military intervention and social unrest.",
    "consequences": "Failure to anticipate and mitigate risks, leading to unexpected crises, increased costs, and potential project failure.",
    "count": "min 2, max 4, depending on the volatility of the geopolitical situation and the level of internal resistance.",
    "contract_type": "full_time_employee",
    "contract_type_justification": "Intelligence and risk analysis are crucial for informed decision-making and proactive risk mitigation, requiring a dedicated, full-time analyst."
  }
]