[
  {
    "id": "fda304f0-1179-40c5-be96-016ab9f41499",
    "document_name": "Project Charter",
    "description": "A foundational document outlining the project's objectives, scope, stakeholders, and governance structure for the reunification of Taiwan with China.",
    "responsible_role_type": "Project Manager",
    "document_template_primary": "PMI Project Charter Template",
    "document_template_secondary": null,
    "steps_to_create": [
      "Define project objectives and scope.",
      "Identify key stakeholders and their roles.",
      "Establish governance structure and approval processes.",
      "Draft initial project timeline and budget estimates."
    ],
    "approval_authorities": "Chinese Government Officials"
  },
  {
    "id": "4f70d6a1-c315-4a4e-9a8d-3f1ff67d29fc",
    "document_name": "Information Control Strategy Framework",
    "description": "A strategic framework detailing the approach to managing information flow and public sentiment in Taiwan to support reunification.",
    "responsible_role_type": "Information Control Manager",
    "document_template_primary": null,
    "document_template_secondary": null,
    "steps_to_create": [
      "Outline objectives for information control.",
      "Identify key metrics for success.",
      "Develop strategies for media control and public engagement.",
      "Assess potential risks and mitigation strategies."
    ],
    "approval_authorities": "Geopolitical Strategist, Chinese Government Officials"
  },
  {
    "id": "842037b4-5f89-4003-abb6-a9184f3b02f3",
    "document_name": "International Relations Management Strategy",
    "description": "A strategic plan for navigating international relations and securing support for Taiwan's reunification.",
    "responsible_role_type": "Geopolitical Strategist",
    "document_template_primary": null,
    "document_template_secondary": null,
    "steps_to_create": [
      "Identify key international stakeholders and their interests.",
      "Develop diplomatic engagement strategies.",
      "Outline potential economic incentives for support.",
      "Assess risks of international backlash and develop contingency plans."
    ],
    "approval_authorities": "Chinese Government Officials"
  },
  {
    "id": "d27a9f9e-3be7-49ac-9f0e-e6b7e963587f",
    "document_name": "Current State Assessment of Taiwanese Public Sentiment",
    "description": "A baseline assessment report analyzing current public sentiment in Taiwan regarding reunification with China.",
    "responsible_role_type": "Public Opinion Analyst",
    "document_template_primary": null,
    "document_template_secondary": null,
    "steps_to_create": [
      "Conduct surveys and focus groups to gather data.",
      "Analyze existing public opinion data.",
      "Identify key themes and sentiments.",
      "Draft report summarizing findings and implications."
    ],
    "approval_authorities": "Geopolitical Strategist"
  },
  {
    "id": "7e4eb8be-7fa7-409e-b232-52bc05a4eea4",
    "document_name": "Risk Register",
    "description": "A document identifying potential risks associated with the reunification project, including social, economic, and geopolitical risks.",
    "responsible_role_type": "Risk Analyst",
    "document_template_primary": "PMI Risk Register Template",
    "document_template_secondary": null,
    "steps_to_create": [
      "Identify potential risks and categorize them.",
      "Assess likelihood and impact of each risk.",
      "Develop mitigation strategies for high-priority risks.",
      "Establish monitoring and reporting processes."
    ],
    "approval_authorities": "Project Manager, Chinese Government Officials"
  },
  {
    "id": "e5c96432-5da4-439c-a953-de6463093284",
    "document_name": "Stakeholder Engagement Plan",
    "description": "A plan outlining strategies for engaging with key stakeholders, including the Taiwanese population and international actors.",
    "responsible_role_type": "Social Integration Specialist",
    "document_template_primary": null,
    "document_template_secondary": null,
    "steps_to_create": [
      "Identify key stakeholders and their interests.",
      "Develop engagement strategies tailored to each group.",
      "Outline communication channels and messaging.",
      "Establish feedback mechanisms to gauge stakeholder sentiment."
    ],
    "approval_authorities": "Geopolitical Strategist"
  },
  {
    "id": "59dac7f9-8f42-4749-8d34-54b665b7981d",
    "document_name": "High-Level Budget/Funding Framework",
    "description": "An initial budget framework outlining estimated costs associated with the reunification project, including military, social, and infrastructure expenses.",
    "responsible_role_type": "Financial Transition Planner",
    "document_template_primary": null,
    "document_template_secondary": null,
    "steps_to_create": [
      "Estimate costs for key project components.",
      "Identify potential funding sources.",
      "Outline budget allocation strategies.",
      "Draft initial budget report for review."
    ],
    "approval_authorities": "Chinese Government Officials"
  },
  {
    "id": "476d5fbf-e63c-4577-ab1a-806aee1746f3",
    "document_name": "Initial High-Level Schedule/Timeline",
    "description": "A preliminary timeline outlining key milestones and deadlines for the reunification project.",
    "responsible_role_type": "Logistics and Resource Coordinator",
    "document_template_primary": null,
    "document_template_secondary": null,
    "steps_to_create": [
      "Identify key project milestones.",
      "Estimate timelines for each milestone.",
      "Develop a Gantt chart or similar visual representation.",
      "Review and adjust timelines based on stakeholder input."
    ],
    "approval_authorities": "Project Manager"
  },
  {
    "id": "b2f46c13-6fba-4710-a545-02ccf8d6cbd0",
    "document_name": "Monitoring and Evaluation (M&E) Framework",
    "description": "A framework for monitoring and evaluating the progress and impact of the reunification project.",
    "responsible_role_type": "Monitoring and Evaluation Specialist",
    "document_template_primary": null,
    "document_template_secondary": null,
    "steps_to_create": [
      "Define key performance indicators (KPIs) for success.",
      "Establish data collection methods and sources.",
      "Outline reporting processes and timelines.",
      "Develop evaluation criteria for assessing project outcomes."
    ],
    "approval_authorities": "Project Manager"
  }
]