[
  {
    "id": "528c5746-6ddf-478f-82e4-0d1c9f5043c9",
    "document_name": "Taiwanese Public Opinion Survey Data",
    "description": "Existing survey data on Taiwanese public sentiment regarding reunification and perceptions of China.",
    "recency_requirement": "Most recent available year",
    "responsible_role_type": "Public Opinion Analyst",
    "steps_to_find": [
      "Contact local polling organizations.",
      "Search academic databases for relevant studies.",
      "Access government or NGO reports on public sentiment."
    ],
    "access_difficulty": "Medium",
    "essential_information": [
      "Quantify the current percentage of Taiwanese citizens who support, oppose, or are neutral towards reunification with China.",
      "Identify the key demographic factors (age, income, education level, geographic location) that correlate with different opinions on reunification.",
      "Detail the specific reasons and concerns that Taiwanese citizens express regarding reunification, both positive and negative.",
      "Assess the level of trust Taiwanese citizens have in the Chinese government and media.",
      "Determine the perceived impact of reunification on various aspects of life in Taiwan, including economy, culture, and personal freedoms.",
      "Compare public opinion trends over the past 5-10 years to identify any shifts in sentiment.",
      "List the specific sources and methodologies used to collect the survey data, including sample size, margin of error, and data collection methods."
    ],
    "risks_of_poor_quality": [
      "Inaccurate assessment of public sentiment leading to ineffective or counterproductive policies.",
      "Underestimation of potential resistance, resulting in increased security costs and delays.",
      "Misallocation of resources due to a misunderstanding of public priorities and concerns.",
      "Damaged international reputation if policies are perceived as disregarding the will of the Taiwanese people.",
      "Increased social unrest and instability due to policies that are not aligned with public sentiment."
    ],
    "worst_case_scenario": "Widespread civil unrest and armed resistance due to policies based on a flawed understanding of Taiwanese public opinion, leading to significant loss of life, economic collapse, and international condemnation.",
    "best_case_scenario": "Policies are tailored to address the specific concerns and priorities of the Taiwanese people, leading to a smoother transition, reduced resistance, and improved international relations.",
    "fallback_alternative_approaches": [
      "Initiate targeted user interviews and focus groups with diverse segments of the Taiwanese population to gather qualitative data.",
      "Engage a subject matter expert on Taiwanese politics and society to review existing data and provide insights.",
      "Conduct a new, independent survey using a representative sample of the Taiwanese population, if existing data is deemed insufficient or unreliable.",
      "Analyze social media trends and online forums to gauge public sentiment and identify emerging concerns.",
      "Review historical data on public opinion in similar reunification or integration scenarios to identify potential challenges and opportunities."
    ]
  },
  {
    "id": "a56893c5-184d-4666-b1ee-3683d6941150",
    "document_name": "International Relations Policies on Taiwan",
    "description": "Existing international policies and positions regarding Taiwan's status and reunification efforts.",
    "recency_requirement": "Published within last 2 years",
    "responsible_role_type": "Geopolitical Strategist",
    "steps_to_find": [
      "Search government and international organization websites.",
      "Review recent diplomatic statements from key countries.",
      "Consult academic literature on international relations."
    ],
    "access_difficulty": "Medium",
    "essential_information": [
      "List all existing international policies (e.g., treaties, agreements, communiques) directly relevant to Taiwan's status.",
      "Identify the official positions of key countries (e.g., USA, Japan, Australia, EU members) regarding Taiwan's sovereignty and China's reunification efforts, including any conditions or red lines.",
      "Detail any existing international sanctions or restrictions related to China's actions towards Taiwan.",
      "Quantify the level of international support (or opposition) for Taiwan's independence or reunification with China, based on voting records in international organizations (e.g., UN).",
      "Compare and contrast the legal interpretations of international law regarding Taiwan's status by different countries and international organizations.",
      "Identify any precedents or historical examples of similar reunification efforts and the international response to them.",
      "Detail the potential consequences (e.g., economic, diplomatic, military) for countries that support or oppose China's reunification efforts.",
      "List the specific international organizations (e.g., UN, WTO, WHO) in which Taiwan participates and the nature of its participation.",
      "Identify any existing international mediation or negotiation efforts related to Taiwan's status.",
      "Detail any existing military alliances or defense agreements involving Taiwan."
    ],
    "risks_of_poor_quality": [
      "Misjudging international reactions to reunification efforts, leading to diplomatic isolation or economic sanctions.",
      "Underestimating the potential for international intervention, resulting in military conflict.",
      "Violating international laws or norms, damaging China's reputation and legitimacy.",
      "Failing to anticipate international legal challenges to reunification, leading to legal setbacks.",
      "Making inaccurate assumptions about the level of international support for or opposition to reunification, resulting in misinformed policy decisions."
    ],
    "worst_case_scenario": "China's reunification efforts are met with widespread international condemnation, leading to severe economic sanctions, military intervention by multiple countries, and a prolonged period of international isolation, ultimately destabilizing the region and damaging China's long-term interests.",
    "best_case_scenario": "China's reunification efforts are conducted in a manner that minimizes international opposition, secures the tacit support or neutrality of key countries, and avoids any violations of international law, leading to a smooth and peaceful integration of Taiwan with minimal disruption to international relations.",
    "fallback_alternative_approaches": [
      "Engage a panel of international law experts to provide an independent assessment of the legal implications of reunification.",
      "Commission a public opinion survey in key countries to gauge public sentiment towards Taiwan and China.",
      "Conduct scenario planning exercises to simulate different international responses to reunification and develop contingency plans.",
      "Initiate backchannel diplomatic discussions with key countries to explore potential compromises and address concerns.",
      "Purchase access to reputable international relations databases and analysis reports."
    ]
  },
  {
    "id": "28b28bba-407e-4e85-af6a-6a4674025963",
    "document_name": "Taiwan Economic Indicators",
    "description": "Current economic data and indicators relevant to Taiwan's economy, including GDP, inflation, and employment rates.",
    "recency_requirement": "Most recent available year",
    "responsible_role_type": "Financial Transition Planner",
    "steps_to_find": [
      "Access national statistical offices or economic databases.",
      "Consult reports from international financial institutions.",
      "Review economic forecasts from reputable sources."
    ],
    "access_difficulty": "Easy",
    "essential_information": [
      "Quantify Taiwan's current GDP (Gross Domestic Product) and its growth rate over the past 5 years.",
      "List the current inflation rate in Taiwan and its trend over the past 12 months.",
      "Detail the current employment rate in Taiwan, broken down by sector (e.g., manufacturing, services, agriculture).",
      "Identify key sectors contributing to Taiwan's GDP and their respective growth rates.",
      "Compare Taiwan's economic performance with that of mainland China over the past 5 years, focusing on GDP growth, inflation, and trade balance.",
      "List major trading partners of Taiwan and their respective trade volumes.",
      "Quantify foreign direct investment (FDI) inflows into Taiwan over the past 5 years, broken down by source country and sector.",
      "Detail the current exchange rate between the New Taiwan Dollar (TWD) and the Chinese Yuan (CNY) and its volatility over the past year.",
      "Identify any significant economic policies or regulations in Taiwan that could impact the reunification process.",
      "Project the potential economic impact of reunification on Taiwan's GDP, employment, and trade balance, considering various integration scenarios."
    ],
    "risks_of_poor_quality": [
      "Inaccurate GDP data leads to miscalculation of economic integration costs and potential financial instability.",
      "Outdated employment figures result in ineffective workforce transition plans and increased social unrest.",
      "Failure to identify key economic sectors leads to misallocation of resources and disruption of critical industries.",
      "Ignoring significant economic policies results in legal and regulatory conflicts during the reunification process.",
      "Poor projections of economic impact lead to inadequate financial planning and potential economic collapse in Taiwan."
    ],
    "worst_case_scenario": "Severe economic downturn in Taiwan post-reunification due to mismanaged financial integration, leading to widespread unemployment, social unrest, and a significant drain on China's financial resources.",
    "best_case_scenario": "Smooth economic integration of Taiwan with mainland China, resulting in increased trade, investment, and economic growth for both regions, while minimizing social disruption and financial instability.",
    "fallback_alternative_approaches": [
      "Engage a team of economists specializing in Taiwanese economy to conduct a detailed analysis and provide accurate data.",
      "Purchase comprehensive economic reports from reputable market research firms specializing in the Asia-Pacific region.",
      "Conduct targeted interviews with key stakeholders in Taiwan's economy, including business leaders, government officials, and academics.",
      "Develop a simplified economic model based on available data and expert opinions to estimate key economic indicators and potential impacts."
    ]
  },
  {
    "id": "e229b5ff-81cc-4b13-aeae-0442653d9b52",
    "document_name": "Existing International Laws on Sovereignty",
    "description": "Legal texts and interpretations regarding sovereignty and self-determination relevant to Taiwan's reunification.",
    "recency_requirement": "Current regulations essential",
    "responsible_role_type": "Legal and Compliance Officer",
    "steps_to_find": [
      "Consult international law databases.",
      "Access UN and ICJ legal documents.",
      "Review academic publications on international law."
    ],
    "access_difficulty": "Medium",
    "essential_information": [
      "Identify all existing international laws pertaining to sovereignty, self-determination, and territorial integrity, specifically as they relate to the unique historical and political status of Taiwan.",
      "Detail the legal arguments for and against China's claim of sovereignty over Taiwan, referencing specific articles and clauses within international treaties and conventions.",
      "Analyze precedents of similar reunification or secession cases in international law, highlighting both supporting and dissenting legal opinions.",
      "List any UN resolutions, ICJ rulings, or other international legal pronouncements that directly or indirectly address the status of Taiwan.",
      "Quantify the level of international legal support for Taiwan's claim to self-determination versus China's claim to sovereignty, based on treaty ratifications, legal opinions, and diplomatic statements.",
      "Detail the potential legal ramifications (e.g., sanctions, trade restrictions, international condemnation) for China based on various interpretations of international law regarding the reunification.",
      "Identify any legal loopholes or ambiguities in international law that could be exploited to justify or challenge the reunification process.",
      "Compare and contrast different legal interpretations of 'self-determination' and 'territorial integrity' as they apply to the Taiwan situation."
    ],
    "risks_of_poor_quality": [
      "Incorrect interpretation of international law leads to miscalculation of international response and potential legal challenges.",
      "Failure to identify key legal precedents results in a weak legal defense against international condemnation or sanctions.",
      "Outdated information on international law leads to non-compliance and potential legal repercussions.",
      "Ambiguous or incomplete legal analysis results in ineffective diplomatic efforts and weakens China's international position.",
      "Ignoring dissenting legal opinions leads to underestimation of legal risks and potential for legal challenges."
    ],
    "worst_case_scenario": "International legal challenges and sanctions cripple China's economy, isolate it diplomatically, and potentially lead to military intervention by other nations, resulting in project failure and significant geopolitical instability.",
    "best_case_scenario": "A thorough understanding of international law allows China to navigate the reunification process with minimal international opposition, securing international recognition and avoiding costly legal battles or sanctions, thereby accelerating the project and enhancing China's global standing.",
    "fallback_alternative_approaches": [
      "Engage a panel of international law experts to provide independent legal analysis and risk assessment.",
      "Commission a comprehensive legal review from a reputable international law firm.",
      "Focus on building bilateral agreements with individual nations to secure their support, bypassing broader international legal challenges.",
      "Shift the focus from legal justification to pragmatic arguments based on economic and security interests.",
      "Purchase access to proprietary international law databases and legal analysis services."
    ]
  },
  {
    "id": "c5895544-dae0-41e5-9c87-9b085bf78165",
    "document_name": "Taiwanese Media Landscape Analysis",
    "description": "Data on the current media landscape in Taiwan, including major outlets and their political leanings.",
    "recency_requirement": "Published within last 2 years",
    "responsible_role_type": "Information Control Manager",
    "steps_to_find": [
      "Research media studies from academic institutions.",
      "Consult reports from media watchdog organizations.",
      "Access government publications on media regulation."
    ],
    "access_difficulty": "Medium",
    "essential_information": [
      "Identify the top 10 most-watched/read news outlets (TV, online, print) in Taiwan by viewership/readership numbers.",
      "For each of the top 10 outlets, detail their ownership structure (private, government-affiliated, foreign-owned).",
      "Assess the political leaning (pro-China, neutral, anti-China) of each of the top 10 outlets, providing evidence-based justification.",
      "Quantify the reach and influence of social media platforms (Facebook, YouTube, etc.) as news sources in Taiwan, including user demographics.",
      "List any existing regulations or laws governing media ownership and content in Taiwan.",
      "Identify key journalists, commentators, and influencers who shape public opinion on reunification.",
      "Detail the prevalence and impact of foreign media outlets (e.g., BBC, CNN) on Taiwanese public opinion.",
      "Analyze trends in media consumption patterns among different age groups in Taiwan.",
      "Compare the media landscape in Taiwan with that of mainland China, highlighting key differences and similarities.",
      "Identify potential vulnerabilities in the Taiwanese media landscape that could be exploited for information control purposes."
    ],
    "risks_of_poor_quality": [
      "Inaccurate assessment of media influence leads to ineffective information control strategies.",
      "Misunderstanding of public sentiment results in increased resistance to reunification.",
      "Failure to identify key influencers allows dissenting voices to dominate the narrative.",
      "Outdated information leads to wasted resources on ineffective media campaigns.",
      "Incorrect identification of media ownership results in misdirected diplomatic efforts.",
      "Lack of understanding of media regulations leads to legal challenges and reputational damage."
    ],
    "worst_case_scenario": "Widespread misinformation and negative sentiment towards reunification, fueled by uncontrolled media outlets, leading to significant social unrest, international condemnation, and ultimately, project failure.",
    "best_case_scenario": "A comprehensive understanding of the Taiwanese media landscape enables the implementation of highly effective information control strategies, fostering public acceptance of reunification and minimizing resistance.",
    "fallback_alternative_approaches": [
      "Initiate targeted user interviews and focus groups to gauge public sentiment and media consumption habits.",
      "Engage a subject matter expert with extensive knowledge of the Taiwanese media landscape for a detailed review and analysis.",
      "Purchase relevant industry standard reports on media consumption and political leanings in Taiwan.",
      "Conduct sentiment analysis of social media data to identify key trends and influencers.",
      "Commission a private investigation firm to gather intelligence on media ownership and political affiliations."
    ]
  },
  {
    "id": "21717883-0db9-4c6b-8403-ddfd37b5d2d9",
    "document_name": "Taiwanese Cultural Identity Studies",
    "description": "Research studies on Taiwanese cultural identity and public sentiment towards cultural integration.",
    "recency_requirement": "Published within last 5 years",
    "responsible_role_type": "Cultural Anthropologist",
    "steps_to_find": [
      "Search academic databases for cultural studies.",
      "Consult reports from cultural organizations.",
      "Review publications from Taiwanese universities."
    ],
    "access_difficulty": "Medium",
    "essential_information": [
      "Identify specific aspects of Taiwanese cultural identity that are most resistant to integration with mainland Chinese culture.",
      "Quantify the current level of public sentiment in Taiwan towards cultural integration, broken down by age group, region, and political affiliation.",
      "List the key cultural symbols, traditions, and values that are central to Taiwanese identity.",
      "Detail the historical and social factors that have shaped Taiwanese cultural identity.",
      "Compare and contrast Taiwanese cultural values with those of mainland China, highlighting areas of potential conflict and synergy.",
      "Identify effective strategies for promoting cultural exchange and understanding between Taiwan and mainland China, based on successful examples from other regions.",
      "Assess the potential impact of cultural integration on various aspects of Taiwanese society, including language, arts, and education.",
      "List specific concerns and grievances expressed by Taiwanese citizens regarding cultural integration.",
      "Identify potential cultural ambassadors or influencers within Taiwan who could support cultural exchange initiatives.",
      "Detail the existing cultural exchange programs between Taiwan and mainland China, and evaluate their effectiveness."
    ],
    "risks_of_poor_quality": [
      "Underestimating the strength of Taiwanese cultural identity leading to ineffective cultural integration strategies.",
      "Ignoring key aspects of Taiwanese culture resulting in increased resistance and social unrest.",
      "Misinterpreting public sentiment leading to counterproductive policies and alienation of the Taiwanese population.",
      "Failing to address specific cultural concerns and grievances resulting in long-term social instability.",
      "Developing cultural integration strategies that are insensitive to Taiwanese cultural values, leading to backlash and resentment."
    ],
    "worst_case_scenario": "Widespread social unrest and resistance in Taiwan due to culturally insensitive integration policies, leading to project failure, international condemnation, and potential military conflict.",
    "best_case_scenario": "Successful cultural integration that respects Taiwanese identity while fostering a sense of shared cultural heritage, leading to a stable and harmonious reunification process with minimal resistance.",
    "fallback_alternative_approaches": [
      "Initiate targeted user interviews and focus groups with diverse segments of the Taiwanese population to gather firsthand insights into their cultural values and concerns.",
      "Engage a panel of Taiwanese cultural experts and historians to review and validate the cultural integration strategies.",
      "Conduct a pilot program of cultural exchange initiatives in a limited geographic area to assess their effectiveness and identify potential challenges.",
      "Purchase and analyze relevant market research data on Taiwanese consumer preferences and cultural trends.",
      "Analyze social media data and online forums to gauge public sentiment and identify emerging cultural issues."
    ]
  }
]