[
  {
    "id": "7293fcf3-5fd2-474d-923a-763b0a1c156e",
    "major_phase_title": "Project Initiation & Planning",
    "subtasks": [
      {
        "id": "96200b1b-79ff-48ec-9cd5-3516fce2e0ef",
        "description": "Define Project Scope and Objectives"
      },
      {
        "id": "b60db2fe-cf7c-4364-a1cd-77e0a7ae6a65",
        "description": "Identify Key Stakeholders"
      },
      {
        "id": "a8d9aea7-be9b-4174-97a5-e526a7fd1e22",
        "description": "Develop Project Timeline"
      },
      {
        "id": "d0759488-9020-4413-ae24-678c5df9696a",
        "description": "Allocate Resources"
      },
      {
        "id": "7224acee-5e84-4671-b9c2-2252865857be",
        "description": "Establish Communication Plan"
      }
    ]
  },
  {
    "id": "f15f2281-9ec1-4e48-9dd3-9bc8f0673347",
    "major_phase_title": "Information Control Strategy Implementation",
    "subtasks": [
      {
        "id": "3c3b6e76-ebb6-4771-9e56-63bced8f3eda",
        "description": "Establish AI-Powered Content Filtering System"
      },
      {
        "id": "3801e091-63b1-403b-90d2-577bcd6043e2",
        "description": "Implement Social Media Monitoring"
      },
      {
        "id": "28e54f72-f17f-422d-b916-faed3d47939e",
        "description": "Censor Dissenting Viewpoints"
      },
      {
        "id": "7088db8a-5810-489a-9a9e-308969ec0600",
        "description": "Promote Pro-Reunification Narratives"
      },
      {
        "id": "374d71eb-0390-4560-a263-1f63705575f1",
        "description": "Monitor Media Consumption Patterns"
      }
    ]
  },
  {
    "id": "e96a5e3e-8a55-4c0c-a397-67aa64cb9c22",
    "major_phase_title": "International Relations Management",
    "subtasks": [
      {
        "id": "6bf9982e-681c-4bf7-89ea-80a51b83b956",
        "description": "Assert China's Sovereign Right to Reunify Taiwan"
      },
      {
        "id": "9c155764-530c-4a27-9527-53d671cde562",
        "description": "Leverage Digital Diplomacy"
      },
      {
        "id": "a57e9577-1ae6-490a-b7b0-9bb27708f899",
        "description": "Counter Negative Narratives"
      },
      {
        "id": "a97de71d-495c-4283-9504-e6a1fd074e71",
        "description": "Monitor International Media Coverage"
      },
      {
        "id": "6de56d5d-f51f-4665-8c5c-35b34098d80d",
        "description": "Legal Defense and Compliance"
      }
    ]
  },
  {
    "id": "4d38fb8a-a713-4060-a8d5-80f9d5d9d1f4",
    "major_phase_title": "Cultural and Societal Integration",
    "subtasks": [
      {
        "id": "45786e85-a1bc-4526-a8ad-ff74c6bdaa67",
        "description": "Integrate Chinese Culture"
      },
      {
        "id": "6c7b7dab-e826-4e66-8e51-43533cf7aba6",
        "description": "Integrate Chinese Educational Materials"
      },
      {
        "id": "b16bfe07-04ea-4024-b6a8-6b876f639d01",
        "description": "Transition Currency"
      },
      {
        "id": "201d9cb2-5c93-4903-8b23-81a9a6ed032e",
        "description": "Replace Flag"
      },
      {
        "id": "3d976309-fcb3-46ef-847a-891930f3a398",
        "description": "Address Social Resistance"
      }
    ]
  },
  {
    "id": "101b4ddc-e4a6-4c00-96a7-7d5c1c9d71c9",
    "major_phase_title": "Risk Management and Mitigation",
    "subtasks": [
      {
        "id": "90ec7e6d-8d8f-41f6-8892-bb2270d56d04",
        "description": "Assess International Sanctions Risk"
      },
      {
        "id": "38e17eab-57d5-4b36-8e2e-313a9e74b17f",
        "description": "Mitigate Cyberattack Risks"
      },
      {
        "id": "c2a40eb1-79f5-4529-ad06-d39fa7f7b26a",
        "description": "Address Economic Instability"
      },
      {
        "id": "db9417bd-487f-426c-9143-a2ff0046de22",
        "description": "Develop Military Intervention Response Plans"
      },
      {
        "id": "7160ee21-7545-4547-b39b-ff03dab34e7e",
        "description": "Monitor and Update Risk Assessment"
      }
    ]
  },
  {
    "id": "3f708982-a836-421e-97b5-6a7f84841f33",
    "major_phase_title": "Monitoring and Control",
    "subtasks": [
      {
        "id": "7a270c56-a995-4981-9cc8-29827c71fb36",
        "description": "Track Project Progress"
      },
      {
        "id": "0d7750f5-7ba3-42a3-a82e-edf2667bb951",
        "description": "Monitor Key Performance Indicators (KPIs)"
      },
      {
        "id": "35a390da-34a7-4b6b-b5da-373449b37103",
        "description": "Conduct Regular Status Meetings"
      },
      {
        "id": "03167b6b-adac-488a-ac2a-38e7f6a34da6",
        "description": "Manage Changes and Issues"
      },
      {
        "id": "d7a57589-7199-4e8d-9855-f47bd6b8a648",
        "description": "Report Project Status to Stakeholders"
      }
    ]
  }
]