[
  {
    "task_id": "7293fcf3-5fd2-474d-923a-763b0a1c156e",
    "delay_risks": "Delays in obtaining necessary approvals, disagreements among stakeholders on project priorities, and unforeseen complexities in initial assessments.",
    "mitigation_strategy": "Establish a clear approval process with defined timelines, facilitate regular stakeholder meetings to align on priorities, and conduct thorough preliminary research to identify potential challenges.",
    "days_min": 7,
    "days_max": 14,
    "days_realistic": 10
  },
  {
    "task_id": "96200b1b-79ff-48ec-9cd5-3516fce2e0ef",
    "delay_risks": "Vague or conflicting requirements from stakeholders, scope creep due to changing political landscape, and difficulty in defining measurable success criteria.",
    "mitigation_strategy": "Conduct detailed interviews and workshops with key stakeholders to elicit clear requirements, implement a strict change management process, and establish SMART (Specific, Measurable, Achievable, Relevant, Time-bound) objectives from the outset.",
    "days_min": 3,
    "days_max": 7,
    "days_realistic": 5
  },
  {
    "task_id": "b60db2fe-cf7c-4364-a1cd-77e0a7ae6a65",
    "delay_risks": "Difficulty in identifying all relevant stakeholders, resistance from certain groups to engagement, and challenges in prioritizing stakeholder needs.",
    "mitigation_strategy": "Conduct a comprehensive stakeholder analysis using various identification techniques, develop tailored engagement strategies for different stakeholder groups, and establish a clear process for prioritizing stakeholder needs based on project objectives.",
    "days_min": 2,
    "days_max": 5,
    "days_realistic": 3
  },
  {
    "task_id": "a8d9aea7-be9b-4174-97a5-e526a7fd1e22",
    "delay_risks": "Unrealistic initial assumptions about the speed of integration, delays in obtaining necessary data for timeline creation, unforeseen dependencies between tasks.",
    "mitigation_strategy": "Employ a phased approach to timeline development, starting with high-level milestones and progressively adding detail. Conduct regular reviews with subject matter experts to validate assumptions and identify dependencies.",
    "days_min": 5,
    "days_max": 15,
    "days_realistic": 10
  },
  {
    "task_id": "d0759488-9020-4413-ae24-678c5df9696a",
    "delay_risks": "Insufficient initial budget allocation, delays in procurement of necessary resources (personnel, technology), internal political conflicts over resource allocation.",
    "mitigation_strategy": "Develop a detailed resource allocation plan with clear justifications for each resource request. Secure commitment from key stakeholders on resource availability. Establish a contingency fund to address unforeseen resource needs.",
    "days_min": 3,
    "days_max": 10,
    "days_realistic": 7
  },
  {
    "task_id": "7224acee-5e84-4671-b9c2-2252865857be",
    "delay_risks": "Lack of clarity on communication channels and protocols, resistance from stakeholders to participate in the communication plan, technical difficulties in setting up communication infrastructure.",
    "mitigation_strategy": "Define clear communication channels and protocols for all stakeholders. Conduct training sessions to ensure stakeholders understand and adhere to the communication plan. Implement backup communication systems to mitigate technical difficulties.",
    "days_min": 2,
    "days_max": 7,
    "days_realistic": 5
  },
  {
    "task_id": "f15f2281-9ec1-4e48-9dd3-9bc8f0673347",
    "delay_risks": "Delays in procurement of necessary hardware and software, integration issues between different systems, and resistance from IT staff in Taiwan.",
    "mitigation_strategy": "Establish strong relationships with vendors, conduct thorough testing of integrated systems, and provide comprehensive training and support to IT staff.",
    "days_min": 30,
    "days_max": 90,
    "days_realistic": 60
  },
  {
    "task_id": "3c3b6e76-ebb6-4771-9e56-63bced8f3eda",
    "delay_risks": "Technical difficulties in developing and deploying the AI-powered content filtering system, potential for the system to be circumvented, and ethical concerns regarding censorship.",
    "mitigation_strategy": "Employ experienced AI developers, implement robust security measures, and establish clear guidelines for content filtering based on pre-defined criteria.",
    "days_min": 60,
    "days_max": 120,
    "days_realistic": 90
  },
  {
    "task_id": "3801e091-63b1-403b-90d2-577bcd6043e2",
    "delay_risks": "Difficulty in accessing and analyzing social media data, potential for false positives in identifying dissenting viewpoints, and public backlash against perceived surveillance.",
    "mitigation_strategy": "Utilize advanced data analytics tools, implement a rigorous review process for identifying dissenting viewpoints, and communicate transparently about the purpose and scope of social media monitoring.",
    "days_min": 30,
    "days_max": 60,
    "days_realistic": 45
  },
  {
    "task_id": "28e54f72-f17f-422d-b916-faed3d47939e",
    "delay_risks": "Public outcry and backlash leading to increased scrutiny and difficulty in censoring viewpoints, technical challenges in identifying and removing dissenting opinions effectively.",
    "mitigation_strategy": "Develop sophisticated algorithms to identify and categorize dissenting viewpoints, implement a phased approach to censorship, and engage in public relations to manage potential backlash.",
    "days_min": 15,
    "days_max": 45,
    "days_realistic": 30
  },
  {
    "task_id": "7088db8a-5810-489a-9a9e-308969ec0600",
    "delay_risks": "Lack of public trust in pro-reunification narratives, difficulty in creating compelling content that resonates with the Taiwanese population, resistance from media outlets.",
    "mitigation_strategy": "Conduct thorough market research to understand the target audience, develop high-quality and engaging content, and establish partnerships with influential media outlets.",
    "days_min": 30,
    "days_max": 90,
    "days_realistic": 60
  },
  {
    "task_id": "374d71eb-0390-4560-a263-1f63705575f1",
    "delay_risks": "Rapidly changing media landscape, difficulty in accurately tracking media consumption patterns, and the emergence of new platforms and channels.",
    "mitigation_strategy": "Utilize advanced data analytics tools to monitor media consumption patterns across various platforms, establish a dedicated team to track emerging trends, and adapt strategies accordingly.",
    "days_min": 7,
    "days_max": 21,
    "days_realistic": 14
  },
  {
    "task_id": "e96a5e3e-8a55-4c0c-a397-67aa64cb9c22",
    "delay_risks": "Negative international perception and condemnation, lack of cooperation from international organizations, potential for economic sanctions.",
    "mitigation_strategy": "Proactively engage in diplomatic efforts, build alliances with supportive nations, and develop a comprehensive legal defense strategy to counter international criticism.",
    "days_min": 30,
    "days_max": 90,
    "days_realistic": 60
  },
  {
    "task_id": "6bf9982e-681c-4bf7-89ea-80a51b83b956",
    "delay_risks": "Lack of international support, strong opposition from Taiwan's allies, potential for diplomatic isolation.",
    "mitigation_strategy": "Launch a comprehensive public diplomacy campaign to highlight the benefits of reunification, engage in bilateral talks with key nations, and offer economic incentives to gain support.",
    "days_min": 15,
    "days_max": 45,
    "days_realistic": 30
  },
  {
    "task_id": "9c155764-530c-4a27-9527-53d671cde562",
    "delay_risks": "Misinformation campaigns by opposing forces, difficulty reaching target audiences, lack of trust in official narratives.",
    "mitigation_strategy": "Utilize a multi-channel approach to disseminate information, partner with trusted influencers, and proactively address misinformation through fact-checking and transparent communication.",
    "days_min": 7,
    "days_max": 21,
    "days_realistic": 14
  },
  {
    "task_id": "a57e9577-1ae6-490a-b7b0-9bb27708f899",
    "delay_risks": "Inaccurate or biased information from sources, difficulty in identifying and addressing all negative narratives, lack of engagement from target audiences.",
    "mitigation_strategy": "Employ diverse sources for information gathering, conduct thorough fact-checking, tailor counter-narratives to specific audiences, and actively engage with online communities.",
    "days_min": 15,
    "days_max": 45,
    "days_realistic": 30
  },
  {
    "task_id": "a97de71d-495c-4283-9504-e6a1fd074e71",
    "delay_risks": "Delays in obtaining international media reports, language barriers hindering accurate analysis, biased reporting influencing perceptions.",
    "mitigation_strategy": "Establish relationships with international media outlets, utilize translation services for accurate analysis, and cross-reference reports from multiple sources to identify biases.",
    "days_min": 7,
    "days_max": 21,
    "days_realistic": 14
  },
  {
    "task_id": "6de56d5d-f51f-4665-8c5c-35b34098d80d",
    "delay_risks": "Unforeseen legal challenges, lack of international legal support, difficulty in interpreting and applying international laws.",
    "mitigation_strategy": "Engage experienced international law experts, build alliances with supportive nations, and develop comprehensive legal arguments to defend China's position.",
    "days_min": 30,
    "days_max": 90,
    "days_realistic": 60
  },
  {
    "task_id": "4d38fb8a-a713-4060-a8d5-80f9d5d9d1f4",
    "delay_risks": "Resistance from the Taiwanese population to cultural and societal changes, potential for civil unrest, and difficulties in enforcing new policies.",
    "mitigation_strategy": "Implement a gradual integration approach, focusing on incentives and positive messaging, while also deploying security forces to maintain order and suppress dissent.",
    "days_min": 180,
    "days_max": 540,
    "days_realistic": 365
  },
  {
    "task_id": "45786e85-a1bc-4526-a8ad-ff74c6bdaa67",
    "delay_risks": "Rejection of Chinese cultural elements by the Taiwanese population, difficulties in overcoming existing cultural preferences, and potential for cultural clashes.",
    "mitigation_strategy": "Introduce Chinese culture through subtle and appealing means, such as entertainment and media, while also promoting cultural exchange programs and offering incentives for cultural adoption.",
    "days_min": 90,
    "days_max": 365,
    "days_realistic": 180
  },
  {
    "task_id": "6c7b7dab-e826-4e66-8e51-43533cf7aba6",
    "delay_risks": "Resistance from Taiwanese educators and students, difficulties in replacing existing educational materials, and potential for curriculum sabotage.",
    "mitigation_strategy": "Offer incentives for Taiwanese educators to adopt Chinese educational materials, provide training and support, and gradually phase out existing materials while monitoring for and addressing any sabotage attempts.",
    "days_min": 180,
    "days_max": 730,
    "days_realistic": 365
  },
  {
    "task_id": "b16bfe07-04ea-4024-b6a8-6b876f639d01",
    "delay_risks": "Resistance from Taiwanese businesses and citizens to adopting the Chinese currency, logistical challenges in distributing new currency and collecting old currency, potential for economic disruption during the transition.",
    "mitigation_strategy": "Implement a phased currency transition with incentives for early adoption, establish clear exchange rates and procedures, provide financial support to businesses and individuals affected by the transition, and launch public awareness campaigns to address concerns.",
    "days_min": 180,
    "days_max": 365,
    "days_realistic": 270
  },
  {
    "task_id": "201d9cb2-5c93-4903-8b23-81a9a6ed032e",
    "delay_risks": "Public resistance to replacing the Taiwanese flag, logistical challenges in distributing and displaying the new flag, potential for protests and demonstrations.",
    "mitigation_strategy": "Introduce the new flag gradually through public events and educational campaigns, offer incentives for businesses and individuals to display the new flag, and address concerns about the symbolism and history of the new flag through open dialogue.",
    "days_min": 30,
    "days_max": 90,
    "days_realistic": 60
  },
  {
    "task_id": "3d976309-fcb3-46ef-847a-891930f3a398",
    "delay_risks": "Widespread social unrest and resistance from the Taiwanese population, potential for civil disobedience and protests, difficulties in suppressing dissent and maintaining order.",
    "mitigation_strategy": "Implement a multi-faceted approach that includes public relations campaigns to promote the benefits of reunification, economic incentives to encourage cooperation, and targeted suppression of dissent through law enforcement and surveillance. Address grievances through controlled channels and offer limited concessions where possible.",
    "days_min": 90,
    "days_max": 730,
    "days_realistic": 365
  },
  {
    "task_id": "101b4ddc-e4a6-4c00-96a7-7d5c1c9d71c9",
    "delay_risks": "Underestimation of the complexity of risk factors, failure to identify all potential risks, lack of stakeholder cooperation in risk assessment.",
    "mitigation_strategy": "Conduct thorough risk workshops with diverse stakeholders, utilize historical data and expert opinions to identify potential risks, establish a clear risk management framework.",
    "days_min": 5,
    "days_max": 15,
    "days_realistic": 10
  },
  {
    "task_id": "90ec7e6d-8d8f-41f6-8892-bb2270d56d04",
    "delay_risks": "Incomplete understanding of international sanctions regimes, political pressure influencing risk assessments, delays in obtaining necessary legal expertise.",
    "mitigation_strategy": "Engage international legal experts to analyze potential sanctions, conduct thorough research on international relations, develop contingency plans for various sanction scenarios.",
    "days_min": 7,
    "days_max": 21,
    "days_realistic": 14
  },
  {
    "task_id": "38e17eab-57d5-4b36-8e2e-313a9e74b17f",
    "delay_risks": "Rapid evolution of cyberattack techniques, insufficient cybersecurity infrastructure, lack of skilled cybersecurity personnel, insider threats.",
    "mitigation_strategy": "Invest in advanced cybersecurity technologies, conduct regular security audits and penetration testing, train personnel on cybersecurity best practices, implement strict access controls and monitoring systems.",
    "days_min": 14,
    "days_max": 30,
    "days_realistic": 21
  },
  {
    "task_id": "c2a40eb1-79f5-4529-ad06-d39fa7f7b26a",
    "delay_risks": "Economic sanctions imposed by international bodies could severely impact Taiwan's economy, leading to widespread instability and hindering integration efforts. Unexpected global economic downturns could also exacerbate the situation.",
    "mitigation_strategy": "Establish a substantial economic stabilization fund to buffer against external shocks. Implement a phased currency transition plan with clear exchange rates and support programs for affected businesses and individuals. Diversify trade relationships to reduce reliance on specific markets.",
    "days_min": 90,
    "days_max": 365,
    "days_realistic": 180
  },
  {
    "task_id": "db9417bd-487f-426c-9143-a2ff0046de22",
    "delay_risks": "Underestimation of potential military intervention by external forces, logistical challenges in deploying and sustaining forces, and unexpected escalation of conflict could significantly delay the project.",
    "mitigation_strategy": "Conduct thorough war game simulations to assess potential intervention scenarios. Establish clear lines of communication and coordination with military command. Develop contingency plans for rapid deployment and sustained operations, including securing supply lines and establishing forward operating bases.",
    "days_min": 30,
    "days_max": 180,
    "days_realistic": 90
  },
  {
    "task_id": "7160ee21-7545-4547-b39b-ff03dab34e7e",
    "delay_risks": "Failure to identify emerging threats, inaccurate assessment of existing risks, and insufficient resources allocated to risk management could lead to unforeseen delays and project setbacks. Changes in the geopolitical landscape could also introduce new risks.",
    "mitigation_strategy": "Establish a dedicated risk management team with expertise in geopolitical analysis, cybersecurity, and economic forecasting. Implement a continuous risk monitoring and assessment process, incorporating real-time data and expert opinions. Regularly update risk mitigation plans based on new information and changing circumstances.",
    "days_min": 7,
    "days_max": 30,
    "days_realistic": 14
  },
  {
    "task_id": "3f708982-a836-421e-97b5-6a7f84841f33",
    "delay_risks": "Inaccurate data collection, lack of stakeholder engagement, and unforeseen technical challenges could impede effective monitoring and control.",
    "mitigation_strategy": "Implement robust data validation procedures, establish regular communication channels with stakeholders, and allocate contingency resources for technical issues.",
    "days_min": 10,
    "days_max": 20,
    "days_realistic": 15
  },
  {
    "task_id": "7a270c56-a995-4981-9cc8-29827c71fb36",
    "delay_risks": "Delays in data acquisition, inconsistencies in reporting, and lack of clear performance metrics could hinder accurate tracking of project progress.",
    "mitigation_strategy": "Establish standardized data collection procedures, implement automated reporting tools, and define clear and measurable performance indicators.",
    "days_min": 5,
    "days_max": 10,
    "days_realistic": 7
  },
  {
    "task_id": "0d7750f5-7ba3-42a3-a82e-edf2667bb951",
    "delay_risks": "Lack of access to real-time data, poorly defined KPIs, and resistance from stakeholders to performance measurement could impede effective KPI monitoring.",
    "mitigation_strategy": "Establish real-time data feeds, define clear and relevant KPIs, and engage stakeholders in the KPI selection process.",
    "days_min": 5,
    "days_max": 10,
    "days_realistic": 7
  },
  {
    "task_id": "35a390da-34a7-4b6b-b5da-373449b37103",
    "delay_risks": "Lack of stakeholder availability for meetings, delays in data collection for progress updates, communication breakdowns between teams.",
    "mitigation_strategy": "Schedule meetings well in advance, utilize project management software for data collection and progress tracking, establish clear communication protocols and escalation paths.",
    "days_min": 1,
    "days_max": 3,
    "days_realistic": 2
  },
  {
    "task_id": "03167b6b-adac-488a-ac2a-38e7f6a34da6",
    "delay_risks": "Unforeseen issues requiring significant rework, disagreements on change requests, slow response times from decision-makers.",
    "mitigation_strategy": "Establish a clear change management process with defined approval workflows, conduct thorough impact assessments for all change requests, ensure timely decision-making by key stakeholders.",
    "days_min": 2,
    "days_max": 7,
    "days_realistic": 5
  },
  {
    "task_id": "d7a57589-7199-4e8d-9855-f47bd6b8a648",
    "delay_risks": "Delays in data aggregation, difficulty in preparing comprehensive reports, stakeholder unavailability to review reports.",
    "mitigation_strategy": "Automate data aggregation processes, utilize report templates for consistency, schedule report review meetings well in advance.",
    "days_min": 1,
    "days_max": 4,
    "days_realistic": 2
  }
]