Level 1;Level 2;Level 3;Level 4;Task ID
Taiwan Reunification;;;;b2d017ce-241a-4c12-9b5e-9de86f58594d
;Project Initiation & Planning;;;7293fcf3-5fd2-474d-923a-763b0a1c156e
;;Define Project Scope and Objectives;;96200b1b-79ff-48ec-9cd5-3516fce2e0ef
;;;Gather Stakeholder Requirements;8ed3812f-3daa-4f46-92c2-c241230f1fe6
;;;Define Measurable Success Criteria;03d3a3fb-0321-4dde-87e9-b2a8a7b87850
;;;Document Project Scope;708d4bbd-0ac5-4679-85df-95de6594558d
;;;Validate Objectives with Stakeholders;1c4dfc1a-e7bb-4281-a892-dcdeb4a4021c
;;Identify Key Stakeholders;;b60db2fe-cf7c-4364-a1cd-77e0a7ae6a65
;;;Identify Internal Stakeholders;2aa8eaea-8866-471a-9cb1-df086bfe4f79
;;;Identify Taiwanese Stakeholders;eef52334-4178-4da5-ad10-1c45a59cc9ac
;;;Identify International Stakeholders;6ea37c75-cbeb-4e66-840a-0e9c6e277524
;;;Prioritize Stakeholder Engagement;dfa6ad38-600f-408d-a487-9fe279d34e37
;;Develop Project Timeline;;a8d9aea7-be9b-4174-97a5-e526a7fd1e22
;;;Define Key Milestones;7df49ae6-4d43-494b-bb07-6e7dae403e8e
;;;Identify Task Dependencies;0d2363ed-a2c5-4077-b885-5bf42d959440
;;;Estimate Task Durations;738652c2-4357-40b0-88d8-93523fb2c505
;;;Create Gantt Chart;bcc2dc2b-b52e-44dd-9759-ca62a365da47
;;Allocate Resources;;d0759488-9020-4413-ae24-678c5df9696a
;;;Define Resource Requirements;50dea795-4bba-45f2-b408-76a0d7af9512
;;;Identify Potential Resource Conflicts;05411122-5370-429a-8c5e-e34b5172e48a
;;;Develop Resource Allocation Plan;d85e2bb9-fc6d-40bb-b408-65cc6167e0c0
;;;Secure Resource Commitments;c80e0f40-9202-42d6-9d9b-7c6898f0ef15
;;;Document Resource Allocation;9605dbd2-f865-40a7-bade-6951546d2409
;;Establish Communication Plan;;7224acee-5e84-4671-b9c2-2252865857be
;;;Identify Communication Needs of Stakeholders;d1242604-d657-4b9f-94d2-ccf3440d26ee
;;;Select Communication Channels and Tools;ca0c9d54-1f42-4342-8cd4-16fa0918f6f4
;;;Define Communication Protocols and Frequency;12385a41-51ba-4bbf-bdd5-aa9b25cc4462
;;;Document and Distribute Communication Plan;e723161b-82fe-425b-b6d3-a6e15af68da0
;Information Control Strategy Implementation;;;f15f2281-9ec1-4e48-9dd3-9bc8f0673347
;;Establish AI-Powered Content Filtering System;;3c3b6e76-ebb6-4771-9e56-63bced8f3eda
;;;Define Content Filtering Criteria;2f4cecdd-5cde-4ff8-bb28-84898d5ef3ba
;;;Select AI Filtering Technology;d9e530b1-d988-4de0-90f0-6d08a95fbe47
;;;Develop Custom AI Models;b996c2d6-7b36-46ff-9358-2cd11c239435
;;;Deploy and Integrate System;0ff69fe7-53b8-48ef-b398-9da39045c04d
;;;Test and Refine Filtering Accuracy;870f3b04-38c7-4500-accb-112ecbb87218
;;Implement Social Media Monitoring;;3801e091-63b1-403b-90d2-577bcd6043e2
;;;Identify relevant social media platforms;fbc7d66f-08ba-4a9c-a943-6add0b091d7f
;;;Configure monitoring tools for data collection;2e10abc7-c1af-4e09-a93e-69aada4c3581
;;;Collect and store social media data;ec7b9b74-5562-4599-bbc3-8e3568455873
;;;Analyze sentiment and identify trends;08000f9a-23ff-4518-a56b-ab9fbcedce0d
;;Censor Dissenting Viewpoints;;28e54f72-f17f-422d-b916-faed3d47939e
;;;Identify Dissenting Viewpoint Indicators;f31f3e25-cd8a-48ba-a739-00332899c446
;;;Automate Dissent Detection;ac199b38-e7a3-4224-9b34-9bf295cf7ed4
;;;Categorize Dissenting Opinions;b81de339-4424-4398-99c5-c6adcd752653
;;;Remove Dissenting Content;19d075df-f8fe-4057-8d9f-4230e4058019
;;;Monitor Censorship Effectiveness;2618d519-3086-4576-aa47-51cdb4d4ce3c
;;Promote Pro-Reunification Narratives;;7088db8a-5810-489a-9a9e-308969ec0600
;;;Identify Target Audience Segments;d0b6bc75-6e91-47f6-b33e-891bfb8ff34f
;;;Develop Compelling Narrative Themes;1ae89239-6fd5-4af6-b03b-a2bcab874019
;;;Create Multi-Channel Content;9e751410-de77-48e7-8108-4551e7d1a112
;;;Distribute Content Strategically;14285003-fc75-4075-820f-dd2c2183fef8
;;;Measure Content Effectiveness;ef36fc45-898e-415c-94d6-86d67d03ca5b
;;Monitor Media Consumption Patterns;;374d71eb-0390-4560-a263-1f63705575f1
;;;Identify Key Media Platforms;3d9a1a9b-f636-4ca8-ba96-e1ff22f17e8e
;;;Analyze Media Consumption Habits;709a6214-7269-4d11-be20-aeb52b5bbc1f
;;;Track Emerging Media Trends;5e7dfa75-c566-4cdf-8082-a0fb290878e5
;;;Assess Content Performance;6104bfec-8973-453e-94d0-13fd363f12db
;International Relations Management;;;e96a5e3e-8a55-4c0c-a397-67aa64cb9c22
;;Assert China's Sovereign Right to Reunify Taiwan;;6bf9982e-681c-4bf7-89ea-80a51b83b956
;;;Analyze international laws on sovereignty;7f2b333f-3fbf-4eb7-811f-6b3c4e18fc49
;;;Draft legal arguments for reunification;3d5ed25d-7c58-4c15-b2f1-481babbe82b3
;;;Engage in diplomatic discussions;756ee0ca-5f03-436e-918b-de4d3656639b
;;;Monitor international legal challenges;d5d6fb8b-d638-442b-ad6a-7b3a36ac4c50
;;Leverage Digital Diplomacy;;9c155764-530c-4a27-9527-53d671cde562
;;;Identify Key Digital Diplomacy Platforms;6cef9da0-e231-4ab1-a1ba-de7649d5a60b
;;;Craft Targeted Digital Content;022e03be-47ce-4173-8a35-50fb59be8664
;;;Engage Influencers and Online Communities;f9c3c731-12b1-4dbf-a152-cac2ebcfc3f9
;;;Monitor and Analyze Digital Diplomacy Impact;d1dda514-6ee7-4b42-942e-a2b3907875a2
;;Counter Negative Narratives;;a57e9577-1ae6-490a-b7b0-9bb27708f899
;;;Identify Negative Narratives Sources;43724407-4940-430d-b909-cac448ce4339
;;;Analyze Negative Narrative Content;b1f02172-4ee5-4eaf-9189-5545d6f41fc3
;;;Develop Counter-Narrative Strategies;22c9ef0f-cc81-411f-98ff-2651ecd194cf
;;;Disseminate Counter-Narratives;d0613d19-c3e0-4c2e-909f-b3e3da7b309b
;;;Monitor Counter-Narrative Effectiveness;880e60df-2c00-4dd3-991e-7e2e26853467
;;Monitor International Media Coverage;;a97de71d-495c-4283-9504-e6a1fd074e71
;;;Identify key international media outlets;ee86a0c7-9624-488e-b3e2-1a1d00169a0b
;;;Analyze media coverage of Taiwan;11ce9ca4-340d-444a-a49f-06c30d06c4cc
;;;Categorize negative narratives;60719662-5d49-4f07-905e-077de0118e3e
;;;Assess impact of negative narratives;32d6914f-578f-4bf6-bdca-77e248ddad56
;;;Develop counter-narrative strategies;775f987f-1f46-47c6-8482-2a711c7907b0
;;Legal Defense and Compliance;;6de56d5d-f51f-4665-8c5c-35b34098d80d
;;;Identify relevant international laws and treaties;77bce89f-1869-42ce-ba0d-a1d091b0e94e
;;;Assess potential legal challenges and risks;5ac9bdba-8f41-4ea0-beea-0e6223767de4
;;;Develop legal defense strategies;70b095a3-577f-4856-8d30-1b1c20eb5c90
;;;Ensure compliance with international norms;fc525448-3ee5-4149-a709-16824b097f74
;Cultural and Societal Integration;;;4d38fb8a-a713-4060-a8d5-80f9d5d9d1f4
;;Integrate Chinese Culture;;45786e85-a1bc-4526-a8ad-ff74c6bdaa67
;;;Identify Key Cultural Elements;576d4b9f-177a-47bb-be22-56028267c77b
;;;Develop Cultural Integration Strategies;252b1ec3-f8b0-4fc0-9ed0-5bcb56953765
;;;Implement Cultural Exchange Programs;d0371c0d-0835-4ea2-b87f-811c36deb015
;;;Promote Chinese Culture Through Media;a10c85fd-d355-4fa6-99f2-99e677a4710a
;;Integrate Chinese Educational Materials;;6c7b7dab-e826-4e66-8e51-43533cf7aba6
;;;Translate Educational Materials to Chinese;190d42e5-81b8-489d-a0cf-5279b834d366
;;;Adapt Curriculum to Chinese Standards;fe6d10ce-33b9-4da6-84ed-248a884e74f4
;;;Train Taiwanese Educators;21022254-fe84-4a84-97fd-80c1aec34748
;;;Distribute New Educational Materials;46fe2113-3246-44ff-a7cc-b5b758718ef4
;;;Monitor and Evaluate Implementation;07d747cb-0b49-471f-a3bf-0074f3d538d0
;;Transition Currency;;b16bfe07-04ea-4024-b6a8-6b876f639d01
;;;Establish Currency Exchange Rate and Policy;85cfea71-d674-49f8-ab86-01cad6aa5eaf
;;;Distribute CNY and Collect TWD;12b7b8b0-ab5a-4b24-b2fb-4d8b7d559411
;;;Convert Bank Accounts and Financial Assets;018f3405-e6d7-43bd-ba23-63a5b5201f68
;;;Educate Public on CNY Usage;25b6ae62-e6e3-44c4-815e-1a6491a4215b
;;;Monitor and Stabilize Economy;81dbea77-793e-437d-a198-5f1705136b54
;;Replace Flag;;201d9cb2-5c93-4903-8b23-81a9a6ed032e
;;;Design new flag display campaign;332b402f-e0e9-4452-b940-6698578228db
;;;Distribute new flags and remove old ones;25ff7a7a-17f3-424d-ba05-b0f5817b2f33
;;;Incentivize flag adoption;79648c93-69ab-49a5-9c17-2887acad9f84
;;;Monitor and address public sentiment;f4e4d26b-ea23-4746-97e9-eb7fa588a3fb
;;Address Social Resistance;;3d976309-fcb3-46ef-847a-891930f3a398
;;;Identify Key Resistance Groups;3fc875a6-b200-4c87-bca4-e13042102da0
;;;Develop Public Relations Campaigns;40aee82a-93d1-4180-98c3-4e9279bcf82e
;;;Implement Economic Incentives Program;196925ad-01b3-4321-a123-cc84bb5ecdcf
;;;Establish Law Enforcement Presence;26365651-d09b-43b6-aaca-f0466c0ecdae
;;;Establish Controlled Communication Channels;426152f5-9dc9-4614-a133-dfb13b6903dc
;Risk Management and Mitigation;;;101b4ddc-e4a6-4c00-96a7-7d5c1c9d71c9
;;Assess International Sanctions Risk;;90ec7e6d-8d8f-41f6-8892-bb2270d56d04
;;;Identify potential international sanctions;3dde9fd4-4186-473b-97e3-23c65faeefb9
;;;Assess likelihood of sanctions being imposed;ee6156f4-6766-49fa-b642-db65ae292d00
;;;Determine impact of potential sanctions;bf1811ce-46d9-4a9e-aa14-d6c00f52de60
;;;Develop mitigation strategies for sanctions;c8c719d9-6ca4-4e37-93ab-b354ea6c0858
;;Mitigate Cyberattack Risks;;38e17eab-57d5-4b36-8e2e-313a9e74b17f
;;;Implement Network Segmentation;88e643a7-c060-4f68-b1cb-aa4fe9c79ca3
;;;Deploy Intrusion Detection Systems;10e2d1e3-f570-4a87-b8eb-2a2bd3b983e8
;;;Enhance Endpoint Security;0fed7406-f8f5-466f-a1f6-391877a1840b
;;;Conduct Penetration Testing;2c15dd60-80a1-4b93-b569-3b18afc1e70a
;;;Strengthen Data Encryption;98293102-851e-4c73-8b5c-064ece6a1b18
;;Address Economic Instability;;c2a40eb1-79f5-4529-ad06-d39fa7f7b26a
;;;Establish Economic Stabilization Fund;c71abdb6-ea0b-4fb2-b23a-80d4d57073d6
;;;Implement Phased Currency Transition Plan;bae3c13b-4fb2-4d64-99d3-06267615711a
;;;Diversify Trade Relationships;c914fc05-a08d-446c-85c2-ee0c1c857a92
;;;Monitor Key Economic Indicators;c7401443-990c-48ab-9a30-01f75f9eaa6a
;;Develop Military Intervention Response Plans;;db9417bd-487f-426c-9143-a2ff0046de22
;;;Identify potential intervention actors;36d10357-0226-428d-8845-add891fa81d0
;;;Analyze intervention capabilities;b9f40574-7e26-413c-9400-92156522b8b5
;;;Develop intervention deterrence strategies;6641bdfd-6e63-4e0a-a3c9-ff86dee0f492
;;;Create military response contingency plans;33cf609a-657d-4dab-86f3-8f0a09979704
;;;Establish communication protocols;35aca9cf-8fa6-4007-b9d0-653683d7dd2a
;;Monitor and Update Risk Assessment;;7160ee21-7545-4547-b39b-ff03dab34e7e
;;;Gather updated geopolitical intelligence;b686980b-592b-4d62-ba19-ebf7448cedbe
;;;Analyze current cybersecurity threat landscape;0e56b49d-df75-41ba-a1ad-17e69df11b3f
;;;Review economic indicators and forecasts;ead41d8e-91f2-4135-b946-e543951826e1
;;;Update risk assessment matrix;425b36c4-8b6b-467d-9f49-92f717c12457
;;;Refine mitigation plans;2b2358bf-1c1a-47de-b7cf-c66b53185b98
;Monitoring and Control;;;3f708982-a836-421e-97b5-6a7f84841f33
;;Track Project Progress;;7a270c56-a995-4981-9cc8-29827c71fb36
;;;Collect raw project data;98f5a6c8-f592-4ba6-9833-4ab5853e1800
;;;Analyze data for progress insights;7b4f4d1a-7e2d-4bf8-9878-0503299aac46
;;;Compare actual vs. planned progress;c146500c-6c60-4e45-917a-e601b39223dc
;;;Document progress and findings;196a543a-d12f-4158-9a36-e3b089c5e16e
;;Monitor Key Performance Indicators (KPIs);;0d7750f5-7ba3-42a3-a82e-edf2667bb951
;;;Define Key Performance Indicators;5034bda1-95b7-43f0-a9e9-52fb427ddc64
;;;Establish Data Collection Methods;fff46764-f78e-46af-8be4-01274f5f5113
;;;Implement KPI Monitoring System;4f0419b2-cb4c-4d40-b6e7-6793f98a6d61
;;;Analyze KPI Data and Report Findings;b55348a7-e680-4e58-a1c0-eb2f0d3a745d
;;Conduct Regular Status Meetings;;35a390da-34a7-4b6b-b5da-373449b37103
;;;Prepare status meeting agenda;3c87e956-9016-4d7f-bf5a-771cc9445821
;;;Collect progress data from teams;f73105d9-2598-4a6a-93e7-cc1ab28a709f
;;;Analyze project performance metrics;6f285aca-eda3-4343-9187-ff36bc64b4fb
;;;Distribute meeting minutes and action items;fbb532de-5ae8-457f-8e28-54a66de59537
;;Manage Changes and Issues;;03167b6b-adac-488a-ac2a-38e7f6a34da6
;;;Log Change Requests;be2ecfdf-66f2-48a1-8a5a-4035674f638e
;;;Assess Impact of Changes;9480f040-d263-470c-8adc-07e4693f2881
;;;Prioritize Change Requests;df837ca7-b2b0-4ab3-90a0-1d2f406a8678
;;;Implement Approved Changes;d4e4069a-fa46-422e-9636-ce07952749ca
;;;Track Issue Resolution;7dc5776d-3dcb-49f4-bd9a-ad67f5dd7b62
;;Report Project Status to Stakeholders;;d7a57589-7199-4e8d-9855-f47bd6b8a648
;;;Gather project data for status report;1e6594a0-568b-48bd-af6c-257663976750
;;;Analyze project data and identify trends;c3786a6b-8356-4eee-9c0e-3399f2f9d5f5
;;;Prepare draft project status report;445895e2-eb72-4632-a557-14512d890c66
;;;Review and revise draft report;a311bded-ccb8-4cda-aa1d-cc4112d1e8cf
;;;Distribute final project status report;f2f65952-bfdb-4fbb-b844-18c08decb828