project_key,project_name,project_description,project_start_date,project_end_date,project_progress,project_parent,originating_department
b2d017ce-241a-4c12-9b5e-9de86f58594d,Taiwan Reunification,"Taiwan Reunification

Final deliverable:
Unified Territory",12/29/2025,7/26/2031,0,,PlanExe
7293fcf3-5fd2-474d-923a-763b0a1c156e,Project Initiation & Planning,,12/29/2025,2/9/2026,0,b2d017ce-241a-4c12-9b5e-9de86f58594d,PlanExe
96200b1b-79ff-48ec-9cd5-3516fce2e0ef,Define Project Scope and Objectives,,12/29/2025,1/6/2026,0,7293fcf3-5fd2-474d-923a-763b0a1c156e,PlanExe
8ed3812f-3daa-4f46-92c2-c241230f1fe6,Gather Stakeholder Requirements,"Gather Stakeholder Requirements

Description:
Conduct interviews and workshops with key stakeholders to elicit detailed requirements for the project. This includes understanding their expectations, concerns, and priorities regarding the reunification process.

Resources needed:
• Project Manager
• Stakeholder Engagement Specialist
• Subject Matter Experts",12/29/2025,12/31/2025,0,96200b1b-79ff-48ec-9cd5-3516fce2e0ef,PlanExe
03d3a3fb-0321-4dde-87e9-b2a8a7b87850,Define Measurable Success Criteria,"Define Measurable Success Criteria

Description:
Establish SMART (Specific, Measurable, Achievable, Relevant, Time-bound) objectives for the project. This involves identifying key performance indicators (KPIs) that can be used to track progress and measure the success of the reunification efforts.

Resources needed:
• Project Manager
• Performance Measurement Analyst
• Subject Matter Experts",12/31/2025,1/2/2026,0,8ed3812f-3daa-4f46-92c2-c241230f1fe6,PlanExe
708d4bbd-0ac5-4679-85df-95de6594558d,Document Project Scope,"Document Project Scope

Description:
Create a detailed project scope document that clearly defines the boundaries of the project, including what is included and excluded. This document should be reviewed and approved by all key stakeholders to ensure alignment.

Resources needed:
• Project Manager
• Business Analyst
• Technical Writer",1/2/2026,1/4/2026,0,03d3a3fb-0321-4dde-87e9-b2a8a7b87850,PlanExe
1c4dfc1a-e7bb-4281-a892-dcdeb4a4021c,Validate Objectives with Stakeholders,"Validate Objectives with Stakeholders

Description:
Present the defined objectives and scope to key stakeholders for review and validation. Incorporate feedback and make necessary adjustments to ensure that the objectives are aligned with stakeholder expectations and project goals.

Resources needed:
• Project Manager
• Stakeholder Engagement Specialist",1/4/2026,1/6/2026,0,96200b1b-79ff-48ec-9cd5-3516fce2e0ef,PlanExe
b60db2fe-cf7c-4364-a1cd-77e0a7ae6a65,Identify Key Stakeholders,,1/6/2026,1/10/2026,0,96200b1b-79ff-48ec-9cd5-3516fce2e0ef,PlanExe
2aa8eaea-8866-471a-9cb1-df086bfe4f79,Identify Internal Stakeholders,"Identify Internal Stakeholders

Description:
Identify key individuals and departments within the Chinese government and related organizations who have a vested interest in the Taiwan reunification project. This includes military personnel, civilian administrators, technical experts, and financial institutions. Determine their level of influence and potential impact on the project's success.

Resources needed:
• Project Manager
• Political Analyst
• Government Liaison",1/6/2026,1/7/2026,0,b60db2fe-cf7c-4364-a1cd-77e0a7ae6a65,PlanExe
eef52334-4178-4da5-ad10-1c45a59cc9ac,Identify Taiwanese Stakeholders,"Identify Taiwanese Stakeholders

Description:
Identify key individuals and groups within Taiwan who will be affected by the reunification project. This includes political figures, business leaders, religious organizations, and community representatives. Assess their potential support for or resistance to the project.

Resources needed:
• Intelligence Analyst
• Cultural Expert
• Linguist",1/7/2026,1/8/2026,0,2aa8eaea-8866-471a-9cb1-df086bfe4f79,PlanExe
6ea37c75-cbeb-4e66-840a-0e9c6e277524,Identify International Stakeholders,"Identify International Stakeholders

Description:
Identify key international actors who have a stake in the Taiwan issue. This includes governments, international organizations, and non-governmental organizations. Assess their potential reactions to the reunification project and their ability to influence its outcome.

Resources needed:
• Diplomatic Advisor
• International Law Specialist
• Geopolitical Analyst",1/8/2026,1/9/2026,0,eef52334-4178-4da5-ad10-1c45a59cc9ac,PlanExe
dfa6ad38-600f-408d-a487-9fe279d34e37,Prioritize Stakeholder Engagement,"Prioritize Stakeholder Engagement

Description:
Develop a prioritization matrix for engaging with different stakeholder groups based on their level of influence, potential impact, and alignment with project objectives. Determine the most effective communication channels and engagement strategies for each group.

Resources needed:
• Communication Specialist
• Stakeholder Engagement Manager
• Project Manager",1/9/2026,1/10/2026,0,b60db2fe-cf7c-4364-a1cd-77e0a7ae6a65,PlanExe
a8d9aea7-be9b-4174-97a5-e526a7fd1e22,Develop Project Timeline,,1/10/2026,1/22/2026,0,b60db2fe-cf7c-4364-a1cd-77e0a7ae6a65,PlanExe
7df49ae6-4d43-494b-bb07-6e7dae403e8e,Define Key Milestones,"Define Key Milestones

Description:
Identify major milestones for the project, such as completion of initial assessments, approval of key strategies, and commencement of major integration activities. These milestones will serve as checkpoints to track progress and ensure the project stays on schedule.

Resources needed:
• Project Manager
• Subject Matter Experts
• Stakeholders",1/10/2026,1/13/2026,0,a8d9aea7-be9b-4174-97a5-e526a7fd1e22,PlanExe
0d2363ed-a2c5-4077-b885-5bf42d959440,Identify Task Dependencies,"Identify Task Dependencies

Description:
Determine the dependencies between different tasks and activities within the project. This involves identifying which tasks must be completed before others can begin, and understanding the critical path for project completion. Use dependency mapping tools and techniques.

Resources needed:
• Project Scheduler
• Subject Matter Experts
• Project Management Software",1/13/2026,1/16/2026,0,7df49ae6-4d43-494b-bb07-6e7dae403e8e,PlanExe
738652c2-4357-40b0-88d8-93523fb2c505,Estimate Task Durations,"Estimate Task Durations

Description:
Estimate the time required to complete each task and activity within the project. This involves considering factors such as resource availability, task complexity, and potential risks and delays. Use historical data, expert judgment, and estimation techniques to develop realistic time estimates.

Resources needed:
• Project Manager
• Subject Matter Experts
• Historical Data",1/16/2026,1/19/2026,0,0d2363ed-a2c5-4077-b885-5bf42d959440,PlanExe
bcc2dc2b-b52e-44dd-9759-ca62a365da47,Create Gantt Chart,"Create Gantt Chart

Description:
Develop a Gantt chart to visualize the project timeline, including tasks, milestones, dependencies, and durations. The Gantt chart will serve as a visual representation of the project schedule and will be used to track progress and identify potential delays.

Resources needed:
• Project Manager
• Project Management Software
• Gantt Chart Template",1/19/2026,1/22/2026,0,a8d9aea7-be9b-4174-97a5-e526a7fd1e22,PlanExe
d0759488-9020-4413-ae24-678c5df9696a,Allocate Resources,,1/22/2026,2/1/2026,0,a8d9aea7-be9b-4174-97a5-e526a7fd1e22,PlanExe
50dea795-4bba-45f2-b408-76a0d7af9512,Define Resource Requirements,"Define Resource Requirements

Description:
Clearly define the specific resources (personnel, equipment, budget) needed for each project phase and task. This includes identifying the quantity, skills, and availability of personnel, as well as the type and specifications of equipment required.

Resources needed:
• Project Manager
• Department Heads
• Financial Analyst",1/22/2026,1/24/2026,0,d0759488-9020-4413-ae24-678c5df9696a,PlanExe
05411122-5370-429a-8c5e-e34b5172e48a,Identify Potential Resource Conflicts,"Identify Potential Resource Conflicts

Description:
Analyze the project schedule and resource requirements to identify potential conflicts or bottlenecks. This involves assessing whether multiple tasks require the same resources simultaneously, or if there are any limitations on resource availability.

Resources needed:
• Project Scheduler
• Resource Manager
• Project Manager",1/24/2026,1/26/2026,0,50dea795-4bba-45f2-b408-76a0d7af9512,PlanExe
d85e2bb9-fc6d-40bb-b408-65cc6167e0c0,Develop Resource Allocation Plan,"Develop Resource Allocation Plan

Description:
Create a detailed plan for allocating resources to each task, taking into account resource availability, task dependencies, and project priorities. This includes assigning specific personnel and equipment to each task, and establishing a timeline for resource utilization.

Resources needed:
• Project Manager
• Resource Manager
• Project Scheduler",1/26/2026,1/28/2026,0,05411122-5370-429a-8c5e-e34b5172e48a,PlanExe
c80e0f40-9202-42d6-9d9b-7c6898f0ef15,Secure Resource Commitments,"Secure Resource Commitments

Description:
Obtain formal commitments from relevant stakeholders (e.g., department heads, vendors) to ensure that the necessary resources will be available when needed. This involves communicating the resource allocation plan to stakeholders and addressing any concerns or issues.

Resources needed:
• Project Manager
• Department Heads
• Procurement Officer",1/28/2026,1/30/2026,0,d85e2bb9-fc6d-40bb-b408-65cc6167e0c0,PlanExe
9605dbd2-f865-40a7-bade-6951546d2409,Document Resource Allocation,"Document Resource Allocation

Description:
Document the resource allocation plan in a clear and concise manner, including details on resource assignments, timelines, and commitments. This documentation should be readily accessible to all project team members and stakeholders.

Resources needed:
• Project Manager
• Project Administrator",1/30/2026,2/1/2026,0,d0759488-9020-4413-ae24-678c5df9696a,PlanExe
7224acee-5e84-4671-b9c2-2252865857be,Establish Communication Plan,,2/1/2026,2/9/2026,0,7293fcf3-5fd2-474d-923a-763b0a1c156e,PlanExe
d1242604-d657-4b9f-94d2-ccf3440d26ee,Identify Communication Needs of Stakeholders,"Identify Communication Needs of Stakeholders

Description:
Objective: Determine the communication requirements of each stakeholder group.
Scope: Identify preferred communication channels, frequency, and content types.
Steps: Conduct surveys, interviews, and workshops with stakeholders.
Deliverables: A documented list of communication needs for each stakeholder group.

Resources needed:
• Communication Specialist
• Stakeholder Engagement Manager
• Survey Tools",2/1/2026,2/3/2026,0,7224acee-5e84-4671-b9c2-2252865857be,PlanExe
ca0c9d54-1f42-4342-8cd4-16fa0918f6f4,Select Communication Channels and Tools,"Select Communication Channels and Tools

Description:
Objective: Choose appropriate communication channels and tools based on stakeholder needs.
Scope: Evaluate various communication platforms (email, meetings, reports, etc.) and select the most effective ones.
Steps: Research available communication tools, assess their suitability for different stakeholder groups, and select the best options.
Deliverables: A list of selected communication channels and tools with justifications.

Resources needed:
• Communication Specialist
• IT Support
• Project Manager",2/3/2026,2/5/2026,0,d1242604-d657-4b9f-94d2-ccf3440d26ee,PlanExe
12385a41-51ba-4bbf-bdd5-aa9b25cc4462,Define Communication Protocols and Frequency,"Define Communication Protocols and Frequency

Description:
Objective: Establish clear communication protocols and frequency for each stakeholder group.
Scope: Define the format, content, and timing of communications.
Steps: Develop communication templates, establish reporting schedules, and define escalation procedures.
Deliverables: A documented communication plan with protocols and frequency for each stakeholder group.

Resources needed:
• Communication Specialist
• Project Manager
• Stakeholder Engagement Manager",2/5/2026,2/7/2026,0,ca0c9d54-1f42-4342-8cd4-16fa0918f6f4,PlanExe
e723161b-82fe-425b-b6d3-a6e15af68da0,Document and Distribute Communication Plan,"Document and Distribute Communication Plan

Description:
Objective: Create a comprehensive communication plan and distribute it to all stakeholders.
Scope: Compile all communication protocols, channels, and schedules into a single document.
Steps: Write the communication plan, obtain approval from key stakeholders, and distribute it to all relevant parties.
Deliverables: A finalized and distributed communication plan.

Resources needed:
• Communication Specialist
• Project Manager
• Document Management System",2/7/2026,2/9/2026,0,7224acee-5e84-4671-b9c2-2252865857be,PlanExe
f15f2281-9ec1-4e48-9dd3-9bc8f0673347,Information Control Strategy Implementation,,2/9/2026,10/11/2026,0,7293fcf3-5fd2-474d-923a-763b0a1c156e,PlanExe
3c3b6e76-ebb6-4771-9e56-63bced8f3eda,Establish AI-Powered Content Filtering System,,2/9/2026,5/10/2026,0,f15f2281-9ec1-4e48-9dd3-9bc8f0673347,PlanExe
2f4cecdd-5cde-4ff8-bb28-84898d5ef3ba,Define Content Filtering Criteria,"Define Content Filtering Criteria

Description:
Establish clear and specific criteria for identifying and filtering content. This includes defining categories of prohibited content (e.g., hate speech, incitement to violence, misinformation) and setting thresholds for automated detection.

Resources needed:
• Legal experts
• Political analysts
• Content specialists",2/9/2026,2/27/2026,0,3c3b6e76-ebb6-4771-9e56-63bced8f3eda,PlanExe
d9e530b1-d988-4de0-90f0-6d08a95fbe47,Select AI Filtering Technology,"Select AI Filtering Technology

Description:
Evaluate and select appropriate AI-powered content filtering technologies. This involves researching different vendors, assessing their capabilities (e.g., accuracy, scalability, language support), and conducting pilot tests to determine the best fit.

Resources needed:
• AI engineers
• Technical architects
• Procurement specialists",2/27/2026,3/17/2026,0,2f4cecdd-5cde-4ff8-bb28-84898d5ef3ba,PlanExe
b996c2d6-7b36-46ff-9358-2cd11c239435,Develop Custom AI Models,"Develop Custom AI Models

Description:
Develop custom AI models tailored to the specific content filtering needs. This includes training the models on relevant datasets, fine-tuning their performance, and implementing mechanisms for continuous learning and improvement.

Resources needed:
• AI engineers
• Data scientists
• Linguists",3/17/2026,4/4/2026,0,d9e530b1-d988-4de0-90f0-6d08a95fbe47,PlanExe
0ff69fe7-53b8-48ef-b398-9da39045c04d,Deploy and Integrate System,"Deploy and Integrate System

Description:
Deploy the AI-powered content filtering system and integrate it with relevant platforms (e.g., social media, news websites, search engines). This involves configuring the system, setting up monitoring dashboards, and establishing procedures for handling flagged content.

Resources needed:
• System administrators
• Network engineers
• Software developers",4/4/2026,4/22/2026,0,b996c2d6-7b36-46ff-9358-2cd11c239435,PlanExe
870f3b04-38c7-4500-accb-112ecbb87218,Test and Refine Filtering Accuracy,"Test and Refine Filtering Accuracy

Description:
Conduct rigorous testing to evaluate the accuracy and effectiveness of the content filtering system. This includes measuring false positive and false negative rates, identifying areas for improvement, and refining the system's parameters to optimize performance.

Resources needed:
• Quality assurance testers
• AI engineers
• Content specialists",4/22/2026,5/10/2026,0,3c3b6e76-ebb6-4771-9e56-63bced8f3eda,PlanExe
3801e091-63b1-403b-90d2-577bcd6043e2,Implement Social Media Monitoring,,5/10/2026,6/27/2026,0,3c3b6e76-ebb6-4771-9e56-63bced8f3eda,PlanExe
fbc7d66f-08ba-4a9c-a943-6add0b091d7f,Identify relevant social media platforms,"Identify relevant social media platforms

Description:
Objective: Determine which social media platforms are most actively used by the Taiwanese population.
Scope: Research and analyze social media usage statistics and trends in Taiwan.
Steps: Use market research reports, social media analytics tools, and expert consultations.
Deliverables: A list of top social media platforms with usage data.

Resources needed:
• Market research analyst
• Social media analyst
• Data analysis tools",5/10/2026,5/22/2026,0,3801e091-63b1-403b-90d2-577bcd6043e2,PlanExe
2e10abc7-c1af-4e09-a93e-69aada4c3581,Configure monitoring tools for data collection,"Configure monitoring tools for data collection

Description:
Objective: Set up tools to collect social media data from identified platforms.
Scope: Configure APIs, web scraping tools, and social listening platforms.
Steps: Install and configure software, define search parameters, and test data collection.
Deliverables: Configured monitoring tools ready for data collection.

Resources needed:
• Software engineer
• Data engineer
• API access keys",5/22/2026,6/3/2026,0,fbc7d66f-08ba-4a9c-a943-6add0b091d7f,PlanExe
ec7b9b74-5562-4599-bbc3-8e3568455873,Collect and store social media data,"Collect and store social media data

Description:
Objective: Gather social media data related to reunification and store it securely.
Scope: Collect posts, comments, and other relevant data from target platforms.
Steps: Run monitoring tools, extract data, and store it in a database.
Deliverables: A database of social media data.

Resources needed:
• Data engineer
• Database administrator
• Storage infrastructure",6/3/2026,6/15/2026,0,2e10abc7-c1af-4e09-a93e-69aada4c3581,PlanExe
08000f9a-23ff-4518-a56b-ab9fbcedce0d,Analyze sentiment and identify trends,"Analyze sentiment and identify trends

Description:
Objective: Analyze collected data to identify sentiment towards reunification and emerging trends.
Scope: Use sentiment analysis tools and manual review to understand public opinion.
Steps: Process data, apply sentiment analysis algorithms, and identify key themes.
Deliverables: A report on social media sentiment and trends.

Resources needed:
• Data scientist
• Sentiment analysis tools
• Social media analyst",6/15/2026,6/27/2026,0,3801e091-63b1-403b-90d2-577bcd6043e2,PlanExe
28e54f72-f17f-422d-b916-faed3d47939e,Censor Dissenting Viewpoints,,6/27/2026,7/27/2026,0,3801e091-63b1-403b-90d2-577bcd6043e2,PlanExe
f31f3e25-cd8a-48ba-a739-00332899c446,Identify Dissenting Viewpoint Indicators,"Identify Dissenting Viewpoint Indicators

Description:
Define specific keywords, phrases, and patterns indicative of dissenting viewpoints across various online platforms.

Resources needed:
• Linguists
• Political analysts
• Data scientists",6/27/2026,7/3/2026,0,28e54f72-f17f-422d-b916-faed3d47939e,PlanExe
ac199b38-e7a3-4224-9b34-9bf295cf7ed4,Automate Dissent Detection,"Automate Dissent Detection

Description:
Develop and deploy automated tools to identify and flag content containing dissenting viewpoints based on defined indicators.

Resources needed:
• Software developers
• AI engineers
• Cybersecurity specialists",7/3/2026,7/9/2026,0,f31f3e25-cd8a-48ba-a739-00332899c446,PlanExe
b81de339-4424-4398-99c5-c6adcd752653,Categorize Dissenting Opinions,"Categorize Dissenting Opinions

Description:
Classify identified dissenting viewpoints into categories based on severity, target audience, and potential impact.

Resources needed:
• Political analysts
• Social scientists
• Content moderators",7/9/2026,7/15/2026,0,ac199b38-e7a3-4224-9b34-9bf295cf7ed4,PlanExe
19d075df-f8fe-4057-8d9f-4230e4058019,Remove Dissenting Content,"Remove Dissenting Content

Description:
Implement procedures for removing or suppressing content identified as dissenting viewpoints, adhering to pre-defined guidelines.

Resources needed:
• Content moderators
• Legal counsel
• IT support",7/15/2026,7/21/2026,0,b81de339-4424-4398-99c5-c6adcd752653,PlanExe
2618d519-3086-4576-aa47-51cdb4d4ce3c,Monitor Censorship Effectiveness,"Monitor Censorship Effectiveness

Description:
Track the effectiveness of censorship efforts by monitoring the prevalence of dissenting viewpoints and identifying potential loopholes.

Resources needed:
• Data analysts
• Social media analysts
• Cybersecurity specialists",7/21/2026,7/27/2026,0,28e54f72-f17f-422d-b916-faed3d47939e,PlanExe
7088db8a-5810-489a-9a9e-308969ec0600,Promote Pro-Reunification Narratives,,7/27/2026,9/25/2026,0,28e54f72-f17f-422d-b916-faed3d47939e,PlanExe
d0b6bc75-6e91-47f6-b33e-891bfb8ff34f,Identify Target Audience Segments,"Identify Target Audience Segments

Description:
Identify specific demographic and psychographic segments within the Taiwanese population that are most receptive to pro-reunification narratives. This involves analyzing existing data on public opinion, cultural values, and media consumption habits to create detailed audience profiles.

Resources needed:
• Market research analysts
• Sociologists
• Data analysts",7/27/2026,8/8/2026,0,7088db8a-5810-489a-9a9e-308969ec0600,PlanExe
1ae89239-6fd5-4af6-b03b-a2bcab874019,Develop Compelling Narrative Themes,"Develop Compelling Narrative Themes

Description:
Craft key narrative themes that resonate with the identified target audience segments. These themes should highlight the potential benefits of reunification, address common concerns, and leverage cultural values to create a positive and persuasive message.

Resources needed:
• Content creators
• Writers
• Cultural experts
• Political strategists",8/8/2026,8/20/2026,0,d0b6bc75-6e91-47f6-b33e-891bfb8ff34f,PlanExe
9e751410-de77-48e7-8108-4551e7d1a112,Create Multi-Channel Content,"Create Multi-Channel Content

Description:
Produce a diverse range of content formats tailored to different media channels and audience preferences. This includes videos, articles, social media posts, infographics, and interactive experiences designed to effectively communicate the pro-reunification narratives.

Resources needed:
• Video producers
• Graphic designers
• Web developers
• Social media managers",8/20/2026,9/1/2026,0,1ae89239-6fd5-4af6-b03b-a2bcab874019,PlanExe
14285003-fc75-4075-820f-dd2c2183fef8,Distribute Content Strategically,"Distribute Content Strategically

Description:
Implement a strategic distribution plan to ensure that the pro-reunification content reaches the target audience segments through the most effective channels. This involves leveraging social media platforms, online advertising, traditional media outlets, and community engagement initiatives.

Resources needed:
• Media buyers
• Public relations specialists
• Community organizers
• Social media analysts",9/1/2026,9/13/2026,0,9e751410-de77-48e7-8108-4551e7d1a112,PlanExe
ef36fc45-898e-415c-94d6-86d67d03ca5b,Measure Content Effectiveness,"Measure Content Effectiveness

Description:
Track and analyze the performance of the pro-reunification content across different channels to assess its impact on audience attitudes and behaviors. This involves monitoring key metrics such as reach, engagement, sentiment, and conversion rates to optimize content and distribution strategies.

Resources needed:
• Data analysts
• Marketing analysts
• Public opinion researchers",9/13/2026,9/25/2026,0,7088db8a-5810-489a-9a9e-308969ec0600,PlanExe
374d71eb-0390-4560-a263-1f63705575f1,Monitor Media Consumption Patterns,,9/25/2026,10/11/2026,0,f15f2281-9ec1-4e48-9dd3-9bc8f0673347,PlanExe
3d9a1a9b-f636-4ca8-ba96-e1ff22f17e8e,Identify Key Media Platforms,"Identify Key Media Platforms

Description:
Identify the most popular and influential media platforms used by the Taiwanese population, including social media, news websites, streaming services, and traditional media outlets.

Resources needed:
• Market research analysts
• Data analysts",9/25/2026,9/29/2026,0,374d71eb-0390-4560-a263-1f63705575f1,PlanExe
709a6214-7269-4d11-be20-aeb52b5bbc1f,Analyze Media Consumption Habits,"Analyze Media Consumption Habits

Description:
Analyze the media consumption habits of different demographic groups in Taiwan, including the types of content they consume, the times of day they are most active, and their preferred devices.

Resources needed:
• Data analysts
• Sociologists",9/29/2026,10/3/2026,0,3d9a1a9b-f636-4ca8-ba96-e1ff22f17e8e,PlanExe
5e7dfa75-c566-4cdf-8082-a0fb290878e5,Track Emerging Media Trends,"Track Emerging Media Trends

Description:
Monitor emerging trends in media consumption, such as the rise of new platforms, the increasing popularity of certain content formats, and changes in user behavior.

Resources needed:
• Trend analysts
• Technology experts",10/3/2026,10/7/2026,0,709a6214-7269-4d11-be20-aeb52b5bbc1f,PlanExe
6104bfec-8973-453e-94d0-13fd363f12db,Assess Content Performance,"Assess Content Performance

Description:
Evaluate the performance of different types of content on various media platforms, including engagement rates, reach, and sentiment analysis.

Resources needed:
• Data analysts
• Marketing specialists",10/7/2026,10/11/2026,0,374d71eb-0390-4560-a263-1f63705575f1,PlanExe
e96a5e3e-8a55-4c0c-a397-67aa64cb9c22,International Relations Management,,10/11/2026,3/13/2027,0,f15f2281-9ec1-4e48-9dd3-9bc8f0673347,PlanExe
6bf9982e-681c-4bf7-89ea-80a51b83b956,Assert China's Sovereign Right to Reunify Taiwan,,10/11/2026,11/12/2026,0,e96a5e3e-8a55-4c0c-a397-67aa64cb9c22,PlanExe
7f2b333f-3fbf-4eb7-811f-6b3c4e18fc49,Analyze international laws on sovereignty,"Analyze international laws on sovereignty

Description:
Objective: Understand the legal basis for China's claim. Scope: Review relevant international laws and treaties. Steps: Research, analyze, and summarize key legal points. Deliverables: Legal analysis report.

Resources needed:
• International law experts
• Legal researchers",10/11/2026,10/19/2026,0,6bf9982e-681c-4bf7-89ea-80a51b83b956,PlanExe
3d5ed25d-7c58-4c15-b2f1-481babbe82b3,Draft legal arguments for reunification,"Draft legal arguments for reunification

Description:
Objective: Prepare legal arguments to support China's position. Scope: Develop arguments based on international law and historical context. Steps: Research, draft, and refine legal arguments. Deliverables: Legal argument document.

Resources needed:
• Legal experts
• Historians
• Political analysts",10/19/2026,10/27/2026,0,7f2b333f-3fbf-4eb7-811f-6b3c4e18fc49,PlanExe
756ee0ca-5f03-436e-918b-de4d3656639b,Engage in diplomatic discussions,"Engage in diplomatic discussions

Description:
Objective: Present China's legal arguments to international bodies. Scope: Engage with UN, ICJ, and other relevant organizations. Steps: Prepare presentations, conduct meetings, and address concerns. Deliverables: Meeting summaries and action plans.

Resources needed:
• Diplomats
• Legal representatives
• Communication specialists",10/27/2026,11/4/2026,0,3d5ed25d-7c58-4c15-b2f1-481babbe82b3,PlanExe
d5d6fb8b-d638-442b-ad6a-7b3a36ac4c50,Monitor international legal challenges,"Monitor international legal challenges

Description:
Objective: Track and respond to legal challenges to China's claim. Scope: Monitor legal proceedings and prepare counter-arguments. Steps: Track cases, analyze arguments, and develop responses. Deliverables: Legal challenge monitoring report.

Resources needed:
• Legal analysts
• Intelligence analysts",11/4/2026,11/12/2026,0,6bf9982e-681c-4bf7-89ea-80a51b83b956,PlanExe
9c155764-530c-4a27-9527-53d671cde562,Leverage Digital Diplomacy,,11/12/2026,11/28/2026,0,6bf9982e-681c-4bf7-89ea-80a51b83b956,PlanExe
6cef9da0-e231-4ab1-a1ba-de7649d5a60b,Identify Key Digital Diplomacy Platforms,"Identify Key Digital Diplomacy Platforms

Description:
Objective: Determine the most effective digital platforms for reaching target audiences.
Scope: Research and analyze various social media, news websites, and online forums.
Steps: 1. Identify platforms popular in Taiwan and internationally. 2. Assess audience demographics and engagement levels. 3. Evaluate platform suitability for disseminating pro-reunification narratives.
Deliverables: A report listing key digital platforms with audience data and recommendations.

Resources needed:
• Market research analyst
• Social media specialist
• Data analyst",11/12/2026,11/16/2026,0,9c155764-530c-4a27-9527-53d671cde562,PlanExe
022e03be-47ce-4173-8a35-50fb59be8664,Craft Targeted Digital Content,"Craft Targeted Digital Content

Description:
Objective: Develop compelling digital content tailored to specific audiences.
Scope: Create videos, infographics, articles, and social media posts promoting reunification.
Steps: 1. Identify key messages and narratives. 2. Develop content formats suitable for each platform. 3. Translate content into relevant languages. 4. Ensure content aligns with cultural sensitivities.
Deliverables: A library of digital content assets.

Resources needed:
• Content creators
• Graphic designers
• Video editors
• Translators",11/16/2026,11/20/2026,0,6cef9da0-e231-4ab1-a1ba-de7649d5a60b,PlanExe
f9c3c731-12b1-4dbf-a152-cac2ebcfc3f9,Engage Influencers and Online Communities,"Engage Influencers and Online Communities

Description:
Objective: Partner with influencers and engage with online communities to amplify pro-reunification messages.
Scope: Identify and collaborate with key influencers and participate in relevant online forums.
Steps: 1. Identify influencers aligned with reunification goals. 2. Develop engagement strategies for online communities. 3. Monitor online conversations and respond to inquiries.
Deliverables: A list of engaged influencers and active participation in online communities.

Resources needed:
• Public relations specialist
• Community manager
• Social media strategist",11/20/2026,11/24/2026,0,022e03be-47ce-4173-8a35-50fb59be8664,PlanExe
d1dda514-6ee7-4b42-942e-a2b3907875a2,Monitor and Analyze Digital Diplomacy Impact,"Monitor and Analyze Digital Diplomacy Impact

Description:
Objective: Track the effectiveness of digital diplomacy efforts and adjust strategies accordingly.
Scope: Monitor social media sentiment, website traffic, and engagement metrics.
Steps: 1. Track key performance indicators (KPIs). 2. Analyze data to identify trends and patterns. 3. Adjust content and engagement strategies based on data.
Deliverables: Regular reports on digital diplomacy impact and recommendations for improvement.

Resources needed:
• Data analyst
• Social media analyst
• Reporting specialist",11/24/2026,11/28/2026,0,9c155764-530c-4a27-9527-53d671cde562,PlanExe
a57e9577-1ae6-490a-b7b0-9bb27708f899,Counter Negative Narratives,,11/28/2026,12/28/2026,0,9c155764-530c-4a27-9527-53d671cde562,PlanExe
43724407-4940-430d-b909-cac448ce4339,Identify Negative Narratives Sources,"Identify Negative Narratives Sources

Description:
Identify sources spreading negative narratives about reunification, including media outlets, social media accounts, and influential figures.

Resources needed:
• Media analysts
• Social media analysts
• Linguists",11/28/2026,12/4/2026,0,a57e9577-1ae6-490a-b7b0-9bb27708f899,PlanExe
b1f02172-4ee5-4eaf-9189-5545d6f41fc3,Analyze Negative Narrative Content,"Analyze Negative Narrative Content

Description:
Analyze the content of negative narratives to understand their key arguments, target audiences, and emotional appeals.

Resources needed:
• Content analysts
• Psychologists
• Political scientists",12/4/2026,12/10/2026,0,43724407-4940-430d-b909-cac448ce4339,PlanExe
22c9ef0f-cc81-411f-98ff-2651ecd194cf,Develop Counter-Narrative Strategies (1),"Develop Counter-Narrative Strategies

Description:
Develop strategies to counter negative narratives, including crafting alternative messages, identifying credible messengers, and selecting appropriate communication channels.

Resources needed:
• Communication strategists
• Public relations specialists
• Marketing experts",12/10/2026,12/16/2026,0,b1f02172-4ee5-4eaf-9189-5545d6f41fc3,PlanExe
d0613d19-c3e0-4c2e-909f-b3e3da7b309b,Disseminate Counter-Narratives,"Disseminate Counter-Narratives

Description:
Disseminate counter-narratives through various channels, including traditional media, social media, and community outreach programs.

Resources needed:
• Media relations specialists
• Social media managers
• Community organizers",12/16/2026,12/22/2026,0,22c9ef0f-cc81-411f-98ff-2651ecd194cf,PlanExe
880e60df-2c00-4dd3-991e-7e2e26853467,Monitor Counter-Narrative Effectiveness,"Monitor Counter-Narrative Effectiveness

Description:
Monitor the effectiveness of counter-narratives by tracking media coverage, social media engagement, and public opinion.

Resources needed:
• Data analysts
• Public opinion researchers
• Communication evaluators",12/22/2026,12/28/2026,0,a57e9577-1ae6-490a-b7b0-9bb27708f899,PlanExe
a97de71d-495c-4283-9504-e6a1fd074e71,Monitor International Media Coverage,,12/28/2026,1/12/2027,0,a57e9577-1ae6-490a-b7b0-9bb27708f899,PlanExe
ee86a0c7-9624-488e-b3e2-1a1d00169a0b,Identify key international media outlets,"Identify key international media outlets

Description:
Objective: Identify the most influential international media outlets. Scope: Research and compile a list of media outlets with significant reach and impact. Steps: Use media databases, industry reports, and expert consultations. Deliverables: A list of key international media outlets with contact information and audience demographics.

Resources needed:
• Media analyst
• Research assistant
• Database access",12/28/2026,12/31/2026,0,a97de71d-495c-4283-9504-e6a1fd074e71,PlanExe
11ce9ca4-340d-444a-a49f-06c30d06c4cc,Analyze media coverage of Taiwan,"Analyze media coverage of Taiwan

Description:
Objective: Understand the current media narrative surrounding Taiwan. Scope: Analyze recent articles, reports, and broadcasts from identified media outlets. Steps: Use media monitoring tools, conduct content analysis, and identify key themes and biases. Deliverables: A report summarizing the media coverage of Taiwan, highlighting key narratives and biases.

Resources needed:
• Media analyst
• Content analyst
• Media monitoring software",12/31/2026,1/3/2027,0,ee86a0c7-9624-488e-b3e2-1a1d00169a0b,PlanExe
60719662-5d49-4f07-905e-077de0118e3e,Categorize negative narratives,"Categorize negative narratives

Description:
Objective: Classify the types of negative narratives. Scope: Group negative narratives into categories based on themes and sources. Steps: Review the media coverage report, identify recurring themes, and categorize narratives accordingly. Deliverables: A categorized list of negative narratives with examples and sources.

Resources needed:
• Media analyst
• Content analyst",1/3/2027,1/6/2027,0,11ce9ca4-340d-444a-a49f-06c30d06c4cc,PlanExe
32d6914f-578f-4bf6-bdca-77e248ddad56,Assess impact of negative narratives,"Assess impact of negative narratives

Description:
Objective: Determine the influence of negative narratives. Scope: Evaluate the reach and impact of each category of negative narratives. Steps: Use social media analytics, audience surveys, and expert consultations. Deliverables: A report assessing the impact of each category of negative narratives on public opinion.

Resources needed:
• Media analyst
• Social media analyst
• Survey tools",1/6/2027,1/9/2027,0,60719662-5d49-4f07-905e-077de0118e3e,PlanExe
775f987f-1f46-47c6-8482-2a711c7907b0,Develop counter-narrative strategies (2),"Develop counter-narrative strategies

Description:
Objective: Create strategies to address negative narratives. Scope: Develop tailored counter-narratives for each category of negative narratives. Steps: Brainstorm counter-narratives, test their effectiveness, and refine them based on feedback. Deliverables: A set of counter-narrative strategies with supporting materials and implementation plans.

Resources needed:
• Public relations specialist
• Content creator
• Communication strategist",1/9/2027,1/12/2027,0,a97de71d-495c-4283-9504-e6a1fd074e71,PlanExe
6de56d5d-f51f-4665-8c5c-35b34098d80d,Legal Defense and Compliance,,1/12/2027,3/13/2027,0,e96a5e3e-8a55-4c0c-a397-67aa64cb9c22,PlanExe
77bce89f-1869-42ce-ba0d-a1d091b0e94e,Identify relevant international laws and treaties,"Identify relevant international laws and treaties

Description:
Objective: Identify all international laws and treaties applicable to the Taiwan reunification scenario.
Scope: Review international law databases, consult with legal experts, and analyze relevant case law.
Steps: 1. Conduct a comprehensive search of international law databases (e.g., Westlaw, LexisNexis). 2. Consult with international law specialists. 3. Analyze relevant case law and precedents. 4. Document findings in a legal memorandum.
Deliverables: A comprehensive list of relevant international laws and treaties.

Resources needed:
• International Law Specialist
• Legal Researcher
• Legal Databases (Westlaw, LexisNexis)",1/12/2027,1/27/2027,0,6de56d5d-f51f-4665-8c5c-35b34098d80d,PlanExe
5ac9bdba-8f41-4ea0-beea-0e6223767de4,Assess potential legal challenges and risks,"Assess potential legal challenges and risks

Description:
Objective: Evaluate potential legal challenges and risks associated with the reunification plan.
Scope: Analyze potential violations of international law, assess the likelihood of legal challenges, and identify potential legal liabilities.
Steps: 1. Conduct a risk assessment of potential legal challenges. 2. Analyze potential violations of international law. 3. Identify potential legal liabilities. 4. Document findings in a risk assessment report.
Deliverables: A comprehensive risk assessment report outlining potential legal challenges and risks.

Resources needed:
• International Law Specialist
• Risk Analyst
• Legal Counsel",1/27/2027,2/11/2027,0,77bce89f-1869-42ce-ba0d-a1d091b0e94e,PlanExe
70b095a3-577f-4856-8d30-1b1c20eb5c90,Develop legal defense strategies,"Develop legal defense strategies

Description:
Objective: Develop proactive legal defense strategies to mitigate potential legal challenges.
Scope: Formulate legal arguments, prepare legal briefs, and develop strategies for responding to legal challenges.
Steps: 1. Formulate legal arguments to defend the reunification plan. 2. Prepare legal briefs and supporting documentation. 3. Develop strategies for responding to potential legal challenges. 4. Document defense strategies in a legal defense plan.
Deliverables: A comprehensive legal defense plan outlining strategies for mitigating potential legal challenges.

Resources needed:
• International Law Specialist
• Legal Counsel
• Legal Team",2/11/2027,2/26/2027,0,5ac9bdba-8f41-4ea0-beea-0e6223767de4,PlanExe
fc525448-3ee5-4149-a709-16824b097f74,Ensure compliance with international norms,"Ensure compliance with international norms

Description:
Objective: Ensure that all actions taken are in compliance with international norms and standards.
Scope: Review all planned actions for compliance with international norms, identify potential violations, and develop mitigation strategies.
Steps: 1. Review all planned actions for compliance with international norms. 2. Identify potential violations of international norms. 3. Develop mitigation strategies to ensure compliance. 4. Document compliance measures in a compliance report.
Deliverables: A comprehensive compliance report outlining measures taken to ensure adherence to international norms.

Resources needed:
• International Law Specialist
• Compliance Officer
• Human Rights Expert",2/26/2027,3/13/2027,0,6de56d5d-f51f-4665-8c5c-35b34098d80d,PlanExe
4d38fb8a-a713-4060-a8d5-80f9d5d9d1f4,Cultural and Societal Integration,,3/13/2027,8/4/2030,0,e96a5e3e-8a55-4c0c-a397-67aa64cb9c22,PlanExe
45786e85-a1bc-4526-a8ad-ff74c6bdaa67,Integrate Chinese Culture,,3/13/2027,9/9/2027,0,4d38fb8a-a713-4060-a8d5-80f9d5d9d1f4,PlanExe
576d4b9f-177a-47bb-be22-56028267c77b,Identify Key Cultural Elements,"Identify Key Cultural Elements

Description:
Objective: Identify key elements of Chinese culture for integration. Scope: Focus on elements that are appealing and easily adaptable. Steps: Research, consult with cultural experts, and prioritize elements. Deliverables: List of key cultural elements.

Resources needed:
• Cultural experts
• Researchers
• Analysts",3/13/2027,4/27/2027,0,45786e85-a1bc-4526-a8ad-ff74c6bdaa67,PlanExe
252b1ec3-f8b0-4fc0-9ed0-5bcb56953765,Develop Cultural Integration Strategies,"Develop Cultural Integration Strategies

Description:
Objective: Develop strategies for integrating Chinese cultural elements into Taiwanese society. Scope: Focus on subtle and appealing methods. Steps: Brainstorm, pilot programs, and refine strategies. Deliverables: Integration plan.

Resources needed:
• Marketing specialists
• Cultural ambassadors
• Project managers",4/27/2027,6/11/2027,0,576d4b9f-177a-47bb-be22-56028267c77b,PlanExe
d0371c0d-0835-4ea2-b87f-811c36deb015,Implement Cultural Exchange Programs,"Implement Cultural Exchange Programs

Description:
Objective: Facilitate cultural exchange programs between Taiwan and China. Scope: Focus on student, artist, and professional exchanges. Steps: Plan, recruit participants, and execute programs. Deliverables: Exchange programs.

Resources needed:
• Program coordinators
• Logistics personnel
• Funding",6/11/2027,7/26/2027,0,252b1ec3-f8b0-4fc0-9ed0-5bcb56953765,PlanExe
a10c85fd-d355-4fa6-99f2-99e677a4710a,Promote Chinese Culture Through Media,"Promote Chinese Culture Through Media

Description:
Objective: Promote Chinese culture through media channels in Taiwan. Scope: Focus on entertainment, news, and social media. Steps: Create content, partner with media outlets, and monitor impact. Deliverables: Media campaigns.

Resources needed:
• Content creators
• Media buyers
• Public relations specialists",7/26/2027,9/9/2027,0,45786e85-a1bc-4526-a8ad-ff74c6bdaa67,PlanExe
6c7b7dab-e826-4e66-8e51-43533cf7aba6,Integrate Chinese Educational Materials,,9/9/2027,9/8/2028,0,45786e85-a1bc-4526-a8ad-ff74c6bdaa67,PlanExe
190d42e5-81b8-489d-a0cf-5279b834d366,Translate Educational Materials to Chinese,"Translate Educational Materials to Chinese

Description:
Translate all existing Taiwanese educational materials into simplified Chinese. This includes textbooks, workbooks, teacher's guides, and supplementary materials. Ensure accuracy and cultural sensitivity in the translation process.

Resources needed:
• Translators
• Editors
• Proofreaders
• Subject Matter Experts",9/9/2027,11/21/2027,0,6c7b7dab-e826-4e66-8e51-43533cf7aba6,PlanExe
fe6d10ce-33b9-4da6-84ed-248a884e74f4,Adapt Curriculum to Chinese Standards,"Adapt Curriculum to Chinese Standards

Description:
Modify the curriculum to align with Chinese educational standards and values. This involves revising content, adding new topics, and removing or altering existing topics to reflect the Chinese perspective. Ensure compliance with Chinese educational policies.

Resources needed:
• Curriculum Developers
• Educational Specialists
• Policy Analysts
• Subject Matter Experts",11/21/2027,2/2/2028,0,190d42e5-81b8-489d-a0cf-5279b834d366,PlanExe
21022254-fe84-4a84-97fd-80c1aec34748,Train Taiwanese Educators,"Train Taiwanese Educators

Description:
Provide training to Taiwanese educators on the new curriculum and teaching methods. This includes workshops, seminars, and online courses. Offer incentives for participation and successful completion of training programs.

Resources needed:
• Trainers
• Educational Consultants
• Training Materials
• Training Facilities",2/2/2028,4/15/2028,0,fe6d10ce-33b9-4da6-84ed-248a884e74f4,PlanExe
46fe2113-3246-44ff-a7cc-b5b758718ef4,Distribute New Educational Materials,"Distribute New Educational Materials

Description:
Distribute the translated and adapted educational materials to all schools and educational institutions in Taiwan. This includes textbooks, workbooks, teacher's guides, and supplementary materials. Ensure timely and efficient delivery.

Resources needed:
• Logistics Personnel
• Distribution Network
• Transportation Vehicles
• Storage Facilities",4/15/2028,6/27/2028,0,21022254-fe84-4a84-97fd-80c1aec34748,PlanExe
07d747cb-0b49-471f-a3bf-0074f3d538d0,Monitor and Evaluate Implementation,"Monitor and Evaluate Implementation

Description:
Monitor the implementation of the new curriculum and educational materials. Collect data on student performance, teacher feedback, and overall effectiveness. Evaluate the results and make adjustments as needed.

Resources needed:
• Data Analysts
• Researchers
• Evaluators
• Survey Tools",6/27/2028,9/8/2028,0,6c7b7dab-e826-4e66-8e51-43533cf7aba6,PlanExe
b16bfe07-04ea-4024-b6a8-6b876f639d01,Transition Currency,,9/8/2028,6/5/2029,0,6c7b7dab-e826-4e66-8e51-43533cf7aba6,PlanExe
85cfea71-d674-49f8-ab86-01cad6aa5eaf,Establish Currency Exchange Rate and Policy,"Establish Currency Exchange Rate and Policy

Description:
Define the official exchange rate between the Taiwanese Dollar (TWD) and the Chinese Yuan (CNY). Develop policies regarding currency exchange limits, fees, and reporting requirements.

Resources needed:
• Economists
• Financial analysts
• Legal experts
• Policy advisors",9/8/2028,11/1/2028,0,b16bfe07-04ea-4024-b6a8-6b876f639d01,PlanExe
12b7b8b0-ab5a-4b24-b2fb-4d8b7d559411,Distribute CNY and Collect TWD,"Distribute CNY and Collect TWD

Description:
Plan and execute the physical distribution of CNY to Taiwanese banks and citizens. Establish collection points for TWD and manage the secure transfer of TWD to mainland China.

Resources needed:
• Logistics personnel
• Security personnel
• Bank staff
• Currency handlers",11/1/2028,12/25/2028,0,85cfea71-d674-49f8-ab86-01cad6aa5eaf,PlanExe
018f3405-e6d7-43bd-ba23-63a5b5201f68,Convert Bank Accounts and Financial Assets,"Convert Bank Accounts and Financial Assets

Description:
Convert all bank accounts, investments, and other financial assets from TWD to CNY. Provide support and guidance to individuals and businesses during the conversion process.

Resources needed:
• Bank staff
• Financial advisors
• IT specialists
• Customer service representatives",12/25/2028,2/17/2029,0,12b7b8b0-ab5a-4b24-b2fb-4d8b7d559411,PlanExe
25b6ae62-e6e3-44c4-815e-1a6491a4215b,Educate Public on CNY Usage,"Educate Public on CNY Usage

Description:
Launch a public awareness campaign to educate Taiwanese citizens on how to use CNY, including its features, security measures, and benefits. Address any concerns or misconceptions about the new currency.

Resources needed:
• Public relations specialists
• Marketing professionals
• Translators
• Community outreach workers",2/17/2029,4/12/2029,0,018f3405-e6d7-43bd-ba23-63a5b5201f68,PlanExe
81dbea77-793e-437d-a198-5f1705136b54,Monitor and Stabilize Economy,"Monitor and Stabilize Economy

Description:
Continuously monitor the Taiwanese economy during and after the currency transition. Implement measures to stabilize the economy, prevent inflation, and address any potential financial disruptions.

Resources needed:
• Economists
• Financial analysts
• Central bank officials
• Government regulators",4/12/2029,6/5/2029,0,b16bfe07-04ea-4024-b6a8-6b876f639d01,PlanExe
201d9cb2-5c93-4903-8b23-81a9a6ed032e,Replace Flag,,6/5/2029,8/4/2029,0,b16bfe07-04ea-4024-b6a8-6b876f639d01,PlanExe
332b402f-e0e9-4452-b940-6698578228db,Design new flag display campaign,"Design new flag display campaign

Description:
Develop a comprehensive campaign to introduce and promote the new Chinese flag in Taiwan. This includes designing visually appealing materials, planning public events, and creating educational content to explain the flag's symbolism and history.

Resources needed:
• Marketing team
• Graphic designers
• Public relations specialists
• Historians",6/5/2029,6/20/2029,0,201d9cb2-5c93-4903-8b23-81a9a6ed032e,PlanExe
25ff7a7a-17f3-424d-ba05-b0f5817b2f33,Distribute new flags and remove old ones,"Distribute new flags and remove old ones

Description:
Organize the distribution of the new Chinese flags to government buildings, schools, public spaces, and businesses throughout Taiwan. Simultaneously, oversee the removal of the existing Taiwanese flags in a coordinated and respectful manner.

Resources needed:
• Logistics team
• Transportation vehicles
• Installation crews
• Security personnel",6/20/2029,7/5/2029,0,332b402f-e0e9-4452-b940-6698578228db,PlanExe
79648c93-69ab-49a5-9c17-2887acad9f84,Incentivize flag adoption,"Incentivize flag adoption

Description:
Create and implement incentive programs to encourage businesses and individuals to display the new Chinese flag. This could include offering financial rewards, tax breaks, or other benefits to those who prominently display the flag.

Resources needed:
• Financial analysts
• Government officials
• Marketing team",7/5/2029,7/20/2029,0,25ff7a7a-17f3-424d-ba05-b0f5817b2f33,PlanExe
f4e4d26b-ea23-4746-97e9-eb7fa588a3fb,Monitor and address public sentiment,"Monitor and address public sentiment

Description:
Continuously monitor public sentiment towards the flag replacement through surveys, social media analysis, and community engagement. Address any concerns or resistance through open dialogue, educational initiatives, and public relations efforts.

Resources needed:
• Public opinion analysts
• Social media monitoring team
• Community outreach specialists",7/20/2029,8/4/2029,0,201d9cb2-5c93-4903-8b23-81a9a6ed032e,PlanExe
3d976309-fcb3-46ef-847a-891930f3a398,Address Social Resistance,,8/4/2029,8/4/2030,0,4d38fb8a-a713-4060-a8d5-80f9d5d9d1f4,PlanExe
3fc875a6-b200-4c87-bca4-e13042102da0,Identify Key Resistance Groups,"Identify Key Resistance Groups

Description:
Objective: Identify and categorize key social resistance groups in Taiwan.
Scope: Analyze social media, public forums, and intelligence reports to identify groups actively opposing reunification.
Steps: 1. Gather data on resistance activities. 2. Categorize groups by ideology and influence. 3. Assess their potential for disruption.
Deliverables: A report detailing key resistance groups and their potential impact.

Resources needed:
• Intelligence analysts
• Social media analysts
• Linguists
• Data analysis tools",8/4/2029,10/16/2029,0,3d976309-fcb3-46ef-847a-891930f3a398,PlanExe
40aee82a-93d1-4180-98c3-4e9279bcf82e,Develop Public Relations Campaigns,"Develop Public Relations Campaigns

Description:
Objective: Create and implement public relations campaigns to promote the benefits of reunification.
Scope: Design campaigns targeting different segments of the Taiwanese population.
Steps: 1. Conduct market research to understand public sentiment. 2. Develop targeted messaging. 3. Disseminate campaigns through various media channels.
Deliverables: A series of public relations campaigns designed to reduce social resistance.

Resources needed:
• Public relations specialists
• Marketing experts
• Media outlets
• Graphic designers",10/16/2029,12/28/2029,0,3fc875a6-b200-4c87-bca4-e13042102da0,PlanExe
196925ad-01b3-4321-a123-cc84bb5ecdcf,Implement Economic Incentives Program,"Implement Economic Incentives Program

Description:
Objective: Design and implement an economic incentives program to encourage cooperation with reunification efforts.
Scope: Offer financial benefits to individuals and businesses that support reunification.
Steps: 1. Identify key areas for economic incentives. 2. Develop eligibility criteria. 3. Distribute incentives through appropriate channels.
Deliverables: An economic incentives program that reduces social resistance through financial benefits.

Resources needed:
• Economists
• Financial analysts
• Government administrators
• Distribution channels",12/28/2029,3/11/2030,0,40aee82a-93d1-4180-98c3-4e9279bcf82e,PlanExe
26365651-d09b-43b6-aaca-f0466c0ecdae,Establish Law Enforcement Presence,"Establish Law Enforcement Presence

Description:
Objective: Increase law enforcement presence to suppress dissent and maintain order.
Scope: Deploy additional security forces to areas with high levels of social resistance.
Steps: 1. Identify areas with high resistance activity. 2. Deploy additional law enforcement personnel. 3. Monitor and respond to protests and demonstrations.
Deliverables: Increased law enforcement presence that effectively suppresses dissent.

Resources needed:
• Law enforcement personnel
• Security equipment
• Surveillance technology
• Transportation",3/11/2030,5/23/2030,0,196925ad-01b3-4321-a123-cc84bb5ecdcf,PlanExe
426152f5-9dc9-4614-a133-dfb13b6903dc,Establish Controlled Communication Channels,"Establish Controlled Communication Channels

Description:
Objective: Establish controlled communication channels to address grievances and offer limited concessions.
Scope: Create platforms for public feedback and dialogue, while maintaining control over the narrative.
Steps: 1. Set up online forums and hotlines. 2. Monitor and moderate discussions. 3. Offer limited concessions to address legitimate grievances.
Deliverables: Controlled communication channels that manage public sentiment and reduce social resistance.

Resources needed:
• Communication specialists
• Moderators
• Technical support
• Policy advisors",5/23/2030,8/4/2030,0,3d976309-fcb3-46ef-847a-891930f3a398,PlanExe
101b4ddc-e4a6-4c00-96a7-7d5c1c9d71c9,Risk Management and Mitigation,,8/4/2030,6/26/2031,0,4d38fb8a-a713-4060-a8d5-80f9d5d9d1f4,PlanExe
90ec7e6d-8d8f-41f6-8892-bb2270d56d04,Assess International Sanctions Risk,,8/4/2030,8/20/2030,0,101b4ddc-e4a6-4c00-96a7-7d5c1c9d71c9,PlanExe
3dde9fd4-4186-473b-97e3-23c65faeefb9,Identify potential international sanctions,"Identify potential international sanctions

Description:
Objective: Identify all potential international sanctions that could be imposed. Scope: Review international laws, treaties, and past sanctions. Steps: Research relevant legal frameworks, consult with legal experts, and compile a list of potential sanctions. Deliverables: A comprehensive list of potential international sanctions.

Resources needed:
• International law experts
• Legal researchers
• Geopolitical analysts",8/4/2030,8/8/2030,0,90ec7e6d-8d8f-41f6-8892-bb2270d56d04,PlanExe
ee6156f4-6766-49fa-b642-db65ae292d00,Assess likelihood of sanctions being imposed,"Assess likelihood of sanctions being imposed

Description:
Objective: Assess the likelihood of each identified sanction being imposed. Scope: Analyze international relations, political climate, and historical precedents. Steps: Conduct geopolitical analysis, consult with diplomats, and assign probability scores to each sanction. Deliverables: A report assessing the likelihood of each sanction.

Resources needed:
• Geopolitical analysts
• Diplomats
• Risk assessment specialists",8/8/2030,8/12/2030,0,3dde9fd4-4186-473b-97e3-23c65faeefb9,PlanExe
bf1811ce-46d9-4a9e-aa14-d6c00f52de60,Determine impact of potential sanctions,"Determine impact of potential sanctions

Description:
Objective: Determine the potential impact of each sanction on the reunification project. Scope: Analyze economic, political, and social consequences. Steps: Conduct economic modeling, consult with economists, and assess potential social unrest. Deliverables: A report detailing the impact of each sanction.

Resources needed:
• Economists
• Political scientists
• Social scientists",8/12/2030,8/16/2030,0,ee6156f4-6766-49fa-b642-db65ae292d00,PlanExe
c8c719d9-6ca4-4e37-93ab-b354ea6c0858,Develop mitigation strategies for sanctions,"Develop mitigation strategies for sanctions

Description:
Objective: Develop mitigation strategies for each potential sanction. Scope: Identify alternative economic partners, legal defenses, and public relations campaigns. Steps: Brainstorm mitigation options, consult with legal and PR experts, and develop detailed action plans. Deliverables: A comprehensive mitigation plan for each sanction.

Resources needed:
• Legal experts
• Public relations specialists
• Economic strategists",8/16/2030,8/20/2030,0,90ec7e6d-8d8f-41f6-8892-bb2270d56d04,PlanExe
38e17eab-57d5-4b36-8e2e-313a9e74b17f,Mitigate Cyberattack Risks,,8/20/2030,9/14/2030,0,90ec7e6d-8d8f-41f6-8892-bb2270d56d04,PlanExe
88e643a7-c060-4f68-b1cb-aa4fe9c79ca3,Implement Network Segmentation,"Implement Network Segmentation

Description:
Segment the network to isolate critical systems and limit the impact of potential breaches. This involves creating virtual LANs (VLANs) and configuring firewalls to control traffic flow between segments.

Resources needed:
• Network engineers
• Firewall administrators
• Security architects",8/20/2030,8/25/2030,0,38e17eab-57d5-4b36-8e2e-313a9e74b17f,PlanExe
10e2d1e3-f570-4a87-b8eb-2a2bd3b983e8,Deploy Intrusion Detection Systems,"Deploy Intrusion Detection Systems

Description:
Deploy intrusion detection and prevention systems (IDS/IPS) to monitor network traffic for malicious activity and automatically block or alert on suspicious events. This includes configuring rules and signatures to detect known threats.

Resources needed:
• Security analysts
• IDS/IPS administrators
• Network engineers",8/25/2030,8/30/2030,0,88e643a7-c060-4f68-b1cb-aa4fe9c79ca3,PlanExe
0fed7406-f8f5-466f-a1f6-391877a1840b,Enhance Endpoint Security,"Enhance Endpoint Security

Description:
Strengthen endpoint security by deploying endpoint detection and response (EDR) solutions, implementing application whitelisting, and enforcing strong password policies. This also includes regularly patching and updating software.

Resources needed:
• Security engineers
• System administrators
• IT support staff",8/30/2030,9/4/2030,0,10e2d1e3-f570-4a87-b8eb-2a2bd3b983e8,PlanExe
2c15dd60-80a1-4b93-b569-3b18afc1e70a,Conduct Penetration Testing,"Conduct Penetration Testing

Description:
Engage external cybersecurity experts to conduct penetration testing to identify vulnerabilities in systems and applications. This involves simulating real-world attacks to assess the effectiveness of security controls.

Resources needed:
• Penetration testers
• Security consultants
• Ethical hackers",9/4/2030,9/9/2030,0,0fed7406-f8f5-466f-a1f6-391877a1840b,PlanExe
98293102-851e-4c73-8b5c-064ece6a1b18,Strengthen Data Encryption,"Strengthen Data Encryption

Description:
Implement strong data encryption techniques to protect sensitive data at rest and in transit. This includes encrypting databases, file systems, and communication channels using industry-standard encryption algorithms.

Resources needed:
• Security engineers
• Database administrators
• Cryptography experts",9/9/2030,9/14/2030,0,38e17eab-57d5-4b36-8e2e-313a9e74b17f,PlanExe
c2a40eb1-79f5-4529-ad06-d39fa7f7b26a,Address Economic Instability,,9/14/2030,3/13/2031,0,38e17eab-57d5-4b36-8e2e-313a9e74b17f,PlanExe
c71abdb6-ea0b-4fb2-b23a-80d4d57073d6,Establish Economic Stabilization Fund,"Establish Economic Stabilization Fund

Description:
Objective: Create a fund to mitigate economic shocks.
Scope: Determine fund size, sources, and management.
Steps: Analyze economic vulnerabilities, secure funding commitments, establish fund governance.
Deliverables: Fund establishment plan, secured funding, governance structure.

Resources needed:
• Economists
• Financial analysts
• Legal counsel
• Government officials",9/14/2030,10/29/2030,0,c2a40eb1-79f5-4529-ad06-d39fa7f7b26a,PlanExe
bae3c13b-4fb2-4d64-99d3-06267615711a,Implement Phased Currency Transition Plan,"Implement Phased Currency Transition Plan

Description:
Objective: Transition to Chinese currency smoothly.
Scope: Define transition phases, exchange rates, and support programs.
Steps: Develop transition timeline, establish exchange mechanisms, create support programs for businesses and individuals.
Deliverables: Currency transition plan, exchange rate policy, support program guidelines.

Resources needed:
• Financial experts
• Currency specialists
• Logistics personnel
• Public relations team",10/29/2030,12/13/2030,0,c71abdb6-ea0b-4fb2-b23a-80d4d57073d6,PlanExe
c914fc05-a08d-446c-85c2-ee0c1c857a92,Diversify Trade Relationships,"Diversify Trade Relationships

Description:
Objective: Reduce reliance on specific markets.
Scope: Identify new trade partners, negotiate trade agreements, promote trade diversification.
Steps: Conduct market research, engage in diplomatic negotiations, offer incentives for trade diversification.
Deliverables: Trade diversification strategy, new trade agreements, incentive programs.

Resources needed:
• Trade specialists
• Diplomats
• Market analysts
• Legal team",12/13/2030,1/27/2031,0,bae3c13b-4fb2-4d64-99d3-06267615711a,PlanExe
c7401443-990c-48ab-9a30-01f75f9eaa6a,Monitor Key Economic Indicators,"Monitor Key Economic Indicators

Description:
Objective: Track economic performance and identify potential issues.
Scope: Define key indicators, establish monitoring systems, analyze data.
Steps: Select relevant indicators, set up data collection processes, analyze trends and anomalies.
Deliverables: Economic monitoring system, regular reports on key indicators, early warning system for economic risks.

Resources needed:
• Data analysts
• Economists
• Reporting specialists
• IT support",1/27/2031,3/13/2031,0,c2a40eb1-79f5-4529-ad06-d39fa7f7b26a,PlanExe
db9417bd-487f-426c-9143-a2ff0046de22,Develop Military Intervention Response Plans,,3/13/2031,6/11/2031,0,c2a40eb1-79f5-4529-ad06-d39fa7f7b26a,PlanExe
36d10357-0226-428d-8845-add891fa81d0,Identify potential intervention actors,"Identify potential intervention actors

Description:
Identify countries or organizations likely to intervene militarily.

Resources needed:
• Intelligence analysts
• Geopolitical experts",3/13/2031,3/31/2031,0,db9417bd-487f-426c-9143-a2ff0046de22,PlanExe
b9f40574-7e26-413c-9400-92156522b8b5,Analyze intervention capabilities,"Analyze intervention capabilities

Description:
Assess the military capabilities of potential intervening forces.

Resources needed:
• Military strategists
• Defense analysts",3/31/2031,4/18/2031,0,36d10357-0226-428d-8845-add891fa81d0,PlanExe
6641bdfd-6e63-4e0a-a3c9-ff86dee0f492,Develop intervention deterrence strategies,"Develop intervention deterrence strategies

Description:
Create plans to deter military intervention by external forces.

Resources needed:
• Diplomats
• Military planners",4/18/2031,5/6/2031,0,b9f40574-7e26-413c-9400-92156522b8b5,PlanExe
33cf609a-657d-4dab-86f3-8f0a09979704,Create military response contingency plans,"Create military response contingency plans

Description:
Outline military responses to various intervention scenarios.

Resources needed:
• Military strategists
• Logistics experts",5/6/2031,5/24/2031,0,6641bdfd-6e63-4e0a-a3c9-ff86dee0f492,PlanExe
35aca9cf-8fa6-4007-b9d0-653683d7dd2a,Establish communication protocols,"Establish communication protocols

Description:
Set up communication channels for intervention scenarios.

Resources needed:
• Communication specialists
• Military personnel",5/24/2031,6/11/2031,0,db9417bd-487f-426c-9143-a2ff0046de22,PlanExe
7160ee21-7545-4547-b39b-ff03dab34e7e,Monitor and Update Risk Assessment,,6/11/2031,6/26/2031,0,101b4ddc-e4a6-4c00-96a7-7d5c1c9d71c9,PlanExe
b686980b-592b-4d62-ba19-ebf7448cedbe,Gather updated geopolitical intelligence,"Gather updated geopolitical intelligence

Description:
Collect the latest intelligence reports from various sources regarding geopolitical tensions and potential military intervention scenarios.

Resources needed:
• Intelligence analysts
• Geopolitical experts",6/11/2031,6/14/2031,0,7160ee21-7545-4547-b39b-ff03dab34e7e,PlanExe
0e56b49d-df75-41ba-a1ad-17e69df11b3f,Analyze current cybersecurity threat landscape,"Analyze current cybersecurity threat landscape

Description:
Assess the current state of cybersecurity threats targeting critical infrastructure and government systems in Taiwan.

Resources needed:
• Cybersecurity experts
• Threat intelligence analysts",6/14/2031,6/17/2031,0,b686980b-592b-4d62-ba19-ebf7448cedbe,PlanExe
ead41d8e-91f2-4135-b946-e543951826e1,Review economic indicators and forecasts,"Review economic indicators and forecasts

Description:
Examine the latest economic data and forecasts for Taiwan to identify potential sources of instability and economic risks.

Resources needed:
• Economists
• Financial analysts",6/17/2031,6/20/2031,0,0e56b49d-df75-41ba-a1ad-17e69df11b3f,PlanExe
425b36c4-8b6b-467d-9f49-92f717c12457,Update risk assessment matrix,"Update risk assessment matrix

Description:
Incorporate new intelligence, threat assessments, and economic forecasts into the existing risk assessment matrix to prioritize risks.

Resources needed:
• Risk management team
• Subject matter experts",6/20/2031,6/23/2031,0,ead41d8e-91f2-4135-b946-e543951826e1,PlanExe
2b2358bf-1c1a-47de-b7cf-c66b53185b98,Refine mitigation plans,"Refine mitigation plans

Description:
Adjust existing mitigation plans based on the updated risk assessment to ensure they remain effective and relevant.

Resources needed:
• Risk management team
• Contingency planners",6/23/2031,6/26/2031,0,7160ee21-7545-4547-b39b-ff03dab34e7e,PlanExe
3f708982-a836-421e-97b5-6a7f84841f33,Monitoring and Control,,6/26/2031,7/26/2031,0,b2d017ce-241a-4c12-9b5e-9de86f58594d,PlanExe
7a270c56-a995-4981-9cc8-29827c71fb36,Track Project Progress,,6/26/2031,7/4/2031,0,3f708982-a836-421e-97b5-6a7f84841f33,PlanExe
98f5a6c8-f592-4ba6-9833-4ab5853e1800,Collect raw project data,"Collect raw project data

Description:
Gather all relevant data points from various project activities, including task completion rates, resource utilization, and budget expenditures. This involves extracting data from project management software, financial systems, and team reports.

Resources needed:
• Project Management Software
• Data Analyst
• Project Managers",6/26/2031,6/28/2031,0,7a270c56-a995-4981-9cc8-29827c71fb36,PlanExe
7b4f4d1a-7e2d-4bf8-9878-0503299aac46,Analyze data for progress insights,"Analyze data for progress insights

Description:
Process and analyze the collected data to identify trends, patterns, and deviations from the planned schedule and budget. This includes calculating key performance indicators (KPIs) and generating visual representations of project progress.

Resources needed:
• Data Analysis Tools
• Project Analyst
• Reporting Software",6/28/2031,6/30/2031,0,98f5a6c8-f592-4ba6-9833-4ab5853e1800,PlanExe
c146500c-6c60-4e45-917a-e601b39223dc,Compare actual vs. planned progress,"Compare actual vs. planned progress

Description:
Compare the analyzed data against the original project plan and baseline to identify any discrepancies or variances. This involves assessing the impact of these variances on the overall project timeline and objectives.

Resources needed:
• Project Plan
• Project Baseline
• Project Manager",6/30/2031,7/2/2031,0,7b4f4d1a-7e2d-4bf8-9878-0503299aac46,PlanExe
196a543a-d12f-4158-9a36-e3b089c5e16e,Document progress and findings,"Document progress and findings

Description:
Create a comprehensive report summarizing the project's progress, key findings, and any identified issues or risks. This report should include visual aids, such as charts and graphs, to effectively communicate the project's status.

Resources needed:
• Report Template
• Project Analyst
• Documentation Software",7/2/2031,7/4/2031,0,7a270c56-a995-4981-9cc8-29827c71fb36,PlanExe
0d7750f5-7ba3-42a3-a82e-edf2667bb951,Monitor Key Performance Indicators (KPIs),,7/4/2031,7/12/2031,0,7a270c56-a995-4981-9cc8-29827c71fb36,PlanExe
5034bda1-95b7-43f0-a9e9-52fb427ddc64,Define Key Performance Indicators,"Define Key Performance Indicators

Description:
Clearly define the KPIs that will be used to measure the success of the reunification project. This includes identifying specific, measurable, achievable, relevant, and time-bound (SMART) indicators for each aspect of the project, such as cultural integration, economic transition, and political alignment.

Resources needed:
• Project Manager
• Subject Matter Experts
• Data Analysts",7/4/2031,7/6/2031,0,0d7750f5-7ba3-42a3-a82e-edf2667bb951,PlanExe
fff46764-f78e-46af-8be4-01274f5f5113,Establish Data Collection Methods,"Establish Data Collection Methods

Description:
Determine the methods for collecting data related to the defined KPIs. This may include surveys, statistical analysis, social media monitoring, and other data gathering techniques. Ensure that the data collection methods are reliable, accurate, and ethical.

Resources needed:
• Data Analysts
• Survey Specialists
• IT Infrastructure",7/6/2031,7/8/2031,0,5034bda1-95b7-43f0-a9e9-52fb427ddc64,PlanExe
4f0419b2-cb4c-4d40-b6e7-6793f98a6d61,Implement KPI Monitoring System,"Implement KPI Monitoring System

Description:
Set up a system for monitoring the KPIs on a regular basis. This may involve creating dashboards, reports, and other tools to track progress and identify any deviations from the planned trajectory. Ensure that the monitoring system is user-friendly and accessible to all relevant stakeholders.

Resources needed:
• IT Specialists
• Data Visualization Experts
• Project Manager",7/8/2031,7/10/2031,0,fff46764-f78e-46af-8be4-01274f5f5113,PlanExe
b55348a7-e680-4e58-a1c0-eb2f0d3a745d,Analyze KPI Data and Report Findings,"Analyze KPI Data and Report Findings

Description:
Analyze the data collected through the KPI monitoring system and prepare regular reports on the findings. These reports should highlight any areas where the project is on track, as well as any areas where corrective action is needed. The reports should be distributed to all relevant stakeholders.

Resources needed:
• Data Analysts
• Report Writers
• Project Manager",7/10/2031,7/12/2031,0,0d7750f5-7ba3-42a3-a82e-edf2667bb951,PlanExe
35a390da-34a7-4b6b-b5da-373449b37103,Conduct Regular Status Meetings,,7/12/2031,7/16/2031,0,0d7750f5-7ba3-42a3-a82e-edf2667bb951,PlanExe
3c87e956-9016-4d7f-bf5a-771cc9445821,Prepare status meeting agenda,"Prepare status meeting agenda

Description:
Objective: Create a structured agenda for the status meeting to ensure efficient use of time and focused discussions.
Scope: Define key topics, allocate time slots, and identify presenters for each agenda item.
Steps: Review project plan, gather updates from team leads, prioritize discussion points, and distribute the agenda to participants.
Deliverables: A finalized meeting agenda distributed at least 24 hours before the meeting.

Resources needed:
• Project Manager
• Team Leads
• Project Plan",7/12/2031,7/13/2031,0,35a390da-34a7-4b6b-b5da-373449b37103,PlanExe
f73105d9-2598-4a6a-93e7-cc1ab28a709f,Collect progress data from teams,"Collect progress data from teams

Description:
Objective: Gather accurate and up-to-date progress data from all relevant teams to assess project status.
Scope: Collect data on completed tasks, ongoing activities, upcoming milestones, and any roadblocks encountered.
Steps: Send data request forms to team leads, follow up on outstanding submissions, and consolidate the data into a central repository.
Deliverables: A comprehensive progress report from each team, submitted at least 48 hours before the meeting.

Resources needed:
• Project Coordinator
• Team Leads
• Data Collection Forms",7/13/2031,7/14/2031,0,3c87e956-9016-4d7f-bf5a-771cc9445821,PlanExe
6f285aca-eda3-4343-9187-ff36bc64b4fb,Analyze project performance metrics,"Analyze project performance metrics

Description:
Objective: Evaluate project performance against established metrics to identify trends, potential issues, and areas for improvement.
Scope: Analyze key performance indicators (KPIs), track budget adherence, and assess schedule compliance.
Steps: Extract data from project management tools, calculate performance metrics, and compare results against baseline targets.
Deliverables: A performance analysis report highlighting key findings and recommendations.

Resources needed:
• Data Analyst
• Project Management Software
• Performance Metrics",7/14/2031,7/15/2031,0,f73105d9-2598-4a6a-93e7-cc1ab28a709f,PlanExe
fbb532de-5ae8-457f-8e28-54a66de59537,Distribute meeting minutes and action items,"Distribute meeting minutes and action items

Description:
Objective: Document key decisions, action items, and follow-up tasks from the status meeting and distribute them to relevant stakeholders.
Scope: Capture meeting discussions, assign ownership for action items, and set deadlines for completion.
Steps: Take detailed meeting minutes, summarize key outcomes, and distribute the minutes and action items to participants within 24 hours of the meeting.
Deliverables: A comprehensive record of the meeting, including action items with assigned owners and deadlines.

Resources needed:
• Project Secretary
• Meeting Minutes Template
• Distribution List",7/15/2031,7/16/2031,0,35a390da-34a7-4b6b-b5da-373449b37103,PlanExe
03167b6b-adac-488a-ac2a-38e7f6a34da6,Manage Changes and Issues,,7/16/2031,7/21/2031,0,35a390da-34a7-4b6b-b5da-373449b37103,PlanExe
be2ecfdf-66f2-48a1-8a5a-4035674f638e,Log Change Requests,"Log Change Requests

Description:
Objective: Create a centralized log for all change requests and issues.
Scope: Document each request with details, priority, and submitter.
Steps: Use a spreadsheet or database to record requests.
Deliverables: A comprehensive change request log.

Resources needed:
• Project Manager
• Change Control Board",7/16/2031,7/17/2031,0,03167b6b-adac-488a-ac2a-38e7f6a34da6,PlanExe
9480f040-d263-470c-8adc-07e4693f2881,Assess Impact of Changes,"Assess Impact of Changes

Description:
Objective: Evaluate the potential impact of each change request.
Scope: Analyze the effects on timeline, budget, and resources.
Steps: Conduct impact assessments with relevant stakeholders.
Deliverables: Impact assessment reports for each change request.

Resources needed:
• Project Manager
• Technical Experts
• Financial Analyst",7/17/2031,7/18/2031,0,be2ecfdf-66f2-48a1-8a5a-4035674f638e,PlanExe
df837ca7-b2b0-4ab3-90a0-1d2f406a8678,Prioritize Change Requests,"Prioritize Change Requests

Description:
Objective: Determine the priority of each change request.
Scope: Rank requests based on impact and urgency.
Steps: Use a prioritization matrix or voting system.
Deliverables: Prioritized list of change requests.

Resources needed:
• Change Control Board
• Stakeholders",7/18/2031,7/19/2031,0,9480f040-d263-470c-8adc-07e4693f2881,PlanExe
d4e4069a-fa46-422e-9636-ce07952749ca,Implement Approved Changes,"Implement Approved Changes

Description:
Objective: Execute approved change requests.
Scope: Update project plans and documentation.
Steps: Assign tasks and monitor progress.
Deliverables: Updated project plans and documentation.

Resources needed:
• Project Team
• Technical Experts",7/19/2031,7/20/2031,0,df837ca7-b2b0-4ab3-90a0-1d2f406a8678,PlanExe
7dc5776d-3dcb-49f4-bd9a-ad67f5dd7b62,Track Issue Resolution,"Track Issue Resolution

Description:
Objective: Monitor the resolution of identified issues.
Scope: Track progress and ensure timely resolution.
Steps: Use issue tracking software or a spreadsheet.
Deliverables: Resolved issues and updated issue log.

Resources needed:
• Project Manager
• Issue Owners",7/20/2031,7/21/2031,0,03167b6b-adac-488a-ac2a-38e7f6a34da6,PlanExe
d7a57589-7199-4e8d-9855-f47bd6b8a648,Report Project Status to Stakeholders,,7/21/2031,7/26/2031,0,3f708982-a836-421e-97b5-6a7f84841f33,PlanExe
1e6594a0-568b-48bd-af6c-257663976750,Gather project data for status report,"Gather project data for status report

Description:
Collect data from various teams and sources to compile a comprehensive project status report.

Resources needed:
• Project Manager
• Team Leads
• Data Analysts",7/21/2031,7/22/2031,0,d7a57589-7199-4e8d-9855-f47bd6b8a648,PlanExe
c3786a6b-8356-4eee-9c0e-3399f2f9d5f5,Analyze project data and identify trends,"Analyze project data and identify trends

Description:
Review the collected data to identify key trends, potential issues, and areas of concern.

Resources needed:
• Project Manager
• Data Analysts",7/22/2031,7/23/2031,0,1e6594a0-568b-48bd-af6c-257663976750,PlanExe
445895e2-eb72-4632-a557-14512d890c66,Prepare draft project status report,"Prepare draft project status report

Description:
Create a draft of the project status report, including key findings, progress updates, and recommendations.

Resources needed:
• Project Manager
• Report Writer",7/23/2031,7/24/2031,0,c3786a6b-8356-4eee-9c0e-3399f2f9d5f5,PlanExe
a311bded-ccb8-4cda-aa1d-cc4112d1e8cf,Review and revise draft report,"Review and revise draft report

Description:
Circulate the draft report to key stakeholders for review and feedback, and incorporate necessary revisions.

Resources needed:
• Project Manager
• Stakeholders",7/24/2031,7/25/2031,0,445895e2-eb72-4632-a557-14512d890c66,PlanExe
f2f65952-bfdb-4fbb-b844-18c08decb828,Distribute final project status report,"Distribute final project status report

Description:
Distribute the final project status report to all relevant stakeholders.

Resources needed:
• Project Manager
• Communication Team",7/25/2031,7/26/2031,0,d7a57589-7199-4e8d-9855-f47bd6b8a648,PlanExe
